filename,TP,avg_TP_support,TN,avg_TN_support,FP,avg_FP_support,FN,avg_FN_support,accuracy,precision,recall,F1,ambiguous,avg_ambiguous_support
length1000-aa-BIC-output20.tsv,20,0.999932537196479,37,0.00035840942030867026,2,0.1128505258103645,0,,0.9661016949152542,0.9090909090909091,1.0,0.9523809523809523,"['TGC', 'TGT']",0.1128505258103645
