filename,TP,avg_TP_support,TN,avg_TN_support,FP,avg_FP_support,FN,avg_FN_support,accuracy,precision,recall,F1,ambiguous,avg_ambiguous_support
length1000-aa-BIC-output18.tsv,20,0.9999772348612822,37,5.8088743892270266e-06,2,0.1501802377752667,0,,0.9661016949152542,0.9090909090909091,1.0,0.9523809523809523,"['TGC', 'TGT']",0.1501802377752667
