rate,MLE
A,1.007339179901989
C,1.092085987304038
D,1.044441867204477
E,0.8577868616054001
F,1.180696346856426
G,0.9736601833855516
H,1.060016901811794
I,1.022612078549738
K,0.8826750507597072
L,1.016919679301826
N,1.053536689833257
P,0.9507897815788996
Q,0.9242609500887011
R,0.820935739983692
S,1.047628950886698
T,1.116135418944009
V,0.935284437093116
Y,1.013193894910678
