rate,MLE
A,1.007138180296395
C,1.0702067189373
D,1.051330192820185
E,0.8675716576816372
F,1.153517535982325
G,0.9632771845054737
H,1.054047094265478
I,1.039621488222777
K,0.890496601225948
L,1.018031639389197
N,1.059936278270317
P,0.96581860255299
Q,0.9167350618455606
R,0.8283904145739281
S,1.043449686384153
T,1.12048530770699
V,0.9389038290084536
Y,1.011042526330892
