rate,MLE
A,1.030494989078938
C,1.050192503117427
D,1.0195323496625
E,0.8776387032153247
F,1.161334775581618
G,0.9787649048449556
H,1.028502947845718
I,1.039128627202097
K,0.888304369406984
L,1.014028827447012
N,1.071353157873461
P,0.9673611263263389
Q,0.9052117352911538
R,0.836181197578389
S,1.052171203800998
T,1.121400679143818
V,0.9329421659624205
Y,1.02545573662085
