rate,MLE
A,1.013905152546255
C,1.030134106005471
D,1.037484952229279
E,0.8607674866713355
F,1.161419467751055
G,0.9744743550969733
H,1.053301990313148
I,1.030127046426722
K,0.894616227374304
L,1.013580217624736
N,1.092873311365879
P,0.9588053083381702
Q,0.8905169732189034
R,0.848369658159754
S,1.056412873549067
T,1.137734068998242
V,0.9161021412301134
Y,1.029374663100593
