{"baseline-AICc": {"individual": [], "joint": 443330.4084153805}, "baseline-loglikelihood": {"individual": [], "joint": -217416.2277126313}, "joint-AICc": {"individual": [], "joint": 443570.3824550339}, "joint-loglikelihood": {"individual": [], "joint": -216595.3699371235}, "AAA|AAG": {"individual": [], "joint": {"secondary": 0.7542746768780815, "primary": 0.7670995985323248}}, "AAC|AAT": {"individual": [], "joint": {"secondary": 0.8113879807017027, "primary": 0.8902671539175805}}, "ACA|ACC": {"individual": [], "joint": {"secondary": 0.6380369599992486, "primary": 1.09152529071282}}, "ACA|ACG": {"individual": [], "joint": {"secondary": 0.8666986968941207, "primary": 0.7595296708706392}}, "ACA|ACT": {"individual": [], "joint": {"secondary": 0.2186668520133424, "primary": 0.598750904082803}}, "ACC|ACG": {"individual": [], "joint": {"secondary": 0.8393729515928334, "primary": 0.9183646080694139}}, "ACC|ACT": {"individual": [], "joint": {"secondary": 1.163321821563459, "primary": 0.9507421814171192}}, "ACG|ACT": {"individual": [], "joint": {"secondary": 0.7117842919848278, "primary": 0.8013473388617463}}, "AGA|AGG": {"individual": [], "joint": {"secondary": 0.6229720104898354, "primary": 0.8720193933025386}}, "AGA|CGA": {"individual": [], "joint": {"secondary": 0.6394705721069859, "primary": 1.002935852660514}}, "AGC|AGT": {"individual": [], "joint": {"secondary": 0.7944049560758065, "primary": 0.8969103003092751}}, "AGG|CGG": {"individual": [], "joint": {"secondary": 0.9197242984862174, "primary": 0.8961163891885521}}, "ATA|ATC": {"individual": [], "joint": {"secondary": 0.566807895561595, "primary": 0.93421437397201}}, "ATA|ATT": {"individual": [], "joint": {"secondary": 1.02806325057268, "primary": 0.7706828366671229}}, "ATC|ATT": {"individual": [], "joint": {"secondary": 0.8099134293579215, "primary": 0.9054303000504131}}, "CAA|CAG": {"individual": [], "joint": {"secondary": 0.6848161737618859, "primary": 0.8222066077321658}}, "CAC|CAT": {"individual": [], "joint": {"secondary": 0.7324944764862068, "primary": 1.066816819643444}}, "CCA|CCC": {"individual": [], "joint": {"secondary": 0.5947372687519178, "primary": 0.9505695073528919}}, "CCA|CCG": {"individual": [], "joint": {"secondary": 1.261122011596787, "primary": 0.8261306287497239}}, "CCA|CCT": {"individual": [], "joint": {"secondary": 0.4731448637311078, "primary": 0.9492235368595615}}, "CCC|CCG": {"individual": [], "joint": {"secondary": 0.7505274773049769, "primary": 0.8345205209213914}}, "CCC|CCT": {"individual": [], "joint": {"secondary": 0.7518780167691705, "primary": 0.9855576517058046}}, "CCG|CCT": {"individual": [], "joint": {"secondary": 0.576188428186342, "primary": 0.8434734780097731}}, "CGA|CGC": {"individual": [], "joint": {"secondary": 0.3825517286604428, "primary": 0.9316934617282624}}, "CGA|CGG": {"individual": [], "joint": {"secondary": 1.042553033094322, "primary": 0.857314558336391}}, "CGA|CGT": {"individual": [], "joint": {"secondary": 0.7166935085216591, "primary": 0.6662084595945352}}, "CGC|CGG": {"individual": [], "joint": {"secondary": 1.918077600717247, "primary": 2.211564544827438}}, "CGC|CGT": {"individual": [], "joint": {"secondary": 1.718542394830295, "primary": 2.534915696581155}}, "CGG|CGT": {"individual": [], "joint": {"secondary": 0.07881318865472278, "primary": 1.007941236656879}}, "CTA|CTC": {"individual": [], "joint": {"secondary": 0.8235584481218879, "primary": 0.8117836585874332}}, "CTA|CTG": {"individual": [], "joint": {"secondary": 0.9067622470539668, "primary": 0.8651458595864503}}, "CTA|CTT": {"individual": [], "joint": {"secondary": 0.9646009990663211, "primary": 0.8097093035430858}}, "CTA|TTA": {"individual": [], "joint": {"secondary": 0.8989142447552136, "primary": 0.9351100063268992}}, "CTC|CTG": {"individual": [], "joint": {"secondary": 0.685810016134339, "primary": 0.8533115629998266}}, "CTC|CTT": {"individual": [], "joint": {"secondary": 0.6571087111676669, "primary": 0.9125870762488921}}, "CTG|CTT": {"individual": [], "joint": {"secondary": 1.055529765093487, "primary": 0.8915756907600042}}, "CTG|TTG": {"individual": [], "joint": {"secondary": 0.569525264870615, "primary": 1.001696085669666}}, "GAA|GAG": {"individual": [], "joint": {"secondary": 0.9349734560901196, "primary": 0.9755362126849059}}, "GAC|GAT": {"individual": [], "joint": {"secondary": 0.6235205581333231, "primary": 0.9445470983127469}}, "GCA|GCC": {"individual": [], "joint": {"secondary": 0.6020097931385684, "primary": 0.8658376214404733}}, "GCA|GCG": {"individual": [], "joint": {"secondary": 0.5978891406681691, "primary": 0.8601767500036765}}, "GCA|GCT": {"individual": [], "joint": {"secondary": 1.014615059256382, "primary": 0.8129574489261299}}, "GCC|GCG": {"individual": [], "joint": {"secondary": 0.5961708189388698, "primary": 0.9283786165034049}}, "GCC|GCT": {"individual": [], "joint": {"secondary": 1.150687666887302, "primary": 0.9447670057678325}}, "GCG|GCT": {"individual": [], "joint": {"secondary": 0.5624886552357585, "primary": 0.8580586189843138}}, "GGA|GGC": {"individual": [], "joint": {"secondary": 0.3339774390896261, "primary": 0.7638627074886143}}, "GGA|GGG": {"individual": [], "joint": {"secondary": 0.8571926611444909, "primary": 0.7586966897197753}}, "GGA|GGT": {"individual": [], "joint": {"secondary": 1.435640098791357, "primary": 0.8764767406823821}}, "GGC|GGG": {"individual": [], "joint": {"secondary": 0.6968047475572602, "primary": 0.8776008504404658}}, "GGC|GGT": {"individual": [], "joint": {"secondary": 1.978513050725749, "primary": 0.7736500611356161}}, "GGG|GGT": {"individual": [], "joint": {"secondary": 1.881623696071369, "primary": 2.172647911041572}}, "GTA|GTC": {"individual": [], "joint": {"secondary": 3.066186912244463, "primary": 0.8696296177423944}}, "GTA|GTG": {"individual": [], "joint": {"secondary": 1.672415245355426, "primary": 2.039002197674006}}, "GTA|GTT": {"individual": [], "joint": {"secondary": 1.458872458352199, "primary": 0.9290062128201116}}, "GTC|GTG": {"individual": [], "joint": {"secondary": 1.586294597254505, "primary": 0.8964705436596491}}, "GTC|GTT": {"individual": [], "joint": {"secondary": 2.096264539682323, "primary": 0.8877185156101701}}, "GTG|GTT": {"individual": [], "joint": {"secondary": 0.6403648484824698, "primary": 0.8180334772554764}}, "TAC|TAT": {"individual": [], "joint": {"secondary": 0.7925847820603509, "primary": 0.9061282468184589}}, "TCA|TCC": {"individual": [], "joint": {"secondary": 1.618651333012871, "primary": 2.17385926090682}}, "TCA|TCG": {"individual": [], "joint": {"secondary": 1.856509455931493, "primary": 2.229068736373822}}, "TCA|TCT": {"individual": [], "joint": {"secondary": 1.981726246653379, "primary": 0.6518252788449778}}, "TCC|TCG": {"individual": [], "joint": {"secondary": 1.438657003737899, "primary": 0.8937357466193667}}, "TCC|TCT": {"individual": [], "joint": {"secondary": 1.600360423723783, "primary": 0.9460464875575151}}, "TCG|TCT": {"individual": [], "joint": {"secondary": 1.269130238821196, "primary": 1.069013244709702}}, "TGC|TGT": {"individual": [], "joint": {"secondary": 1.456721021374041, "primary": 0.9254615084784908}}, "TTA|TTG": {"individual": [], "joint": {"secondary": 0.753949770461719, "primary": 0.8585326657552377}}, "TTC|TTT": {"individual": [], "joint": {"secondary": 0.8163537695142792, "primary": 0.8682817810053275}}, "model_mixture_p": 0.8996424222319979}