{"baseline-AICc": {"individual": [], "joint": 439757.5940008773}, "baseline-loglikelihood": {"individual": [], "joint": -215629.8205053797}, "joint-AICc": {"individual": [], "joint": 439477.4572358195}, "joint-loglikelihood": {"individual": [], "joint": -214548.9073275163}, "AAA|AAG": {"individual": [], "joint": {"secondary": 0.9526598043382934, "primary": 0.7112033146174694}}, "AAC|AAT": {"individual": [], "joint": {"secondary": 0.928822453070584, "primary": 0.6110418088580387}}, "ACA|ACC": {"individual": [], "joint": {"secondary": 0.7769173202173946, "primary": 0.630405240541906}}, "ACA|ACG": {"individual": [], "joint": {"secondary": 0.8246861436057275, "primary": 0.7404170348564991}}, "ACA|ACT": {"individual": [], "joint": {"secondary": 0.8092621945277444, "primary": 0.6731101669112346}}, "ACC|ACG": {"individual": [], "joint": {"secondary": 0.85294146573939, "primary": 0.6639666810723084}}, "ACC|ACT": {"individual": [], "joint": {"secondary": 1.015344718225486, "primary": 0.7079933082942268}}, "ACG|ACT": {"individual": [], "joint": {"secondary": 0.9130162171846014, "primary": 0.7579273377355167}}, "AGA|AGG": {"individual": [], "joint": {"secondary": 0.8183099436602941, "primary": 0.819770915683234}}, "AGA|CGA": {"individual": [], "joint": {"secondary": 0.8818289630750901, "primary": 0.704531268718657}}, "AGC|AGT": {"individual": [], "joint": {"secondary": 1.056602026312743, "primary": 0.6971919737881986}}, "AGG|CGG": {"individual": [], "joint": {"secondary": 0.9308514171292449, "primary": 0.7188134442702729}}, "ATA|ATC": {"individual": [], "joint": {"secondary": 0.8304348917852372, "primary": 0.7394411797577509}}, "ATA|ATT": {"individual": [], "joint": {"secondary": 1.10535241240255, "primary": 0.5336598125059082}}, "ATC|ATT": {"individual": [], "joint": {"secondary": 0.8881305806705322, "primary": 0.7488588287393868}}, "CAA|CAG": {"individual": [], "joint": {"secondary": 0.8959292586283036, "primary": 0.7672263874402591}}, "CAC|CAT": {"individual": [], "joint": {"secondary": 1.020053924371616, "primary": 0.6204609835664053}}, "CCA|CCC": {"individual": [], "joint": {"secondary": 0.9221594487583608, "primary": 0.6135463588455735}}, "CCA|CCG": {"individual": [], "joint": {"secondary": 0.7698144545217754, "primary": 0.8968271011062883}}, "CCA|CCT": {"individual": [], "joint": {"secondary": 0.718277505568619, "primary": 0.7832324290357245}}, "CCC|CCG": {"individual": [], "joint": {"secondary": 0.902572640702421, "primary": 0.663861052675207}}, "CCC|CCT": {"individual": [], "joint": {"secondary": 0.8359582073473503, "primary": 0.7328669738626378}}, "CCG|CCT": {"individual": [], "joint": {"secondary": 0.8195447532789655, "primary": 0.5198857077702852}}, "CGA|CGC": {"individual": [], "joint": {"secondary": 1.126534381452427, "primary": 0.963312577468596}}, "CGA|CGG": {"individual": [], "joint": {"secondary": 0.683686810515634, "primary": 0.723065056325479}}, "CGA|CGT": {"individual": [], "joint": {"secondary": 1.082157587363872, "primary": 0.781168844258161}}, "CGC|CGG": {"individual": [], "joint": {"secondary": 2.21231949433539, "primary": 1.640941340361514}}, "CGC|CGT": {"individual": [], "joint": {"secondary": 2.215545146604997, "primary": 2.160058149851187}}, "CGG|CGT": {"individual": [], "joint": {"secondary": 0.880151134734817, "primary": 0.6052306502501027}}, "CTA|CTC": {"individual": [], "joint": {"secondary": 0.852676731289806, "primary": 0.7026716864589686}}, "CTA|CTG": {"individual": [], "joint": {"secondary": 0.9619952522896289, "primary": 0.7742459640542692}}, "CTA|CTT": {"individual": [], "joint": {"secondary": 1.011708969601837, "primary": 0.7136884123012729}}, "CTA|TTA": {"individual": [], "joint": {"secondary": 0.9025491060743128, "primary": 0.7462337373652125}}, "CTC|CTG": {"individual": [], "joint": {"secondary": 0.8337204983170466, "primary": 0.6620486025626464}}, "CTC|CTT": {"individual": [], "joint": {"secondary": 0.8789093776116097, "primary": 0.736477814592507}}, "CTG|CTT": {"individual": [], "joint": {"secondary": 0.7901320111444562, "primary": 0.6147395798184526}}, "CTG|TTG": {"individual": [], "joint": {"secondary": 0.9718506675991387, "primary": 0.7669011544308367}}, "GAA|GAG": {"individual": [], "joint": {"secondary": 0.8699688963580183, "primary": 0.6668070840283216}}, "GAC|GAT": {"individual": [], "joint": {"secondary": 0.9547537547729649, "primary": 0.7338735242644632}}, "GCA|GCC": {"individual": [], "joint": {"secondary": 0.9616734958743998, "primary": 0.8936707438376592}}, "GCA|GCG": {"individual": [], "joint": {"secondary": 0.9131161555847258, "primary": 0.8633028654633437}}, "GCA|GCT": {"individual": [], "joint": {"secondary": 0.7255147091346315, "primary": 0.5876025962882816}}, "GCC|GCG": {"individual": [], "joint": {"secondary": 0.8423993742835618, "primary": 0.7385258217674983}}, "GCC|GCT": {"individual": [], "joint": {"secondary": 1.111912026528664, "primary": 0.7148977350147948}}, "GCG|GCT": {"individual": [], "joint": {"secondary": 0.8900303716853155, "primary": 0.6951028443342867}}, "GGA|GGC": {"individual": [], "joint": {"secondary": 0.8844315771287303, "primary": 0.570477805872277}}, "GGA|GGG": {"individual": [], "joint": {"secondary": 0.8233240300470617, "primary": 0.8834147260097664}}, "GGA|GGT": {"individual": [], "joint": {"secondary": 1.09435551042075, "primary": 0.979654070170468}}, "GGC|GGG": {"individual": [], "joint": {"secondary": 0.8578243547818322, "primary": 0.6881432528188072}}, "GGC|GGT": {"individual": [], "joint": {"secondary": 0.7567519700281888, "primary": 1.883477639966054}}, "GGG|GGT": {"individual": [], "joint": {"secondary": 1.970263540201115, "primary": 1.932941451567252}}, "GTA|GTC": {"individual": [], "joint": {"secondary": 0.9784807700811927, "primary": 2.164393927461219}}, "GTA|GTG": {"individual": [], "joint": {"secondary": 2.044324658281277, "primary": 2.149814317568245}}, "GTA|GTT": {"individual": [], "joint": {"secondary": 0.8871132580476087, "primary": 1.704031130677666}}, "GTC|GTG": {"individual": [], "joint": {"secondary": 0.8323592419089981, "primary": 1.640455186212529}}, "GTC|GTT": {"individual": [], "joint": {"secondary": 0.8566953398916576, "primary": 1.617438068052039}}, "GTG|GTT": {"individual": [], "joint": {"secondary": 0.7583355692656714, "primary": 0.7959302366202937}}, "TAC|TAT": {"individual": [], "joint": {"secondary": 0.8337490312917697, "primary": 0.8126772524047623}}, "TCA|TCC": {"individual": [], "joint": {"secondary": 2.250916092155415, "primary": 1.777435969045631}}, "TCA|TCG": {"individual": [], "joint": {"secondary": 1.95137696554808, "primary": 1.860558935135525}}, "TCA|TCT": {"individual": [], "joint": {"secondary": 0.5430624402981418, "primary": 2.063410041347272}}, "TCC|TCG": {"individual": [], "joint": {"secondary": 0.9516566519304914, "primary": 1.814002615765849}}, "TCC|TCT": {"individual": [], "joint": {"secondary": 0.8500294987741623, "primary": 1.931304459051801}}, "TCG|TCT": {"individual": [], "joint": {"secondary": 1.05757551129658, "primary": 1.70129669309112}}, "TGC|TGT": {"individual": [], "joint": {"secondary": 0.8297158362757462, "primary": 2.026289749408151}}, "TTA|TTG": {"individual": [], "joint": {"secondary": 0.8492455626230359, "primary": 0.699558029069166}}, "TTC|TTT": {"individual": [], "joint": {"secondary": 0.995635891442874, "primary": 0.7624883469332735}}, "model_mixture_p": 0.4000131729926744}