{"baseline-AICc": {"individual": [], "joint": 371824.6612212434}, "baseline-loglikelihood": {"individual": [], "joint": -181711.6136631658}, "joint-AICc": {"individual": [], "joint": 371734.386600508}, "joint-loglikelihood": {"individual": [], "joint": -180737.6445027899}, "AAA|AAG": {"individual": [], "joint": {"secondary": 1.035200378599214, "primary": 0.8998668567647707}}, "AAC|AAT": {"individual": [], "joint": {"secondary": 1.087181878499315, "primary": 0.7124014070984199}}, "ACA|ACC": {"individual": [], "joint": {"secondary": 1.01372385476692, "primary": 0.7131780950042539}}, "ACA|ACG": {"individual": [], "joint": {"secondary": 1.030897344950933, "primary": 0.8087451562744896}}, "ACA|ACT": {"individual": [], "joint": {"secondary": 1.193144548278119, "primary": 0.6553782886142248}}, "ACC|ACG": {"individual": [], "joint": {"secondary": 1.076207971441211, "primary": 0.7084550535376339}}, "ACC|ACT": {"individual": [], "joint": {"secondary": 0.9805536287506321, "primary": 0.7363319203410065}}, "ACG|ACT": {"individual": [], "joint": {"secondary": 0.8749990403164706, "primary": 0.6774466468486835}}, "AGA|AGG": {"individual": [], "joint": {"secondary": 1.041692242219402, "primary": 0.7720907049057006}}, "AGA|CGA": {"individual": [], "joint": {"secondary": 0.6080358785333262, "primary": 0.7065070591588752}}, "AGC|AGT": {"individual": [], "joint": {"secondary": 0.972406858018425, "primary": 0.8270849531684769}}, "AGG|CGG": {"individual": [], "joint": {"secondary": 0.8830552645693841, "primary": 0.8227703610627302}}, "ATA|ATC": {"individual": [], "joint": {"secondary": 1.369186008305318, "primary": 0.9045348327433194}}, "ATA|ATT": {"individual": [], "joint": {"secondary": 1.09389338462642, "primary": 0.8237252369488063}}, "ATC|ATT": {"individual": [], "joint": {"secondary": 1.080672182387227, "primary": 0.7358720702289376}}, "CAA|CAG": {"individual": [], "joint": {"secondary": 1.02261627177077, "primary": 0.8312681391005812}}, "CAC|CAT": {"individual": [], "joint": {"secondary": 0.8849876811910442, "primary": 0.7818182796752516}}, "CCA|CCC": {"individual": [], "joint": {"secondary": 1.029912873332432, "primary": 0.8167632566890599}}, "CCA|CCG": {"individual": [], "joint": {"secondary": 1.069767076785138, "primary": 0.7589815656037096}}, "CCA|CCT": {"individual": [], "joint": {"secondary": 1.104504897910901, "primary": 0.5649334386837173}}, "CCC|CCG": {"individual": [], "joint": {"secondary": 0.9891572778259529, "primary": 0.5972260680409313}}, "CCC|CCT": {"individual": [], "joint": {"secondary": 0.8946311162577745, "primary": 0.8647231303602275}}, "CCG|CCT": {"individual": [], "joint": {"secondary": 1.12844810381179, "primary": 0.7032794893597013}}, "CGA|CGC": {"individual": [], "joint": {"secondary": 0.7713453953346397, "primary": 0.7668770477890439}}, "CGA|CGG": {"individual": [], "joint": {"secondary": 1.037585023349268, "primary": 0.7391793251031733}}, "CGA|CGT": {"individual": [], "joint": {"secondary": 0.7384602657242558, "primary": 0.6464319527949386}}, "CGC|CGG": {"individual": [], "joint": {"secondary": 1.028470722608426, "primary": 1.658616747101784}}, "CGC|CGT": {"individual": [], "joint": {"secondary": 1.138999061880734, "primary": 1.978877306802931}}, "CGG|CGT": {"individual": [], "joint": {"secondary": 1.138007685491699, "primary": 0.6341503061473339}}, "CTA|CTC": {"individual": [], "joint": {"secondary": 1.066868407246187, "primary": 0.6944101132097412}}, "CTA|CTG": {"individual": [], "joint": {"secondary": 0.9644419500744222, "primary": 0.800049844110143}}, "CTA|CTT": {"individual": [], "joint": {"secondary": 1.247406764250118, "primary": 0.7241002265796852}}, "CTA|TTA": {"individual": [], "joint": {"secondary": 1.258536491133432, "primary": 0.6960435933024304}}, "CTC|CTG": {"individual": [], "joint": {"secondary": 0.979384141625853, "primary": 0.6798266525402328}}, "CTC|CTT": {"individual": [], "joint": {"secondary": 0.9399805739646119, "primary": 0.7651052138516372}}, "CTG|CTT": {"individual": [], "joint": {"secondary": 0.995725385743084, "primary": 0.7312920222302745}}, "CTG|TTG": {"individual": [], "joint": {"secondary": 1.049127889921178, "primary": 0.7277443627636976}}, "GAA|GAG": {"individual": [], "joint": {"secondary": 1.003635834518732, "primary": 0.8526823689518365}}, "GAC|GAT": {"individual": [], "joint": {"secondary": 0.9656710203192316, "primary": 0.7388843229113652}}, "GCA|GCC": {"individual": [], "joint": {"secondary": 0.9673790754338482, "primary": 0.8112090991500631}}, "GCA|GCG": {"individual": [], "joint": {"secondary": 1.073101093109285, "primary": 0.8042383085606192}}, "GCA|GCT": {"individual": [], "joint": {"secondary": 1.109840882178131, "primary": 0.8422902546672403}}, "GCC|GCG": {"individual": [], "joint": {"secondary": 0.9693759024225741, "primary": 0.6128148028982486}}, "GCC|GCT": {"individual": [], "joint": {"secondary": 1.003383975478703, "primary": 0.7138135687206383}}, "GCG|GCT": {"individual": [], "joint": {"secondary": 0.8373330179043094, "primary": 0.6755003967328301}}, "GGA|GGC": {"individual": [], "joint": {"secondary": 1.015737688568029, "primary": 0.6562323186246355}}, "GGA|GGG": {"individual": [], "joint": {"secondary": 1.002477531307292, "primary": 0.7545770022601727}}, "GGA|GGT": {"individual": [], "joint": {"secondary": 0.9751754907903605, "primary": 0.5880725073167944}}, "GGC|GGG": {"individual": [], "joint": {"secondary": 1.039134179715202, "primary": 0.7222854382697584}}, "GGC|GGT": {"individual": [], "joint": {"secondary": 0.9813520858798943, "primary": 1.95382284528613}}, "GGG|GGT": {"individual": [], "joint": {"secondary": 1.062735605219198, "primary": 1.540740366756534}}, "GTA|GTC": {"individual": [], "joint": {"secondary": 0.8764091279086206, "primary": 1.856557257170651}}, "GTA|GTG": {"individual": [], "joint": {"secondary": 1.135758354593221, "primary": 1.936713173959169}}, "GTA|GTT": {"individual": [], "joint": {"secondary": 0.4671323219903938, "primary": 1.591145069245538}}, "GTC|GTG": {"individual": [], "joint": {"secondary": 0.931893532682134, "primary": 1.768322837683642}}, "GTC|GTT": {"individual": [], "joint": {"secondary": 0.8709162282727636, "primary": 1.949664131590736}}, "GTG|GTT": {"individual": [], "joint": {"secondary": 1.168104849363727, "primary": 0.6271244527736545}}, "TAC|TAT": {"individual": [], "joint": {"secondary": 0.8864808242240271, "primary": 0.7210335975194683}}, "TCA|TCC": {"individual": [], "joint": {"secondary": 1.056077517166237, "primary": 1.613962766224762}}, "TCA|TCG": {"individual": [], "joint": {"secondary": 1.057573317362086, "primary": 1.732248123324574}}, "TCA|TCT": {"individual": [], "joint": {"secondary": 1.113875643874442, "primary": 1.777012284243866}}, "TCC|TCG": {"individual": [], "joint": {"secondary": 1.006942402230481, "primary": 1.971157826791223}}, "TCC|TCT": {"individual": [], "joint": {"secondary": 1.024160537974198, "primary": 1.960666535395914}}, "TCG|TCT": {"individual": [], "joint": {"secondary": 0.7876273734611903, "primary": 1.851366763544807}}, "TGC|TGT": {"individual": [], "joint": {"secondary": 1.112717153880409, "primary": 2.170910282603664}}, "TTA|TTG": {"individual": [], "joint": {"secondary": 0.7417630119973959, "primary": 0.807390204548567}}, "TTC|TTT": {"individual": [], "joint": {"secondary": 0.9370188986778605, "primary": 0.7314743677323267}}, "model_mixture_p": 0.60004647823661}