{"baseline-AICc": {"individual": [], "joint": 244408.0234420596}, "baseline-loglikelihood": {"individual": [], "joint": -118991.8227493038}, "joint-AICc": {"individual": [], "joint": 245992.2764227027}, "joint-loglikelihood": {"individual": [], "joint": -118917.8054276064}, "AAA|AAG": {"individual": [], "joint": {"secondary": 0.9310675397384781, "primary": 1.273153026279611}}, "AAC|AAT": {"individual": [], "joint": {"secondary": 0.8382216689939902, "primary": 0.8843605447384955}}, "ACA|ACC": {"individual": [], "joint": {"secondary": 0.65458349615898, "primary": 0.5905521528941793}}, "ACA|ACG": {"individual": [], "joint": {"secondary": 0.6892570677830276, "primary": 1.211717756937897}}, "ACA|ACT": {"individual": [], "joint": {"secondary": 1.16064529958245, "primary": 2.306756785925792}}, "ACC|ACG": {"individual": [], "joint": {"secondary": 1.350892099815496, "primary": 0.9553424899466778}}, "ACC|ACT": {"individual": [], "joint": {"secondary": 0.8889700811734235, "primary": 0.8595233497015922}}, "ACG|ACT": {"individual": [], "joint": {"secondary": 0.9016417035987024, "primary": 0.8890956370343395}}, "AGA|AGG": {"individual": [], "joint": {"secondary": 0.9297243459468745, "primary": 1.144617595562346}}, "AGA|CGA": {"individual": [], "joint": {"secondary": 0.9040439569117792, "primary": 0.2050642126809133}}, "AGC|AGT": {"individual": [], "joint": {"secondary": 1.13058302337521, "primary": 1.011948073876783}}, "AGG|CGG": {"individual": [], "joint": {"secondary": 0.9064557066197754, "primary": 1.196133692628059}}, "ATA|ATC": {"individual": [], "joint": {"secondary": 0.9817468740994448, "primary": 0.9741737670419294}}, "ATA|ATT": {"individual": [], "joint": {"secondary": 0.7091345959696412, "primary": 1.352877029831358}}, "ATC|ATT": {"individual": [], "joint": {"secondary": 1.039983467056024, "primary": 0.7454696637101567}}, "CAA|CAG": {"individual": [], "joint": {"secondary": 1.118842983414814, "primary": 0.828080541335354}}, "CAC|CAT": {"individual": [], "joint": {"secondary": 1.364517714835542, "primary": 0.8495945866804512}}, "CCA|CCC": {"individual": [], "joint": {"secondary": 1.352611900398315, "primary": 1.211640289514522}}, "CCA|CCG": {"individual": [], "joint": {"secondary": 0.936897558027567, "primary": 0.8418581139990368}}, "CCA|CCT": {"individual": [], "joint": {"secondary": 0.9275690264120972, "primary": 0.6852442939623639}}, "CCC|CCG": {"individual": [], "joint": {"secondary": 0.8375479315084797, "primary": 1.002617305390667}}, "CCC|CCT": {"individual": [], "joint": {"secondary": 0.9913261531733274, "primary": 0.9015628243108533}}, "CCG|CCT": {"individual": [], "joint": {"secondary": 0.7878511476389913, "primary": 1.231017602590306}}, "CGA|CGC": {"individual": [], "joint": {"secondary": 0.8823760984904013, "primary": 0.1602146703326329}}, "CGA|CGG": {"individual": [], "joint": {"secondary": 0.7495572400946371, "primary": 1.055915452126077}}, "CGA|CGT": {"individual": [], "joint": {"secondary": 0.9743325262315314, "primary": 0.693151042709647}}, "CGC|CGG": {"individual": [], "joint": {"secondary": 0.85236869807472, "primary": 0.9750150695387463}}, "CGC|CGT": {"individual": [], "joint": {"secondary": 0.6339677345783564, "primary": 1.053410069691374}}, "CGG|CGT": {"individual": [], "joint": {"secondary": 0.4993016264588811, "primary": 1.322432933220871}}, "CTA|CTC": {"individual": [], "joint": {"secondary": 1.011739329866219, "primary": 0.9202241692982207}}, "CTA|CTG": {"individual": [], "joint": {"secondary": 1.091583618659285, "primary": 0.837136790568711}}, "CTA|CTT": {"individual": [], "joint": {"secondary": 1.475344258433069, "primary": 1.104381547469124}}, "CTA|TTA": {"individual": [], "joint": {"secondary": 1.116711924490497, "primary": 1.072641584792933}}, "CTC|CTG": {"individual": [], "joint": {"secondary": 0.9804525198828258, "primary": 1.111853813223806}}, "CTC|CTT": {"individual": [], "joint": {"secondary": 0.8941938805616351, "primary": 0.8985696390119311}}, "CTG|CTT": {"individual": [], "joint": {"secondary": 0.858316423384039, "primary": 0.8855763753901484}}, "CTG|TTG": {"individual": [], "joint": {"secondary": 1.028709481004233, "primary": 0.884966835314869}}, "GAA|GAG": {"individual": [], "joint": {"secondary": 0.8513722327882487, "primary": 0.8616298109914827}}, "GAC|GAT": {"individual": [], "joint": {"secondary": 1.160301442289932, "primary": 1.038538800995202}}, "GCA|GCC": {"individual": [], "joint": {"secondary": 1.136335439389395, "primary": 1.147856002503233}}, "GCA|GCG": {"individual": [], "joint": {"secondary": 1.015346557893123, "primary": 0.9679627328023731}}, "GCA|GCT": {"individual": [], "joint": {"secondary": 0.9950118843827386, "primary": 0.7337469301569193}}, "GCC|GCG": {"individual": [], "joint": {"secondary": 1.067976055485743, "primary": 1.103087051967693}}, "GCC|GCT": {"individual": [], "joint": {"secondary": 1.350254083073657, "primary": 1.01926993524011}}, "GCG|GCT": {"individual": [], "joint": {"secondary": 0.9939528599536123, "primary": 0.8735953863884418}}, "GGA|GGC": {"individual": [], "joint": {"secondary": 1.068384990306583, "primary": 0.864609233664078}}, "GGA|GGG": {"individual": [], "joint": {"secondary": 1.566608941835409, "primary": 1.108301977676915}}, "GGA|GGT": {"individual": [], "joint": {"secondary": 1.271545852991344, "primary": 1.176588773581732}}, "GGC|GGG": {"individual": [], "joint": {"secondary": 1.017722728691826, "primary": 0.5810260545280344}}, "GGC|GGT": {"individual": [], "joint": {"secondary": 1.033914655707181, "primary": 1.124693808260852}}, "GGG|GGT": {"individual": [], "joint": {"secondary": 1.151296256500214, "primary": 1.158334693476435}}, "GTA|GTC": {"individual": [], "joint": {"secondary": 1.007784903121286, "primary": 0.9693501213131539}}, "GTA|GTG": {"individual": [], "joint": {"secondary": 0.7424872499973093, "primary": 1.182188205590901}}, "GTA|GTT": {"individual": [], "joint": {"secondary": 1.004844216045047, "primary": 0.9233748389877088}}, "GTC|GTG": {"individual": [], "joint": {"secondary": 0.6821680961221822, "primary": 1.00811428695041}}, "GTC|GTT": {"individual": [], "joint": {"secondary": 1.032343544176924, "primary": 1.306820963957243}}, "GTG|GTT": {"individual": [], "joint": {"secondary": 1.240116245609635, "primary": 1.013988700762697}}, "TAC|TAT": {"individual": [], "joint": {"secondary": 0.7634129434402723, "primary": 1.140129417244401}}, "TCA|TCC": {"individual": [], "joint": {"secondary": 0.9816861262426291, "primary": 1.349602515993177}}, "TCA|TCG": {"individual": [], "joint": {"secondary": 0.9467270617991627, "primary": 0.8102517369891046}}, "TCA|TCT": {"individual": [], "joint": {"secondary": 1.07851881452361, "primary": 1.069438774961872}}, "TCC|TCG": {"individual": [], "joint": {"secondary": 0.9270787864272125, "primary": 1.112533426923336}}, "TCC|TCT": {"individual": [], "joint": {"secondary": 1.122380707104576, "primary": 0.8942065248344162}}, "TCG|TCT": {"individual": [], "joint": {"secondary": 1.113382993597568, "primary": 0.9192556057567983}}, "TGC|TGT": {"individual": [], "joint": {"secondary": 1.319323681588041, "primary": 1.236085836731615}}, "TTA|TTG": {"individual": [], "joint": {"secondary": 1.053681701984438, "primary": 1.158504317594259}}, "TTC|TTT": {"individual": [], "joint": {"secondary": 0.9209682444883447, "primary": 1.019022203912616}}, "model_mixture_p": 0.5619822958480474}