{"baseline-AICc": {"individual": [], "joint": 312912.4201064455}, "baseline-loglikelihood": {"individual": [], "joint": -152311.100566121}, "joint-AICc": {"individual": [], "joint": 313908.550522176}, "joint-loglikelihood": {"individual": [], "joint": -151892.629439463}, "AAA|AAG": {"individual": [], "joint": {"secondary": 1.101791542944538, "primary": 0.7774001170969013}}, "AAC|AAT": {"individual": [], "joint": {"secondary": 0.899604267007458, "primary": 0.7634778917998565}}, "ACA|ACC": {"individual": [], "joint": {"secondary": 1.000784465384947, "primary": 0.718274290362626}}, "ACA|ACG": {"individual": [], "joint": {"secondary": 0.8745283035937235, "primary": 0.7102794346211712}}, "ACA|ACT": {"individual": [], "joint": {"secondary": 1.191727221196222, "primary": 1.02167339752065}}, "ACC|ACG": {"individual": [], "joint": {"secondary": 1.002901088868915, "primary": 0.7514705483573675}}, "ACC|ACT": {"individual": [], "joint": {"secondary": 0.9937365893920719, "primary": 0.728427218377999}}, "ACG|ACT": {"individual": [], "joint": {"secondary": 0.9378898397739136, "primary": 0.775982229124445}}, "AGA|AGG": {"individual": [], "joint": {"secondary": 0.8669861591664217, "primary": 0.7612889623559411}}, "AGA|CGA": {"individual": [], "joint": {"secondary": 1.022821580021606, "primary": 0.7643537463601069}}, "AGC|AGT": {"individual": [], "joint": {"secondary": 0.7854197393655081, "primary": 0.7320223889650094}}, "AGG|CGG": {"individual": [], "joint": {"secondary": 1.029339467509556, "primary": 0.7247709588349449}}, "ATA|ATC": {"individual": [], "joint": {"secondary": 1.008483869032419, "primary": 0.8455511489497207}}, "ATA|ATT": {"individual": [], "joint": {"secondary": 0.9504236431916212, "primary": 0.9460028052477718}}, "ATC|ATT": {"individual": [], "joint": {"secondary": 1.095451831004955, "primary": 0.8387890528664573}}, "CAA|CAG": {"individual": [], "joint": {"secondary": 1.180464072287912, "primary": 0.6841315549679537}}, "CAC|CAT": {"individual": [], "joint": {"secondary": 1.186284944108189, "primary": 0.7308575927220519}}, "CCA|CCC": {"individual": [], "joint": {"secondary": 1.027167468391593, "primary": 0.7105092401862453}}, "CCA|CCG": {"individual": [], "joint": {"secondary": 1.108184973946106, "primary": 0.7766914774427408}}, "CCA|CCT": {"individual": [], "joint": {"secondary": 1.056369840166538, "primary": 0.8064845789960702}}, "CCC|CCG": {"individual": [], "joint": {"secondary": 0.9828080767224796, "primary": 0.7280187182970352}}, "CCC|CCT": {"individual": [], "joint": {"secondary": 0.9399492391604796, "primary": 0.905657441926313}}, "CCG|CCT": {"individual": [], "joint": {"secondary": 1.192167975894169, "primary": 0.6161797043258406}}, "CGA|CGC": {"individual": [], "joint": {"secondary": 1.120397220349407, "primary": 0.8164173933267749}}, "CGA|CGG": {"individual": [], "joint": {"secondary": 0.9289321530681833, "primary": 0.7304319193001886}}, "CGA|CGT": {"individual": [], "joint": {"secondary": 0.9465224458110713, "primary": 0.5897342547619386}}, "CGC|CGG": {"individual": [], "joint": {"secondary": 1.093477615408212, "primary": 1.525367253565249}}, "CGC|CGT": {"individual": [], "joint": {"secondary": 0.9260600823945889, "primary": 1.790154535565498}}, "CGG|CGT": {"individual": [], "joint": {"secondary": 0.803531551427145, "primary": 0.7278942771250922}}, "CTA|CTC": {"individual": [], "joint": {"secondary": 1.09637718614945, "primary": 0.6847890620746174}}, "CTA|CTG": {"individual": [], "joint": {"secondary": 1.008456017114231, "primary": 0.9144709901312016}}, "CTA|CTT": {"individual": [], "joint": {"secondary": 0.9417807825024554, "primary": 0.4755058231754757}}, "CTA|TTA": {"individual": [], "joint": {"secondary": 0.935941587207314, "primary": 0.6437699959628195}}, "CTC|CTG": {"individual": [], "joint": {"secondary": 1.022781455257903, "primary": 0.6041802607514907}}, "CTC|CTT": {"individual": [], "joint": {"secondary": 1.021436174799411, "primary": 0.7300554815676014}}, "CTG|CTT": {"individual": [], "joint": {"secondary": 0.9623648130745804, "primary": 0.7137469014359809}}, "CTG|TTG": {"individual": [], "joint": {"secondary": 1.085220883687498, "primary": 0.7938907642410808}}, "GAA|GAG": {"individual": [], "joint": {"secondary": 1.099553667679932, "primary": 0.8885101464777581}}, "GAC|GAT": {"individual": [], "joint": {"secondary": 1.050928551723601, "primary": 0.799380971311796}}, "GCA|GCC": {"individual": [], "joint": {"secondary": 1.051027899586964, "primary": 0.7972616717612461}}, "GCA|GCG": {"individual": [], "joint": {"secondary": 0.9176510402298291, "primary": 0.79331368472287}}, "GCA|GCT": {"individual": [], "joint": {"secondary": 0.8040139399909247, "primary": 0.7853104358872242}}, "GCC|GCG": {"individual": [], "joint": {"secondary": 1.02393551378452, "primary": 0.645346811737533}}, "GCC|GCT": {"individual": [], "joint": {"secondary": 1.090143959888839, "primary": 0.6325105262739701}}, "GCG|GCT": {"individual": [], "joint": {"secondary": 1.158966783381345, "primary": 0.6582759750695085}}, "GGA|GGC": {"individual": [], "joint": {"secondary": 0.9447031224278938, "primary": 0.8725900242651886}}, "GGA|GGG": {"individual": [], "joint": {"secondary": 1.055097035053062, "primary": 0.7930117663740445}}, "GGA|GGT": {"individual": [], "joint": {"secondary": 0.7655531214407556, "primary": 0.7840484316044524}}, "GGC|GGG": {"individual": [], "joint": {"secondary": 1.014209350718832, "primary": 0.6327130630005496}}, "GGC|GGT": {"individual": [], "joint": {"secondary": 0.9874073750256319, "primary": 1.638279034511902}}, "GGG|GGT": {"individual": [], "joint": {"secondary": 0.9710998182714279, "primary": 1.439926681443973}}, "GTA|GTC": {"individual": [], "joint": {"secondary": 0.9329727369601392, "primary": 1.783147873243713}}, "GTA|GTG": {"individual": [], "joint": {"secondary": 0.946001631069182, "primary": 1.963150112642363}}, "GTA|GTT": {"individual": [], "joint": {"secondary": 1.00177803356733, "primary": 1.761232763496895}}, "GTC|GTG": {"individual": [], "joint": {"secondary": 1.041736666206036, "primary": 1.926239650930447}}, "GTC|GTT": {"individual": [], "joint": {"secondary": 0.9354668495705029, "primary": 1.77980525156053}}, "GTG|GTT": {"individual": [], "joint": {"secondary": 0.9545345800031537, "primary": 1.083645346742514}}, "TAC|TAT": {"individual": [], "joint": {"secondary": 0.9809580863423981, "primary": 0.7635738000468897}}, "TCA|TCC": {"individual": [], "joint": {"secondary": 0.9253927751378461, "primary": 1.454082804826244}}, "TCA|TCG": {"individual": [], "joint": {"secondary": 0.877110011063201, "primary": 1.815263326484216}}, "TCA|TCT": {"individual": [], "joint": {"secondary": 0.9488451765192955, "primary": 2.250655762378796}}, "TCC|TCG": {"individual": [], "joint": {"secondary": 1.016115905810074, "primary": 1.826011642431394}}, "TCC|TCT": {"individual": [], "joint": {"secondary": 0.9268622594265417, "primary": 2.044459664049544}}, "TCG|TCT": {"individual": [], "joint": {"secondary": 1.238966199773935, "primary": 1.637990970200974}}, "TGC|TGT": {"individual": [], "joint": {"secondary": 0.9609288734747673, "primary": 1.759083409280461}}, "TTA|TTG": {"individual": [], "joint": {"secondary": 0.9496783239877525, "primary": 0.7866546998197933}}, "TTC|TTT": {"individual": [], "joint": {"secondary": 1.099794545501506, "primary": 0.645820284732984}}, "model_mixture_p": 0.2499834325436532}