{"baseline-AICc": {"individual": [], "joint": 441243.9545304928}, "baseline-loglikelihood": {"individual": [], "joint": -216373.0007701874}, "joint-AICc": {"individual": [], "joint": 441234.1652009732}, "joint-loglikelihood": {"individual": [], "joint": -215427.2613100931}, "AAA|AAG": {"individual": [], "joint": {"secondary": 0.8788862816935167, "primary": 0.7934726130854673}}, "AAC|AAT": {"individual": [], "joint": {"secondary": 0.9939234585767897, "primary": 0.5890641749955059}}, "ACA|ACC": {"individual": [], "joint": {"secondary": 0.9836376595689571, "primary": 0.4803160673980522}}, "ACA|ACG": {"individual": [], "joint": {"secondary": 0.8299000571416879, "primary": 0.8814251274248606}}, "ACA|ACT": {"individual": [], "joint": {"secondary": 0.9536209104126419, "primary": 0.478474360626087}}, "ACC|ACG": {"individual": [], "joint": {"secondary": 0.8306889559283088, "primary": 0.8105543582911732}}, "ACC|ACT": {"individual": [], "joint": {"secondary": 0.9002333989447141, "primary": 0.7031636552651681}}, "ACG|ACT": {"individual": [], "joint": {"secondary": 0.8528507061263966, "primary": 0.9795669722936502}}, "AGA|AGG": {"individual": [], "joint": {"secondary": 0.8831916282412184, "primary": 0.9292221549674936}}, "AGA|CGA": {"individual": [], "joint": {"secondary": 0.9546848793099999, "primary": 1.13377639310639}}, "AGC|AGT": {"individual": [], "joint": {"secondary": 0.8138961264402984, "primary": 0.7734698213523238}}, "AGG|CGG": {"individual": [], "joint": {"secondary": 0.8027202275520997, "primary": 0.6727504778153174}}, "ATA|ATC": {"individual": [], "joint": {"secondary": 0.9101288803462102, "primary": 0.7883476197570434}}, "ATA|ATT": {"individual": [], "joint": {"secondary": 0.9132639440260556, "primary": 0.7929858243124013}}, "ATC|ATT": {"individual": [], "joint": {"secondary": 1.066497601058417, "primary": 0.8535740437695398}}, "CAA|CAG": {"individual": [], "joint": {"secondary": 0.920619284969746, "primary": 0.7914196352240006}}, "CAC|CAT": {"individual": [], "joint": {"secondary": 0.8809004666793139, "primary": 0.7248544195157017}}, "CCA|CCC": {"individual": [], "joint": {"secondary": 0.9538423708558921, "primary": 0.9004442525279303}}, "CCA|CCG": {"individual": [], "joint": {"secondary": 0.878640982067917, "primary": 0.9885488334617278}}, "CCA|CCT": {"individual": [], "joint": {"secondary": 0.7442414829170648, "primary": 0.466087621283995}}, "CCC|CCG": {"individual": [], "joint": {"secondary": 0.8856024146510884, "primary": 0.6676595954828497}}, "CCC|CCT": {"individual": [], "joint": {"secondary": 0.9668927530369908, "primary": 0.7543853537092073}}, "CCG|CCT": {"individual": [], "joint": {"secondary": 0.759136229478935, "primary": 0.470504542285297}}, "CGA|CGC": {"individual": [], "joint": {"secondary": 1.064129135818738, "primary": 0.7047524689605379}}, "CGA|CGG": {"individual": [], "joint": {"secondary": 0.8811779246601592, "primary": 0.6976882842318881}}, "CGA|CGT": {"individual": [], "joint": {"secondary": 0.5541487474454353, "primary": 0.3529927744805898}}, "CGC|CGG": {"individual": [], "joint": {"secondary": 2.090005668010935, "primary": 1.918875649961107}}, "CGC|CGT": {"individual": [], "joint": {"secondary": 2.609297569556472, "primary": 2.211030215753754}}, "CGG|CGT": {"individual": [], "joint": {"secondary": 0.8542768608852357, "primary": 0.890188512517814}}, "CTA|CTC": {"individual": [], "joint": {"secondary": 0.9043102145303185, "primary": 0.6195092023100882}}, "CTA|CTG": {"individual": [], "joint": {"secondary": 0.8662616209071491, "primary": 0.7708130215999033}}, "CTA|CTT": {"individual": [], "joint": {"secondary": 1.007511208356484, "primary": 0.4862957233671038}}, "CTA|TTA": {"individual": [], "joint": {"secondary": 0.934668961196433, "primary": 0.7541474289305893}}, "CTC|CTG": {"individual": [], "joint": {"secondary": 0.9247610921002285, "primary": 0.662840866108602}}, "CTC|CTT": {"individual": [], "joint": {"secondary": 0.9166213418557989, "primary": 0.7890957359341728}}, "CTG|CTT": {"individual": [], "joint": {"secondary": 0.7868785093459357, "primary": 0.6085234757988212}}, "CTG|TTG": {"individual": [], "joint": {"secondary": 0.8017872883442092, "primary": 0.7663357356955957}}, "GAA|GAG": {"individual": [], "joint": {"secondary": 0.9281791829458156, "primary": 0.6227336611311749}}, "GAC|GAT": {"individual": [], "joint": {"secondary": 0.995619467632274, "primary": 0.6836416988748866}}, "GCA|GCC": {"individual": [], "joint": {"secondary": 0.9546226147497449, "primary": 0.5814809671968328}}, "GCA|GCG": {"individual": [], "joint": {"secondary": 0.771178141552597, "primary": 0.7416496164354252}}, "GCA|GCT": {"individual": [], "joint": {"secondary": 0.7347814771091441, "primary": 1.103891983723877}}, "GCC|GCG": {"individual": [], "joint": {"secondary": 0.8934386209897572, "primary": 0.7452214064668925}}, "GCC|GCT": {"individual": [], "joint": {"secondary": 0.9449691242084315, "primary": 0.6411237639445073}}, "GCG|GCT": {"individual": [], "joint": {"secondary": 1.01562770612481, "primary": 0.5564907945982184}}, "GGA|GGC": {"individual": [], "joint": {"secondary": 0.9327839126380814, "primary": 0.7674031443307329}}, "GGA|GGG": {"individual": [], "joint": {"secondary": 0.817138863287483, "primary": 0.7180245322610229}}, "GGA|GGT": {"individual": [], "joint": {"secondary": 0.5398184951667012, "primary": 0.6074283255582567}}, "GGC|GGG": {"individual": [], "joint": {"secondary": 0.8612759305065536, "primary": 0.5763838319980603}}, "GGC|GGT": {"individual": [], "joint": {"secondary": 0.9200362606688484, "primary": 1.538596326191669}}, "GGG|GGT": {"individual": [], "joint": {"secondary": 2.18302788330132, "primary": 2.639218546716526}}, "GTA|GTC": {"individual": [], "joint": {"secondary": 0.823172143887099, "primary": 2.196177136468267}}, "GTA|GTG": {"individual": [], "joint": {"secondary": 2.047557116410039, "primary": 2.027256100421842}}, "GTA|GTT": {"individual": [], "joint": {"secondary": 0.950553109591962, "primary": 1.587925538085677}}, "GTC|GTG": {"individual": [], "joint": {"secondary": 0.8325846010916681, "primary": 1.566448163622308}}, "GTC|GTT": {"individual": [], "joint": {"secondary": 1.058678485027089, "primary": 1.873077787709365}}, "GTG|GTT": {"individual": [], "joint": {"secondary": 0.8683001380328051, "primary": 1.00904454084416}}, "TAC|TAT": {"individual": [], "joint": {"secondary": 0.8633653790979032, "primary": 0.7901432138087386}}, "TCA|TCC": {"individual": [], "joint": {"secondary": 2.231629051676176, "primary": 1.638080446809289}}, "TCA|TCG": {"individual": [], "joint": {"secondary": 2.056520917224706, "primary": 1.728186082270784}}, "TCA|TCT": {"individual": [], "joint": {"secondary": 0.6705578924272378, "primary": 1.805415775389791}}, "TCC|TCG": {"individual": [], "joint": {"secondary": 0.8857740429449334, "primary": 1.792935396309097}}, "TCC|TCT": {"individual": [], "joint": {"secondary": 0.8446516021731322, "primary": 1.987355603649361}}, "TCG|TCT": {"individual": [], "joint": {"secondary": 0.9353026818315027, "primary": 1.590742401338175}}, "TGC|TGT": {"individual": [], "joint": {"secondary": 1.014497925997096, "primary": 1.780968032979011}}, "TTA|TTG": {"individual": [], "joint": {"secondary": 0.8816226140969394, "primary": 0.7076004779968224}}, "TTC|TTT": {"individual": [], "joint": {"secondary": 0.7888977745703458, "primary": 0.7381976892674746}}, "model_mixture_p": 0.2499119811359211}