{"baseline-AICc": {"individual": [], "joint": 442588.7574677014}, "baseline-loglikelihood": {"individual": [], "joint": -217045.4022387918}, "joint-AICc": {"individual": [], "joint": 442904.2481343533}, "joint-loglikelihood": {"individual": [], "joint": -216262.3027767832}, "AAA|AAG": {"individual": [], "joint": {"secondary": 0.805353489447915, "primary": 0.8882499871430816}}, "AAC|AAT": {"individual": [], "joint": {"secondary": 0.8518264391026745, "primary": 0.9469065539572823}}, "ACA|ACC": {"individual": [], "joint": {"secondary": 0.8108761403920076, "primary": 0.8751091507426566}}, "ACA|ACG": {"individual": [], "joint": {"secondary": 0.7384753409394187, "primary": 0.991866962965992}}, "ACA|ACT": {"individual": [], "joint": {"secondary": 1.059166409364919, "primary": 1.00830892620347}}, "ACC|ACG": {"individual": [], "joint": {"secondary": 0.7419348028816474, "primary": 0.8953014230564268}}, "ACC|ACT": {"individual": [], "joint": {"secondary": 0.849041661130554, "primary": 0.8955156269013061}}, "ACG|ACT": {"individual": [], "joint": {"secondary": 1.029354864031533, "primary": 0.6498772361397824}}, "AGA|AGG": {"individual": [], "joint": {"secondary": 0.8171226619211934, "primary": 0.8402806473667469}}, "AGA|CGA": {"individual": [], "joint": {"secondary": 1.000675642476179, "primary": 0.7567458949438065}}, "AGC|AGT": {"individual": [], "joint": {"secondary": 0.9146732427128851, "primary": 0.9672368856694121}}, "AGG|CGG": {"individual": [], "joint": {"secondary": 0.8831502303640583, "primary": 0.8053882533591042}}, "ATA|ATC": {"individual": [], "joint": {"secondary": 0.9488087308379938, "primary": 1.002775968498687}}, "ATA|ATT": {"individual": [], "joint": {"secondary": 0.7260498094816978, "primary": 0.7926660617586316}}, "ATC|ATT": {"individual": [], "joint": {"secondary": 0.961945771663142, "primary": 0.7792393954492579}}, "CAA|CAG": {"individual": [], "joint": {"secondary": 0.9535982191213764, "primary": 0.7794454397224084}}, "CAC|CAT": {"individual": [], "joint": {"secondary": 0.9964461496860053, "primary": 0.9375376193150514}}, "CCA|CCC": {"individual": [], "joint": {"secondary": 0.7283040639532947, "primary": 1.00432255303619}}, "CCA|CCG": {"individual": [], "joint": {"secondary": 0.7765235609659981, "primary": 0.9137249332488779}}, "CCA|CCT": {"individual": [], "joint": {"secondary": 0.933374788774348, "primary": 1.00478783543121}}, "CCC|CCG": {"individual": [], "joint": {"secondary": 0.9271119215775316, "primary": 0.8139435703789819}}, "CCC|CCT": {"individual": [], "joint": {"secondary": 0.9093428347717978, "primary": 0.8550616045427138}}, "CCG|CCT": {"individual": [], "joint": {"secondary": 0.9899025862937605, "primary": 0.6628703934636115}}, "CGA|CGC": {"individual": [], "joint": {"secondary": 1.306739023413438, "primary": 0.614027351346915}}, "CGA|CGG": {"individual": [], "joint": {"secondary": 0.7667720955073729, "primary": 0.7959101581593354}}, "CGA|CGT": {"individual": [], "joint": {"secondary": 0.6001484559743516, "primary": 0.7773553673794421}}, "CGC|CGG": {"individual": [], "joint": {"secondary": 2.150028805569896, "primary": 2.104984705009974}}, "CGC|CGT": {"individual": [], "joint": {"secondary": 2.140158071780427, "primary": 2.428105929872621}}, "CGG|CGT": {"individual": [], "joint": {"secondary": 0.8568947698561673, "primary": 1.025179779690728}}, "CTA|CTC": {"individual": [], "joint": {"secondary": 0.8488719835204085, "primary": 0.8487497089212415}}, "CTA|CTG": {"individual": [], "joint": {"secondary": 0.8626471921821344, "primary": 0.7308799278985937}}, "CTA|CTT": {"individual": [], "joint": {"secondary": 0.8924641207031518, "primary": 0.5647391195345808}}, "CTA|TTA": {"individual": [], "joint": {"secondary": 0.9312772802240352, "primary": 0.7793772476317903}}, "CTC|CTG": {"individual": [], "joint": {"secondary": 0.9217503787965677, "primary": 0.8002979852643705}}, "CTC|CTT": {"individual": [], "joint": {"secondary": 0.7342951612553212, "primary": 0.9425415326928535}}, "CTG|CTT": {"individual": [], "joint": {"secondary": 0.8598778255683701, "primary": 0.799334713879907}}, "CTG|TTG": {"individual": [], "joint": {"secondary": 1.005950851877944, "primary": 0.8694910742186825}}, "GAA|GAG": {"individual": [], "joint": {"secondary": 0.7637355569988874, "primary": 0.8253520720287981}}, "GAC|GAT": {"individual": [], "joint": {"secondary": 0.9854114154394633, "primary": 0.8118098799061079}}, "GCA|GCC": {"individual": [], "joint": {"secondary": 0.9672939198294161, "primary": 0.7028907474719227}}, "GCA|GCG": {"individual": [], "joint": {"secondary": 0.8865841059474835, "primary": 0.9016414323466887}}, "GCA|GCT": {"individual": [], "joint": {"secondary": 0.9769751317011354, "primary": 0.7439821767488383}}, "GCC|GCG": {"individual": [], "joint": {"secondary": 0.8433457610238252, "primary": 0.8611005917937056}}, "GCC|GCT": {"individual": [], "joint": {"secondary": 1.095529858609739, "primary": 0.8621784049234962}}, "GCG|GCT": {"individual": [], "joint": {"secondary": 0.7708647754543624, "primary": 0.8667175538494863}}, "GGA|GGC": {"individual": [], "joint": {"secondary": 0.998196881919606, "primary": 0.8274410948506616}}, "GGA|GGG": {"individual": [], "joint": {"secondary": 0.9462607879810643, "primary": 0.7793778037898097}}, "GGA|GGT": {"individual": [], "joint": {"secondary": 0.5163881874897879, "primary": 1.028555594201888}}, "GGC|GGG": {"individual": [], "joint": {"secondary": 0.8587751721166416, "primary": 0.7691261897777587}}, "GGC|GGT": {"individual": [], "joint": {"secondary": 0.7916797583137856, "primary": 1.215357994475263}}, "GGG|GGT": {"individual": [], "joint": {"secondary": 2.263109999339557, "primary": 2.261792882130289}}, "GTA|GTC": {"individual": [], "joint": {"secondary": 1.055803038607944, "primary": 1.107082257828834}}, "GTA|GTG": {"individual": [], "joint": {"secondary": 2.043318101901892, "primary": 2.119679339117674}}, "GTA|GTT": {"individual": [], "joint": {"secondary": 0.9611354738072195, "primary": 1.257794227029984}}, "GTC|GTG": {"individual": [], "joint": {"secondary": 0.8349904253057511, "primary": 1.055195556757001}}, "GTC|GTT": {"individual": [], "joint": {"secondary": 1.025057318569831, "primary": 1.024181308102526}}, "GTG|GTT": {"individual": [], "joint": {"secondary": 0.7849312076113476, "primary": 0.7743974854963563}}, "TAC|TAT": {"individual": [], "joint": {"secondary": 0.8519495938278298, "primary": 0.8258527330719545}}, "TCA|TCC": {"individual": [], "joint": {"secondary": 2.345255849329959, "primary": 1.785839395170526}}, "TCA|TCG": {"individual": [], "joint": {"secondary": 2.312740481200275, "primary": 2.112336469305017}}, "TCA|TCT": {"individual": [], "joint": {"secondary": 0.951092288077058, "primary": 1.005179108870699}}, "TCC|TCG": {"individual": [], "joint": {"secondary": 0.8322853724662169, "primary": 1.247410797635196}}, "TCC|TCT": {"individual": [], "joint": {"secondary": 0.9906140983326057, "primary": 1.078727984562764}}, "TCG|TCT": {"individual": [], "joint": {"secondary": 0.5499619175014208, "primary": 1.235106499203552}}, "TGC|TGT": {"individual": [], "joint": {"secondary": 0.6735446496762851, "primary": 1.09436995299924}}, "TTA|TTG": {"individual": [], "joint": {"secondary": 0.9324739404051832, "primary": 0.7526180703402671}}, "TTC|TTT": {"individual": [], "joint": {"secondary": 0.9597595530928774, "primary": 0.9187668714179512}}, "model_mixture_p": 0.5495714137649741}