{"baseline-AICc": {"individual": [], "joint": 353592.6281197025}, "baseline-loglikelihood": {"individual": [], "joint": -172616.5765749577}, "joint-AICc": {"individual": [], "joint": 353808.3948782164}, "joint-loglikelihood": {"individual": [], "joint": -171798.9466539883}, "AAA|AAG": {"individual": [], "joint": {"secondary": 0.9814895737864222, "primary": 0.8502826172838367}}, "AAC|AAT": {"individual": [], "joint": {"secondary": 0.9713762190579944, "primary": 0.7718852767756518}}, "ACA|ACC": {"individual": [], "joint": {"secondary": 0.8264576646628464, "primary": 0.6477050219085382}}, "ACA|ACG": {"individual": [], "joint": {"secondary": 1.069292362715156, "primary": 0.6964455742678748}}, "ACA|ACT": {"individual": [], "joint": {"secondary": 0.8738222356135135, "primary": 0.850372111329249}}, "ACC|ACG": {"individual": [], "joint": {"secondary": 1.152943920746409, "primary": 0.8339723928194669}}, "ACC|ACT": {"individual": [], "joint": {"secondary": 1.067233932055859, "primary": 0.7552331745090962}}, "ACG|ACT": {"individual": [], "joint": {"secondary": 0.8255256365650196, "primary": 0.7442908518440262}}, "AGA|AGG": {"individual": [], "joint": {"secondary": 0.9893033798590581, "primary": 0.795583541890143}}, "AGA|CGA": {"individual": [], "joint": {"secondary": 0.9732553404418312, "primary": 0.626562685071209}}, "AGC|AGT": {"individual": [], "joint": {"secondary": 1.127944561668776, "primary": 0.6559616683448125}}, "AGG|CGG": {"individual": [], "joint": {"secondary": 1.186676244428022, "primary": 0.6049495428025682}}, "ATA|ATC": {"individual": [], "joint": {"secondary": 0.9497352785810775, "primary": 0.7214093442584526}}, "ATA|ATT": {"individual": [], "joint": {"secondary": 1.162333798316359, "primary": 0.6987505841902946}}, "ATC|ATT": {"individual": [], "joint": {"secondary": 0.9316004360540536, "primary": 0.7287798636945227}}, "CAA|CAG": {"individual": [], "joint": {"secondary": 1.104896375596837, "primary": 0.8557836710844187}}, "CAC|CAT": {"individual": [], "joint": {"secondary": 1.089054758848882, "primary": 0.6972055695682515}}, "CCA|CCC": {"individual": [], "joint": {"secondary": 0.8876450088149697, "primary": 0.7722179859831991}}, "CCA|CCG": {"individual": [], "joint": {"secondary": 1.004112258666065, "primary": 0.7055442787287375}}, "CCA|CCT": {"individual": [], "joint": {"secondary": 0.6281361192846632, "primary": 0.7615228251963547}}, "CCC|CCG": {"individual": [], "joint": {"secondary": 1.163613952460037, "primary": 0.6573031499228095}}, "CCC|CCT": {"individual": [], "joint": {"secondary": 1.040833040935277, "primary": 0.6741838464129779}}, "CCG|CCT": {"individual": [], "joint": {"secondary": 1.026118133444972, "primary": 0.8846711125784302}}, "CGA|CGC": {"individual": [], "joint": {"secondary": 0.8694352743525927, "primary": 0.6404132605980699}}, "CGA|CGG": {"individual": [], "joint": {"secondary": 1.053657366736929, "primary": 0.8696275069374458}}, "CGA|CGT": {"individual": [], "joint": {"secondary": 1.162014481141249, "primary": 0.5719278576922296}}, "CGC|CGG": {"individual": [], "joint": {"secondary": 1.008316682452214, "primary": 1.721071354928425}}, "CGC|CGT": {"individual": [], "joint": {"secondary": 0.9821011132833246, "primary": 1.729458050258236}}, "CGG|CGT": {"individual": [], "joint": {"secondary": 0.8968147015780036, "primary": 0.7143680451851626}}, "CTA|CTC": {"individual": [], "joint": {"secondary": 1.200753090218937, "primary": 0.6985074219177768}}, "CTA|CTG": {"individual": [], "joint": {"secondary": 1.018597945820811, "primary": 0.7210102283736917}}, "CTA|CTT": {"individual": [], "joint": {"secondary": 0.9753392997514031, "primary": 0.9049617673557357}}, "CTA|TTA": {"individual": [], "joint": {"secondary": 0.8039658826136902, "primary": 0.6575492966716696}}, "CTC|CTG": {"individual": [], "joint": {"secondary": 0.9598357015530684, "primary": 0.6099530424386088}}, "CTC|CTT": {"individual": [], "joint": {"secondary": 1.014654431108084, "primary": 0.799419747330059}}, "CTG|CTT": {"individual": [], "joint": {"secondary": 1.002060295487106, "primary": 0.6963412002352736}}, "CTG|TTG": {"individual": [], "joint": {"secondary": 0.853744327899847, "primary": 0.8114024760914078}}, "GAA|GAG": {"individual": [], "joint": {"secondary": 1.036775320825497, "primary": 0.7992148961201031}}, "GAC|GAT": {"individual": [], "joint": {"secondary": 0.9981867642379717, "primary": 0.7986020286627031}}, "GCA|GCC": {"individual": [], "joint": {"secondary": 0.8209284428818979, "primary": 0.8624438699721142}}, "GCA|GCG": {"individual": [], "joint": {"secondary": 1.009496911242668, "primary": 0.7220791155914196}}, "GCA|GCT": {"individual": [], "joint": {"secondary": 0.9492194589198286, "primary": 0.7975019945956042}}, "GCC|GCG": {"individual": [], "joint": {"secondary": 0.9471396305030643, "primary": 0.5960508150723193}}, "GCC|GCT": {"individual": [], "joint": {"secondary": 0.9508126312537585, "primary": 0.6748957661763444}}, "GCG|GCT": {"individual": [], "joint": {"secondary": 1.088114955298449, "primary": 0.6655444123178869}}, "GGA|GGC": {"individual": [], "joint": {"secondary": 0.839661719050488, "primary": 0.6526215690612639}}, "GGA|GGG": {"individual": [], "joint": {"secondary": 0.9637053397202471, "primary": 0.8969009894709866}}, "GGA|GGT": {"individual": [], "joint": {"secondary": 1.23468140630308, "primary": 0.8613095877446009}}, "GGC|GGG": {"individual": [], "joint": {"secondary": 0.9891135218579052, "primary": 0.5973070217570764}}, "GGC|GGT": {"individual": [], "joint": {"secondary": 1.032405169144842, "primary": 1.96041323009259}}, "GGG|GGT": {"individual": [], "joint": {"secondary": 0.7999687776191308, "primary": 1.693893358218329}}, "GTA|GTC": {"individual": [], "joint": {"secondary": 0.8346366290523703, "primary": 2.114844724608364}}, "GTA|GTG": {"individual": [], "joint": {"secondary": 1.006378468779811, "primary": 1.725089045674101}}, "GTA|GTT": {"individual": [], "joint": {"secondary": 1.309687804651703, "primary": 1.638315815049574}}, "GTC|GTG": {"individual": [], "joint": {"secondary": 0.9859949620241709, "primary": 1.70853327413648}}, "GTC|GTT": {"individual": [], "joint": {"secondary": 1.042186341025908, "primary": 2.006335892621085}}, "GTG|GTT": {"individual": [], "joint": {"secondary": 0.9510108796987634, "primary": 0.7344435680966774}}, "TAC|TAT": {"individual": [], "joint": {"secondary": 0.9447340813339875, "primary": 0.803089407258327}}, "TCA|TCC": {"individual": [], "joint": {"secondary": 0.8029910073159682, "primary": 2.470302845761715}}, "TCA|TCG": {"individual": [], "joint": {"secondary": 1.033962457289573, "primary": 1.833108581523767}}, "TCA|TCT": {"individual": [], "joint": {"secondary": 1.012917316862502, "primary": 1.252657604624368}}, "TCC|TCG": {"individual": [], "joint": {"secondary": 0.9515109082337141, "primary": 1.731356712981985}}, "TCC|TCT": {"individual": [], "joint": {"secondary": 1.022022748560298, "primary": 1.844869751609529}}, "TCG|TCT": {"individual": [], "joint": {"secondary": 1.283231852915057, "primary": 2.003561950855735}}, "TGC|TGT": {"individual": [], "joint": {"secondary": 1.256467736410284, "primary": 1.719248167810629}}, "TTA|TTG": {"individual": [], "joint": {"secondary": 1.113313060521058, "primary": 0.936762697725126}}, "TTC|TTT": {"individual": [], "joint": {"secondary": 0.9540528698646655, "primary": 0.7620733583304815}}, "model_mixture_p": 0.4999999522286509}