{"baseline-AICc": {"individual": [], "joint": 374173.3353033191}, "baseline-loglikelihood": {"individual": [], "joint": -182873.9657771067}, "joint-AICc": {"individual": [], "joint": 374148.9294156866}, "joint-loglikelihood": {"individual": [], "joint": -181932.9309832824}, "AAA|AAG": {"individual": [], "joint": {"secondary": 1.05808156363399, "primary": 0.7772594744776121}}, "AAC|AAT": {"individual": [], "joint": {"secondary": 0.9640155403014167, "primary": 0.7065503632545849}}, "ACA|ACC": {"individual": [], "joint": {"secondary": 0.9314706779258444, "primary": 0.7710880773413633}}, "ACA|ACG": {"individual": [], "joint": {"secondary": 1.223043794729116, "primary": 0.7333358244833686}}, "ACA|ACT": {"individual": [], "joint": {"secondary": 0.4221468040881265, "primary": 0.756310852901331}}, "ACC|ACG": {"individual": [], "joint": {"secondary": 0.9541978572127126, "primary": 0.694425837337146}}, "ACC|ACT": {"individual": [], "joint": {"secondary": 1.063337544813814, "primary": 0.7195649837466364}}, "ACG|ACT": {"individual": [], "joint": {"secondary": 1.178333306933729, "primary": 0.8395128404759032}}, "AGA|AGG": {"individual": [], "joint": {"secondary": 0.8049999478797384, "primary": 0.7833307426410475}}, "AGA|CGA": {"individual": [], "joint": {"secondary": 0.8637204654075445, "primary": 0.7051480817444403}}, "AGC|AGT": {"individual": [], "joint": {"secondary": 1.220010893452363, "primary": 0.7741552462931194}}, "AGG|CGG": {"individual": [], "joint": {"secondary": 1.144181134052425, "primary": 0.760354889699246}}, "ATA|ATC": {"individual": [], "joint": {"secondary": 1.219022385079156, "primary": 0.7628268066983311}}, "ATA|ATT": {"individual": [], "joint": {"secondary": 0.9295989498158705, "primary": 0.9131493421443275}}, "ATC|ATT": {"individual": [], "joint": {"secondary": 0.9505100504625126, "primary": 0.7146063730044208}}, "CAA|CAG": {"individual": [], "joint": {"secondary": 0.8217976798057685, "primary": 0.8174395645904818}}, "CAC|CAT": {"individual": [], "joint": {"secondary": 1.065958365527509, "primary": 0.7283100487338781}}, "CCA|CCC": {"individual": [], "joint": {"secondary": 0.9653137025600398, "primary": 0.857377663296978}}, "CCA|CCG": {"individual": [], "joint": {"secondary": 1.119581584522472, "primary": 0.8243666290774357}}, "CCA|CCT": {"individual": [], "joint": {"secondary": 0.9476901024428619, "primary": 0.6384060540013052}}, "CCC|CCG": {"individual": [], "joint": {"secondary": 0.8757436364706457, "primary": 0.7264221208900327}}, "CCC|CCT": {"individual": [], "joint": {"secondary": 0.9210845742787882, "primary": 0.7791743527903319}}, "CCG|CCT": {"individual": [], "joint": {"secondary": 0.9757183828224099, "primary": 0.5733489830434413}}, "CGA|CGC": {"individual": [], "joint": {"secondary": 0.9406788551810712, "primary": 0.9289441168990866}}, "CGA|CGG": {"individual": [], "joint": {"secondary": 1.151219692887004, "primary": 0.7164175986338616}}, "CGA|CGT": {"individual": [], "joint": {"secondary": 1.26130394227816, "primary": 0.5637534673489962}}, "CGC|CGG": {"individual": [], "joint": {"secondary": 0.8858284477216714, "primary": 1.805046577919977}}, "CGC|CGT": {"individual": [], "joint": {"secondary": 1.012730113577434, "primary": 2.182397063438275}}, "CGG|CGT": {"individual": [], "joint": {"secondary": 1.077953829730698, "primary": 0.630725479144334}}, "CTA|CTC": {"individual": [], "joint": {"secondary": 0.8780450139946501, "primary": 0.5910616679598679}}, "CTA|CTG": {"individual": [], "joint": {"secondary": 0.9866181922622465, "primary": 0.7313859332287852}}, "CTA|CTT": {"individual": [], "joint": {"secondary": 1.09986316961933, "primary": 0.7767738602682253}}, "CTA|TTA": {"individual": [], "joint": {"secondary": 0.885826969513846, "primary": 0.9005061969087014}}, "CTC|CTG": {"individual": [], "joint": {"secondary": 0.9715567717157598, "primary": 0.7080607932942905}}, "CTC|CTT": {"individual": [], "joint": {"secondary": 1.009908750748309, "primary": 0.7363208653227287}}, "CTG|CTT": {"individual": [], "joint": {"secondary": 1.205085587986304, "primary": 0.7206922200705373}}, "CTG|TTG": {"individual": [], "joint": {"secondary": 1.108539631211588, "primary": 0.8149385258164691}}, "GAA|GAG": {"individual": [], "joint": {"secondary": 0.9229925648661975, "primary": 0.8022304753549666}}, "GAC|GAT": {"individual": [], "joint": {"secondary": 1.034319811930183, "primary": 0.676898974973915}}, "GCA|GCC": {"individual": [], "joint": {"secondary": 0.7182265428492599, "primary": 0.7286056482440514}}, "GCA|GCG": {"individual": [], "joint": {"secondary": 1.069251408550908, "primary": 0.7627806519910876}}, "GCA|GCT": {"individual": [], "joint": {"secondary": 1.444174236943409, "primary": 0.6735565643118125}}, "GCC|GCG": {"individual": [], "joint": {"secondary": 1.245920197021664, "primary": 0.6865460818211285}}, "GCC|GCT": {"individual": [], "joint": {"secondary": 1.14926129680718, "primary": 0.7983312726431866}}, "GCG|GCT": {"individual": [], "joint": {"secondary": 0.9561581765253676, "primary": 0.6780235807317396}}, "GGA|GGC": {"individual": [], "joint": {"secondary": 1.095366139360147, "primary": 0.6596650909690724}}, "GGA|GGG": {"individual": [], "joint": {"secondary": 0.7750428335518897, "primary": 0.8603633844535246}}, "GGA|GGT": {"individual": [], "joint": {"secondary": 1.014578194546288, "primary": 0.5802529779841124}}, "GGC|GGG": {"individual": [], "joint": {"secondary": 1.093459149653907, "primary": 0.7227996759608297}}, "GGC|GGT": {"individual": [], "joint": {"secondary": 0.8713668656203031, "primary": 1.88518485837385}}, "GGG|GGT": {"individual": [], "joint": {"secondary": 1.073075380461558, "primary": 1.76946774602015}}, "GTA|GTC": {"individual": [], "joint": {"secondary": 1.082615190406643, "primary": 1.965956915914286}}, "GTA|GTG": {"individual": [], "joint": {"secondary": 1.16101584449846, "primary": 1.875550905673938}}, "GTA|GTT": {"individual": [], "joint": {"secondary": 0.8537802697574002, "primary": 1.536289349164544}}, "GTC|GTG": {"individual": [], "joint": {"secondary": 0.9925603380070248, "primary": 1.651927899888429}}, "GTC|GTT": {"individual": [], "joint": {"secondary": 1.276765059255218, "primary": 2.046793688798383}}, "GTG|GTT": {"individual": [], "joint": {"secondary": 0.9078711969817942, "primary": 0.870157270416543}}, "TAC|TAT": {"individual": [], "joint": {"secondary": 0.859064696952963, "primary": 0.6936215140098405}}, "TCA|TCC": {"individual": [], "joint": {"secondary": 0.837664592979728, "primary": 1.702673295542613}}, "TCA|TCG": {"individual": [], "joint": {"secondary": 0.9838677088294107, "primary": 2.056074522575416}}, "TCA|TCT": {"individual": [], "joint": {"secondary": 0.6794896287174718, "primary": 1.362331712389583}}, "TCC|TCG": {"individual": [], "joint": {"secondary": 0.972841064761596, "primary": 1.626122068239062}}, "TCC|TCT": {"individual": [], "joint": {"secondary": 1.021866111093569, "primary": 1.756006620455962}}, "TCG|TCT": {"individual": [], "joint": {"secondary": 0.9889187038747829, "primary": 2.093577043270471}}, "TGC|TGT": {"individual": [], "joint": {"secondary": 0.8916608518323309, "primary": 1.743127004401752}}, "TTA|TTG": {"individual": [], "joint": {"secondary": 1.101116443907066, "primary": 0.7867674166322687}}, "TTC|TTT": {"individual": [], "joint": {"secondary": 0.8309915868093483, "primary": 0.7848262698725664}}, "model_mixture_p": 0.5999298503389531}