{"baseline-AICc": {"individual": [], "joint": 312570.6549888595}, "baseline-loglikelihood": {"individual": [], "joint": -152134.3048696859}, "joint-AICc": {"individual": [], "joint": 313434.6282243727}, "joint-loglikelihood": {"individual": [], "joint": -151649.7551529193}, "AAA|AAG": {"individual": [], "joint": {"secondary": 1.119707882621749, "primary": 0.7092372559885435}}, "AAC|AAT": {"individual": [], "joint": {"secondary": 1.161253845178117, "primary": 0.7222495226431352}}, "ACA|ACC": {"individual": [], "joint": {"secondary": 1.092116700708717, "primary": 0.7213840146673423}}, "ACA|ACG": {"individual": [], "joint": {"secondary": 0.9568389574896828, "primary": 0.5721094310446163}}, "ACA|ACT": {"individual": [], "joint": {"secondary": 1.487121783556876, "primary": 0.9102256353189387}}, "ACC|ACG": {"individual": [], "joint": {"secondary": 1.02463678617698, "primary": 0.6088291476693865}}, "ACC|ACT": {"individual": [], "joint": {"secondary": 0.9679516523357973, "primary": 0.7566334898510623}}, "ACG|ACT": {"individual": [], "joint": {"secondary": 1.048399516893616, "primary": 0.3770443724009254}}, "AGA|AGG": {"individual": [], "joint": {"secondary": 1.013355783814302, "primary": 0.7972595903642458}}, "AGA|CGA": {"individual": [], "joint": {"secondary": 1.168083629135719, "primary": 0.6993281015316827}}, "AGC|AGT": {"individual": [], "joint": {"secondary": 1.094772569041567, "primary": 0.8069737765728344}}, "AGG|CGG": {"individual": [], "joint": {"secondary": 1.113591854397466, "primary": 0.623180297699381}}, "ATA|ATC": {"individual": [], "joint": {"secondary": 0.898030529236129, "primary": 0.72608607325398}}, "ATA|ATT": {"individual": [], "joint": {"secondary": 0.864126458584407, "primary": 1.089692416611933}}, "ATC|ATT": {"individual": [], "joint": {"secondary": 1.072780634467439, "primary": 0.8308513073103437}}, "CAA|CAG": {"individual": [], "joint": {"secondary": 1.181639420658493, "primary": 0.7262542326916662}}, "CAC|CAT": {"individual": [], "joint": {"secondary": 0.957004351476152, "primary": 0.698664791522161}}, "CCA|CCC": {"individual": [], "joint": {"secondary": 0.9407680092108002, "primary": 0.8086529776063479}}, "CCA|CCG": {"individual": [], "joint": {"secondary": 0.8922137832712158, "primary": 0.7946728937897116}}, "CCA|CCT": {"individual": [], "joint": {"secondary": 0.781875237882951, "primary": 0.7615257502370598}}, "CCC|CCG": {"individual": [], "joint": {"secondary": 0.924189013262254, "primary": 0.7277490928280138}}, "CCC|CCT": {"individual": [], "joint": {"secondary": 1.059581154548011, "primary": 0.6106805940999981}}, "CCG|CCT": {"individual": [], "joint": {"secondary": 0.8411741008166076, "primary": 0.6735848732417504}}, "CGA|CGC": {"individual": [], "joint": {"secondary": 0.9118462168010464, "primary": 1.098262118003206}}, "CGA|CGG": {"individual": [], "joint": {"secondary": 0.9735803553579977, "primary": 0.6881198711503834}}, "CGA|CGT": {"individual": [], "joint": {"secondary": 0.6678961811143267, "primary": 0.6466511612884699}}, "CGC|CGG": {"individual": [], "joint": {"secondary": 1.011545839525537, "primary": 1.614709115253232}}, "CGC|CGT": {"individual": [], "joint": {"secondary": 0.883964021209123, "primary": 1.907892442926361}}, "CGG|CGT": {"individual": [], "joint": {"secondary": 1.127448653691675, "primary": 0.8083622401822794}}, "CTA|CTC": {"individual": [], "joint": {"secondary": 1.037568338747374, "primary": 0.786674442098991}}, "CTA|CTG": {"individual": [], "joint": {"secondary": 0.8359069532107285, "primary": 0.7612663690327435}}, "CTA|CTT": {"individual": [], "joint": {"secondary": 1.125625329546879, "primary": 0.596986174609669}}, "CTA|TTA": {"individual": [], "joint": {"secondary": 1.187260929385821, "primary": 0.6271948599194185}}, "CTC|CTG": {"individual": [], "joint": {"secondary": 1.004598085549905, "primary": 0.6040648129544638}}, "CTC|CTT": {"individual": [], "joint": {"secondary": 0.9285388458853853, "primary": 0.6980182754310793}}, "CTG|CTT": {"individual": [], "joint": {"secondary": 1.022582355651561, "primary": 0.7751948307374597}}, "CTG|TTG": {"individual": [], "joint": {"secondary": 0.9569195760503718, "primary": 0.680805222598835}}, "GAA|GAG": {"individual": [], "joint": {"secondary": 0.9508571362291436, "primary": 0.7191270921752189}}, "GAC|GAT": {"individual": [], "joint": {"secondary": 0.863931846630995, "primary": 0.6777591614580217}}, "GCA|GCC": {"individual": [], "joint": {"secondary": 0.9687316832494295, "primary": 0.8059770073307038}}, "GCA|GCG": {"individual": [], "joint": {"secondary": 1.017967641962908, "primary": 0.8534806453104364}}, "GCA|GCT": {"individual": [], "joint": {"secondary": 1.040893557868733, "primary": 1.005536150540874}}, "GCC|GCG": {"individual": [], "joint": {"secondary": 1.048862282049862, "primary": 0.6194672744905014}}, "GCC|GCT": {"individual": [], "joint": {"secondary": 1.048055907605455, "primary": 0.7913856167864983}}, "GCG|GCT": {"individual": [], "joint": {"secondary": 0.9829231956300244, "primary": 0.9500211846525002}}, "GGA|GGC": {"individual": [], "joint": {"secondary": 0.9870217161137109, "primary": 0.6045097180465536}}, "GGA|GGG": {"individual": [], "joint": {"secondary": 0.8521857851168189, "primary": 0.6026661805190289}}, "GGA|GGT": {"individual": [], "joint": {"secondary": 0.7865247621658646, "primary": 0.7627472453926685}}, "GGC|GGG": {"individual": [], "joint": {"secondary": 0.9367170309781281, "primary": 0.6279021288886797}}, "GGC|GGT": {"individual": [], "joint": {"secondary": 0.9761245154578897, "primary": 2.005684043809813}}, "GGG|GGT": {"individual": [], "joint": {"secondary": 0.9098443831557099, "primary": 1.812381128248058}}, "GTA|GTC": {"individual": [], "joint": {"secondary": 0.9210227187898453, "primary": 1.847509134723292}}, "GTA|GTG": {"individual": [], "joint": {"secondary": 1.084010092914813, "primary": 1.815505378503705}}, "GTA|GTT": {"individual": [], "joint": {"secondary": 0.7617374772712674, "primary": 1.6724700193976}}, "GTC|GTG": {"individual": [], "joint": {"secondary": 1.02414524716169, "primary": 1.69871171028389}}, "GTC|GTT": {"individual": [], "joint": {"secondary": 1.065752716883605, "primary": 1.365377212655662}}, "GTG|GTT": {"individual": [], "joint": {"secondary": 1.152969146137172, "primary": 1.021784014952225}}, "TAC|TAT": {"individual": [], "joint": {"secondary": 0.9861383616624365, "primary": 0.6615148690882314}}, "TCA|TCC": {"individual": [], "joint": {"secondary": 0.9748828125802327, "primary": 1.94366961138298}}, "TCA|TCG": {"individual": [], "joint": {"secondary": 1.042417886379624, "primary": 2.144970160984312}}, "TCA|TCT": {"individual": [], "joint": {"secondary": 1.120347261951534, "primary": 1.063553869037274}}, "TCC|TCG": {"individual": [], "joint": {"secondary": 1.132473265558462, "primary": 1.98609853835591}}, "TCC|TCT": {"individual": [], "joint": {"secondary": 1.051860486228154, "primary": 2.162649069693494}}, "TCG|TCT": {"individual": [], "joint": {"secondary": 1.044236902233824, "primary": 1.656585899888054}}, "TGC|TGT": {"individual": [], "joint": {"secondary": 0.9693008643193483, "primary": 2.39840828239904}}, "TTA|TTG": {"individual": [], "joint": {"secondary": 0.9366436933680453, "primary": 0.6920217990048101}}, "TTC|TTT": {"individual": [], "joint": {"secondary": 1.024924285852481, "primary": 0.9834542768683103}}, "model_mixture_p": 0.2499328924986502}