{"baseline-AICc": {"individual": [], "joint": 352564.7705354595}, "baseline-loglikelihood": {"individual": [], "joint": -172945.6842660505}, "joint-AICc": {"individual": [], "joint": 351703.2239977536}, "joint-loglikelihood": {"individual": [], "joint": -171615.1934056734}, "AAA|AAG": {"individual": [], "joint": {"secondary": 0.797479787003617, "primary": 0.8504822686193084}}, "AAC|AAT": {"individual": [], "joint": {"secondary": 0.6595986362142678, "primary": 0.6934707137012966}}, "ACA|ACC": {"individual": [], "joint": {"secondary": 0.4852343445383082, "primary": 0.7170491219093599}}, "ACA|ACG": {"individual": [], "joint": {"secondary": 0.6834393854061572, "primary": 0.7435223431646476}}, "ACA|ACT": {"individual": [], "joint": {"secondary": 0.7034751631045439, "primary": 0.7651038220863394}}, "ACC|ACG": {"individual": [], "joint": {"secondary": 0.5692284706761955, "primary": 0.7087557203713392}}, "ACC|ACT": {"individual": [], "joint": {"secondary": 0.8280906236234823, "primary": 0.7158591015251594}}, "ACG|ACT": {"individual": [], "joint": {"secondary": 1.318928838256529, "primary": 0.6057295424597805}}, "AGA|AGG": {"individual": [], "joint": {"secondary": 0.5622318695894201, "primary": 0.8441167909661902}}, "AGA|CGA": {"individual": [], "joint": {"secondary": 1.088222466645232, "primary": 0.6531211843122383}}, "AGC|AGT": {"individual": [], "joint": {"secondary": 0.7348435207188797, "primary": 0.6858732780968347}}, "AGG|CGG": {"individual": [], "joint": {"secondary": 0.5829509213373462, "primary": 0.8057289881185092}}, "ATA|ATC": {"individual": [], "joint": {"secondary": 0.7817749352437678, "primary": 0.7089152013813272}}, "ATA|ATT": {"individual": [], "joint": {"secondary": 0.6764089081754276, "primary": 0.7415035956880522}}, "ATC|ATT": {"individual": [], "joint": {"secondary": 0.667356754145063, "primary": 0.8306218888657918}}, "CAA|CAG": {"individual": [], "joint": {"secondary": 1.038315737929332, "primary": 0.838231782172141}}, "CAC|CAT": {"individual": [], "joint": {"secondary": 0.6400768592005679, "primary": 0.7644775075370447}}, "CCA|CCC": {"individual": [], "joint": {"secondary": 0.5867050211367091, "primary": 0.8103088290127627}}, "CCA|CCG": {"individual": [], "joint": {"secondary": 0.9364778096995834, "primary": 0.7405762144353345}}, "CCA|CCT": {"individual": [], "joint": {"secondary": 1.346708382558593, "primary": 0.5704373941593688}}, "CCC|CCG": {"individual": [], "joint": {"secondary": 0.5504340076465667, "primary": 0.7003129980831972}}, "CCC|CCT": {"individual": [], "joint": {"secondary": 0.7641702520405229, "primary": 0.7451932922404163}}, "CCG|CCT": {"individual": [], "joint": {"secondary": 1.073873541255937, "primary": 0.5648928976513553}}, "CGA|CGC": {"individual": [], "joint": {"secondary": 1.034841033601372, "primary": 0.7144712701503072}}, "CGA|CGG": {"individual": [], "joint": {"secondary": 0.5143667713924163, "primary": 0.748502397398966}}, "CGA|CGT": {"individual": [], "joint": {"secondary": 0.7750318804508932, "primary": 0.668069090367702}}, "CGC|CGG": {"individual": [], "joint": {"secondary": 1.655579753693898, "primary": 1.678763006208954}}, "CGC|CGT": {"individual": [], "joint": {"secondary": 1.788254918095501, "primary": 1.911495321969565}}, "CGG|CGT": {"individual": [], "joint": {"secondary": 0, "primary": 0.8398757749615032}}, "CTA|CTC": {"individual": [], "joint": {"secondary": 0.7323340152893102, "primary": 0.7948080759405809}}, "CTA|CTG": {"individual": [], "joint": {"secondary": 0.838267816203637, "primary": 0.7646674353949897}}, "CTA|CTT": {"individual": [], "joint": {"secondary": 0.8310965702097608, "primary": 0.5435550990514512}}, "CTA|TTA": {"individual": [], "joint": {"secondary": 0.7466623152524, "primary": 0.7103410525505138}}, "CTC|CTG": {"individual": [], "joint": {"secondary": 0.6898397767008123, "primary": 0.658997641759973}}, "CTC|CTT": {"individual": [], "joint": {"secondary": 0.8278524559834115, "primary": 0.7814121732377214}}, "CTG|CTT": {"individual": [], "joint": {"secondary": 0.6619823840878573, "primary": 0.6756645697914131}}, "CTG|TTG": {"individual": [], "joint": {"secondary": 0.9302567202369771, "primary": 0.7206377401824245}}, "GAA|GAG": {"individual": [], "joint": {"secondary": 0.6748655203846387, "primary": 0.7956144693007663}}, "GAC|GAT": {"individual": [], "joint": {"secondary": 0.6312917745017952, "primary": 0.7745022972030515}}, "GCA|GCC": {"individual": [], "joint": {"secondary": 0.7089103017633902, "primary": 0.8657840153213926}}, "GCA|GCG": {"individual": [], "joint": {"secondary": 0.7623583419986918, "primary": 0.7278672715483687}}, "GCA|GCT": {"individual": [], "joint": {"secondary": 0.7432125144359993, "primary": 0.7158852470066226}}, "GCC|GCG": {"individual": [], "joint": {"secondary": 0.6870541280569562, "primary": 0.7239214363388867}}, "GCC|GCT": {"individual": [], "joint": {"secondary": 0.7019047969455257, "primary": 0.6622934906548742}}, "GCG|GCT": {"individual": [], "joint": {"secondary": 0.5490257489980517, "primary": 0.7494805781518699}}, "GGA|GGC": {"individual": [], "joint": {"secondary": 1.035438484643325, "primary": 0.594860504505259}}, "GGA|GGG": {"individual": [], "joint": {"secondary": 0.665796016921737, "primary": 0.8626562544987092}}, "GGA|GGT": {"individual": [], "joint": {"secondary": 0.3822835930320755, "primary": 0.603746464196628}}, "GGC|GGG": {"individual": [], "joint": {"secondary": 0.5243977758989765, "primary": 0.6746604125661219}}, "GGC|GGT": {"individual": [], "joint": {"secondary": 1.868436919058049, "primary": 1.765821341343289}}, "GGG|GGT": {"individual": [], "joint": {"secondary": 1.642542142741488, "primary": 1.777709855308811}}, "GTA|GTC": {"individual": [], "joint": {"secondary": 1.977298269561546, "primary": 1.934993106814092}}, "GTA|GTG": {"individual": [], "joint": {"secondary": 2.210512187413932, "primary": 1.869640187481591}}, "GTA|GTT": {"individual": [], "joint": {"secondary": 1.998628804157621, "primary": 1.860224150306738}}, "GTC|GTG": {"individual": [], "joint": {"secondary": 1.484441922361323, "primary": 1.807460530310261}}, "GTC|GTT": {"individual": [], "joint": {"secondary": 1.80182945505205, "primary": 1.937500692809967}}, "GTG|GTT": {"individual": [], "joint": {"secondary": 0.779025322225203, "primary": 0.6857212638183925}}, "TAC|TAT": {"individual": [], "joint": {"secondary": 0.8796966777926141, "primary": 0.7358286521469366}}, "TCA|TCC": {"individual": [], "joint": {"secondary": 1.450789666725267, "primary": 1.803783439672783}}, "TCA|TCG": {"individual": [], "joint": {"secondary": 1.574884382432125, "primary": 1.952506105127163}}, "TCA|TCT": {"individual": [], "joint": {"secondary": 2.774031554912916, "primary": 1.40776879521893}}, "TCC|TCG": {"individual": [], "joint": {"secondary": 1.695038833540923, "primary": 1.855980963329484}}, "TCC|TCT": {"individual": [], "joint": {"secondary": 2.356267885808488, "primary": 1.967315799437408}}, "TCG|TCT": {"individual": [], "joint": {"secondary": 1.508883506618963, "primary": 2.041588716738893}}, "TGC|TGT": {"individual": [], "joint": {"secondary": 1.661423782128361, "primary": 2.206469937703025}}, "TTA|TTG": {"individual": [], "joint": {"secondary": 0.7338454729679406, "primary": 0.8034570892890216}}, "TTC|TTT": {"individual": [], "joint": {"secondary": 0.4334915695757121, "primary": 0.8194118063267914}}, "model_mixture_p": 0.8748739331990365}