{"baseline-AICc": {"individual": [], "joint": 287811.5238535471}, "baseline-loglikelihood": {"individual": [], "joint": -139763.9802662891}, "joint-AICc": {"individual": [], "joint": 289205.6044695215}, "joint-loglikelihood": {"individual": [], "joint": -139550.41609573}, "AAA|AAG": {"individual": [], "joint": {"secondary": 0.9686078044488633, "primary": 0.8891586790065522}}, "AAC|AAT": {"individual": [], "joint": {"secondary": 0.9908835196185174, "primary": 0.9728647199413925}}, "ACA|ACC": {"individual": [], "joint": {"secondary": 1.136417417012718, "primary": 0.7206785621943104}}, "ACA|ACG": {"individual": [], "joint": {"secondary": 1.001031558844803, "primary": 0.7852816420184022}}, "ACA|ACT": {"individual": [], "joint": {"secondary": 1.013535660259638, "primary": 0.439737554928589}}, "ACC|ACG": {"individual": [], "joint": {"secondary": 0.9643126848880752, "primary": 0.5954557207588674}}, "ACC|ACT": {"individual": [], "joint": {"secondary": 1.055093335854273, "primary": 0.6682043752869159}}, "ACG|ACT": {"individual": [], "joint": {"secondary": 0.9706241105537853, "primary": 1.031392061399862}}, "AGA|AGG": {"individual": [], "joint": {"secondary": 1.061923174687329, "primary": 0.844170121896988}}, "AGA|CGA": {"individual": [], "joint": {"secondary": 0.9645667020010097, "primary": 0.6006985176185937}}, "AGC|AGT": {"individual": [], "joint": {"secondary": 0.9061502892788015, "primary": 0.6415957421971301}}, "AGG|CGG": {"individual": [], "joint": {"secondary": 0.9724347559144594, "primary": 0.5329792546351023}}, "ATA|ATC": {"individual": [], "joint": {"secondary": 0.9441667710314658, "primary": 0.7781277735386855}}, "ATA|ATT": {"individual": [], "joint": {"secondary": 0.9221728541658587, "primary": 0.7060319042484122}}, "ATC|ATT": {"individual": [], "joint": {"secondary": 1.053801058969141, "primary": 0.8501416050001842}}, "CAA|CAG": {"individual": [], "joint": {"secondary": 0.9060664877940948, "primary": 0.8708017448333821}}, "CAC|CAT": {"individual": [], "joint": {"secondary": 1.058451613424116, "primary": 0.9605836066241015}}, "CCA|CCC": {"individual": [], "joint": {"secondary": 0.8992985222434031, "primary": 0.6151520741749206}}, "CCA|CCG": {"individual": [], "joint": {"secondary": 1.166329493639101, "primary": 0.9117025415244769}}, "CCA|CCT": {"individual": [], "joint": {"secondary": 0.8653416475665442, "primary": 0.7385952859130209}}, "CCC|CCG": {"individual": [], "joint": {"secondary": 1.038162717851539, "primary": 0.9264794107473251}}, "CCC|CCT": {"individual": [], "joint": {"secondary": 1.110693849653783, "primary": 0.5793219464039482}}, "CCG|CCT": {"individual": [], "joint": {"secondary": 0.997014790929466, "primary": 0.7731677047127815}}, "CGA|CGC": {"individual": [], "joint": {"secondary": 1.418731614164804, "primary": 0.4953705291083236}}, "CGA|CGG": {"individual": [], "joint": {"secondary": 0.9581519293426575, "primary": 0.5609899527494882}}, "CGA|CGT": {"individual": [], "joint": {"secondary": 1.155368595073175, "primary": 1.098137566296702}}, "CGC|CGG": {"individual": [], "joint": {"secondary": 1.042784513841044, "primary": 2.328328834285061}}, "CGC|CGT": {"individual": [], "joint": {"secondary": 0.8615272843387863, "primary": 2.260395664846392}}, "CGG|CGT": {"individual": [], "joint": {"secondary": 0.8699503186168382, "primary": 0.2513397279562906}}, "CTA|CTC": {"individual": [], "joint": {"secondary": 0.9688436171133378, "primary": 1.10274856520509}}, "CTA|CTG": {"individual": [], "joint": {"secondary": 0.9513316453683023, "primary": 0.7584595512206582}}, "CTA|CTT": {"individual": [], "joint": {"secondary": 0.9901438760370742, "primary": 0.9441455693495451}}, "CTA|TTA": {"individual": [], "joint": {"secondary": 0.9213089375422415, "primary": 0.5233446940880145}}, "CTC|CTG": {"individual": [], "joint": {"secondary": 1.134436482399712, "primary": 0.7804438069924612}}, "CTC|CTT": {"individual": [], "joint": {"secondary": 0.953293028225169, "primary": 0.7673273579197859}}, "CTG|CTT": {"individual": [], "joint": {"secondary": 0.861294548253351, "primary": 0.4042109992143533}}, "CTG|TTG": {"individual": [], "joint": {"secondary": 0.9448200416801495, "primary": 0.6239355321619914}}, "GAA|GAG": {"individual": [], "joint": {"secondary": 1.051640737296191, "primary": 0.7731370395165417}}, "GAC|GAT": {"individual": [], "joint": {"secondary": 1.117254484925193, "primary": 0.6952362765046846}}, "GCA|GCC": {"individual": [], "joint": {"secondary": 0.9800050022499653, "primary": 0.6751539557262525}}, "GCA|GCG": {"individual": [], "joint": {"secondary": 0.8981801307874755, "primary": 0.7225752012756131}}, "GCA|GCT": {"individual": [], "joint": {"secondary": 0.9582686607407885, "primary": 0.6427490452538202}}, "GCC|GCG": {"individual": [], "joint": {"secondary": 0.9981857198921062, "primary": 0.4925476931666052}}, "GCC|GCT": {"individual": [], "joint": {"secondary": 1.012082233575244, "primary": 0.6952529576018566}}, "GCG|GCT": {"individual": [], "joint": {"secondary": 0.9593109866340526, "primary": 1.259872550314093}}, "GGA|GGC": {"individual": [], "joint": {"secondary": 0.8560660881174166, "primary": 0.9145577483196649}}, "GGA|GGG": {"individual": [], "joint": {"secondary": 1.114966383352764, "primary": 0.5418034876139796}}, "GGA|GGT": {"individual": [], "joint": {"secondary": 0.7687126909151495, "primary": 0.5496517111416223}}, "GGC|GGG": {"individual": [], "joint": {"secondary": 1.135712600183346, "primary": 0.7224586852043187}}, "GGC|GGT": {"individual": [], "joint": {"secondary": 1.033172174645536, "primary": 1.771475999223024}}, "GGG|GGT": {"individual": [], "joint": {"secondary": 1.076777881366866, "primary": 1.281197589495823}}, "GTA|GTC": {"individual": [], "joint": {"secondary": 0.9152498692453596, "primary": 1.439003482156615}}, "GTA|GTG": {"individual": [], "joint": {"secondary": 0.9939235594029446, "primary": 2.072984853014158}}, "GTA|GTT": {"individual": [], "joint": {"secondary": 0.9806831931776937, "primary": 1.950895205494192}}, "GTC|GTG": {"individual": [], "joint": {"secondary": 1.044771448304816, "primary": 1.58527732303764}}, "GTC|GTT": {"individual": [], "joint": {"secondary": 0.9526945450477678, "primary": 2.165672529705684}}, "GTG|GTT": {"individual": [], "joint": {"secondary": 1.019339297285305, "primary": 0.4946960915496052}}, "TAC|TAT": {"individual": [], "joint": {"secondary": 1.110519782823062, "primary": 0.6753859586841018}}, "TCA|TCC": {"individual": [], "joint": {"secondary": 1.007401330432875, "primary": 2.025993014828494}}, "TCA|TCG": {"individual": [], "joint": {"secondary": 0.8986247974152457, "primary": 2.097987400587347}}, "TCA|TCT": {"individual": [], "joint": {"secondary": 0.812217623176247, "primary": 1.563605594056774}}, "TCC|TCG": {"individual": [], "joint": {"secondary": 1.016773473417223, "primary": 1.997761943134431}}, "TCC|TCT": {"individual": [], "joint": {"secondary": 1.140807638686724, "primary": 1.808451658200187}}, "TCG|TCT": {"individual": [], "joint": {"secondary": 0.9311591996068107, "primary": 1.778143564040522}}, "TGC|TGT": {"individual": [], "joint": {"secondary": 1.020483407281741, "primary": 1.708001053444052}}, "TTA|TTG": {"individual": [], "joint": {"secondary": 1.110347784405151, "primary": 0.7227586598214739}}, "TTC|TTT": {"individual": [], "joint": {"secondary": 1.085600022981532, "primary": 0.8442108268887137}}, "model_mixture_p": 0.1000001069870546}