{"baseline-AICc": {"individual": [], "joint": 351482.1212391229}, "baseline-loglikelihood": {"individual": [], "joint": -172404.3596178823}, "joint-AICc": {"individual": [], "joint": 350677.9930455403}, "joint-loglikelihood": {"individual": [], "joint": -171102.5779295667}, "AAA|AAG": {"individual": [], "joint": {"secondary": 0.8214867701994992, "primary": 0.6393587955570024}}, "AAC|AAT": {"individual": [], "joint": {"secondary": 0.7764447771300527, "primary": 0.720922063460862}}, "ACA|ACC": {"individual": [], "joint": {"secondary": 0.9596320631108425, "primary": 0.65652934155803}}, "ACA|ACG": {"individual": [], "joint": {"secondary": 0.956956635076853, "primary": 0.726853719196034}}, "ACA|ACT": {"individual": [], "joint": {"secondary": 1.036122905387094, "primary": 0.5857594743580287}}, "ACC|ACG": {"individual": [], "joint": {"secondary": 0.655143328623959, "primary": 0.667361480003296}}, "ACC|ACT": {"individual": [], "joint": {"secondary": 0.605666615756034, "primary": 0.8251519566550675}}, "ACG|ACT": {"individual": [], "joint": {"secondary": 0.4887130340969821, "primary": 0.6053078245046687}}, "AGA|AGG": {"individual": [], "joint": {"secondary": 0.6522944916337299, "primary": 0.8314281670824788}}, "AGA|CGA": {"individual": [], "joint": {"secondary": 0.7918651171039497, "primary": 0.7681604222343907}}, "AGC|AGT": {"individual": [], "joint": {"secondary": 0.7123595325821259, "primary": 0.8822297690822987}}, "AGG|CGG": {"individual": [], "joint": {"secondary": 0.8230265569041193, "primary": 0.7289300659582041}}, "ATA|ATC": {"individual": [], "joint": {"secondary": 0.8136172315941206, "primary": 0.8459577897160278}}, "ATA|ATT": {"individual": [], "joint": {"secondary": 0.5214042621516166, "primary": 0.5784461316263692}}, "ATC|ATT": {"individual": [], "joint": {"secondary": 0.7690046553262454, "primary": 0.7181179587871057}}, "CAA|CAG": {"individual": [], "joint": {"secondary": 0.8774277494716318, "primary": 0.7537427980117475}}, "CAC|CAT": {"individual": [], "joint": {"secondary": 0.7551141110102707, "primary": 0.7152923077237547}}, "CCA|CCC": {"individual": [], "joint": {"secondary": 0.9182889989897135, "primary": 0.6935739280493151}}, "CCA|CCG": {"individual": [], "joint": {"secondary": 0.6006862935238103, "primary": 0.7744934932165274}}, "CCA|CCT": {"individual": [], "joint": {"secondary": 0.7329959711885408, "primary": 0.4421710219282134}}, "CCC|CCG": {"individual": [], "joint": {"secondary": 0.6972059780603564, "primary": 0.7975810592569357}}, "CCC|CCT": {"individual": [], "joint": {"secondary": 0.7423654112130544, "primary": 0.7066469915684709}}, "CCG|CCT": {"individual": [], "joint": {"secondary": 0.9629433121372468, "primary": 0.7835561692259924}}, "CGA|CGC": {"individual": [], "joint": {"secondary": 0.8246346039383227, "primary": 0.7846115845311584}}, "CGA|CGG": {"individual": [], "joint": {"secondary": 0.7625209846373301, "primary": 0.8111023835060037}}, "CGA|CGT": {"individual": [], "joint": {"secondary": 0.6914563401653633, "primary": 1.204070614304339}}, "CGC|CGG": {"individual": [], "joint": {"secondary": 1.904302793952542, "primary": 1.42605689140341}}, "CGC|CGT": {"individual": [], "joint": {"secondary": 1.6462526591705, "primary": 1.927412759197149}}, "CGG|CGT": {"individual": [], "joint": {"secondary": 0.6995986922566644, "primary": 0.4814635407372778}}, "CTA|CTC": {"individual": [], "joint": {"secondary": 0.6994368342130723, "primary": 0.5921574749414542}}, "CTA|CTG": {"individual": [], "joint": {"secondary": 0.8611435518969641, "primary": 0.7750787935360326}}, "CTA|CTT": {"individual": [], "joint": {"secondary": 0.4946207391802259, "primary": 0.6376559673014197}}, "CTA|TTA": {"individual": [], "joint": {"secondary": 0.7346404751900687, "primary": 0.8026107065872143}}, "CTC|CTG": {"individual": [], "joint": {"secondary": 0.6925915116362124, "primary": 0.7253403299321494}}, "CTC|CTT": {"individual": [], "joint": {"secondary": 0.8093231538356129, "primary": 0.7593413692705911}}, "CTG|CTT": {"individual": [], "joint": {"secondary": 0.7263482163011107, "primary": 0.6908362500743626}}, "CTG|TTG": {"individual": [], "joint": {"secondary": 0.8326444047062312, "primary": 0.6812291468260622}}, "GAA|GAG": {"individual": [], "joint": {"secondary": 0.77863210851701, "primary": 0.7908643559926569}}, "GAC|GAT": {"individual": [], "joint": {"secondary": 0.8230298850505439, "primary": 0.6622219563240787}}, "GCA|GCC": {"individual": [], "joint": {"secondary": 0.6900256653646429, "primary": 0.809472683669066}}, "GCA|GCG": {"individual": [], "joint": {"secondary": 0.6705421837276625, "primary": 0.8840399991399505}}, "GCA|GCT": {"individual": [], "joint": {"secondary": 0.9648199752357968, "primary": 0.5840664260211055}}, "GCC|GCG": {"individual": [], "joint": {"secondary": 0.6410932307000634, "primary": 0.6308486569043715}}, "GCC|GCT": {"individual": [], "joint": {"secondary": 0.820221524803744, "primary": 0.7187186093874263}}, "GCG|GCT": {"individual": [], "joint": {"secondary": 0.6872279789140553, "primary": 0.6057592858843416}}, "GGA|GGC": {"individual": [], "joint": {"secondary": 0.4399891662393263, "primary": 0.8824296083201744}}, "GGA|GGG": {"individual": [], "joint": {"secondary": 0.8318313578092696, "primary": 0.7602854721494545}}, "GGA|GGT": {"individual": [], "joint": {"secondary": 1.11940806940613, "primary": 0.658343241271685}}, "GGC|GGG": {"individual": [], "joint": {"secondary": 0.6333619204851646, "primary": 0.6770116125697746}}, "GGC|GGT": {"individual": [], "joint": {"secondary": 1.75739619327184, "primary": 1.883089823836352}}, "GGG|GGT": {"individual": [], "joint": {"secondary": 1.705007914934166, "primary": 1.721765944543987}}, "GTA|GTC": {"individual": [], "joint": {"secondary": 2.21799989729692, "primary": 1.733724176048875}}, "GTA|GTG": {"individual": [], "joint": {"secondary": 2.062029893352882, "primary": 2.113689892378306}}, "GTA|GTT": {"individual": [], "joint": {"secondary": 1.970243734840903, "primary": 2.395452124364366}}, "GTC|GTG": {"individual": [], "joint": {"secondary": 1.621054902293552, "primary": 1.78644607008206}}, "GTC|GTT": {"individual": [], "joint": {"secondary": 1.803296695155184, "primary": 1.889360585316604}}, "GTG|GTT": {"individual": [], "joint": {"secondary": 0.7285856651909093, "primary": 0.679317717639687}}, "TAC|TAT": {"individual": [], "joint": {"secondary": 0.8504034172588802, "primary": 0.712763098794134}}, "TCA|TCC": {"individual": [], "joint": {"secondary": 1.672617345417558, "primary": 2.406098501106109}}, "TCA|TCG": {"individual": [], "joint": {"secondary": 1.692444259389432, "primary": 2.199120418066667}}, "TCA|TCT": {"individual": [], "joint": {"secondary": 1.801462939660482, "primary": 1.105697377061226}}, "TCC|TCG": {"individual": [], "joint": {"secondary": 1.669912520821413, "primary": 1.51774950151308}}, "TCC|TCT": {"individual": [], "joint": {"secondary": 1.53650924016317, "primary": 1.989927469186701}}, "TCG|TCT": {"individual": [], "joint": {"secondary": 1.519810514267753, "primary": 2.054100839051774}}, "TGC|TGT": {"individual": [], "joint": {"secondary": 1.879598330965982, "primary": 1.841174559950301}}, "TTA|TTG": {"individual": [], "joint": {"secondary": 0.7348945924480227, "primary": 0.7387368847276016}}, "TTC|TTT": {"individual": [], "joint": {"secondary": 0.626268113665473, "primary": 0.8211825677886175}}, "model_mixture_p": 0.6248510680757688}