{"baseline-AICc": {"individual": [], "joint": 440302.9337895338}, "baseline-loglikelihood": {"individual": [], "joint": -215902.4903997079}, "joint-AICc": {"individual": [], "joint": 439496.0742175229}, "joint-loglikelihood": {"individual": [], "joint": -214558.215818368}, "AAA|AAG": {"individual": [], "joint": {"secondary": 0.8021013964211233, "primary": 0.737437893991262}}, "AAC|AAT": {"individual": [], "joint": {"secondary": 1.03075311402766, "primary": 0.7409702724382141}}, "ACA|ACC": {"individual": [], "joint": {"secondary": 0.7808720072865005, "primary": 0.772645064452994}}, "ACA|ACG": {"individual": [], "joint": {"secondary": 1.057048392145703, "primary": 0.8153387343569108}}, "ACA|ACT": {"individual": [], "joint": {"secondary": 0.7539333437016174, "primary": 0.5869471682030247}}, "ACC|ACG": {"individual": [], "joint": {"secondary": 0.9130983580936765, "primary": 0.6280804268056955}}, "ACC|ACT": {"individual": [], "joint": {"secondary": 0.8111702125772837, "primary": 0.7261378253269059}}, "ACG|ACT": {"individual": [], "joint": {"secondary": 0.7303784226234321, "primary": 0.8291650965032032}}, "AGA|AGG": {"individual": [], "joint": {"secondary": 0.8463336430200424, "primary": 0.8862477246343659}}, "AGA|CGA": {"individual": [], "joint": {"secondary": 0.6810924811484892, "primary": 0.8986476346678293}}, "AGC|AGT": {"individual": [], "joint": {"secondary": 1.001095592144027, "primary": 0.6912167850113865}}, "AGG|CGG": {"individual": [], "joint": {"secondary": 0.9304859573265019, "primary": 0.6732762348966161}}, "ATA|ATC": {"individual": [], "joint": {"secondary": 0.8061441146354473, "primary": 0.7232824385616293}}, "ATA|ATT": {"individual": [], "joint": {"secondary": 0.6672361281547661, "primary": 0.7943534879538884}}, "ATC|ATT": {"individual": [], "joint": {"secondary": 1.001468838715733, "primary": 0.6898234727102774}}, "CAA|CAG": {"individual": [], "joint": {"secondary": 0.8232142794099634, "primary": 0.7773277909924708}}, "CAC|CAT": {"individual": [], "joint": {"secondary": 0.9550360321513438, "primary": 0.8021043557083293}}, "CCA|CCC": {"individual": [], "joint": {"secondary": 0.9759374044259563, "primary": 0.5608633765285669}}, "CCA|CCG": {"individual": [], "joint": {"secondary": 0.7378805004943961, "primary": 0.8288873872103182}}, "CCA|CCT": {"individual": [], "joint": {"secondary": 0.6774668431414667, "primary": 0.6766214778415703}}, "CCC|CCG": {"individual": [], "joint": {"secondary": 0.9904849676867368, "primary": 0.6832929212070247}}, "CCC|CCT": {"individual": [], "joint": {"secondary": 0.8866027200054537, "primary": 0.7315283769833726}}, "CCG|CCT": {"individual": [], "joint": {"secondary": 0.5439672510913001, "primary": 0.5682323639043616}}, "CGA|CGC": {"individual": [], "joint": {"secondary": 1.241224918858837, "primary": 0.686775470166155}}, "CGA|CGG": {"individual": [], "joint": {"secondary": 0.7754613274386568, "primary": 0.8748306324459654}}, "CGA|CGT": {"individual": [], "joint": {"secondary": 0.4908223114224039, "primary": 0.8621283085567577}}, "CGC|CGG": {"individual": [], "joint": {"secondary": 2.304948118746815, "primary": 1.747179832502832}}, "CGC|CGT": {"individual": [], "joint": {"secondary": 2.707278335849083, "primary": 1.712398861230604}}, "CGG|CGT": {"individual": [], "joint": {"secondary": 0.5671901707090066, "primary": 0.851051238505407}}, "CTA|CTC": {"individual": [], "joint": {"secondary": 0.5451670275102718, "primary": 0.7391426932769887}}, "CTA|CTG": {"individual": [], "joint": {"secondary": 0.8293848733104391, "primary": 0.8310693619656047}}, "CTA|CTT": {"individual": [], "joint": {"secondary": 1.191778485187794, "primary": 0.8500642058406003}}, "CTA|TTA": {"individual": [], "joint": {"secondary": 0.7982873604428056, "primary": 0.7963698384369409}}, "CTC|CTG": {"individual": [], "joint": {"secondary": 0.9201601457188062, "primary": 0.7258843085213993}}, "CTC|CTT": {"individual": [], "joint": {"secondary": 1.005365702177089, "primary": 0.6983597397363811}}, "CTG|CTT": {"individual": [], "joint": {"secondary": 1.014495049783072, "primary": 0.6096712059879383}}, "CTG|TTG": {"individual": [], "joint": {"secondary": 0.9864739392231742, "primary": 0.7663985560431237}}, "GAA|GAG": {"individual": [], "joint": {"secondary": 0.856213601379905, "primary": 0.7616571249065165}}, "GAC|GAT": {"individual": [], "joint": {"secondary": 0.9175027924875565, "primary": 0.7765668051676672}}, "GCA|GCC": {"individual": [], "joint": {"secondary": 0.8578508552380848, "primary": 0.772101435280441}}, "GCA|GCG": {"individual": [], "joint": {"secondary": 0.9020640529182766, "primary": 0.8787699455179736}}, "GCA|GCT": {"individual": [], "joint": {"secondary": 0.776383535172775, "primary": 0.8182418593483487}}, "GCC|GCG": {"individual": [], "joint": {"secondary": 1.027830061730554, "primary": 0.7025065766147749}}, "GCC|GCT": {"individual": [], "joint": {"secondary": 0.841118941585051, "primary": 0.7981329288853918}}, "GCG|GCT": {"individual": [], "joint": {"secondary": 1.225234603081646, "primary": 0.7907128801422244}}, "GGA|GGC": {"individual": [], "joint": {"secondary": 0.9438367268192217, "primary": 0.7105169463591776}}, "GGA|GGG": {"individual": [], "joint": {"secondary": 0.9898327134754673, "primary": 0.8459268716394662}}, "GGA|GGT": {"individual": [], "joint": {"secondary": 0.650345196669893, "primary": 0.7741530091396103}}, "GGC|GGG": {"individual": [], "joint": {"secondary": 0.8667272084707622, "primary": 0.6476466528242615}}, "GGC|GGT": {"individual": [], "joint": {"secondary": 0.9045406258068948, "primary": 1.722700591434954}}, "GGG|GGT": {"individual": [], "joint": {"secondary": 2.420078024074603, "primary": 1.846697087739066}}, "GTA|GTC": {"individual": [], "joint": {"secondary": 0.9098424546184204, "primary": 1.815226301227075}}, "GTA|GTG": {"individual": [], "joint": {"secondary": 1.902289820690111, "primary": 1.969115309404942}}, "GTA|GTT": {"individual": [], "joint": {"secondary": 0.9883098007759215, "primary": 1.617729389980137}}, "GTC|GTG": {"individual": [], "joint": {"secondary": 0.9252024257624655, "primary": 1.773621649062656}}, "GTC|GTT": {"individual": [], "joint": {"secondary": 0.9184896280127637, "primary": 1.863773360023828}}, "GTG|GTT": {"individual": [], "joint": {"secondary": 0.7093330584738479, "primary": 0.7691468666756283}}, "TAC|TAT": {"individual": [], "joint": {"secondary": 0.8994030148235199, "primary": 0.6702850007194301}}, "TCA|TCC": {"individual": [], "joint": {"secondary": 1.396903577926537, "primary": 1.850629415385308}}, "TCA|TCG": {"individual": [], "joint": {"secondary": 2.241162820254054, "primary": 1.906324210491598}}, "TCA|TCT": {"individual": [], "joint": {"secondary": 1.617444010736677, "primary": 1.220073540384849}}, "TCC|TCG": {"individual": [], "joint": {"secondary": 1.012351799255854, "primary": 1.734908198566575}}, "TCC|TCT": {"individual": [], "joint": {"secondary": 0.8179435772500206, "primary": 2.115269671544465}}, "TCG|TCT": {"individual": [], "joint": {"secondary": 0.6784077974580859, "primary": 1.799748711780863}}, "TGC|TGT": {"individual": [], "joint": {"secondary": 1.16339549801381, "primary": 1.958640399837932}}, "TTA|TTG": {"individual": [], "joint": {"secondary": 0.7573937814083777, "primary": 0.7439015475492162}}, "TTC|TTT": {"individual": [], "joint": {"secondary": 1.100728228821932, "primary": 0.7715231482587022}}, "model_mixture_p": 0.749819336324499}