{"baseline-AICc": {"individual": [], "joint": 423514.3247324984}, "baseline-loglikelihood": {"individual": [], "joint": -207514.9293420734}, "joint-AICc": {"individual": [], "joint": 422570.9627994621}, "joint-loglikelihood": {"individual": [], "joint": -206105.2367938901}, "AAA|AAG": {"individual": [], "joint": {"secondary": 1.392379369613941, "primary": 0.7423914491002661}}, "AAC|AAT": {"individual": [], "joint": {"secondary": 1.109549906464596, "primary": 0.742607500031509}}, "ACA|ACC": {"individual": [], "joint": {"secondary": 0.42517195931979, "primary": 0.6431205204030175}}, "ACA|ACG": {"individual": [], "joint": {"secondary": 1.039301915459364, "primary": 0.7970730772075844}}, "ACA|ACT": {"individual": [], "joint": {"secondary": 0.7946690879577359, "primary": 0.6281748267053392}}, "ACC|ACG": {"individual": [], "joint": {"secondary": 0.878397404712149, "primary": 0.7424688351922659}}, "ACC|ACT": {"individual": [], "joint": {"secondary": 0.8357232552146225, "primary": 0.7333419581255883}}, "ACG|ACT": {"individual": [], "joint": {"secondary": 1.021931140194706, "primary": 0.6894243959301477}}, "AGA|AGG": {"individual": [], "joint": {"secondary": 1.124168832225681, "primary": 0.7795701451239485}}, "AGA|CGA": {"individual": [], "joint": {"secondary": 0.6058158091320373, "primary": 0.591749130689683}}, "AGC|AGT": {"individual": [], "joint": {"secondary": 0.8947818389958325, "primary": 0.7474911043324862}}, "AGG|CGG": {"individual": [], "joint": {"secondary": 0.799819006906875, "primary": 0.763438128036403}}, "ATA|ATC": {"individual": [], "joint": {"secondary": 1.049808208023705, "primary": 0.7381245488424842}}, "ATA|ATT": {"individual": [], "joint": {"secondary": 1.600780255424964, "primary": 0.7603837236651858}}, "ATC|ATT": {"individual": [], "joint": {"secondary": 0.9897600442626622, "primary": 0.7240200582979582}}, "CAA|CAG": {"individual": [], "joint": {"secondary": 0.9686001547744224, "primary": 0.7644453576689737}}, "CAC|CAT": {"individual": [], "joint": {"secondary": 1.068720299591223, "primary": 0.7215414304191321}}, "CCA|CCC": {"individual": [], "joint": {"secondary": 1.055358074954215, "primary": 0.686652076349393}}, "CCA|CCG": {"individual": [], "joint": {"secondary": 1.389394041851144, "primary": 0.7695806865360171}}, "CCA|CCT": {"individual": [], "joint": {"secondary": 1.767882657498069, "primary": 0.8426741470124987}}, "CCC|CCG": {"individual": [], "joint": {"secondary": 0.9191290249307664, "primary": 0.680741424912881}}, "CCC|CCT": {"individual": [], "joint": {"secondary": 1.408912293369227, "primary": 0.6799471960270375}}, "CCG|CCT": {"individual": [], "joint": {"secondary": 0.2533898453232174, "primary": 0.654254638875778}}, "CGA|CGC": {"individual": [], "joint": {"secondary": 0.5508247573587427, "primary": 0.6961463415830852}}, "CGA|CGG": {"individual": [], "joint": {"secondary": 1.055983025451127, "primary": 0.8065931712483745}}, "CGA|CGT": {"individual": [], "joint": {"secondary": 0.4740796077394367, "primary": 0.6953610938475723}}, "CGC|CGG": {"individual": [], "joint": {"secondary": 1.286155775743101, "primary": 1.634086013920897}}, "CGC|CGT": {"individual": [], "joint": {"secondary": 0.8476704617947998, "primary": 1.78473385142035}}, "CGG|CGT": {"individual": [], "joint": {"secondary": 0.8376416041602665, "primary": 0.8544424848018267}}, "CTA|CTC": {"individual": [], "joint": {"secondary": 1.044410622357944, "primary": 0.7359159202829619}}, "CTA|CTG": {"individual": [], "joint": {"secondary": 0.939428007270084, "primary": 0.7809435049726947}}, "CTA|CTT": {"individual": [], "joint": {"secondary": 1.089746443683131, "primary": 0.6754972480272471}}, "CTA|TTA": {"individual": [], "joint": {"secondary": 1.005837026493152, "primary": 0.7943209415766669}}, "CTC|CTG": {"individual": [], "joint": {"secondary": 1.094637674206809, "primary": 0.6860783487611289}}, "CTC|CTT": {"individual": [], "joint": {"secondary": 0.8406112115890967, "primary": 0.7556815250982731}}, "CTG|CTT": {"individual": [], "joint": {"secondary": 1.04814732245476, "primary": 0.6983383938024531}}, "CTG|TTG": {"individual": [], "joint": {"secondary": 0.7770837452725242, "primary": 0.7276322700478374}}, "GAA|GAG": {"individual": [], "joint": {"secondary": 0.8042999395919811, "primary": 0.8106129643868429}}, "GAC|GAT": {"individual": [], "joint": {"secondary": 0.9163854912408401, "primary": 0.747278323355976}}, "GCA|GCC": {"individual": [], "joint": {"secondary": 0.5094129177765734, "primary": 0.907251279910389}}, "GCA|GCG": {"individual": [], "joint": {"secondary": 0.905341189919823, "primary": 0.8575690621155639}}, "GCA|GCT": {"individual": [], "joint": {"secondary": 1.411665951243933, "primary": 0.6968941909616471}}, "GCC|GCG": {"individual": [], "joint": {"secondary": 1.099891065359707, "primary": 0.6781055861897118}}, "GCC|GCT": {"individual": [], "joint": {"secondary": 1.18818183449183, "primary": 0.7058910190146588}}, "GCG|GCT": {"individual": [], "joint": {"secondary": 1.214066817568001, "primary": 0.7772824863602759}}, "GGA|GGC": {"individual": [], "joint": {"secondary": 0.7247736263580185, "primary": 0.7495267396863793}}, "GGA|GGG": {"individual": [], "joint": {"secondary": 1.449753352981199, "primary": 0.8011467402811016}}, "GGA|GGT": {"individual": [], "joint": {"secondary": 0.9428178351522853, "primary": 0.7427231497381331}}, "GGC|GGG": {"individual": [], "joint": {"secondary": 0.7548294888505434, "primary": 0.6685485532601549}}, "GGC|GGT": {"individual": [], "joint": {"secondary": 0.889508986712434, "primary": 1.930694335882269}}, "GGG|GGT": {"individual": [], "joint": {"secondary": 1.575868883477307, "primary": 1.700256588179526}}, "GTA|GTC": {"individual": [], "joint": {"secondary": 0.9075528918942133, "primary": 1.908933203702054}}, "GTA|GTG": {"individual": [], "joint": {"secondary": 0.9909845925863839, "primary": 1.933218942925558}}, "GTA|GTT": {"individual": [], "joint": {"secondary": 1.200524041895014, "primary": 1.715889485607509}}, "GTC|GTG": {"individual": [], "joint": {"secondary": 1.080875670394271, "primary": 1.68976427508742}}, "GTC|GTT": {"individual": [], "joint": {"secondary": 1.194812003542832, "primary": 1.874300718452222}}, "GTG|GTT": {"individual": [], "joint": {"secondary": 1.023473660930658, "primary": 0.707659333305196}}, "TAC|TAT": {"individual": [], "joint": {"secondary": 0.9106740840011363, "primary": 0.83049405886706}}, "TCA|TCC": {"individual": [], "joint": {"secondary": 1.065512994210691, "primary": 1.997588279234942}}, "TCA|TCG": {"individual": [], "joint": {"secondary": 1.015194516054884, "primary": 1.980978569364851}}, "TCA|TCT": {"individual": [], "joint": {"secondary": 1.192892531414219, "primary": 1.886120653931974}}, "TCC|TCG": {"individual": [], "joint": {"secondary": 0.6581171560548267, "primary": 1.544885163051418}}, "TCC|TCT": {"individual": [], "joint": {"secondary": 0.9738962662372199, "primary": 1.853831997240699}}, "TCG|TCT": {"individual": [], "joint": {"secondary": 1.124034785365769, "primary": 1.703723370642442}}, "TGC|TGT": {"individual": [], "joint": {"secondary": 0.8405112557874694, "primary": 2.113526571475509}}, "TTA|TTG": {"individual": [], "joint": {"secondary": 1.201426108727455, "primary": 0.7439031838059098}}, "TTC|TTT": {"individual": [], "joint": {"secondary": 0.9470183484025521, "primary": 0.792413705105636}}, "model_mixture_p": 0.8999999464192974}