{"baseline-AICc": {"individual": [], "joint": 355363.1069827682}, "baseline-loglikelihood": {"individual": [], "joint": -174344.8524897049}, "joint-AICc": {"individual": [], "joint": 356411.768626169}, "joint-loglikelihood": {"individual": [], "joint": -173969.4657198811}, "AAA|AAG": {"individual": [], "joint": {"secondary": 0.8702904708619619, "primary": 0.9563817033099149}}, "AAC|AAT": {"individual": [], "joint": {"secondary": 1.141013341601827, "primary": 0.8202568168437666}}, "ACA|ACC": {"individual": [], "joint": {"secondary": 1.0762995400385, "primary": 0.8709473098331312}}, "ACA|ACG": {"individual": [], "joint": {"secondary": 0.8161228371939914, "primary": 0.951317510279517}}, "ACA|ACT": {"individual": [], "joint": {"secondary": 1.294863571304349, "primary": 0.6003921474276931}}, "ACC|ACG": {"individual": [], "joint": {"secondary": 0.9439283813633809, "primary": 0.9897642210057157}}, "ACC|ACT": {"individual": [], "joint": {"secondary": 0.9693733106130484, "primary": 0.8375273209238516}}, "ACG|ACT": {"individual": [], "joint": {"secondary": 1.034538705983599, "primary": 0.9190758164624042}}, "AGA|AGG": {"individual": [], "joint": {"secondary": 1.045868604553837, "primary": 0.8608277751537652}}, "AGA|CGA": {"individual": [], "joint": {"secondary": 0.9697454320265863, "primary": 1.126745666554527}}, "AGC|AGT": {"individual": [], "joint": {"secondary": 1.050981788507156, "primary": 1.187409042030973}}, "AGG|CGG": {"individual": [], "joint": {"secondary": 0.768886975547839, "primary": 0.9270205289976994}}, "ATA|ATC": {"individual": [], "joint": {"secondary": 0.7142152113544019, "primary": 0.9688385008718639}}, "ATA|ATT": {"individual": [], "joint": {"secondary": 1.224591354251566, "primary": 0.7380082306272323}}, "ATC|ATT": {"individual": [], "joint": {"secondary": 1.054049652036805, "primary": 0.893780709408007}}, "CAA|CAG": {"individual": [], "joint": {"secondary": 0.8551305274363802, "primary": 0.9524874770215804}}, "CAC|CAT": {"individual": [], "joint": {"secondary": 0.8119438052008251, "primary": 0.9744665695043542}}, "CCA|CCC": {"individual": [], "joint": {"secondary": 0.9921365996754047, "primary": 1.027158408010747}}, "CCA|CCG": {"individual": [], "joint": {"secondary": 0.8021961530702167, "primary": 0.9891580198676164}}, "CCA|CCT": {"individual": [], "joint": {"secondary": 0.8387161677668381, "primary": 0.7057287079949645}}, "CCC|CCG": {"individual": [], "joint": {"secondary": 0.8228729521192991, "primary": 0.8166374167981227}}, "CCC|CCT": {"individual": [], "joint": {"secondary": 0.8451197375382782, "primary": 1.072675457100005}}, "CCG|CCT": {"individual": [], "joint": {"secondary": 0.706409476166858, "primary": 1.247598596922041}}, "CGA|CGC": {"individual": [], "joint": {"secondary": 1.200916890484736, "primary": 0.5756521427208411}}, "CGA|CGG": {"individual": [], "joint": {"secondary": 0.9443813588502401, "primary": 0.8825702244366709}}, "CGA|CGT": {"individual": [], "joint": {"secondary": 0.6702192579999888, "primary": 1.176597573341973}}, "CGC|CGG": {"individual": [], "joint": {"secondary": 2.463280020565892, "primary": 2.313561726184742}}, "CGC|CGT": {"individual": [], "joint": {"secondary": 2.174750536216955, "primary": 2.259327936555019}}, "CGG|CGT": {"individual": [], "joint": {"secondary": 0.795406794496786, "primary": 0.8985653103394317}}, "CTA|CTC": {"individual": [], "joint": {"secondary": 0.9183032719129093, "primary": 0.9897738316066009}}, "CTA|CTG": {"individual": [], "joint": {"secondary": 0.9717273609264611, "primary": 0.9266992543715613}}, "CTA|CTT": {"individual": [], "joint": {"secondary": 0.885972135634998, "primary": 1.373997025906065}}, "CTA|TTA": {"individual": [], "joint": {"secondary": 0.8133722000545474, "primary": 0.9035233026897758}}, "CTC|CTG": {"individual": [], "joint": {"secondary": 0.9002640684427953, "primary": 0.9295841964525349}}, "CTC|CTT": {"individual": [], "joint": {"secondary": 0.9105550377503302, "primary": 0.9282027783799967}}, "CTG|CTT": {"individual": [], "joint": {"secondary": 0.7759333023975048, "primary": 1.006876015904445}}, "CTG|TTG": {"individual": [], "joint": {"secondary": 0.9230384739798221, "primary": 0.9828468607752661}}, "GAA|GAG": {"individual": [], "joint": {"secondary": 0.9010329976202989, "primary": 0.9631268017631391}}, "GAC|GAT": {"individual": [], "joint": {"secondary": 0.9699748584090686, "primary": 0.9869797720506307}}, "GCA|GCC": {"individual": [], "joint": {"secondary": 0.7851316160872142, "primary": 0.9550462332323961}}, "GCA|GCG": {"individual": [], "joint": {"secondary": 0.8703297872153499, "primary": 0.9910299766160512}}, "GCA|GCT": {"individual": [], "joint": {"secondary": 1.497562553866716, "primary": 0.7865665299954084}}, "GCC|GCG": {"individual": [], "joint": {"secondary": 0.9738545038992399, "primary": 0.9195585468462295}}, "GCC|GCT": {"individual": [], "joint": {"secondary": 1.012436766807341, "primary": 0.8334941949607663}}, "GCG|GCT": {"individual": [], "joint": {"secondary": 0.824515049356445, "primary": 0.9656476059214321}}, "GGA|GGC": {"individual": [], "joint": {"secondary": 0.8076460898947352, "primary": 1.076475848238023}}, "GGA|GGG": {"individual": [], "joint": {"secondary": 0.9496023775926733, "primary": 0.841305824134242}}, "GGA|GGT": {"individual": [], "joint": {"secondary": 0.8505421855714864, "primary": 1.011692431163064}}, "GGC|GGG": {"individual": [], "joint": {"secondary": 0.9680534652988471, "primary": 0.9064725848603313}}, "GGC|GGT": {"individual": [], "joint": {"secondary": 0.9842649755537072, "primary": 0.7773250428489612}}, "GGG|GGT": {"individual": [], "joint": {"secondary": 0.8291676285104808, "primary": 0.7789715645815081}}, "GTA|GTC": {"individual": [], "joint": {"secondary": 1.056355964448079, "primary": 0.8369712972379783}}, "GTA|GTG": {"individual": [], "joint": {"secondary": 1.060116762245584, "primary": 0.9638303380633599}}, "GTA|GTT": {"individual": [], "joint": {"secondary": 1.083375951468328, "primary": 0.8436628741074326}}, "GTC|GTG": {"individual": [], "joint": {"secondary": 0.9274399705013596, "primary": 0.8868716965962313}}, "GTC|GTT": {"individual": [], "joint": {"secondary": 0.9430081699897329, "primary": 0.9328621259127353}}, "GTG|GTT": {"individual": [], "joint": {"secondary": 0.934698963261304, "primary": 0.9424416955469412}}, "TAC|TAT": {"individual": [], "joint": {"secondary": 1.070480204722968, "primary": 0.9280035593904633}}, "TCA|TCC": {"individual": [], "joint": {"secondary": 1.150717587931007, "primary": 0.7833262063055636}}, "TCA|TCG": {"individual": [], "joint": {"secondary": 2.031995005515813, "primary": 2.728319930031398}}, "TCA|TCT": {"individual": [], "joint": {"secondary": 1.051524189755755, "primary": 0.773091420999358}}, "TCC|TCG": {"individual": [], "joint": {"secondary": 0.8781034912066369, "primary": 1.043673445366236}}, "TCC|TCT": {"individual": [], "joint": {"secondary": 1.072528250586705, "primary": 0.7589568984445252}}, "TCG|TCT": {"individual": [], "joint": {"secondary": 0.7235019710787595, "primary": 1.071733877358223}}, "TGC|TGT": {"individual": [], "joint": {"secondary": 0.8158392340383779, "primary": 1.217990000499721}}, "TTA|TTG": {"individual": [], "joint": {"secondary": 1.012801364551628, "primary": 0.8746361963707313}}, "TTC|TTT": {"individual": [], "joint": {"secondary": 0.9659827570874221, "primary": 1.037953347942484}}, "model_mixture_p": 0.5635049449270421}