{"baseline-AICc": {"individual": [], "joint": 350532.1388506624}, "baseline-loglikelihood": {"individual": [], "joint": -171929.368423652}, "joint-AICc": {"individual": [], "joint": 349373.0036418847}, "joint-loglikelihood": {"individual": [], "joint": -170450.0832277389}, "AAA|AAG": {"individual": [], "joint": {"secondary": 0.6048991193018263, "primary": 0.6620102313729542}}, "AAC|AAT": {"individual": [], "joint": {"secondary": 0.6197391794819522, "primary": 0.6318704709428277}}, "ACA|ACC": {"individual": [], "joint": {"secondary": 0.5280400417352554, "primary": 0.523288452165148}}, "ACA|ACG": {"individual": [], "joint": {"secondary": 0.6083650443712274, "primary": 0.560614875852031}}, "ACA|ACT": {"individual": [], "joint": {"secondary": 0.8616434877517306, "primary": 0.4017957239836978}}, "ACC|ACG": {"individual": [], "joint": {"secondary": 0.4955845184808279, "primary": 0.4924207591567279}}, "ACC|ACT": {"individual": [], "joint": {"secondary": 0.6160032304146025, "primary": 0.5059956683802863}}, "ACG|ACT": {"individual": [], "joint": {"secondary": 0.5404869845213264, "primary": 0.3832765263758444}}, "AGA|AGG": {"individual": [], "joint": {"secondary": 0.6278393998045699, "primary": 0.6172893545793013}}, "AGA|CGA": {"individual": [], "joint": {"secondary": 0.9243437909983261, "primary": 0.5159404765292104}}, "AGC|AGT": {"individual": [], "joint": {"secondary": 0.5498555773098618, "primary": 0.5241504026452576}}, "AGG|CGG": {"individual": [], "joint": {"secondary": 0.5671912714837304, "primary": 0.5988369011499389}}, "ATA|ATC": {"individual": [], "joint": {"secondary": 0.6238217077605203, "primary": 0.4999080903737662}}, "ATA|ATT": {"individual": [], "joint": {"secondary": 0.4724707349145871, "primary": 0.5785122819877442}}, "ATC|ATT": {"individual": [], "joint": {"secondary": 0.5943648432145306, "primary": 0.6209031746351606}}, "CAA|CAG": {"individual": [], "joint": {"secondary": 0.8635188820622398, "primary": 0.7489190360956233}}, "CAC|CAT": {"individual": [], "joint": {"secondary": 0.4783163685262982, "primary": 0.5668366688395504}}, "CCA|CCC": {"individual": [], "joint": {"secondary": 1.392461981393728, "primary": 1.790529655935376}}, "CCA|CCG": {"individual": [], "joint": {"secondary": 0.5190848432541226, "primary": 0.6796543392851115}}, "CCA|CCT": {"individual": [], "joint": {"secondary": 1.308682756702821, "primary": 1.118937143578607}}, "CCC|CCG": {"individual": [], "joint": {"secondary": 1.105402826757264, "primary": 1.239910555113801}}, "CCC|CCT": {"individual": [], "joint": {"secondary": 1.671648342394324, "primary": 1.422139307348594}}, "CCG|CCT": {"individual": [], "joint": {"secondary": 0.4587274192443337, "primary": 0.5385633392564777}}, "CGA|CGC": {"individual": [], "joint": {"secondary": 1.174220300761622, "primary": 1.371998294962904}}, "CGA|CGG": {"individual": [], "joint": {"secondary": 1.627788388690121, "primary": 1.620869003892585}}, "CGA|CGT": {"individual": [], "joint": {"secondary": 1.792514591671011, "primary": 1.59377086173729}}, "CGC|CGG": {"individual": [], "joint": {"secondary": 1.472891180778556, "primary": 1.283194301021192}}, "CGC|CGT": {"individual": [], "joint": {"secondary": 1.494045438812156, "primary": 1.814574864530568}}, "CGG|CGT": {"individual": [], "joint": {"secondary": 1.022097968254697, "primary": 1.167390945462532}}, "CTA|CTC": {"individual": [], "joint": {"secondary": 0.6419602729339493, "primary": 0.5886215848631728}}, "CTA|CTG": {"individual": [], "joint": {"secondary": 0.682222343319949, "primary": 0.5341388582581522}}, "CTA|CTT": {"individual": [], "joint": {"secondary": 0.5703730775058989, "primary": 0.6153599243309127}}, "CTA|TTA": {"individual": [], "joint": {"secondary": 0.9268368435133647, "primary": 0.6255333625673488}}, "CTC|CTG": {"individual": [], "joint": {"secondary": 0.5204860462187388, "primary": 0.549855918684985}}, "CTC|CTT": {"individual": [], "joint": {"secondary": 0.6334218803167955, "primary": 0.5818127567464849}}, "CTG|CTT": {"individual": [], "joint": {"secondary": 0.4999108546778002, "primary": 0.3720255601178423}}, "CTG|TTG": {"individual": [], "joint": {"secondary": 0.5062490105772751, "primary": 0.5082943425411055}}, "GAA|GAG": {"individual": [], "joint": {"secondary": 0.8253636715015715, "primary": 0.6037485888983081}}, "GAC|GAT": {"individual": [], "joint": {"secondary": 0.5705915887160221, "primary": 0.6519100397514288}}, "GCA|GCC": {"individual": [], "joint": {"secondary": 0.3336940660026481, "primary": 0.692677802308028}}, "GCA|GCG": {"individual": [], "joint": {"secondary": 0.6371438919945278, "primary": 0.7044137933456995}}, "GCA|GCT": {"individual": [], "joint": {"secondary": 0.6430587745813863, "primary": 0.4918022220757522}}, "GCC|GCG": {"individual": [], "joint": {"secondary": 1.342691111408923, "primary": 1.218613306008502}}, "GCC|GCT": {"individual": [], "joint": {"secondary": 1.479974725927401, "primary": 1.613134366792455}}, "GCG|GCT": {"individual": [], "joint": {"secondary": 1.592959207581298, "primary": 1.275009592932403}}, "GGA|GGC": {"individual": [], "joint": {"secondary": 1.524201181522352, "primary": 1.527432865220393}}, "GGA|GGG": {"individual": [], "joint": {"secondary": 1.47481007419269, "primary": 1.64070390531128}}, "GGA|GGT": {"individual": [], "joint": {"secondary": 0.950467370805221, "primary": 1.189166540493483}}, "GGC|GGG": {"individual": [], "joint": {"secondary": 1.307041288683762, "primary": 1.122019010180804}}, "GGC|GGT": {"individual": [], "joint": {"secondary": 1.25249746220816, "primary": 1.362775406938983}}, "GGG|GGT": {"individual": [], "joint": {"secondary": 1.111095309509619, "primary": 1.384763104935504}}, "GTA|GTC": {"individual": [], "joint": {"secondary": 1.088002943236887, "primary": 1.691940910918612}}, "GTA|GTG": {"individual": [], "joint": {"secondary": 1.624432197443058, "primary": 1.570141974131163}}, "GTA|GTT": {"individual": [], "joint": {"secondary": 1.62037538270568, "primary": 1.325392694051515}}, "GTC|GTG": {"individual": [], "joint": {"secondary": 1.273493160997171, "primary": 1.341096839331631}}, "GTC|GTT": {"individual": [], "joint": {"secondary": 1.532693366062269, "primary": 1.550467525635945}}, "GTG|GTT": {"individual": [], "joint": {"secondary": 1.626112522747063, "primary": 1.167605663043537}}, "TAC|TAT": {"individual": [], "joint": {"secondary": 1.470706346871894, "primary": 1.472499245144555}}, "TCA|TCC": {"individual": [], "joint": {"secondary": 1.900583602736494, "primary": 1.239243242119242}}, "TCA|TCG": {"individual": [], "joint": {"secondary": 1.746994138474793, "primary": 1.719647838563169}}, "TCA|TCT": {"individual": [], "joint": {"secondary": 0.0927365277114185, "primary": 1.446949190613179}}, "TCC|TCG": {"individual": [], "joint": {"secondary": 1.482948270917, "primary": 1.260698507045017}}, "TCC|TCT": {"individual": [], "joint": {"secondary": 1.981425747920659, "primary": 1.711774884554512}}, "TCG|TCT": {"individual": [], "joint": {"secondary": 1.263173901195262, "primary": 1.500284397503356}}, "TGC|TGT": {"individual": [], "joint": {"secondary": 1.341318182198303, "primary": 1.734605920853087}}, "TTA|TTG": {"individual": [], "joint": {"secondary": 0.6399991382142933, "primary": 0.7159481776722891}}, "TTC|TTT": {"individual": [], "joint": {"secondary": 0.6719042960202212, "primary": 0.6237884283260339}}, "model_mixture_p": 0.6874262280689794}