{"baseline-AICc": {"individual": [], "joint": 337126.4548179814}, "baseline-loglikelihood": {"individual": [], "joint": -164381.3014301329}, "joint-AICc": {"individual": [], "joint": 337520.1822350061}, "joint-loglikelihood": {"individual": [], "joint": -163656.1188701915}, "AAA|AAG": {"individual": [], "joint": {"secondary": 1.047320632513902, "primary": 0.8087424813065756}}, "AAC|AAT": {"individual": [], "joint": {"secondary": 1.098884454186497, "primary": 0.7046236724350858}}, "ACA|ACC": {"individual": [], "joint": {"secondary": 0.9808204963532656, "primary": 0.7747405317549977}}, "ACA|ACG": {"individual": [], "joint": {"secondary": 1.039326557675579, "primary": 0.8505143664621762}}, "ACA|ACT": {"individual": [], "joint": {"secondary": 1.135434875812662, "primary": 0.6285339089087374}}, "ACC|ACG": {"individual": [], "joint": {"secondary": 0.993974433465905, "primary": 0.5852550796293868}}, "ACC|ACT": {"individual": [], "joint": {"secondary": 1.003626518717705, "primary": 0.8278972892987397}}, "ACG|ACT": {"individual": [], "joint": {"secondary": 0.8246664975247718, "primary": 0.6158238711759537}}, "AGA|AGG": {"individual": [], "joint": {"secondary": 1.002916672120378, "primary": 0.9773190101760707}}, "AGA|CGA": {"individual": [], "joint": {"secondary": 1.436881731087559, "primary": 0.7863598092717177}}, "AGC|AGT": {"individual": [], "joint": {"secondary": 1.028713047539622, "primary": 0.7407858356524359}}, "AGG|CGG": {"individual": [], "joint": {"secondary": 0.9435535835021538, "primary": 0.806635354540768}}, "ATA|ATC": {"individual": [], "joint": {"secondary": 0.9214928487824259, "primary": 0.6967481069230622}}, "ATA|ATT": {"individual": [], "joint": {"secondary": 1.037907514273176, "primary": 0.7239357620309699}}, "ATC|ATT": {"individual": [], "joint": {"secondary": 0.9436586315650057, "primary": 0.6260806323277958}}, "CAA|CAG": {"individual": [], "joint": {"secondary": 0.9115240520763154, "primary": 0.8587953699578316}}, "CAC|CAT": {"individual": [], "joint": {"secondary": 1.021376594808169, "primary": 0.7377070951379342}}, "CCA|CCC": {"individual": [], "joint": {"secondary": 1.068226618591702, "primary": 0.705949126339164}}, "CCA|CCG": {"individual": [], "joint": {"secondary": 1.044065291179087, "primary": 0.7847944327069043}}, "CCA|CCT": {"individual": [], "joint": {"secondary": 1.110320370671053, "primary": 0.7403509234978922}}, "CCC|CCG": {"individual": [], "joint": {"secondary": 0.93632088239358, "primary": 0.7113607418395396}}, "CCC|CCT": {"individual": [], "joint": {"secondary": 0.9176114835516064, "primary": 0.601206422087332}}, "CCG|CCT": {"individual": [], "joint": {"secondary": 0.8105725811853502, "primary": 0.8224724562162159}}, "CGA|CGC": {"individual": [], "joint": {"secondary": 1.175081838183972, "primary": 0.7673582280035641}}, "CGA|CGG": {"individual": [], "joint": {"secondary": 1.228388030811712, "primary": 0.6942473171732324}}, "CGA|CGT": {"individual": [], "joint": {"secondary": 1.18017947976061, "primary": 0.4685242395593846}}, "CGC|CGG": {"individual": [], "joint": {"secondary": 0.9815872851182124, "primary": 1.705371393881058}}, "CGC|CGT": {"individual": [], "joint": {"secondary": 0.8558834222774861, "primary": 1.871280288937101}}, "CGG|CGT": {"individual": [], "joint": {"secondary": 1.033577943897651, "primary": 0.5306203934014717}}, "CTA|CTC": {"individual": [], "joint": {"secondary": 1.335222111429338, "primary": 0.7292911154517836}}, "CTA|CTG": {"individual": [], "joint": {"secondary": 1.023793068968943, "primary": 0.7547611185731866}}, "CTA|CTT": {"individual": [], "joint": {"secondary": 1.04267500636597, "primary": 0.4141777287429088}}, "CTA|TTA": {"individual": [], "joint": {"secondary": 0.8143380777242825, "primary": 0.852815468697747}}, "CTC|CTG": {"individual": [], "joint": {"secondary": 0.9644880263011412, "primary": 0.7360028283464215}}, "CTC|CTT": {"individual": [], "joint": {"secondary": 0.9019542002657271, "primary": 0.762534611918174}}, "CTG|CTT": {"individual": [], "joint": {"secondary": 0.9746443843985266, "primary": 0.6970488913560748}}, "CTG|TTG": {"individual": [], "joint": {"secondary": 0.9798909493634597, "primary": 0.7810026894648423}}, "GAA|GAG": {"individual": [], "joint": {"secondary": 1.017961872387246, "primary": 0.821638392192933}}, "GAC|GAT": {"individual": [], "joint": {"secondary": 1.04193339086114, "primary": 0.7505914232978833}}, "GCA|GCC": {"individual": [], "joint": {"secondary": 0.8443136074786463, "primary": 0.7516682541204596}}, "GCA|GCG": {"individual": [], "joint": {"secondary": 1.035085991379933, "primary": 0.772707988663244}}, "GCA|GCT": {"individual": [], "joint": {"secondary": 0.8914880455715647, "primary": 0.7649315857459296}}, "GCC|GCG": {"individual": [], "joint": {"secondary": 1.003403431817649, "primary": 0.642987173963972}}, "GCC|GCT": {"individual": [], "joint": {"secondary": 1.01820644078716, "primary": 0.7232457957346285}}, "GCG|GCT": {"individual": [], "joint": {"secondary": 1.081913972895022, "primary": 0.5399668312984568}}, "GGA|GGC": {"individual": [], "joint": {"secondary": 1.022007045126063, "primary": 0.8348535603164892}}, "GGA|GGG": {"individual": [], "joint": {"secondary": 0.9621954478303604, "primary": 0.8624330311744376}}, "GGA|GGT": {"individual": [], "joint": {"secondary": 0.9518328145529917, "primary": 0.647788245730091}}, "GGC|GGG": {"individual": [], "joint": {"secondary": 0.7998290106446126, "primary": 0.4980482627038945}}, "GGC|GGT": {"individual": [], "joint": {"secondary": 0.8953257430347682, "primary": 1.774584266209025}}, "GGG|GGT": {"individual": [], "joint": {"secondary": 0.9773192632394279, "primary": 1.976353487664248}}, "GTA|GTC": {"individual": [], "joint": {"secondary": 0.9345786897917677, "primary": 2.217649595677899}}, "GTA|GTG": {"individual": [], "joint": {"secondary": 0.9661298615173358, "primary": 1.862324569661107}}, "GTA|GTT": {"individual": [], "joint": {"secondary": 0.8315105870684859, "primary": 2.082311236219005}}, "GTC|GTG": {"individual": [], "joint": {"secondary": 1.015975314407337, "primary": 1.843738728116079}}, "GTC|GTT": {"individual": [], "joint": {"secondary": 0.8404749562225816, "primary": 1.868207378756554}}, "GTG|GTT": {"individual": [], "joint": {"secondary": 1.123050427973837, "primary": 0.5419997548895414}}, "TAC|TAT": {"individual": [], "joint": {"secondary": 0.8725081937172481, "primary": 0.7166724759971372}}, "TCA|TCC": {"individual": [], "joint": {"secondary": 0.8040429981169712, "primary": 1.9647710503095}}, "TCA|TCG": {"individual": [], "joint": {"secondary": 1.070468628374922, "primary": 1.596531117724757}}, "TCA|TCT": {"individual": [], "joint": {"secondary": 1.166703215331961, "primary": 1.865912273772659}}, "TCC|TCG": {"individual": [], "joint": {"secondary": 1.041903699990419, "primary": 1.651777893819562}}, "TCC|TCT": {"individual": [], "joint": {"secondary": 1.147565277103064, "primary": 2.31391903337297}}, "TCG|TCT": {"individual": [], "joint": {"secondary": 0.9440886582689783, "primary": 1.753225174773879}}, "TGC|TGT": {"individual": [], "joint": {"secondary": 1.14261333061221, "primary": 2.064765526296587}}, "TTA|TTG": {"individual": [], "joint": {"secondary": 0.8181456249884856, "primary": 0.7312060704800576}}, "TTC|TTT": {"individual": [], "joint": {"secondary": 0.9865242644633264, "primary": 0.6815212281327633}}, "model_mixture_p": 0.4000130566444304}