{"baseline-AICc": {"individual": [], "joint": 351492.5206635979}, "baseline-loglikelihood": {"individual": [], "joint": -172409.5593301197}, "joint-AICc": {"individual": [], "joint": 352046.7033531585}, "joint-loglikelihood": {"individual": [], "joint": -171786.9330833759}, "AAA|AAG": {"individual": [], "joint": {"secondary": 0.8200241980032396, "primary": 0.7303582479091828}}, "AAC|AAT": {"individual": [], "joint": {"secondary": 0.9396423984765776, "primary": 1.008772996164504}}, "ACA|ACC": {"individual": [], "joint": {"secondary": 1.026253440038818, "primary": 0.7266590843984767}}, "ACA|ACG": {"individual": [], "joint": {"secondary": 0.8331777779775561, "primary": 0.848562461801289}}, "ACA|ACT": {"individual": [], "joint": {"secondary": 0.7419098111578984, "primary": 1.152570314344402}}, "ACC|ACG": {"individual": [], "joint": {"secondary": 0.8648731453075198, "primary": 0.9357323780946529}}, "ACC|ACT": {"individual": [], "joint": {"secondary": 1.04844592921756, "primary": 0.8895630179680514}}, "ACG|ACT": {"individual": [], "joint": {"secondary": 1.041983726989612, "primary": 0.5292298898366157}}, "AGA|AGG": {"individual": [], "joint": {"secondary": 0.9158748338579678, "primary": 0.9447761059587576}}, "AGA|CGA": {"individual": [], "joint": {"secondary": 0.8906011932051181, "primary": 1.007222375899724}}, "AGC|AGT": {"individual": [], "joint": {"secondary": 0.9904707951458481, "primary": 0.9968500327731596}}, "AGG|CGG": {"individual": [], "joint": {"secondary": 0.9583595339934938, "primary": 0.9299052803933928}}, "ATA|ATC": {"individual": [], "joint": {"secondary": 0.8069497287000768, "primary": 0.8763875308893058}}, "ATA|ATT": {"individual": [], "joint": {"secondary": 0.848259068918204, "primary": 1.312151379141577}}, "ATC|ATT": {"individual": [], "joint": {"secondary": 0.9759560821683166, "primary": 0.8703486326722545}}, "CAA|CAG": {"individual": [], "joint": {"secondary": 0.7989413142856981, "primary": 0.8240350064599551}}, "CAC|CAT": {"individual": [], "joint": {"secondary": 0.8563456719632867, "primary": 0.8974991926784398}}, "CCA|CCC": {"individual": [], "joint": {"secondary": 0.5859202121834763, "primary": 0.9653323283217041}}, "CCA|CCG": {"individual": [], "joint": {"secondary": 0.84632614975849, "primary": 0.8184413433614491}}, "CCA|CCT": {"individual": [], "joint": {"secondary": 0.9688655276693188, "primary": 0.3264109334438329}}, "CCC|CCG": {"individual": [], "joint": {"secondary": 0.8426655989002222, "primary": 0.8777239242781532}}, "CCC|CCT": {"individual": [], "joint": {"secondary": 0.8428790340487241, "primary": 1.106180425734164}}, "CCG|CCT": {"individual": [], "joint": {"secondary": 0.7233112412861408, "primary": 1.005922209548645}}, "CGA|CGC": {"individual": [], "joint": {"secondary": 0.985013435351009, "primary": 0.860192849124061}}, "CGA|CGG": {"individual": [], "joint": {"secondary": 0.8821739136695079, "primary": 0.7884057950490395}}, "CGA|CGT": {"individual": [], "joint": {"secondary": 0.8970877646944979, "primary": 0.8283485928479174}}, "CGC|CGG": {"individual": [], "joint": {"secondary": 2.597729386829676, "primary": 2.237211041613752}}, "CGC|CGT": {"individual": [], "joint": {"secondary": 2.02144852043426, "primary": 2.424818151585806}}, "CGG|CGT": {"individual": [], "joint": {"secondary": 0.8551265349255848, "primary": 0.6288633477261641}}, "CTA|CTC": {"individual": [], "joint": {"secondary": 0.6982776639756858, "primary": 0.8817859034036598}}, "CTA|CTG": {"individual": [], "joint": {"secondary": 0.8632177998560564, "primary": 0.6706977417321899}}, "CTA|CTT": {"individual": [], "joint": {"secondary": 0.8955555961401265, "primary": 0.1752274788445697}}, "CTA|TTA": {"individual": [], "joint": {"secondary": 0.8798405238282552, "primary": 0.9732843803696395}}, "CTC|CTG": {"individual": [], "joint": {"secondary": 0.8320638586806911, "primary": 0.8274966678978762}}, "CTC|CTT": {"individual": [], "joint": {"secondary": 0.9492043002228054, "primary": 0.7807292955318899}}, "CTG|CTT": {"individual": [], "joint": {"secondary": 0.6733558671325199, "primary": 0.8557095465207217}}, "CTG|TTG": {"individual": [], "joint": {"secondary": 0.8517183448466433, "primary": 0.9550909884800993}}, "GAA|GAG": {"individual": [], "joint": {"secondary": 0.7715095918832107, "primary": 0.9778703647585041}}, "GAC|GAT": {"individual": [], "joint": {"secondary": 0.8389321189402217, "primary": 0.953383296503248}}, "GCA|GCC": {"individual": [], "joint": {"secondary": 1.077773553752295, "primary": 0.9944990596893267}}, "GCA|GCG": {"individual": [], "joint": {"secondary": 0.8704396912721544, "primary": 0.9227284092784716}}, "GCA|GCT": {"individual": [], "joint": {"secondary": 0.7911982712115899, "primary": 0.5598665766463642}}, "GCC|GCG": {"individual": [], "joint": {"secondary": 0.8446349942912027, "primary": 0.8596261582995302}}, "GCC|GCT": {"individual": [], "joint": {"secondary": 0.9525900833362811, "primary": 0.8883450664379006}}, "GCG|GCT": {"individual": [], "joint": {"secondary": 1.210864670961414, "primary": 0.7880896080845394}}, "GGA|GGC": {"individual": [], "joint": {"secondary": 0.9237973422810557, "primary": 0.8896548848324922}}, "GGA|GGG": {"individual": [], "joint": {"secondary": 0.7662664487247901, "primary": 0.8768747545520885}}, "GGA|GGT": {"individual": [], "joint": {"secondary": 0.9302752930013095, "primary": 1.212315470475709}}, "GGC|GGG": {"individual": [], "joint": {"secondary": 0.8657291967922893, "primary": 0.9632903401853297}}, "GGC|GGT": {"individual": [], "joint": {"secondary": 0.9903911174597406, "primary": 0.8845337395879217}}, "GGG|GGT": {"individual": [], "joint": {"secondary": 2.363290550079908, "primary": 2.313983416246358}}, "GTA|GTC": {"individual": [], "joint": {"secondary": 0.7521219453282171, "primary": 1.05765130216664}}, "GTA|GTG": {"individual": [], "joint": {"secondary": 2.18035863585099, "primary": 2.083148555696036}}, "GTA|GTT": {"individual": [], "joint": {"secondary": 0.7430358962116418, "primary": 1.127782258680038}}, "GTC|GTG": {"individual": [], "joint": {"secondary": 0.8661976966778266, "primary": 0.8710441868786547}}, "GTC|GTT": {"individual": [], "joint": {"secondary": 0.8573139842736224, "primary": 0.9016874279599012}}, "GTG|GTT": {"individual": [], "joint": {"secondary": 0.840284263478749, "primary": 1.100016634576246}}, "TAC|TAT": {"individual": [], "joint": {"secondary": 0.9250786745290213, "primary": 0.8570992973014308}}, "TCA|TCC": {"individual": [], "joint": {"secondary": 2.001630666032705, "primary": 2.093331501154012}}, "TCA|TCG": {"individual": [], "joint": {"secondary": 2.120219157006098, "primary": 2.016185472327308}}, "TCA|TCT": {"individual": [], "joint": {"secondary": 1.216422188664203, "primary": 1.068257504090475}}, "TCC|TCG": {"individual": [], "joint": {"secondary": 0.8664039169338925, "primary": 0.8392913578147098}}, "TCC|TCT": {"individual": [], "joint": {"secondary": 0.7588841390970738, "primary": 0.7878399850614696}}, "TCG|TCT": {"individual": [], "joint": {"secondary": 0.8581199891125206, "primary": 0.7569545941294438}}, "TGC|TGT": {"individual": [], "joint": {"secondary": 0.9518658124918071, "primary": 1.030755416095721}}, "TTA|TTG": {"individual": [], "joint": {"secondary": 0.8578475142272258, "primary": 0.9506273011789145}}, "TTC|TTT": {"individual": [], "joint": {"secondary": 0.9566726722564464, "primary": 0.904769186512157}}, "model_mixture_p": 0.437623841753207}