{"baseline-AICc": {"individual": [], "joint": 354039.1701855433}, "baseline-loglikelihood": {"individual": [], "joint": -172827.9055007785}, "joint-AICc": {"individual": [], "joint": 354240.6134926699}, "joint-loglikelihood": {"individual": [], "joint": -172003.1138541154}, "AAA|AAG": {"individual": [], "joint": {"secondary": 0.7619432009663123, "primary": 1.13024571083513}}, "AAC|AAT": {"individual": [], "joint": {"secondary": 0.7866075942510375, "primary": 1.120446328337519}}, "ACA|ACC": {"individual": [], "joint": {"secondary": 0.7750562165724464, "primary": 1.017315434439222}}, "ACA|ACG": {"individual": [], "joint": {"secondary": 0.6677310424609645, "primary": 1.009437037540521}}, "ACA|ACT": {"individual": [], "joint": {"secondary": 0.6752677427723487, "primary": 1.136643872681168}}, "ACC|ACG": {"individual": [], "joint": {"secondary": 0.638040579251673, "primary": 1.017311787124071}}, "ACC|ACT": {"individual": [], "joint": {"secondary": 0.7584013621630693, "primary": 0.9870290147266951}}, "ACG|ACT": {"individual": [], "joint": {"secondary": 0.6003020931495012, "primary": 1.050845399060606}}, "AGA|AGG": {"individual": [], "joint": {"secondary": 0.7598669222880752, "primary": 1.08361120034129}}, "AGA|CGA": {"individual": [], "joint": {"secondary": 0.8360536183248932, "primary": 0.9340083244992329}}, "AGC|AGT": {"individual": [], "joint": {"secondary": 0.719515275011785, "primary": 1.167617518648859}}, "AGG|CGG": {"individual": [], "joint": {"secondary": 0.7270319607575222, "primary": 1.043270237875061}}, "ATA|ATC": {"individual": [], "joint": {"secondary": 0.7313748002257621, "primary": 0.957625861358335}}, "ATA|ATT": {"individual": [], "joint": {"secondary": 0.8592164370378579, "primary": 1.24918833142017}}, "ATC|ATT": {"individual": [], "joint": {"secondary": 0.6034979802624125, "primary": 0.9403452205026409}}, "CAA|CAG": {"individual": [], "joint": {"secondary": 0.8152877534408068, "primary": 0.9992230624184781}}, "CAC|CAT": {"individual": [], "joint": {"secondary": 0.645424236214727, "primary": 0.9539754851280271}}, "CCA|CCC": {"individual": [], "joint": {"secondary": 0.7192585308032157, "primary": 0.7099325054227393}}, "CCA|CCG": {"individual": [], "joint": {"secondary": 0.8746045515888089, "primary": 0.9868566298699849}}, "CCA|CCT": {"individual": [], "joint": {"secondary": 0.8383665801851911, "primary": 0.8739978470832156}}, "CCC|CCG": {"individual": [], "joint": {"secondary": 0.6525992916126219, "primary": 1.037214282658804}}, "CCC|CCT": {"individual": [], "joint": {"secondary": 0.7410951099304874, "primary": 1.219466051698182}}, "CCG|CCT": {"individual": [], "joint": {"secondary": 0.815212182808753, "primary": 0.8473278645272535}}, "CGA|CGC": {"individual": [], "joint": {"secondary": 0.7722456728595164, "primary": 1.392158566559359}}, "CGA|CGG": {"individual": [], "joint": {"secondary": 0.8607475478528239, "primary": 1.079763266322195}}, "CGA|CGT": {"individual": [], "joint": {"secondary": 0.6892441653273891, "primary": 0.9529568582381927}}, "CGC|CGG": {"individual": [], "joint": {"secondary": 1.687585914768923, "primary": 0.8891564174438185}}, "CGC|CGT": {"individual": [], "joint": {"secondary": 1.883917427552536, "primary": 0.9014881074776429}}, "CGG|CGT": {"individual": [], "joint": {"secondary": 0.8881444006319401, "primary": 1.074662143239925}}, "CTA|CTC": {"individual": [], "joint": {"secondary": 0.8122651552495906, "primary": 1.00672301320353}}, "CTA|CTG": {"individual": [], "joint": {"secondary": 0.803264311228592, "primary": 0.8880645998628602}}, "CTA|CTT": {"individual": [], "joint": {"secondary": 0.4834203571358212, "primary": 0.6466937579949815}}, "CTA|TTA": {"individual": [], "joint": {"secondary": 0.6368855033702936, "primary": 1.148471655027839}}, "CTC|CTG": {"individual": [], "joint": {"secondary": 0.6663828057197475, "primary": 0.9747833639118877}}, "CTC|CTT": {"individual": [], "joint": {"secondary": 0.7589801907755012, "primary": 1.05127960053407}}, "CTG|CTT": {"individual": [], "joint": {"secondary": 0.6042108822174203, "primary": 1.229545118559967}}, "CTG|TTG": {"individual": [], "joint": {"secondary": 0.7732796031611915, "primary": 0.9481523577796841}}, "GAA|GAG": {"individual": [], "joint": {"secondary": 0.7202211966544023, "primary": 0.8300125345288762}}, "GAC|GAT": {"individual": [], "joint": {"secondary": 0.6869201553480805, "primary": 0.9235566020530233}}, "GCA|GCC": {"individual": [], "joint": {"secondary": 0.7141258108172971, "primary": 1.004772529818013}}, "GCA|GCG": {"individual": [], "joint": {"secondary": 0.7878348921705244, "primary": 0.9756086644793163}}, "GCA|GCT": {"individual": [], "joint": {"secondary": 0.8899426306307464, "primary": 0.8662710523329833}}, "GCC|GCG": {"individual": [], "joint": {"secondary": 0.6846828340654609, "primary": 1.039789441485737}}, "GCC|GCT": {"individual": [], "joint": {"secondary": 0.8185711000349419, "primary": 0.9597378182949259}}, "GCG|GCT": {"individual": [], "joint": {"secondary": 0.7633828874328685, "primary": 1.031107520717512}}, "GGA|GGC": {"individual": [], "joint": {"secondary": 0.7165376621534318, "primary": 1.022170380239432}}, "GGA|GGG": {"individual": [], "joint": {"secondary": 0.7669562503042422, "primary": 1.154843720638754}}, "GGA|GGT": {"individual": [], "joint": {"secondary": 0.8325927823427038, "primary": 0.863232873676988}}, "GGC|GGG": {"individual": [], "joint": {"secondary": 0.5675604709517675, "primary": 1.097320283572714}}, "GGC|GGT": {"individual": [], "joint": {"secondary": 1.940899575848306, "primary": 1.145728166068935}}, "GGG|GGT": {"individual": [], "joint": {"secondary": 1.540086838984136, "primary": 0.875334375091405}}, "GTA|GTC": {"individual": [], "joint": {"secondary": 1.936347312072068, "primary": 1.168357814798032}}, "GTA|GTG": {"individual": [], "joint": {"secondary": 2.169708802264112, "primary": 0.8991792299773347}}, "GTA|GTT": {"individual": [], "joint": {"secondary": 2.063969963017725, "primary": 0.8664020281463026}}, "GTC|GTG": {"individual": [], "joint": {"secondary": 1.699936610936654, "primary": 1.053322147659017}}, "GTC|GTT": {"individual": [], "joint": {"secondary": 1.700232023051623, "primary": 1.038145606329647}}, "GTG|GTT": {"individual": [], "joint": {"secondary": 0.6146171225964255, "primary": 0.739469664906018}}, "TAC|TAT": {"individual": [], "joint": {"secondary": 0.8723957773649533, "primary": 0.9738130284820941}}, "TCA|TCC": {"individual": [], "joint": {"secondary": 1.84209536957316, "primary": 0.8354975943129757}}, "TCA|TCG": {"individual": [], "joint": {"secondary": 2.073047358543462, "primary": 1.035919265999754}}, "TCA|TCT": {"individual": [], "joint": {"secondary": 1.716838652352458, "primary": 1.374083942190469}}, "TCC|TCG": {"individual": [], "joint": {"secondary": 1.714310326465101, "primary": 1.016315132176423}}, "TCC|TCT": {"individual": [], "joint": {"secondary": 2.059018404142766, "primary": 0.8939831454910284}}, "TCG|TCT": {"individual": [], "joint": {"secondary": 1.30502752190969, "primary": 0.7970832947357651}}, "TGC|TGT": {"individual": [], "joint": {"secondary": 1.914729326521847, "primary": 0.9162757811742777}}, "TTA|TTG": {"individual": [], "joint": {"secondary": 0.8084503775004169, "primary": 0.9855551439239221}}, "TTC|TTT": {"individual": [], "joint": {"secondary": 0.7566309640170605, "primary": 0.9602773823451523}}, "model_mixture_p": 0.5}