{"baseline-AICc": {"individual": [], "joint": 442268.1689341633}, "baseline-loglikelihood": {"individual": [], "joint": -216885.1079720227}, "joint-AICc": {"individual": [], "joint": 441699.2275260275}, "joint-loglikelihood": {"individual": [], "joint": -215659.7924726203}, "AAA|AAG": {"individual": [], "joint": {"secondary": 0.7586385587134475, "primary": 0.8540642999576586}}, "AAC|AAT": {"individual": [], "joint": {"secondary": 0.816552623271461, "primary": 0.947959929550723}}, "ACA|ACC": {"individual": [], "joint": {"secondary": 0.6960777041461941, "primary": 0.9387263309984843}}, "ACA|ACG": {"individual": [], "joint": {"secondary": 0.8118135284487417, "primary": 0.8243867372345582}}, "ACA|ACT": {"individual": [], "joint": {"secondary": 0.7603522805818733, "primary": 0.6465543092318737}}, "ACC|ACG": {"individual": [], "joint": {"secondary": 0.760139029794174, "primary": 0.9040366983113882}}, "ACC|ACT": {"individual": [], "joint": {"secondary": 0.6857294730787303, "primary": 0.8430876802285237}}, "ACG|ACT": {"individual": [], "joint": {"secondary": 0.8765022715514249, "primary": 0.8759435262811628}}, "AGA|AGG": {"individual": [], "joint": {"secondary": 0.8414062308829268, "primary": 0.748445188698733}}, "AGA|CGA": {"individual": [], "joint": {"secondary": 0.5881907808420738, "primary": 0.7905030929985472}}, "AGC|AGT": {"individual": [], "joint": {"secondary": 0.7220320354102829, "primary": 1.000178392650195}}, "AGG|CGG": {"individual": [], "joint": {"secondary": 0.6613540029945247, "primary": 0.8315980225857451}}, "ATA|ATC": {"individual": [], "joint": {"secondary": 0.7126571203348743, "primary": 0.9300104890051278}}, "ATA|ATT": {"individual": [], "joint": {"secondary": 0.7317342949411002, "primary": 0.8718041964226102}}, "ATC|ATT": {"individual": [], "joint": {"secondary": 0.6555990262405588, "primary": 0.7482613629802463}}, "CAA|CAG": {"individual": [], "joint": {"secondary": 0.7455387200435134, "primary": 0.8142070676338712}}, "CAC|CAT": {"individual": [], "joint": {"secondary": 0.818166803358794, "primary": 0.8778802117965818}}, "CCA|CCC": {"individual": [], "joint": {"secondary": 0.8909789934225899, "primary": 1.057339339833193}}, "CCA|CCG": {"individual": [], "joint": {"secondary": 0.7932662362253721, "primary": 0.9181623949840941}}, "CCA|CCT": {"individual": [], "joint": {"secondary": 0.8035692333679694, "primary": 0.6218443877363949}}, "CCC|CCG": {"individual": [], "joint": {"secondary": 0.6432007736625924, "primary": 0.9455952236759357}}, "CCC|CCT": {"individual": [], "joint": {"secondary": 0.7701234073248678, "primary": 0.8823151443373795}}, "CCG|CCT": {"individual": [], "joint": {"secondary": 0.7287299232521439, "primary": 0.9490907966173503}}, "CGA|CGC": {"individual": [], "joint": {"secondary": 0.6638859099451642, "primary": 0.8760259938809604}}, "CGA|CGG": {"individual": [], "joint": {"secondary": 0.8727931665689495, "primary": 0.878013333841431}}, "CGA|CGT": {"individual": [], "joint": {"secondary": 0.7346829440377632, "primary": 0.6681088949987314}}, "CGC|CGG": {"individual": [], "joint": {"secondary": 1.818135650365282, "primary": 2.061781346601123}}, "CGC|CGT": {"individual": [], "joint": {"secondary": 1.598461085839747, "primary": 2.276723523212012}}, "CGG|CGT": {"individual": [], "joint": {"secondary": 0.7622241534697177, "primary": 0.8548586431175353}}, "CTA|CTC": {"individual": [], "joint": {"secondary": 0.6846351303601218, "primary": 0.7065106565371406}}, "CTA|CTG": {"individual": [], "joint": {"secondary": 0.8766979653337228, "primary": 0.9694539408093641}}, "CTA|CTT": {"individual": [], "joint": {"secondary": 0.6360574003489143, "primary": 0.8457261645153805}}, "CTA|TTA": {"individual": [], "joint": {"secondary": 0.7720178617913936, "primary": 1.089156230331796}}, "CTC|CTG": {"individual": [], "joint": {"secondary": 0.677196156914375, "primary": 0.9170652110262281}}, "CTC|CTT": {"individual": [], "joint": {"secondary": 0.7039574577707554, "primary": 0.8581846646308477}}, "CTG|CTT": {"individual": [], "joint": {"secondary": 0.8032705662601537, "primary": 0.8762249377225784}}, "CTG|TTG": {"individual": [], "joint": {"secondary": 0.7513024177588883, "primary": 0.9544591221508629}}, "GAA|GAG": {"individual": [], "joint": {"secondary": 0.7944810967601881, "primary": 0.8351386885988306}}, "GAC|GAT": {"individual": [], "joint": {"secondary": 0.7214381314714192, "primary": 0.9563694513488372}}, "GCA|GCC": {"individual": [], "joint": {"secondary": 0.687033350188448, "primary": 0.8303859504204879}}, "GCA|GCG": {"individual": [], "joint": {"secondary": 0.7817318311216948, "primary": 0.8125006850163194}}, "GCA|GCT": {"individual": [], "joint": {"secondary": 0.8343887129685575, "primary": 0.9495132984574539}}, "GCC|GCG": {"individual": [], "joint": {"secondary": 0.6694473445958858, "primary": 0.8603245318018036}}, "GCC|GCT": {"individual": [], "joint": {"secondary": 0.6936528971980073, "primary": 0.8604808309199565}}, "GCG|GCT": {"individual": [], "joint": {"secondary": 0.7235677332609968, "primary": 0.9838476584323663}}, "GGA|GGC": {"individual": [], "joint": {"secondary": 0.8471279282619394, "primary": 0.9250844506391425}}, "GGA|GGG": {"individual": [], "joint": {"secondary": 0.8210870787752861, "primary": 0.7916786146573289}}, "GGA|GGT": {"individual": [], "joint": {"secondary": 0.8579569609262984, "primary": 1.149546185728893}}, "GGC|GGG": {"individual": [], "joint": {"secondary": 0.67718782744386, "primary": 0.8135829140817157}}, "GGC|GGT": {"individual": [], "joint": {"secondary": 1.893682143359781, "primary": 1.170340370288011}}, "GGG|GGT": {"individual": [], "joint": {"secondary": 1.630867075595647, "primary": 2.021885431340852}}, "GTA|GTC": {"individual": [], "joint": {"secondary": 1.847104194301657, "primary": 0.8362097521052381}}, "GTA|GTG": {"individual": [], "joint": {"secondary": 1.956688764601914, "primary": 2.342661588163977}}, "GTA|GTT": {"individual": [], "joint": {"secondary": 1.722206712736022, "primary": 0.8069605815120473}}, "GTC|GTG": {"individual": [], "joint": {"secondary": 1.776226150763086, "primary": 0.8009851380064611}}, "GTC|GTT": {"individual": [], "joint": {"secondary": 1.856176736757696, "primary": 0.9047881816695281}}, "GTG|GTT": {"individual": [], "joint": {"secondary": 0.4978278349268371, "primary": 0.8211583627155105}}, "TAC|TAT": {"individual": [], "joint": {"secondary": 0.7893972262539424, "primary": 0.8917501451987594}}, "TCA|TCC": {"individual": [], "joint": {"secondary": 1.839812500278941, "primary": 2.209093740714229}}, "TCA|TCG": {"individual": [], "joint": {"secondary": 2.144225782312849, "primary": 2.133641665547192}}, "TCA|TCT": {"individual": [], "joint": {"secondary": 1.688859269480888, "primary": 1.372648887242068}}, "TCC|TCG": {"individual": [], "joint": {"secondary": 1.625821102033529, "primary": 1.111471331069114}}, "TCC|TCT": {"individual": [], "joint": {"secondary": 1.966061940213792, "primary": 0.7164506115311027}}, "TCG|TCT": {"individual": [], "joint": {"secondary": 1.522881045973413, "primary": 0.6727084868260648}}, "TGC|TGT": {"individual": [], "joint": {"secondary": 2.032055194533787, "primary": 0.9527441789599937}}, "TTA|TTG": {"individual": [], "joint": {"secondary": 0.7085509321157734, "primary": 0.7894909013624891}}, "TTC|TTT": {"individual": [], "joint": {"secondary": 0.7647835821326693, "primary": 1.02226989851785}}, "model_mixture_p": 0.4000089194568365}