{"baseline-AICc": {"individual": [], "joint": 355972.9051513089}, "baseline-loglikelihood": {"individual": [], "joint": -173794.7729836612}, "joint-AICc": {"individual": [], "joint": 356164.2788360024}, "joint-loglikelihood": {"individual": [], "joint": -172964.9465257816}, "AAA|AAG": {"individual": [], "joint": {"secondary": 0.9325153260362444, "primary": 0.8659439917163191}}, "AAC|AAT": {"individual": [], "joint": {"secondary": 0.9469011709737107, "primary": 0.7394825127689088}}, "ACA|ACC": {"individual": [], "joint": {"secondary": 1.214795828090656, "primary": 0.8005540200510531}}, "ACA|ACG": {"individual": [], "joint": {"secondary": 0.9613079377206115, "primary": 0.8128997357215145}}, "ACA|ACT": {"individual": [], "joint": {"secondary": 0.9382700392553411, "primary": 0.7511414806319013}}, "ACC|ACG": {"individual": [], "joint": {"secondary": 0.8933577199170466, "primary": 0.7403215457180902}}, "ACC|ACT": {"individual": [], "joint": {"secondary": 1.236930950894609, "primary": 0.6151662614576626}}, "ACG|ACT": {"individual": [], "joint": {"secondary": 1.021921371291691, "primary": 0.7434325950635712}}, "AGA|AGG": {"individual": [], "joint": {"secondary": 0.9543949927373048, "primary": 0.8034101565857489}}, "AGA|CGA": {"individual": [], "joint": {"secondary": 1.022841023981206, "primary": 0.6746405186454217}}, "AGC|AGT": {"individual": [], "joint": {"secondary": 1.116380739510185, "primary": 0.732692088538779}}, "AGG|CGG": {"individual": [], "joint": {"secondary": 1.078249619062743, "primary": 0.7359045304657693}}, "ATA|ATC": {"individual": [], "joint": {"secondary": 0.8626258608822414, "primary": 0.772380540077181}}, "ATA|ATT": {"individual": [], "joint": {"secondary": 1.081499404103512, "primary": 0.6498537362137872}}, "ATC|ATT": {"individual": [], "joint": {"secondary": 0.9824446753752972, "primary": 0.681078857538007}}, "CAA|CAG": {"individual": [], "joint": {"secondary": 0.9897125793819251, "primary": 0.7703132833036078}}, "CAC|CAT": {"individual": [], "joint": {"secondary": 0.8003765612516321, "primary": 0.6801784939124724}}, "CCA|CCC": {"individual": [], "joint": {"secondary": 0.7293437879575168, "primary": 0.8826342211021464}}, "CCA|CCG": {"individual": [], "joint": {"secondary": 1.041013701919305, "primary": 0.6974674368542558}}, "CCA|CCT": {"individual": [], "joint": {"secondary": 1.221378442121411, "primary": 0.6755096887636071}}, "CCC|CCG": {"individual": [], "joint": {"secondary": 1.014045328909878, "primary": 0.6524798569679496}}, "CCC|CCT": {"individual": [], "joint": {"secondary": 1.051063814241008, "primary": 0.7861183132829752}}, "CCG|CCT": {"individual": [], "joint": {"secondary": 0.9046272373221399, "primary": 0.6469687414611508}}, "CGA|CGC": {"individual": [], "joint": {"secondary": 1.012902899202552, "primary": 0.7546957539546003}}, "CGA|CGG": {"individual": [], "joint": {"secondary": 1.227667836523646, "primary": 0.794442387575264}}, "CGA|CGT": {"individual": [], "joint": {"secondary": 0.7263358169526832, "primary": 0.6696227974365495}}, "CGC|CGG": {"individual": [], "joint": {"secondary": 0.8987203871012518, "primary": 1.731461125822669}}, "CGC|CGT": {"individual": [], "joint": {"secondary": 1.171970544320983, "primary": 2.059757193677414}}, "CGG|CGT": {"individual": [], "joint": {"secondary": 1.019570422347079, "primary": 0.781254710149683}}, "CTA|CTC": {"individual": [], "joint": {"secondary": 0.8395886845125968, "primary": 0.6526689640030839}}, "CTA|CTG": {"individual": [], "joint": {"secondary": 1.104875979561812, "primary": 0.8136969367669746}}, "CTA|CTT": {"individual": [], "joint": {"secondary": 0.8717608174952625, "primary": 0.8816480688506126}}, "CTA|TTA": {"individual": [], "joint": {"secondary": 0.9292194044950135, "primary": 0.6799977668757818}}, "CTC|CTG": {"individual": [], "joint": {"secondary": 1.061942390395523, "primary": 0.6892059826553839}}, "CTC|CTT": {"individual": [], "joint": {"secondary": 1.050550868850732, "primary": 0.7714181764671697}}, "CTG|CTT": {"individual": [], "joint": {"secondary": 0.9412334846752296, "primary": 0.5951719653241826}}, "CTG|TTG": {"individual": [], "joint": {"secondary": 0.9324615175358255, "primary": 0.7795462824741172}}, "GAA|GAG": {"individual": [], "joint": {"secondary": 0.9545390977063833, "primary": 0.7404131267232047}}, "GAC|GAT": {"individual": [], "joint": {"secondary": 0.9372288297307876, "primary": 0.721549760703689}}, "GCA|GCC": {"individual": [], "joint": {"secondary": 0.9691688531768867, "primary": 0.6479576650536465}}, "GCA|GCG": {"individual": [], "joint": {"secondary": 0.875314278959543, "primary": 0.7916625077434027}}, "GCA|GCT": {"individual": [], "joint": {"secondary": 1.11032278777192, "primary": 0.7848665098173822}}, "GCC|GCG": {"individual": [], "joint": {"secondary": 0.9771852819609071, "primary": 0.6558927903944546}}, "GCC|GCT": {"individual": [], "joint": {"secondary": 1.007586298452889, "primary": 0.7794843282336144}}, "GCG|GCT": {"individual": [], "joint": {"secondary": 0.8744231286830959, "primary": 0.564573603141308}}, "GGA|GGC": {"individual": [], "joint": {"secondary": 0.813236570766258, "primary": 0.7898342624430421}}, "GGA|GGG": {"individual": [], "joint": {"secondary": 1.023174677721228, "primary": 0.805993902849012}}, "GGA|GGT": {"individual": [], "joint": {"secondary": 0.9428942414040438, "primary": 0.4751157137360938}}, "GGC|GGG": {"individual": [], "joint": {"secondary": 1.128338066062001, "primary": 0.7132987071227243}}, "GGC|GGT": {"individual": [], "joint": {"secondary": 0.770519538261975, "primary": 1.903798838300895}}, "GGG|GGT": {"individual": [], "joint": {"secondary": 1.021060027743795, "primary": 1.850255431193181}}, "GTA|GTC": {"individual": [], "joint": {"secondary": 1.140304457290607, "primary": 1.79367144505645}}, "GTA|GTG": {"individual": [], "joint": {"secondary": 0.9850919828411685, "primary": 1.912998989005984}}, "GTA|GTT": {"individual": [], "joint": {"secondary": 0.8212321877908182, "primary": 1.595527510659953}}, "GTC|GTG": {"individual": [], "joint": {"secondary": 0.8975854067036408, "primary": 1.805156301798754}}, "GTC|GTT": {"individual": [], "joint": {"secondary": 1.05328596756527, "primary": 2.085272284192488}}, "GTG|GTT": {"individual": [], "joint": {"secondary": 1.190204856978017, "primary": 0.8146403295816996}}, "TAC|TAT": {"individual": [], "joint": {"secondary": 0.9170120770572722, "primary": 0.7754419020607674}}, "TCA|TCC": {"individual": [], "joint": {"secondary": 1.200802923761649, "primary": 1.911276844650768}}, "TCA|TCG": {"individual": [], "joint": {"secondary": 1.05444619394176, "primary": 1.967206989748088}}, "TCA|TCT": {"individual": [], "joint": {"secondary": 1.178021257541422, "primary": 1.776765067829667}}, "TCC|TCG": {"individual": [], "joint": {"secondary": 1.029604615832357, "primary": 1.585746215254323}}, "TCC|TCT": {"individual": [], "joint": {"secondary": 1.240672040274613, "primary": 1.668995896070573}}, "TCG|TCT": {"individual": [], "joint": {"secondary": 0.952649843872349, "primary": 1.994406359072902}}, "TGC|TGT": {"individual": [], "joint": {"secondary": 1.120765993789353, "primary": 1.931296170325363}}, "TTA|TTG": {"individual": [], "joint": {"secondary": 1.048574986295702, "primary": 0.8379484218802131}}, "TTC|TTT": {"individual": [], "joint": {"secondary": 0.9799543631548852, "primary": 0.7537914064809929}}, "model_mixture_p": 0.500000109523736}