{"baseline-AICc": {"individual": [], "joint": 352597.8034231154}, "baseline-loglikelihood": {"individual": [], "joint": -172962.2007098785}, "joint-AICc": {"individual": [], "joint": 351765.9906444009}, "joint-loglikelihood": {"individual": [], "joint": -171646.5767289971}, "AAA|AAG": {"individual": [], "joint": {"secondary": 0.51730564188038, "primary": 0.7049712132723743}}, "AAC|AAT": {"individual": [], "joint": {"secondary": 0.7744553881191907, "primary": 0.7212850072018039}}, "ACA|ACC": {"individual": [], "joint": {"secondary": 0.8422541056303493, "primary": 0.8539842350909415}}, "ACA|ACG": {"individual": [], "joint": {"secondary": 0.8473075913069819, "primary": 0.7699380558539659}}, "ACA|ACT": {"individual": [], "joint": {"secondary": 0.611731916739845, "primary": 0.6306886345631051}}, "ACC|ACG": {"individual": [], "joint": {"secondary": 0.6501843508672399, "primary": 0.5556824674187697}}, "ACC|ACT": {"individual": [], "joint": {"secondary": 0.8491362307903105, "primary": 0.7094933998938285}}, "ACG|ACT": {"individual": [], "joint": {"secondary": 0.5036607598837542, "primary": 0.5921257751652595}}, "AGA|AGG": {"individual": [], "joint": {"secondary": 0.7030988334935847, "primary": 0.8266238030927339}}, "AGA|CGA": {"individual": [], "joint": {"secondary": 0.6402189694575451, "primary": 0.9204303691020406}}, "AGC|AGT": {"individual": [], "joint": {"secondary": 0.6588637896814932, "primary": 0.781961101818948}}, "AGG|CGG": {"individual": [], "joint": {"secondary": 0.6413853964025625, "primary": 0.7710022105107389}}, "ATA|ATC": {"individual": [], "joint": {"secondary": 0.9674578467724625, "primary": 0.7417780239576258}}, "ATA|ATT": {"individual": [], "joint": {"secondary": 0.7710705492737951, "primary": 0.6928200543166115}}, "ATC|ATT": {"individual": [], "joint": {"secondary": 0.7496208085445857, "primary": 0.6501603569518373}}, "CAA|CAG": {"individual": [], "joint": {"secondary": 0.8490476030889028, "primary": 0.7760957035996647}}, "CAC|CAT": {"individual": [], "joint": {"secondary": 0.8444803487570163, "primary": 0.8165510209633582}}, "CCA|CCC": {"individual": [], "joint": {"secondary": 0.6608865308200804, "primary": 0.6198989258638218}}, "CCA|CCG": {"individual": [], "joint": {"secondary": 1.073620880056794, "primary": 0.8055699183107807}}, "CCA|CCT": {"individual": [], "joint": {"secondary": 0.6221010924431707, "primary": 0.850426649358095}}, "CCC|CCG": {"individual": [], "joint": {"secondary": 0.5927501250760078, "primary": 0.6740390368508846}}, "CCC|CCT": {"individual": [], "joint": {"secondary": 0.7182285650220277, "primary": 0.8065733969917533}}, "CCG|CCT": {"individual": [], "joint": {"secondary": 0.7548398181028648, "primary": 0.6742791662555832}}, "CGA|CGC": {"individual": [], "joint": {"secondary": 0.8097730324551458, "primary": 0.7802233545920965}}, "CGA|CGG": {"individual": [], "joint": {"secondary": 0.8739113268463229, "primary": 0.8725114651856132}}, "CGA|CGT": {"individual": [], "joint": {"secondary": 0.6477718340088948, "primary": 0.8613342654720454}}, "CGC|CGG": {"individual": [], "joint": {"secondary": 1.46641204365272, "primary": 1.675554507521949}}, "CGC|CGT": {"individual": [], "joint": {"secondary": 1.689987734968184, "primary": 1.807038463726754}}, "CGG|CGT": {"individual": [], "joint": {"secondary": 1.010466282110967, "primary": 0.6459913680931693}}, "CTA|CTC": {"individual": [], "joint": {"secondary": 0.9097581642144666, "primary": 0.769817848709082}}, "CTA|CTG": {"individual": [], "joint": {"secondary": 0.9296605704580516, "primary": 0.8200178578117965}}, "CTA|CTT": {"individual": [], "joint": {"secondary": 1.486028254099425, "primary": 0.7690809721259921}}, "CTA|TTA": {"individual": [], "joint": {"secondary": 0.305359116046175, "primary": 0.8867436783612331}}, "CTC|CTG": {"individual": [], "joint": {"secondary": 0.671527500283903, "primary": 0.6740304972863062}}, "CTC|CTT": {"individual": [], "joint": {"secondary": 0.4401193736305395, "primary": 0.6701114605583807}}, "CTG|CTT": {"individual": [], "joint": {"secondary": 0.7376632170513515, "primary": 0.6485012802101459}}, "CTG|TTG": {"individual": [], "joint": {"secondary": 0.7423428117754676, "primary": 0.806774904504281}}, "GAA|GAG": {"individual": [], "joint": {"secondary": 0.6198827806700027, "primary": 0.7512034426999652}}, "GAC|GAT": {"individual": [], "joint": {"secondary": 0.7804299417484359, "primary": 0.6847201952211935}}, "GCA|GCC": {"individual": [], "joint": {"secondary": 0.6494097834483185, "primary": 0.8038422345152616}}, "GCA|GCG": {"individual": [], "joint": {"secondary": 0.5988248316984427, "primary": 0.8294542147802273}}, "GCA|GCT": {"individual": [], "joint": {"secondary": 0.818072438795265, "primary": 0.8602250165617785}}, "GCC|GCG": {"individual": [], "joint": {"secondary": 0.7220366640691618, "primary": 0.7651314758325657}}, "GCC|GCT": {"individual": [], "joint": {"secondary": 0.6071298785036919, "primary": 0.6700682843831158}}, "GCG|GCT": {"individual": [], "joint": {"secondary": 0.8294876228379097, "primary": 0.6094851528113062}}, "GGA|GGC": {"individual": [], "joint": {"secondary": 0.8917403216049665, "primary": 0.7529993027582838}}, "GGA|GGG": {"individual": [], "joint": {"secondary": 0.8179943070217495, "primary": 0.8932530529969266}}, "GGA|GGT": {"individual": [], "joint": {"secondary": 0.9765686271446412, "primary": 0.6244838906490456}}, "GGC|GGG": {"individual": [], "joint": {"secondary": 0.6739214519304241, "primary": 0.614515207878706}}, "GGC|GGT": {"individual": [], "joint": {"secondary": 1.88101337840136, "primary": 1.752122406668148}}, "GGG|GGT": {"individual": [], "joint": {"secondary": 1.594292626590223, "primary": 2.085439251668837}}, "GTA|GTC": {"individual": [], "joint": {"secondary": 1.743808142566983, "primary": 1.860662118511049}}, "GTA|GTG": {"individual": [], "joint": {"secondary": 1.732716105266935, "primary": 1.925127296527264}}, "GTA|GTT": {"individual": [], "joint": {"secondary": 1.840050431291187, "primary": 1.48450001595953}}, "GTC|GTG": {"individual": [], "joint": {"secondary": 1.739611984100822, "primary": 1.755663897058522}}, "GTC|GTT": {"individual": [], "joint": {"secondary": 1.846911763003601, "primary": 2.027758678089024}}, "GTG|GTT": {"individual": [], "joint": {"secondary": 0.7388629739414719, "primary": 0.7818505671509606}}, "TAC|TAT": {"individual": [], "joint": {"secondary": 0.6571917321076919, "primary": 0.8007320269003837}}, "TCA|TCC": {"individual": [], "joint": {"secondary": 1.226830583636542, "primary": 1.693210093610162}}, "TCA|TCG": {"individual": [], "joint": {"secondary": 1.767508547404134, "primary": 1.849388185726654}}, "TCA|TCT": {"individual": [], "joint": {"secondary": 1.59973956632551, "primary": 1.66735494168182}}, "TCC|TCG": {"individual": [], "joint": {"secondary": 1.939849977080399, "primary": 1.756917175616932}}, "TCC|TCT": {"individual": [], "joint": {"secondary": 1.868482867085614, "primary": 2.059115503478441}}, "TCG|TCT": {"individual": [], "joint": {"secondary": 1.796467027762056, "primary": 1.615797978555859}}, "TGC|TGT": {"individual": [], "joint": {"secondary": 2.626233421615824, "primary": 1.964500662897606}}, "TTA|TTG": {"individual": [], "joint": {"secondary": 0.7703987417037322, "primary": 0.7674241115523978}}, "TTC|TTT": {"individual": [], "joint": {"secondary": 1.080043076830357, "primary": 0.6589431666946627}}, "model_mixture_p": 0.8125439470071214}