{"baseline-AICc": {"individual": [], "joint": 373247.4010678182}, "baseline-loglikelihood": {"individual": [], "joint": -182422.9835864532}, "joint-AICc": {"individual": [], "joint": 373164.8138451587}, "joint-loglikelihood": {"individual": [], "joint": -181452.8581251153}, "AAA|AAG": {"individual": [], "joint": {"secondary": 0.8105609496383266, "primary": 0.7853706684727676}}, "AAC|AAT": {"individual": [], "joint": {"secondary": 0.7478490323864544, "primary": 0.9589851427555114}}, "ACA|ACC": {"individual": [], "joint": {"secondary": 0.6466758344036867, "primary": 1.077117910139139}}, "ACA|ACG": {"individual": [], "joint": {"secondary": 0.786781981644256, "primary": 1.106051516100814}}, "ACA|ACT": {"individual": [], "joint": {"secondary": 0.6648569297896603, "primary": 0.818967007998478}}, "ACC|ACG": {"individual": [], "joint": {"secondary": 0.669318190879207, "primary": 1.071440704059445}}, "ACC|ACT": {"individual": [], "joint": {"secondary": 0.6678389585011377, "primary": 1.054501168137247}}, "ACG|ACT": {"individual": [], "joint": {"secondary": 0.5761597881065833, "primary": 1.061555030023348}}, "AGA|AGG": {"individual": [], "joint": {"secondary": 0.7519547514128347, "primary": 1.424147264983447}}, "AGA|CGA": {"individual": [], "joint": {"secondary": 0.6393212799475058, "primary": 0.9951934204347812}}, "AGC|AGT": {"individual": [], "joint": {"secondary": 0.6132324856681501, "primary": 1.096770733835002}}, "AGG|CGG": {"individual": [], "joint": {"secondary": 0.8821546573509829, "primary": 0.910322894949088}}, "ATA|ATC": {"individual": [], "joint": {"secondary": 0.8153107169421264, "primary": 0.9651775427744318}}, "ATA|ATT": {"individual": [], "joint": {"secondary": 0.5839693984700051, "primary": 0.9527931420967994}}, "ATC|ATT": {"individual": [], "joint": {"secondary": 0.8011224585156114, "primary": 0.914566065833073}}, "CAA|CAG": {"individual": [], "joint": {"secondary": 0.7542566776141673, "primary": 0.9961333386293013}}, "CAC|CAT": {"individual": [], "joint": {"secondary": 0.7371845783728408, "primary": 1.127098806874208}}, "CCA|CCC": {"individual": [], "joint": {"secondary": 0.7065875277451942, "primary": 0.9651244248290399}}, "CCA|CCG": {"individual": [], "joint": {"secondary": 0.7951447353267952, "primary": 1.106739616123032}}, "CCA|CCT": {"individual": [], "joint": {"secondary": 0.760767094461892, "primary": 0.5847453082219597}}, "CCC|CCG": {"individual": [], "joint": {"secondary": 0.6529251288240732, "primary": 1.118382616746789}}, "CCC|CCT": {"individual": [], "joint": {"secondary": 0.7217609966707176, "primary": 0.8695228004491949}}, "CCG|CCT": {"individual": [], "joint": {"secondary": 0.5324250185276014, "primary": 1.13509407765476}}, "CGA|CGC": {"individual": [], "joint": {"secondary": 1.037278308063035, "primary": 0.6929875004752449}}, "CGA|CGG": {"individual": [], "joint": {"secondary": 0.7576104022982026, "primary": 1.072471375225803}}, "CGA|CGT": {"individual": [], "joint": {"secondary": 0.7242048922175447, "primary": 0.7288045560808322}}, "CGC|CGG": {"individual": [], "joint": {"secondary": 1.653803864437527, "primary": 1.028366906638693}}, "CGC|CGT": {"individual": [], "joint": {"secondary": 2.437127442333479, "primary": 1.168177293126964}}, "CGG|CGT": {"individual": [], "joint": {"secondary": 0.5155705750474066, "primary": 0.6669617551601168}}, "CTA|CTC": {"individual": [], "joint": {"secondary": 0.6599943173615418, "primary": 0.8085687804959392}}, "CTA|CTG": {"individual": [], "joint": {"secondary": 0.7345473972302914, "primary": 0.9047496887437511}}, "CTA|CTT": {"individual": [], "joint": {"secondary": 0.6847108588781161, "primary": 1.102987551764153}}, "CTA|TTA": {"individual": [], "joint": {"secondary": 0.8054107487802493, "primary": 0.8858597227279619}}, "CTC|CTG": {"individual": [], "joint": {"secondary": 0.6180886746966567, "primary": 0.9830991316044503}}, "CTC|CTT": {"individual": [], "joint": {"secondary": 0.7285493442940768, "primary": 0.8908582020525642}}, "CTG|CTT": {"individual": [], "joint": {"secondary": 0.7978328406542748, "primary": 1.147448548976619}}, "CTG|TTG": {"individual": [], "joint": {"secondary": 0.7127134911754076, "primary": 1.109329045429912}}, "GAA|GAG": {"individual": [], "joint": {"secondary": 0.8263048644490572, "primary": 0.9892764239848229}}, "GAC|GAT": {"individual": [], "joint": {"secondary": 0.8220352768190854, "primary": 1.024850484344471}}, "GCA|GCC": {"individual": [], "joint": {"secondary": 0.6971257404978253, "primary": 1.468646391281795}}, "GCA|GCG": {"individual": [], "joint": {"secondary": 0.7789188250998984, "primary": 0.8231306912123125}}, "GCA|GCT": {"individual": [], "joint": {"secondary": 0.7747797776883513, "primary": 0.7096283248316153}}, "GCC|GCG": {"individual": [], "joint": {"secondary": 0.732616415838842, "primary": 0.8847550650999954}}, "GCC|GCT": {"individual": [], "joint": {"secondary": 0.7096879291283249, "primary": 0.9676443969503392}}, "GCG|GCT": {"individual": [], "joint": {"secondary": 0.6448294142182907, "primary": 0.9094424467058968}}, "GGA|GGC": {"individual": [], "joint": {"secondary": 0.7291627774734456, "primary": 1.011118082959986}}, "GGA|GGG": {"individual": [], "joint": {"secondary": 0.8341924848065922, "primary": 1.085403526990015}}, "GGA|GGT": {"individual": [], "joint": {"secondary": 1.055810683915087, "primary": 1.008662077861999}}, "GGC|GGG": {"individual": [], "joint": {"secondary": 0.7620306647070315, "primary": 0.9939739717598728}}, "GGC|GGT": {"individual": [], "joint": {"secondary": 1.768381533683853, "primary": 0.9480599262016663}}, "GGG|GGT": {"individual": [], "joint": {"secondary": 1.796378759839906, "primary": 1.269330468770598}}, "GTA|GTC": {"individual": [], "joint": {"secondary": 1.915792752927454, "primary": 1.088956827346446}}, "GTA|GTG": {"individual": [], "joint": {"secondary": 1.88425994904339, "primary": 1.216113233700533}}, "GTA|GTT": {"individual": [], "joint": {"secondary": 1.904179371799024, "primary": 1.252988380559809}}, "GTC|GTG": {"individual": [], "joint": {"secondary": 1.619703584417762, "primary": 0.9697388329112645}}, "GTC|GTT": {"individual": [], "joint": {"secondary": 1.825707933601282, "primary": 1.019821310246948}}, "GTG|GTT": {"individual": [], "joint": {"secondary": 0.7735256017557658, "primary": 1.048766461823518}}, "TAC|TAT": {"individual": [], "joint": {"secondary": 0.7793741503724405, "primary": 1.039311366982773}}, "TCA|TCC": {"individual": [], "joint": {"secondary": 1.543258105427622, "primary": 0.9222887996353097}}, "TCA|TCG": {"individual": [], "joint": {"secondary": 2.40470093628748, "primary": 1.044097433467502}}, "TCA|TCT": {"individual": [], "joint": {"secondary": 1.45666882474842, "primary": 0.8604840567640228}}, "TCC|TCG": {"individual": [], "joint": {"secondary": 1.74310877337293, "primary": 1.184573944178499}}, "TCC|TCT": {"individual": [], "joint": {"secondary": 1.75270783248251, "primary": 1.084046711864519}}, "TCG|TCT": {"individual": [], "joint": {"secondary": 1.919402994019671, "primary": 0.9261816044230791}}, "TGC|TGT": {"individual": [], "joint": {"secondary": 1.872013537220679, "primary": 0.9867284296555199}}, "TTA|TTG": {"individual": [], "joint": {"secondary": 0.8560046491078813, "primary": 0.9526862897054202}}, "TTC|TTT": {"individual": [], "joint": {"secondary": 0.6317335265824646, "primary": 1.022822777154768}}, "model_mixture_p": 0.4000130528460155}