{"baseline-AICc": {"individual": [], "joint": 312295.1482897681}, "baseline-loglikelihood": {"individual": [], "joint": -151990.6383824981}, "joint-AICc": {"individual": [], "joint": 313225.4639374957}, "joint-loglikelihood": {"individual": [], "joint": -151539.2598718386}, "AAA|AAG": {"individual": [], "joint": {"secondary": 0.9031331436727678, "primary": 0.7512824543649711}}, "AAC|AAT": {"individual": [], "joint": {"secondary": 1.03182407044691, "primary": 0.8322214410872796}}, "ACA|ACC": {"individual": [], "joint": {"secondary": 0.9949008507674887, "primary": 0.8943889630180749}}, "ACA|ACG": {"individual": [], "joint": {"secondary": 1.074840244544083, "primary": 0.9321456093057824}}, "ACA|ACT": {"individual": [], "joint": {"secondary": 0.6807207303206713, "primary": 0.852323246815092}}, "ACC|ACG": {"individual": [], "joint": {"secondary": 0.9224189931930359, "primary": 0.824804338452799}}, "ACC|ACT": {"individual": [], "joint": {"secondary": 1.190130187843653, "primary": 0.6332830138230292}}, "ACG|ACT": {"individual": [], "joint": {"secondary": 1.133211075232762, "primary": 0.4191678645108234}}, "AGA|AGG": {"individual": [], "joint": {"secondary": 1.207522911326352, "primary": 0.7604844103526497}}, "AGA|CGA": {"individual": [], "joint": {"secondary": 0.6510895648452998, "primary": 0.7868471483097668}}, "AGC|AGT": {"individual": [], "joint": {"secondary": 1.003900966416639, "primary": 0.637490867930465}}, "AGG|CGG": {"individual": [], "joint": {"secondary": 1.095586169549872, "primary": 0.5928797971226132}}, "ATA|ATC": {"individual": [], "joint": {"secondary": 1.123246051463333, "primary": 0.8547659307723378}}, "ATA|ATT": {"individual": [], "joint": {"secondary": 0.8785571387763172, "primary": 0.5021283052529624}}, "ATC|ATT": {"individual": [], "joint": {"secondary": 0.9785936744628138, "primary": 0.6859941891375255}}, "CAA|CAG": {"individual": [], "joint": {"secondary": 1.005702920932417, "primary": 0.8000611616664278}}, "CAC|CAT": {"individual": [], "joint": {"secondary": 0.9722558659742397, "primary": 0.7487824583498919}}, "CCA|CCC": {"individual": [], "joint": {"secondary": 1.08662560256963, "primary": 1.06105587188631}}, "CCA|CCG": {"individual": [], "joint": {"secondary": 1.02732969078046, "primary": 0.9688900774577558}}, "CCA|CCT": {"individual": [], "joint": {"secondary": 1.216995838108948, "primary": 0.6965342712615146}}, "CCC|CCG": {"individual": [], "joint": {"secondary": 0.882643605165788, "primary": 0.5854375874324984}}, "CCC|CCT": {"individual": [], "joint": {"secondary": 0.8735242232742236, "primary": 0.8095935959754805}}, "CCG|CCT": {"individual": [], "joint": {"secondary": 1.093050941886659, "primary": 0.7126106611731299}}, "CGA|CGC": {"individual": [], "joint": {"secondary": 0.860341751838783, "primary": 0.5999177268568651}}, "CGA|CGG": {"individual": [], "joint": {"secondary": 0.8672775622357445, "primary": 0.6855486681187878}}, "CGA|CGT": {"individual": [], "joint": {"secondary": 1.083826067056916, "primary": 0.8816198320877411}}, "CGC|CGG": {"individual": [], "joint": {"secondary": 0.988971017487639, "primary": 1.531600033447898}}, "CGC|CGT": {"individual": [], "joint": {"secondary": 0.9238923342327178, "primary": 1.634468505213847}}, "CGG|CGT": {"individual": [], "joint": {"secondary": 1.033117931620841, "primary": 0.6916624296697058}}, "CTA|CTC": {"individual": [], "joint": {"secondary": 1.146424047830409, "primary": 0.6788842050345444}}, "CTA|CTG": {"individual": [], "joint": {"secondary": 1.226445679468281, "primary": 0.8686962910459142}}, "CTA|CTT": {"individual": [], "joint": {"secondary": 0.5068205819669466, "primary": 0.8225541143121781}}, "CTA|TTA": {"individual": [], "joint": {"secondary": 1.108567814680678, "primary": 0.6982839336110196}}, "CTC|CTG": {"individual": [], "joint": {"secondary": 0.993601471344139, "primary": 0.6899729976548667}}, "CTC|CTT": {"individual": [], "joint": {"secondary": 0.9358967766655695, "primary": 0.7874835436163111}}, "CTG|CTT": {"individual": [], "joint": {"secondary": 1.076123111077897, "primary": 0.4263061969106219}}, "CTG|TTG": {"individual": [], "joint": {"secondary": 0.9663456771527182, "primary": 0.823715792742685}}, "GAA|GAG": {"individual": [], "joint": {"secondary": 0.9673342783966831, "primary": 0.7718909227860709}}, "GAC|GAT": {"individual": [], "joint": {"secondary": 0.9646613449275936, "primary": 0.7192280092901047}}, "GCA|GCC": {"individual": [], "joint": {"secondary": 1.044863660945547, "primary": 0.749479289222787}}, "GCA|GCG": {"individual": [], "joint": {"secondary": 1.113978290370373, "primary": 0.694501639096089}}, "GCA|GCT": {"individual": [], "joint": {"secondary": 0.9904298889222797, "primary": 0.8246508499860873}}, "GCC|GCG": {"individual": [], "joint": {"secondary": 0.9326055776593347, "primary": 0.6772583670480835}}, "GCC|GCT": {"individual": [], "joint": {"secondary": 1.017838503084135, "primary": 0.7982229820914073}}, "GCG|GCT": {"individual": [], "joint": {"secondary": 0.9359625334789493, "primary": 0.63656938578016}}, "GGA|GGC": {"individual": [], "joint": {"secondary": 1.060008894610473, "primary": 0.7611659095536206}}, "GGA|GGG": {"individual": [], "joint": {"secondary": 0.9929892499619872, "primary": 0.7891894847285816}}, "GGA|GGT": {"individual": [], "joint": {"secondary": 1.311677804418823, "primary": 0.6575038029423292}}, "GGC|GGG": {"individual": [], "joint": {"secondary": 1.001023670871787, "primary": 0.7198932348057197}}, "GGC|GGT": {"individual": [], "joint": {"secondary": 0.9600429605386291, "primary": 1.830992737608447}}, "GGG|GGT": {"individual": [], "joint": {"secondary": 0.9062593634879772, "primary": 1.649988060809654}}, "GTA|GTC": {"individual": [], "joint": {"secondary": 1.069922377782575, "primary": 1.895665043815462}}, "GTA|GTG": {"individual": [], "joint": {"secondary": 0.9711437738457694, "primary": 1.999444189168625}}, "GTA|GTT": {"individual": [], "joint": {"secondary": 0.4555525124583363, "primary": 1.769065993005866}}, "GTC|GTG": {"individual": [], "joint": {"secondary": 1.035392771112202, "primary": 1.860723017139343}}, "GTC|GTT": {"individual": [], "joint": {"secondary": 1.086863062028014, "primary": 2.1206217388608}}, "GTG|GTT": {"individual": [], "joint": {"secondary": 1.014918796433989, "primary": 0.8822816157600277}}, "TAC|TAT": {"individual": [], "joint": {"secondary": 1.061401555961179, "primary": 0.878656691509087}}, "TCA|TCC": {"individual": [], "joint": {"secondary": 0.9638537415049553, "primary": 1.633271812135662}}, "TCA|TCG": {"individual": [], "joint": {"secondary": 1.199810868058191, "primary": 2.080867162612332}}, "TCA|TCT": {"individual": [], "joint": {"secondary": 1.127010562450467, "primary": 1.457360126211212}}, "TCC|TCG": {"individual": [], "joint": {"secondary": 1.184888561391475, "primary": 1.777733158562963}}, "TCC|TCT": {"individual": [], "joint": {"secondary": 0.9495461319929751, "primary": 1.889502522455722}}, "TCG|TCT": {"individual": [], "joint": {"secondary": 0.8721007420289155, "primary": 2.469568457145154}}, "TGC|TGT": {"individual": [], "joint": {"secondary": 1.103294247372144, "primary": 1.52379235990851}}, "TTA|TTG": {"individual": [], "joint": {"secondary": 0.9059462193654486, "primary": 0.7042795919444991}}, "TTC|TTT": {"individual": [], "joint": {"secondary": 1.053221768325127, "primary": 0.612744308233428}}, "model_mixture_p": 0.249881368263525}