{"baseline-AICc": {"individual": [], "joint": 439538.702464384}, "baseline-loglikelihood": {"individual": [], "joint": -215520.374737133}, "joint-AICc": {"individual": [], "joint": 438964.4812584473}, "joint-loglikelihood": {"individual": [], "joint": -214292.4193388302}, "AAA|AAG": {"individual": [], "joint": {"secondary": 0.794792627853201, "primary": 0.8012985067858659}}, "AAC|AAT": {"individual": [], "joint": {"secondary": 0.6716533276101034, "primary": 0.874779248111934}}, "ACA|ACC": {"individual": [], "joint": {"secondary": 0.8210004458313986, "primary": 0.8657286841378548}}, "ACA|ACG": {"individual": [], "joint": {"secondary": 0.7415809438413787, "primary": 0.8651294067503577}}, "ACA|ACT": {"individual": [], "joint": {"secondary": 0.8122490872567997, "primary": 0.8006282054300585}}, "ACC|ACG": {"individual": [], "joint": {"secondary": 0.666592099310802, "primary": 0.9520890068052027}}, "ACC|ACT": {"individual": [], "joint": {"secondary": 0.7508480508595105, "primary": 1.019625861115993}}, "ACG|ACT": {"individual": [], "joint": {"secondary": 0.7223324423333268, "primary": 0.8724747649640645}}, "AGA|AGG": {"individual": [], "joint": {"secondary": 0.7307836562551177, "primary": 0.7741083946777716}}, "AGA|CGA": {"individual": [], "joint": {"secondary": 0.5936229188258728, "primary": 0.6704783246460493}}, "AGC|AGT": {"individual": [], "joint": {"secondary": 0.7553401247213357, "primary": 1.048171154532165}}, "AGG|CGG": {"individual": [], "joint": {"secondary": 0.7802087090722896, "primary": 0.9141129022603109}}, "ATA|ATC": {"individual": [], "joint": {"secondary": 0.7822466179094952, "primary": 1.064211314981488}}, "ATA|ATT": {"individual": [], "joint": {"secondary": 0.6263745759289236, "primary": 1.025898288001002}}, "ATC|ATT": {"individual": [], "joint": {"secondary": 0.7919929412442569, "primary": 0.9233970070248319}}, "CAA|CAG": {"individual": [], "joint": {"secondary": 0.835778445430875, "primary": 0.8268648085975947}}, "CAC|CAT": {"individual": [], "joint": {"secondary": 0.7260390292879042, "primary": 0.9119729893473124}}, "CCA|CCC": {"individual": [], "joint": {"secondary": 0.6755246322917193, "primary": 0.8646684120943019}}, "CCA|CCG": {"individual": [], "joint": {"secondary": 0.7693929990488848, "primary": 0.8527760494233214}}, "CCA|CCT": {"individual": [], "joint": {"secondary": 0.6677927566844882, "primary": 0.5887474168663631}}, "CCC|CCG": {"individual": [], "joint": {"secondary": 0.6912641148033694, "primary": 0.781720478277215}}, "CCC|CCT": {"individual": [], "joint": {"secondary": 0.873232213379468, "primary": 0.9213228124426437}}, "CCG|CCT": {"individual": [], "joint": {"secondary": 0.6053253997116672, "primary": 1.120210320781644}}, "CGA|CGC": {"individual": [], "joint": {"secondary": 0.8287225251992755, "primary": 0.7038568489908983}}, "CGA|CGG": {"individual": [], "joint": {"secondary": 0.7530277406254581, "primary": 0.9110948943866929}}, "CGA|CGT": {"individual": [], "joint": {"secondary": 0.5838324027159555, "primary": 0.9005587795029079}}, "CGC|CGG": {"individual": [], "joint": {"secondary": 1.670606555429751, "primary": 2.054904734446909}}, "CGC|CGT": {"individual": [], "joint": {"secondary": 1.775327002668426, "primary": 2.358398814453961}}, "CGG|CGT": {"individual": [], "joint": {"secondary": 0.7412404019766454, "primary": 0.7105806895509442}}, "CTA|CTC": {"individual": [], "joint": {"secondary": 0.7827430350561367, "primary": 1.033677050623728}}, "CTA|CTG": {"individual": [], "joint": {"secondary": 0.8128573918008337, "primary": 0.8394579167849879}}, "CTA|CTT": {"individual": [], "joint": {"secondary": 0.6057276935256705, "primary": 0.8189717416763919}}, "CTA|TTA": {"individual": [], "joint": {"secondary": 0.6567516983902798, "primary": 0.6927543220682952}}, "CTC|CTG": {"individual": [], "joint": {"secondary": 0.7165904501636137, "primary": 0.9390400425554527}}, "CTC|CTT": {"individual": [], "joint": {"secondary": 0.7773842563674576, "primary": 1.005701434748207}}, "CTG|CTT": {"individual": [], "joint": {"secondary": 0.7455020194113458, "primary": 0.8538006477458245}}, "CTG|TTG": {"individual": [], "joint": {"secondary": 0.6682924645164163, "primary": 0.9457479381906667}}, "GAA|GAG": {"individual": [], "joint": {"secondary": 0.7737685172955506, "primary": 0.9381711083084656}}, "GAC|GAT": {"individual": [], "joint": {"secondary": 0.7695381951214265, "primary": 0.8300555317927499}}, "GCA|GCC": {"individual": [], "joint": {"secondary": 0.6698078277933138, "primary": 0.6966215004323048}}, "GCA|GCG": {"individual": [], "joint": {"secondary": 0.7631178250996199, "primary": 0.7582782231727918}}, "GCA|GCT": {"individual": [], "joint": {"secondary": 0.8012706162343138, "primary": 1.033808911444922}}, "GCC|GCG": {"individual": [], "joint": {"secondary": 0.6891270514616676, "primary": 0.869640510021605}}, "GCC|GCT": {"individual": [], "joint": {"secondary": 0.8068535616624427, "primary": 1.030365917826428}}, "GCG|GCT": {"individual": [], "joint": {"secondary": 0.6901982315678534, "primary": 0.9177837275171554}}, "GGA|GGC": {"individual": [], "joint": {"secondary": 0.6195696603114171, "primary": 0.8475199278707419}}, "GGA|GGG": {"individual": [], "joint": {"secondary": 0.7861769715472008, "primary": 0.8291104750901281}}, "GGA|GGT": {"individual": [], "joint": {"secondary": 0.8883635360034453, "primary": 0.7654342741610235}}, "GGC|GGG": {"individual": [], "joint": {"secondary": 0.7218998637860569, "primary": 0.8453463371897979}}, "GGC|GGT": {"individual": [], "joint": {"secondary": 1.959955983602393, "primary": 0.8276588600632165}}, "GGG|GGT": {"individual": [], "joint": {"secondary": 2.120868571566356, "primary": 2.283692239655703}}, "GTA|GTC": {"individual": [], "joint": {"secondary": 1.788540136771199, "primary": 0.9950652853762829}}, "GTA|GTG": {"individual": [], "joint": {"secondary": 1.9967030039066, "primary": 2.168932719390015}}, "GTA|GTT": {"individual": [], "joint": {"secondary": 1.880269799472901, "primary": 1.101203905748875}}, "GTC|GTG": {"individual": [], "joint": {"secondary": 1.673450461325628, "primary": 0.8769324808428426}}, "GTC|GTT": {"individual": [], "joint": {"secondary": 1.935000428667087, "primary": 0.9054172255895896}}, "GTG|GTT": {"individual": [], "joint": {"secondary": 0.6034053588678094, "primary": 0.6673228753831646}}, "TAC|TAT": {"individual": [], "joint": {"secondary": 0.7994692445267346, "primary": 0.73837243618701}}, "TCA|TCC": {"individual": [], "joint": {"secondary": 1.742363573494556, "primary": 2.224610447273536}}, "TCA|TCG": {"individual": [], "joint": {"secondary": 2.050255869339713, "primary": 2.284448578023285}}, "TCA|TCT": {"individual": [], "joint": {"secondary": 1.83588658217137, "primary": 0.4164420711012136}}, "TCC|TCG": {"individual": [], "joint": {"secondary": 1.80438766962093, "primary": 0.8790919912176881}}, "TCC|TCT": {"individual": [], "joint": {"secondary": 1.757055950591613, "primary": 1.007982340234877}}, "TCG|TCT": {"individual": [], "joint": {"secondary": 1.684688312798361, "primary": 1.221960299070895}}, "TGC|TGT": {"individual": [], "joint": {"secondary": 1.939610877461249, "primary": 1.101457110609351}}, "TTA|TTG": {"individual": [], "joint": {"secondary": 0.7733499316693363, "primary": 0.8842176012842281}}, "TTC|TTT": {"individual": [], "joint": {"secondary": 0.6704725889223996, "primary": 0.9440948743388926}}, "model_mixture_p": 0.3999980642594663}