{"baseline-AICc": {"individual": [], "joint": 422478.9700258491}, "baseline-loglikelihood": {"individual": [], "joint": -207003.3036763724}, "joint-AICc": {"individual": [], "joint": 421320.7395632708}, "joint-loglikelihood": {"individual": [], "joint": -205486.1768634181}, "AAA|AAG": {"individual": [], "joint": {"secondary": 0.920678215902985, "primary": 0.7900236283594774}}, "AAC|AAT": {"individual": [], "joint": {"secondary": 0.8890149537529377, "primary": 0.7213373062337047}}, "ACA|ACC": {"individual": [], "joint": {"secondary": 1.213129121031282, "primary": 0.6869873021145144}}, "ACA|ACG": {"individual": [], "joint": {"secondary": 0.8328185569138961, "primary": 0.7599425402065325}}, "ACA|ACT": {"individual": [], "joint": {"secondary": 2.677634550318447, "primary": 0.4703686599367433}}, "ACC|ACG": {"individual": [], "joint": {"secondary": 1.201364174841185, "primary": 0.6206714473323346}}, "ACC|ACT": {"individual": [], "joint": {"secondary": 0.6658628893445305, "primary": 0.7402895212601633}}, "ACG|ACT": {"individual": [], "joint": {"secondary": 1.564753248632752, "primary": 0.7057495457174913}}, "AGA|AGG": {"individual": [], "joint": {"secondary": 1.162067620797389, "primary": 0.7741670196429328}}, "AGA|CGA": {"individual": [], "joint": {"secondary": 0.9293657798950394, "primary": 0.6705023761670632}}, "AGC|AGT": {"individual": [], "joint": {"secondary": 1.192999001598348, "primary": 0.6738567206881247}}, "AGG|CGG": {"individual": [], "joint": {"secondary": 0.9255807793246097, "primary": 0.7195523260797984}}, "ATA|ATC": {"individual": [], "joint": {"secondary": 0.802960169960974, "primary": 0.8087469267737742}}, "ATA|ATT": {"individual": [], "joint": {"secondary": 0.8693867215685365, "primary": 0.7230561696250507}}, "ATC|ATT": {"individual": [], "joint": {"secondary": 1.075816081822214, "primary": 0.7162705648102098}}, "CAA|CAG": {"individual": [], "joint": {"secondary": 1.239892735760225, "primary": 0.7080646885438469}}, "CAC|CAT": {"individual": [], "joint": {"secondary": 0.6954812552100629, "primary": 0.7505658282169339}}, "CCA|CCC": {"individual": [], "joint": {"secondary": 0.3735923939928265, "primary": 0.7618455378163601}}, "CCA|CCG": {"individual": [], "joint": {"secondary": 0.8749076614916854, "primary": 0.7980365736555248}}, "CCA|CCT": {"individual": [], "joint": {"secondary": 0.9920035955229404, "primary": 0.783975588331751}}, "CCC|CCG": {"individual": [], "joint": {"secondary": 1.032765653880793, "primary": 0.6574253504304753}}, "CCC|CCT": {"individual": [], "joint": {"secondary": 1.084959358103495, "primary": 0.7939334845464934}}, "CCG|CCT": {"individual": [], "joint": {"secondary": 1.310006023131967, "primary": 0.6138094890736503}}, "CGA|CGC": {"individual": [], "joint": {"secondary": 1.31234131760232, "primary": 0.8897971838719323}}, "CGA|CGG": {"individual": [], "joint": {"secondary": 0.9157688811381128, "primary": 0.7441869634670119}}, "CGA|CGT": {"individual": [], "joint": {"secondary": 1.11401371307329, "primary": 0.5079390475484847}}, "CGC|CGG": {"individual": [], "joint": {"secondary": 0.8544283850029266, "primary": 1.829578176246663}}, "CGC|CGT": {"individual": [], "joint": {"secondary": 0.9445585960076974, "primary": 1.968636757569558}}, "CGG|CGT": {"individual": [], "joint": {"secondary": 0.986215320141358, "primary": 0.7029285301689229}}, "CTA|CTC": {"individual": [], "joint": {"secondary": 0.8446137423066423, "primary": 0.6973888121276481}}, "CTA|CTG": {"individual": [], "joint": {"secondary": 1.19593472096652, "primary": 0.7653920914051696}}, "CTA|CTT": {"individual": [], "joint": {"secondary": 0.421662292438869, "primary": 0.7469975185813897}}, "CTA|TTA": {"individual": [], "joint": {"secondary": 1.396466085281431, "primary": 0.8503466589806379}}, "CTC|CTG": {"individual": [], "joint": {"secondary": 1.070153495030391, "primary": 0.7240213410902996}}, "CTC|CTT": {"individual": [], "joint": {"secondary": 1.074511061589399, "primary": 0.7002360175712211}}, "CTG|CTT": {"individual": [], "joint": {"secondary": 0.9114523387080294, "primary": 0.6858765309769433}}, "CTG|TTG": {"individual": [], "joint": {"secondary": 1.006210803580821, "primary": 0.7280001193976434}}, "GAA|GAG": {"individual": [], "joint": {"secondary": 0.8655772924522274, "primary": 0.7791258311514848}}, "GAC|GAT": {"individual": [], "joint": {"secondary": 0.859790800995139, "primary": 0.729542903033765}}, "GCA|GCC": {"individual": [], "joint": {"secondary": 0.8844426455162672, "primary": 0.8202573250061573}}, "GCA|GCG": {"individual": [], "joint": {"secondary": 1.101824348980084, "primary": 0.8295376425105289}}, "GCA|GCT": {"individual": [], "joint": {"secondary": 0.15393217584039, "primary": 0.6862491192888528}}, "GCC|GCG": {"individual": [], "joint": {"secondary": 1.136495961299011, "primary": 0.6917978704003606}}, "GCC|GCT": {"individual": [], "joint": {"secondary": 0.8164243262505294, "primary": 0.6979790100531379}}, "GCG|GCT": {"individual": [], "joint": {"secondary": 1.046376843079622, "primary": 0.6622372183395849}}, "GGA|GGC": {"individual": [], "joint": {"secondary": 0.6430545019741135, "primary": 0.8596216097666226}}, "GGA|GGG": {"individual": [], "joint": {"secondary": 0.9502451850669656, "primary": 0.84188880108507}}, "GGA|GGT": {"individual": [], "joint": {"secondary": 0.3868922219565593, "primary": 0.445266900351859}}, "GGC|GGG": {"individual": [], "joint": {"secondary": 0.6786972059699222, "primary": 0.734933845577889}}, "GGC|GGT": {"individual": [], "joint": {"secondary": 1.036675927551134, "primary": 1.830432397897396}}, "GGG|GGT": {"individual": [], "joint": {"secondary": 1.101539200683858, "primary": 1.594905325199172}}, "GTA|GTC": {"individual": [], "joint": {"secondary": 1.535864544296096, "primary": 1.904346135168584}}, "GTA|GTG": {"individual": [], "joint": {"secondary": 0.9082414544239773, "primary": 2.041429949769776}}, "GTA|GTT": {"individual": [], "joint": {"secondary": 1.211962893733565, "primary": 1.99261502837146}}, "GTC|GTG": {"individual": [], "joint": {"secondary": 1.069812323997777, "primary": 1.797686661873148}}, "GTC|GTT": {"individual": [], "joint": {"secondary": 1.204803277255344, "primary": 1.955914349593944}}, "GTG|GTT": {"individual": [], "joint": {"secondary": 0.8457175886019558, "primary": 0.6554785302845948}}, "TAC|TAT": {"individual": [], "joint": {"secondary": 1.120024856270338, "primary": 0.7380873453796518}}, "TCA|TCC": {"individual": [], "joint": {"secondary": 0.9949328933612954, "primary": 1.803610393353199}}, "TCA|TCG": {"individual": [], "joint": {"secondary": 1.350552733596855, "primary": 2.08913448833261}}, "TCA|TCT": {"individual": [], "joint": {"secondary": 1.412520358785621, "primary": 1.824167082104721}}, "TCC|TCG": {"individual": [], "joint": {"secondary": 0.793180241626325, "primary": 1.576351118592572}}, "TCC|TCT": {"individual": [], "joint": {"secondary": 0.8594051142333329, "primary": 1.987942285376129}}, "TCG|TCT": {"individual": [], "joint": {"secondary": 0.6566309910154876, "primary": 1.836463026613181}}, "TGC|TGT": {"individual": [], "joint": {"secondary": 0.7245017796215029, "primary": 2.04711761641896}}, "TTA|TTG": {"individual": [], "joint": {"secondary": 1.248302615479931, "primary": 0.7717162429128895}}, "TTC|TTT": {"individual": [], "joint": {"secondary": 0.8262064004178452, "primary": 0.7836596016262121}}, "model_mixture_p": 0.899707319177725}