{"baseline-AICc": {"individual": [], "joint": 439531.3209123969}, "baseline-loglikelihood": {"individual": [], "joint": -215516.6839611395}, "joint-AICc": {"individual": [], "joint": 439468.9418470952}, "joint-loglikelihood": {"individual": [], "joint": -214544.6496331542}, "AAA|AAG": {"individual": [], "joint": {"secondary": 0.8696721867331003, "primary": 0.7279429592284578}}, "AAC|AAT": {"individual": [], "joint": {"secondary": 0.9713779270060103, "primary": 0.8015442047787738}}, "ACA|ACC": {"individual": [], "joint": {"secondary": 0.8925190428677083, "primary": 0.7108622110104567}}, "ACA|ACG": {"individual": [], "joint": {"secondary": 0.8160143143718003, "primary": 0.7566410721169825}}, "ACA|ACT": {"individual": [], "joint": {"secondary": 0.8986842352514539, "primary": 0.6754903112817332}}, "ACC|ACG": {"individual": [], "joint": {"secondary": 0.828481097103724, "primary": 0.5970215874839475}}, "ACC|ACT": {"individual": [], "joint": {"secondary": 0.9357587361948911, "primary": 0.6273587262482885}}, "ACG|ACT": {"individual": [], "joint": {"secondary": 0.9271545114587635, "primary": 0.5223182089941885}}, "AGA|AGG": {"individual": [], "joint": {"secondary": 0.9044001713556633, "primary": 0.8906106400225967}}, "AGA|CGA": {"individual": [], "joint": {"secondary": 0.9232679158404149, "primary": 0.5488810904806456}}, "AGC|AGT": {"individual": [], "joint": {"secondary": 0.8993648580305721, "primary": 0.6185402697583949}}, "AGG|CGG": {"individual": [], "joint": {"secondary": 0.9738305983814501, "primary": 0.6564618302928128}}, "ATA|ATC": {"individual": [], "joint": {"secondary": 0.8931895899878569, "primary": 0.715662124614338}}, "ATA|ATT": {"individual": [], "joint": {"secondary": 0.9351785385172224, "primary": 0.7430509417385938}}, "ATC|ATT": {"individual": [], "joint": {"secondary": 0.9390004138608615, "primary": 0.7222644604108959}}, "CAA|CAG": {"individual": [], "joint": {"secondary": 0.9553520657535277, "primary": 0.7752251725105407}}, "CAC|CAT": {"individual": [], "joint": {"secondary": 1.02690635741615, "primary": 0.8686263044006846}}, "CCA|CCC": {"individual": [], "joint": {"secondary": 0.8442444645490386, "primary": 0.9136189690195384}}, "CCA|CCG": {"individual": [], "joint": {"secondary": 0.9209531306879902, "primary": 0.5476142384867093}}, "CCA|CCT": {"individual": [], "joint": {"secondary": 0.8627391532132859, "primary": 1.021623849036377}}, "CCC|CCG": {"individual": [], "joint": {"secondary": 0.8863752839468559, "primary": 0.7786633622465274}}, "CCC|CCT": {"individual": [], "joint": {"secondary": 0.8412321114153892, "primary": 0.5739258001820376}}, "CCG|CCT": {"individual": [], "joint": {"secondary": 0.866028677362889, "primary": 0.5818800640935441}}, "CGA|CGC": {"individual": [], "joint": {"secondary": 0.9805089494035885, "primary": 0.9274692801109464}}, "CGA|CGG": {"individual": [], "joint": {"secondary": 0.7839187294248198, "primary": 0.946250301587203}}, "CGA|CGT": {"individual": [], "joint": {"secondary": 0.4093477092833769, "primary": 0.385400123433039}}, "CGC|CGG": {"individual": [], "joint": {"secondary": 2.032626200651108, "primary": 2.037370085745868}}, "CGC|CGT": {"individual": [], "joint": {"secondary": 2.493589714352279, "primary": 1.639486800232304}}, "CGG|CGT": {"individual": [], "joint": {"secondary": 1.141876561535095, "primary": 0.9469426126257021}}, "CTA|CTC": {"individual": [], "joint": {"secondary": 0.6759606576403749, "primary": 0.7184885939880529}}, "CTA|CTG": {"individual": [], "joint": {"secondary": 0.8539809620892619, "primary": 0.7500583855373886}}, "CTA|CTT": {"individual": [], "joint": {"secondary": 0.9217963348070529, "primary": 0.9469055003326287}}, "CTA|TTA": {"individual": [], "joint": {"secondary": 1.004412686265499, "primary": 0.596461240813866}}, "CTC|CTG": {"individual": [], "joint": {"secondary": 0.8646556928402196, "primary": 0.7297720607670964}}, "CTC|CTT": {"individual": [], "joint": {"secondary": 0.9215083459949249, "primary": 0.9744879662671514}}, "CTG|CTT": {"individual": [], "joint": {"secondary": 0.9395616685968065, "primary": 0.6088655344508906}}, "CTG|TTG": {"individual": [], "joint": {"secondary": 0.848420387484706, "primary": 0.7649916874597108}}, "GAA|GAG": {"individual": [], "joint": {"secondary": 0.9352454041685702, "primary": 0.71291715266294}}, "GAC|GAT": {"individual": [], "joint": {"secondary": 0.8936335991726269, "primary": 0.562914016492478}}, "GCA|GCC": {"individual": [], "joint": {"secondary": 0.8328933997987248, "primary": 0.6563326966719415}}, "GCA|GCG": {"individual": [], "joint": {"secondary": 0.8093500746054471, "primary": 0.7654345471519262}}, "GCA|GCT": {"individual": [], "joint": {"secondary": 0.6861224767931454, "primary": 0.6131256462879898}}, "GCC|GCG": {"individual": [], "joint": {"secondary": 0.8892780642666047, "primary": 0.681624671461932}}, "GCC|GCT": {"individual": [], "joint": {"secondary": 0.8931572276760835, "primary": 0.7460242010629199}}, "GCG|GCT": {"individual": [], "joint": {"secondary": 0.8709365262976815, "primary": 0.7453354609136272}}, "GGA|GGC": {"individual": [], "joint": {"secondary": 0.7258314989356465, "primary": 0.535861911027719}}, "GGA|GGG": {"individual": [], "joint": {"secondary": 0.7595235776781871, "primary": 0.6963489297565846}}, "GGA|GGT": {"individual": [], "joint": {"secondary": 0.8100559888299375, "primary": 0.8043818928190206}}, "GGC|GGG": {"individual": [], "joint": {"secondary": 0.9716451534285977, "primary": 0.5533254121891729}}, "GGC|GGT": {"individual": [], "joint": {"secondary": 0.9402439564417906, "primary": 2.168045353974079}}, "GGG|GGT": {"individual": [], "joint": {"secondary": 2.344111467832394, "primary": 1.708706228297523}}, "GTA|GTC": {"individual": [], "joint": {"secondary": 0.9571534447377206, "primary": 1.847408678734885}}, "GTA|GTG": {"individual": [], "joint": {"secondary": 2.145532350193754, "primary": 2.309679613906201}}, "GTA|GTT": {"individual": [], "joint": {"secondary": 1.001290533954619, "primary": 1.600508157907332}}, "GTC|GTG": {"individual": [], "joint": {"secondary": 0.8406876590572988, "primary": 1.65915408530548}}, "GTC|GTT": {"individual": [], "joint": {"secondary": 0.9425229722066234, "primary": 2.322124294948472}}, "GTG|GTT": {"individual": [], "joint": {"secondary": 0.6907524116237564, "primary": 0.6767989996679568}}, "TAC|TAT": {"individual": [], "joint": {"secondary": 0.9416773476741118, "primary": 0.9657847568656844}}, "TCA|TCC": {"individual": [], "joint": {"secondary": 2.269068496034755, "primary": 1.868822300483688}}, "TCA|TCG": {"individual": [], "joint": {"secondary": 1.799764492219563, "primary": 1.894876547078498}}, "TCA|TCT": {"individual": [], "joint": {"secondary": 1.300251905237787, "primary": 1.085282943430635}}, "TCC|TCG": {"individual": [], "joint": {"secondary": 0.9455726720105384, "primary": 1.594127499648249}}, "TCC|TCT": {"individual": [], "joint": {"secondary": 0.8713997343449158, "primary": 1.826939644605982}}, "TCG|TCT": {"individual": [], "joint": {"secondary": 0.5766926289519602, "primary": 2.257381380019226}}, "TGC|TGT": {"individual": [], "joint": {"secondary": 0.895416646337766, "primary": 2.17944424855444}}, "TTA|TTG": {"individual": [], "joint": {"secondary": 0.8646925205910996, "primary": 0.9050601498078625}}, "TTC|TTT": {"individual": [], "joint": {"secondary": 0.9116057872225608, "primary": 0.7074500064766464}}, "model_mixture_p": 0.2500366207379662}