{"baseline-AICc": {"individual": [], "joint": 442377.0034519458}, "baseline-loglikelihood": {"individual": [], "joint": -216939.5252309139}, "joint-AICc": {"individual": [], "joint": 441707.255033495}, "joint-loglikelihood": {"individual": [], "joint": -215663.806226354}, "AAA|AAG": {"individual": [], "joint": {"secondary": 0.8715301192821402, "primary": 0.7950720947348286}}, "AAC|AAT": {"individual": [], "joint": {"secondary": 0.9159401648829539, "primary": 0.7452658272563593}}, "ACA|ACC": {"individual": [], "joint": {"secondary": 0.99314017456099, "primary": 0.8519050805315271}}, "ACA|ACG": {"individual": [], "joint": {"secondary": 0.7500936547244734, "primary": 0.8009783799893696}}, "ACA|ACT": {"individual": [], "joint": {"secondary": 0.7599617284572332, "primary": 0.4841206622048328}}, "ACC|ACG": {"individual": [], "joint": {"secondary": 0.8591693758958611, "primary": 0.6302662509357194}}, "ACC|ACT": {"individual": [], "joint": {"secondary": 0.695918207430698, "primary": 0.7689670856540317}}, "ACG|ACT": {"individual": [], "joint": {"secondary": 1.002454355117866, "primary": 0.6082258010028212}}, "AGA|AGG": {"individual": [], "joint": {"secondary": 0.7652909808253211, "primary": 0.7378289015392959}}, "AGA|CGA": {"individual": [], "joint": {"secondary": 0.9725971733822332, "primary": 0.6647869109223001}}, "AGC|AGT": {"individual": [], "joint": {"secondary": 0.9537203597071013, "primary": 0.861059574436845}}, "AGG|CGG": {"individual": [], "joint": {"secondary": 0.9969038879502392, "primary": 0.7867119935576382}}, "ATA|ATC": {"individual": [], "joint": {"secondary": 0.9666643810925128, "primary": 0.6969806183463696}}, "ATA|ATT": {"individual": [], "joint": {"secondary": 0.7273081349435505, "primary": 0.6996055066864497}}, "ATC|ATT": {"individual": [], "joint": {"secondary": 1.040962981423043, "primary": 0.7417224847485271}}, "CAA|CAG": {"individual": [], "joint": {"secondary": 0.8088756633292035, "primary": 0.7329861012018721}}, "CAC|CAT": {"individual": [], "joint": {"secondary": 1.061741431941188, "primary": 0.8540706559501032}}, "CCA|CCC": {"individual": [], "joint": {"secondary": 1.005658946468036, "primary": 0.7969827313579213}}, "CCA|CCG": {"individual": [], "joint": {"secondary": 0.9070179553208575, "primary": 0.7281898324948064}}, "CCA|CCT": {"individual": [], "joint": {"secondary": 0.98295810293571, "primary": 0.8195592117946937}}, "CCC|CCG": {"individual": [], "joint": {"secondary": 0.8789889031052157, "primary": 0.6396610952566267}}, "CCC|CCT": {"individual": [], "joint": {"secondary": 1.004933960905796, "primary": 0.7467022976602155}}, "CCG|CCT": {"individual": [], "joint": {"secondary": 0.8499670459334991, "primary": 0.8255945276706668}}, "CGA|CGC": {"individual": [], "joint": {"secondary": 0.8538600506455052, "primary": 0.595849094847506}}, "CGA|CGG": {"individual": [], "joint": {"secondary": 0.7775386382402161, "primary": 0.7831791280602955}}, "CGA|CGT": {"individual": [], "joint": {"secondary": 0.7721708159951508, "primary": 0.6279044928003488}}, "CGC|CGG": {"individual": [], "joint": {"secondary": 1.91867707903253, "primary": 1.960470494883602}}, "CGC|CGT": {"individual": [], "joint": {"secondary": 2.633465932331618, "primary": 2.25613048338338}}, "CGG|CGT": {"individual": [], "joint": {"secondary": 0.924748074356045, "primary": 0.2995353645268746}}, "CTA|CTC": {"individual": [], "joint": {"secondary": 0.8123340459511424, "primary": 0.744432522479834}}, "CTA|CTG": {"individual": [], "joint": {"secondary": 0.9539454933505555, "primary": 0.8084657297752235}}, "CTA|CTT": {"individual": [], "joint": {"secondary": 0.8064662216998334, "primary": 0.6472110041190138}}, "CTA|TTA": {"individual": [], "joint": {"secondary": 0.716876961753852, "primary": 0.6369313503704395}}, "CTC|CTG": {"individual": [], "joint": {"secondary": 0.9585433691234756, "primary": 0.698137585020492}}, "CTC|CTT": {"individual": [], "joint": {"secondary": 0.8691595394953785, "primary": 0.7013532327788965}}, "CTG|CTT": {"individual": [], "joint": {"secondary": 1.010228502827542, "primary": 0.5963042256371582}}, "CTG|TTG": {"individual": [], "joint": {"secondary": 0.911119625049044, "primary": 0.7879496904289316}}, "GAA|GAG": {"individual": [], "joint": {"secondary": 0.7626786786587781, "primary": 0.7486319321619701}}, "GAC|GAT": {"individual": [], "joint": {"secondary": 0.9429195677004512, "primary": 0.7341824979990987}}, "GCA|GCC": {"individual": [], "joint": {"secondary": 0.8599550685171204, "primary": 0.7559997811334465}}, "GCA|GCG": {"individual": [], "joint": {"secondary": 0.9030153370151123, "primary": 0.8487064073596803}}, "GCA|GCT": {"individual": [], "joint": {"secondary": 0.804842423172351, "primary": 0.6000240114073234}}, "GCC|GCG": {"individual": [], "joint": {"secondary": 0.834525511761517, "primary": 0.7164292583273358}}, "GCC|GCT": {"individual": [], "joint": {"secondary": 0.8506747219439806, "primary": 0.6846791063431392}}, "GCG|GCT": {"individual": [], "joint": {"secondary": 0.7304354594337313, "primary": 0.7887248888845513}}, "GGA|GGC": {"individual": [], "joint": {"secondary": 0.6452642352249808, "primary": 0.7951336059878588}}, "GGA|GGG": {"individual": [], "joint": {"secondary": 0.9888595292228581, "primary": 0.8603841866070747}}, "GGA|GGT": {"individual": [], "joint": {"secondary": 0.6645999198666892, "primary": 0.7167641810493017}}, "GGC|GGG": {"individual": [], "joint": {"secondary": 0.9193588953418799, "primary": 0.6442744297740464}}, "GGC|GGT": {"individual": [], "joint": {"secondary": 0.8604141552130281, "primary": 1.91898058773814}}, "GGG|GGT": {"individual": [], "joint": {"secondary": 2.112193332389684, "primary": 2.023988967855047}}, "GTA|GTC": {"individual": [], "joint": {"secondary": 0.9279871798217743, "primary": 1.752237423239414}}, "GTA|GTG": {"individual": [], "joint": {"secondary": 2.254201404438652, "primary": 1.980296610695126}}, "GTA|GTT": {"individual": [], "joint": {"secondary": 0.8944090354537483, "primary": 2.097785464728017}}, "GTC|GTG": {"individual": [], "joint": {"secondary": 0.8154370389361234, "primary": 1.789947058655027}}, "GTC|GTT": {"individual": [], "joint": {"secondary": 0.9710720869005408, "primary": 1.737277763323094}}, "GTG|GTT": {"individual": [], "joint": {"secondary": 0.8422450456419601, "primary": 0.7020149968127555}}, "TAC|TAT": {"individual": [], "joint": {"secondary": 0.9836448346850183, "primary": 0.7725757736412842}}, "TCA|TCC": {"individual": [], "joint": {"secondary": 2.057292277041119, "primary": 2.00510035729858}}, "TCA|TCG": {"individual": [], "joint": {"secondary": 2.183646723073159, "primary": 1.773095068399544}}, "TCA|TCT": {"individual": [], "joint": {"secondary": 0.9883988122929294, "primary": 1.614843148363645}}, "TCC|TCG": {"individual": [], "joint": {"secondary": 0.8068147750019686, "primary": 1.829546915711531}}, "TCC|TCT": {"individual": [], "joint": {"secondary": 1.022704268744613, "primary": 1.693797328947301}}, "TCG|TCT": {"individual": [], "joint": {"secondary": 0.7823038351722786, "primary": 1.717256850468699}}, "TGC|TGT": {"individual": [], "joint": {"secondary": 0.9132662269746841, "primary": 1.957411516526134}}, "TTA|TTG": {"individual": [], "joint": {"secondary": 0.9942223939972589, "primary": 0.8774777293520961}}, "TTC|TTT": {"individual": [], "joint": {"secondary": 0.9916851868944004, "primary": 0.7013341261639185}}, "model_mixture_p": 0.5999251674474939}