{"baseline-AICc": {"individual": [], "joint": 354164.8275451211}, "baseline-loglikelihood": {"individual": [], "joint": -173745.7127708813}, "joint-AICc": {"individual": [], "joint": 355184.4256232618}, "joint-loglikelihood": {"individual": [], "joint": -173355.7942184275}, "AAA|AAG": {"individual": [], "joint": {"secondary": 1.027655914883063, "primary": 1.005669812882801}}, "AAC|AAT": {"individual": [], "joint": {"secondary": 0.8621201424574519, "primary": 1.019870308310359}}, "ACA|ACC": {"individual": [], "joint": {"secondary": 1.193538215271955, "primary": 1.105887115449337}}, "ACA|ACG": {"individual": [], "joint": {"secondary": 0.9618503439650836, "primary": 0.915727385768146}}, "ACA|ACT": {"individual": [], "joint": {"secondary": 0.7845858882420609, "primary": 0.9814854442254688}}, "ACC|ACG": {"individual": [], "joint": {"secondary": 0.8407528581999543, "primary": 0.9260178198899317}}, "ACC|ACT": {"individual": [], "joint": {"secondary": 0.9464869084023805, "primary": 0.9137629400305939}}, "ACG|ACT": {"individual": [], "joint": {"secondary": 0.9184341061952425, "primary": 0.896131876538407}}, "AGA|AGG": {"individual": [], "joint": {"secondary": 1.052142736742929, "primary": 1.019740431997901}}, "AGA|CGA": {"individual": [], "joint": {"secondary": 1.205500775516643, "primary": 0.6988855253543151}}, "AGC|AGT": {"individual": [], "joint": {"secondary": 1.006977238928409, "primary": 0.8773423903452969}}, "AGG|CGG": {"individual": [], "joint": {"secondary": 0.8497718231667006, "primary": 0.9663214059486802}}, "ATA|ATC": {"individual": [], "joint": {"secondary": 1.180552018201083, "primary": 1.001940030014739}}, "ATA|ATT": {"individual": [], "joint": {"secondary": 0.7543457710125258, "primary": 1.045139563042778}}, "ATC|ATT": {"individual": [], "joint": {"secondary": 0.8626057999328604, "primary": 0.9721448820594117}}, "CAA|CAG": {"individual": [], "joint": {"secondary": 0.8229895922482003, "primary": 0.8891556488705201}}, "CAC|CAT": {"individual": [], "joint": {"secondary": 1.051769055856523, "primary": 0.8517984030853119}}, "CCA|CCC": {"individual": [], "joint": {"secondary": 1.019521061609516, "primary": 0.7501321516677716}}, "CCA|CCG": {"individual": [], "joint": {"secondary": 0.9688455829246958, "primary": 0.7868954242035663}}, "CCA|CCT": {"individual": [], "joint": {"secondary": 0.9697939023569021, "primary": 0.7836456505542225}}, "CCC|CCG": {"individual": [], "joint": {"secondary": 0.8883798785526654, "primary": 1.018545894872848}}, "CCC|CCT": {"individual": [], "joint": {"secondary": 0.8089935368633762, "primary": 1.075124476239205}}, "CCG|CCT": {"individual": [], "joint": {"secondary": 0.8344807629121966, "primary": 0.9915673164976988}}, "CGA|CGC": {"individual": [], "joint": {"secondary": 0.9968044217913519, "primary": 0.552731464902597}}, "CGA|CGG": {"individual": [], "joint": {"secondary": 0.8350224575307131, "primary": 0.9702261513117318}}, "CGA|CGT": {"individual": [], "joint": {"secondary": 0.9290933842342796, "primary": 1.182536700193674}}, "CGC|CGG": {"individual": [], "joint": {"secondary": 2.49667509880325, "primary": 2.333417401297635}}, "CGC|CGT": {"individual": [], "joint": {"secondary": 2.111186316802938, "primary": 2.955063890775309}}, "CGG|CGT": {"individual": [], "joint": {"secondary": 0.7301898576143081, "primary": 0.659788689144259}}, "CTA|CTC": {"individual": [], "joint": {"secondary": 0.8461644660364562, "primary": 1.287771225849133}}, "CTA|CTG": {"individual": [], "joint": {"secondary": 0.9055936769775977, "primary": 0.9793791744730888}}, "CTA|CTT": {"individual": [], "joint": {"secondary": 0.9249049162876715, "primary": 0.9329698003538388}}, "CTA|TTA": {"individual": [], "joint": {"secondary": 0.8899961841243672, "primary": 0.9084830188642067}}, "CTC|CTG": {"individual": [], "joint": {"secondary": 0.9295352085651579, "primary": 0.8751714345152665}}, "CTC|CTT": {"individual": [], "joint": {"secondary": 1.098233810146989, "primary": 0.8654076500875717}}, "CTG|CTT": {"individual": [], "joint": {"secondary": 0.7537918830547894, "primary": 0.9261148214596564}}, "CTG|TTG": {"individual": [], "joint": {"secondary": 0.8723248522427657, "primary": 0.971687559255957}}, "GAA|GAG": {"individual": [], "joint": {"secondary": 0.98432176815062, "primary": 0.9988322181772493}}, "GAC|GAT": {"individual": [], "joint": {"secondary": 0.8020410517516888, "primary": 0.7860956803776589}}, "GCA|GCC": {"individual": [], "joint": {"secondary": 0.9119667274192477, "primary": 0.7959713887381562}}, "GCA|GCG": {"individual": [], "joint": {"secondary": 0.9358261566062657, "primary": 1.033920874219256}}, "GCA|GCT": {"individual": [], "joint": {"secondary": 0.4064137342357861, "primary": 0.8924970037358643}}, "GCC|GCG": {"individual": [], "joint": {"secondary": 0.9416354817288687, "primary": 0.8642505725674917}}, "GCC|GCT": {"individual": [], "joint": {"secondary": 1.006085371664301, "primary": 0.9613203068869061}}, "GCG|GCT": {"individual": [], "joint": {"secondary": 1.05012889938216, "primary": 1.06651777966359}}, "GGA|GGC": {"individual": [], "joint": {"secondary": 1.026902700398037, "primary": 0.9485455328487952}}, "GGA|GGG": {"individual": [], "joint": {"secondary": 0.9317119354314816, "primary": 1.046967138352165}}, "GGA|GGT": {"individual": [], "joint": {"secondary": 0.9810054701561367, "primary": 0.7794983630338287}}, "GGC|GGG": {"individual": [], "joint": {"secondary": 0.7614836766278078, "primary": 0.9056193715922258}}, "GGC|GGT": {"individual": [], "joint": {"secondary": 1.193210130296721, "primary": 0.9541059797069777}}, "GGG|GGT": {"individual": [], "joint": {"secondary": 1.225906349766845, "primary": 1.09171286296489}}, "GTA|GTC": {"individual": [], "joint": {"secondary": 1.113440120270179, "primary": 0.7015350835176294}}, "GTA|GTG": {"individual": [], "joint": {"secondary": 0.914944553644575, "primary": 0.8369879604501627}}, "GTA|GTT": {"individual": [], "joint": {"secondary": 1.468095237383896, "primary": 0.6143101186748106}}, "GTC|GTG": {"individual": [], "joint": {"secondary": 0.9363812102998803, "primary": 0.8848705551021391}}, "GTC|GTT": {"individual": [], "joint": {"secondary": 1.006546239005244, "primary": 0.9660516861725873}}, "GTG|GTT": {"individual": [], "joint": {"secondary": 0.9812980242181819, "primary": 1.031407925741724}}, "TAC|TAT": {"individual": [], "joint": {"secondary": 1.039365907678398, "primary": 1.021612597267119}}, "TCA|TCC": {"individual": [], "joint": {"secondary": 0.9078981647582849, "primary": 0.9805273269466018}}, "TCA|TCG": {"individual": [], "joint": {"secondary": 1.993896776149833, "primary": 2.592207775329715}}, "TCA|TCT": {"individual": [], "joint": {"secondary": 0.6160985973079327, "primary": 1.039702938402036}}, "TCC|TCG": {"individual": [], "joint": {"secondary": 0.8518313659842094, "primary": 0.9368585116256505}}, "TCC|TCT": {"individual": [], "joint": {"secondary": 1.024598983218068, "primary": 0.9456601525871975}}, "TCG|TCT": {"individual": [], "joint": {"secondary": 1.017106514880127, "primary": 0.5035886225869204}}, "TGC|TGT": {"individual": [], "joint": {"secondary": 0.9302312844000117, "primary": 1.081309735093051}}, "TTA|TTG": {"individual": [], "joint": {"secondary": 0.8907671165734129, "primary": 0.8864933908125995}}, "TTC|TTT": {"individual": [], "joint": {"secondary": 1.01725000195675, "primary": 0.9573396664917638}}, "model_mixture_p": 0.4366657779252703}