{"baseline-AICc": {"individual": [], "joint": 353374.8852417895}, "baseline-loglikelihood": {"individual": [], "joint": -172495.7630289015}, "joint-AICc": {"individual": [], "joint": 353553.3122204011}, "joint-loglikelihood": {"individual": [], "joint": -171659.463217981}, "AAA|AAG": {"individual": [], "joint": {"secondary": 0.7171662172828479, "primary": 0.9861053236517529}}, "AAC|AAT": {"individual": [], "joint": {"secondary": 0.7082686886497763, "primary": 0.9704950430385431}}, "ACA|ACC": {"individual": [], "joint": {"secondary": 0.7922311835749316, "primary": 1.268017513720237}}, "ACA|ACG": {"individual": [], "joint": {"secondary": 0.9064362629860385, "primary": 0.9143572006845914}}, "ACA|ACT": {"individual": [], "joint": {"secondary": 0.5674104451243867, "primary": 0.8405218398173671}}, "ACC|ACG": {"individual": [], "joint": {"secondary": 0.7029302182404578, "primary": 0.9435655813391481}}, "ACC|ACT": {"individual": [], "joint": {"secondary": 0.6128531602493825, "primary": 0.7201190848535186}}, "ACG|ACT": {"individual": [], "joint": {"secondary": 0.8665451924028936, "primary": 1.075823336507824}}, "AGA|AGG": {"individual": [], "joint": {"secondary": 0.76873119512987, "primary": 1.07214720635378}}, "AGA|CGA": {"individual": [], "joint": {"secondary": 0.7153932775017824, "primary": 0.837272278383301}}, "AGC|AGT": {"individual": [], "joint": {"secondary": 0.640673959849028, "primary": 0.8462254527007046}}, "AGG|CGG": {"individual": [], "joint": {"secondary": 0.6580938421056373, "primary": 0.9469658745695273}}, "ATA|ATC": {"individual": [], "joint": {"secondary": 0.7438834031952313, "primary": 1.021724494899836}}, "ATA|ATT": {"individual": [], "joint": {"secondary": 0.685664633580018, "primary": 0.9777100110975855}}, "ATC|ATT": {"individual": [], "joint": {"secondary": 0.734460773817081, "primary": 0.9962351779020393}}, "CAA|CAG": {"individual": [], "joint": {"secondary": 0.9170867188535723, "primary": 1.005114685691143}}, "CAC|CAT": {"individual": [], "joint": {"secondary": 0.7063890554819826, "primary": 0.8289553488779122}}, "CCA|CCC": {"individual": [], "joint": {"secondary": 0.638530403569102, "primary": 0.8205961373554581}}, "CCA|CCG": {"individual": [], "joint": {"secondary": 0.7229315237232675, "primary": 0.96402735994287}}, "CCA|CCT": {"individual": [], "joint": {"secondary": 0.7748917070361158, "primary": 1.163679934017701}}, "CCC|CCG": {"individual": [], "joint": {"secondary": 0.6484486350764641, "primary": 1.174740482909188}}, "CCC|CCT": {"individual": [], "joint": {"secondary": 0.6369546309454626, "primary": 1.081566212091529}}, "CCG|CCT": {"individual": [], "joint": {"secondary": 0.6249097346295182, "primary": 0.91032302944719}}, "CGA|CGC": {"individual": [], "joint": {"secondary": 0.5933451305869433, "primary": 1.000725389898676}}, "CGA|CGG": {"individual": [], "joint": {"secondary": 0.9304221791941943, "primary": 1.115063196658896}}, "CGA|CGT": {"individual": [], "joint": {"secondary": 0.9754992280894872, "primary": 1.254621800922912}}, "CGC|CGG": {"individual": [], "joint": {"secondary": 1.934549950126825, "primary": 1.010211301518549}}, "CGC|CGT": {"individual": [], "joint": {"secondary": 1.807408560298999, "primary": 1.005501505917204}}, "CGG|CGT": {"individual": [], "joint": {"secondary": 0.5268944971076972, "primary": 1.060497366594254}}, "CTA|CTC": {"individual": [], "joint": {"secondary": 0.7443954258892388, "primary": 1.115871194394614}}, "CTA|CTG": {"individual": [], "joint": {"secondary": 0.7175899842055625, "primary": 0.9985811568643614}}, "CTA|CTT": {"individual": [], "joint": {"secondary": 0.9602004464702749, "primary": 0.7539500408818843}}, "CTA|TTA": {"individual": [], "joint": {"secondary": 0.6955129326235757, "primary": 1.1136697638664}}, "CTC|CTG": {"individual": [], "joint": {"secondary": 0.6844547919694367, "primary": 0.9068287944920119}}, "CTC|CTT": {"individual": [], "joint": {"secondary": 0.8669821958835296, "primary": 1.015340544947834}}, "CTG|CTT": {"individual": [], "joint": {"secondary": 0.7469187821831093, "primary": 1.236492771650619}}, "CTG|TTG": {"individual": [], "joint": {"secondary": 0.7487599640960653, "primary": 1.012794732916916}}, "GAA|GAG": {"individual": [], "joint": {"secondary": 0.7429166986340158, "primary": 0.9874112285638085}}, "GAC|GAT": {"individual": [], "joint": {"secondary": 0.838128169693431, "primary": 1.020330827406915}}, "GCA|GCC": {"individual": [], "joint": {"secondary": 0.7329183434866445, "primary": 0.9423046691683584}}, "GCA|GCG": {"individual": [], "joint": {"secondary": 0.8093734714018557, "primary": 0.9139129486035572}}, "GCA|GCT": {"individual": [], "joint": {"secondary": 0.6192066030200587, "primary": 0.9992126494136402}}, "GCC|GCG": {"individual": [], "joint": {"secondary": 0.6932627351562483, "primary": 1.010098377669701}}, "GCC|GCT": {"individual": [], "joint": {"secondary": 0.7895330810138343, "primary": 1.064440886129349}}, "GCG|GCT": {"individual": [], "joint": {"secondary": 0.6405574343285128, "primary": 0.8498662036516629}}, "GGA|GGC": {"individual": [], "joint": {"secondary": 0.8773321315634603, "primary": 0.8057133261778762}}, "GGA|GGG": {"individual": [], "joint": {"secondary": 0.6958890383771766, "primary": 0.8989792634832723}}, "GGA|GGT": {"individual": [], "joint": {"secondary": 0.7137612658190562, "primary": 1.220181642415295}}, "GGC|GGG": {"individual": [], "joint": {"secondary": 0.6142963654602567, "primary": 1.092835534231784}}, "GGC|GGT": {"individual": [], "joint": {"secondary": 1.880337547983694, "primary": 0.9278025409324928}}, "GGG|GGT": {"individual": [], "joint": {"secondary": 1.657577413976511, "primary": 0.6546988084265924}}, "GTA|GTC": {"individual": [], "joint": {"secondary": 2.073491168265235, "primary": 1.028336933292079}}, "GTA|GTG": {"individual": [], "joint": {"secondary": 2.019146308636333, "primary": 1.179783303283443}}, "GTA|GTT": {"individual": [], "joint": {"secondary": 2.045443590621449, "primary": 1.078661501314843}}, "GTC|GTG": {"individual": [], "joint": {"secondary": 1.711414985018358, "primary": 0.9077310750150365}}, "GTC|GTT": {"individual": [], "joint": {"secondary": 1.900565833077962, "primary": 1.034583689636666}}, "GTG|GTT": {"individual": [], "joint": {"secondary": 0.794020419644262, "primary": 0.9701928794495023}}, "TAC|TAT": {"individual": [], "joint": {"secondary": 0.7080142542450775, "primary": 0.9174682206226569}}, "TCA|TCC": {"individual": [], "joint": {"secondary": 1.898798765981409, "primary": 0.9156221994485344}}, "TCA|TCG": {"individual": [], "joint": {"secondary": 1.887294040114622, "primary": 0.9298457199133234}}, "TCA|TCT": {"individual": [], "joint": {"secondary": 1.453815688535543, "primary": 1.501699262570283}}, "TCC|TCG": {"individual": [], "joint": {"secondary": 1.568933510754364, "primary": 1.003940154817468}}, "TCC|TCT": {"individual": [], "joint": {"secondary": 1.805093252426644, "primary": 1.093945956250705}}, "TCG|TCT": {"individual": [], "joint": {"secondary": 1.742319619876441, "primary": 1.049806374912484}}, "TGC|TGT": {"individual": [], "joint": {"secondary": 2.049343998925143, "primary": 1.053764875621654}}, "TTA|TTG": {"individual": [], "joint": {"secondary": 0.8994233931876322, "primary": 0.9415553206878542}}, "TTC|TTT": {"individual": [], "joint": {"secondary": 0.7139719390449711, "primary": 1.038835455511264}}, "model_mixture_p": 0.5000000226039518}