{"baseline-AICc": {"individual": [], "joint": 420351.4465067398}, "baseline-loglikelihood": {"individual": [], "joint": -205933.4902291941}, "joint-AICc": {"individual": [], "joint": 419304.7757300646}, "joint-loglikelihood": {"individual": [], "joint": -204472.1432591914}, "AAA|AAG": {"individual": [], "joint": {"secondary": 1.129333563157394, "primary": 0.808993012498693}}, "AAC|AAT": {"individual": [], "joint": {"secondary": 1.045858915909825, "primary": 0.630392285675298}}, "ACA|ACC": {"individual": [], "joint": {"secondary": 0.5441557073346727, "primary": 0.7726180838112621}}, "ACA|ACG": {"individual": [], "joint": {"secondary": 0.6241036218488005, "primary": 0.8121792838491502}}, "ACA|ACT": {"individual": [], "joint": {"secondary": 1.101092764071696, "primary": 0.7154998771839921}}, "ACC|ACG": {"individual": [], "joint": {"secondary": 0.7468866815188515, "primary": 0.6451737920043228}}, "ACC|ACT": {"individual": [], "joint": {"secondary": 0.9188338429153757, "primary": 0.8033474279249615}}, "ACG|ACT": {"individual": [], "joint": {"secondary": 0.9364876878764868, "primary": 0.6677635017983958}}, "AGA|AGG": {"individual": [], "joint": {"secondary": 1.616620256590236, "primary": 0.7784060736441717}}, "AGA|CGA": {"individual": [], "joint": {"secondary": 1.23538522455282, "primary": 0.6815503605968313}}, "AGC|AGT": {"individual": [], "joint": {"secondary": 0.9215601172072164, "primary": 0.7419857363905454}}, "AGG|CGG": {"individual": [], "joint": {"secondary": 0.9996727155000055, "primary": 0.7206155544171305}}, "ATA|ATC": {"individual": [], "joint": {"secondary": 0.7892527161727799, "primary": 0.8236057222621506}}, "ATA|ATT": {"individual": [], "joint": {"secondary": 1.029272960885106, "primary": 0.6406736191837255}}, "ATC|ATT": {"individual": [], "joint": {"secondary": 1.039414128614726, "primary": 0.7304849231029903}}, "CAA|CAG": {"individual": [], "joint": {"secondary": 1.069275392793898, "primary": 0.7819303952635788}}, "CAC|CAT": {"individual": [], "joint": {"secondary": 0.9554700165644542, "primary": 0.7074779904614958}}, "CCA|CCC": {"individual": [], "joint": {"secondary": 0.720224267464421, "primary": 0.7051145354068675}}, "CCA|CCG": {"individual": [], "joint": {"secondary": 0.8563123483269196, "primary": 0.7854721003376568}}, "CCA|CCT": {"individual": [], "joint": {"secondary": 2.189590968491725, "primary": 0.7180824470335402}}, "CCC|CCG": {"individual": [], "joint": {"secondary": 0.7409435552348544, "primary": 0.612567339627327}}, "CCC|CCT": {"individual": [], "joint": {"secondary": 1.563701028282158, "primary": 0.7890090914501292}}, "CCG|CCT": {"individual": [], "joint": {"secondary": 1.311900710474645, "primary": 0.6262206038518756}}, "CGA|CGC": {"individual": [], "joint": {"secondary": 0.876452460620485, "primary": 0.8867210900593888}}, "CGA|CGG": {"individual": [], "joint": {"secondary": 1.410885703764971, "primary": 0.7820064546257459}}, "CGA|CGT": {"individual": [], "joint": {"secondary": 0.2806894992945738, "primary": 0.6833901304541571}}, "CGC|CGG": {"individual": [], "joint": {"secondary": 1.384318978367609, "primary": 1.892317017218766}}, "CGC|CGT": {"individual": [], "joint": {"secondary": 0.6776103625256339, "primary": 1.873228928327613}}, "CGG|CGT": {"individual": [], "joint": {"secondary": 1.033112369235416, "primary": 0.6869497312118816}}, "CTA|CTC": {"individual": [], "joint": {"secondary": 1.047014611033606, "primary": 0.6662404222573314}}, "CTA|CTG": {"individual": [], "joint": {"secondary": 1.133714997795696, "primary": 0.8209332432699346}}, "CTA|CTT": {"individual": [], "joint": {"secondary": 0.8927337667260518, "primary": 0.7302875046170365}}, "CTA|TTA": {"individual": [], "joint": {"secondary": 1.093211589721813, "primary": 0.797118893533605}}, "CTC|CTG": {"individual": [], "joint": {"secondary": 1.292308426231314, "primary": 0.690200783312134}}, "CTC|CTT": {"individual": [], "joint": {"secondary": 0.8137313717379121, "primary": 0.7430143652786507}}, "CTG|CTT": {"individual": [], "joint": {"secondary": 1.191774110655122, "primary": 0.8103110842859887}}, "CTG|TTG": {"individual": [], "joint": {"secondary": 0.9772505414091109, "primary": 0.7991472802473729}}, "GAA|GAG": {"individual": [], "joint": {"secondary": 0.8168294288352771, "primary": 0.7879276744020707}}, "GAC|GAT": {"individual": [], "joint": {"secondary": 0.8310381359765289, "primary": 0.8240366751512945}}, "GCA|GCC": {"individual": [], "joint": {"secondary": 0.9699000783061513, "primary": 0.8230569321691218}}, "GCA|GCG": {"individual": [], "joint": {"secondary": 0.7133637630404416, "primary": 0.7118374674915422}}, "GCA|GCT": {"individual": [], "joint": {"secondary": 1.421672051371834, "primary": 0.6582245298576922}}, "GCC|GCG": {"individual": [], "joint": {"secondary": 0.8285965830993359, "primary": 0.7083866012199115}}, "GCC|GCT": {"individual": [], "joint": {"secondary": 1.148938309641548, "primary": 0.6393462223172626}}, "GCG|GCT": {"individual": [], "joint": {"secondary": 0.8833201336862091, "primary": 0.6646711812677745}}, "GGA|GGC": {"individual": [], "joint": {"secondary": 1.058857805646932, "primary": 0.7687412370791139}}, "GGA|GGG": {"individual": [], "joint": {"secondary": 1.366338451230001, "primary": 0.8000347061075075}}, "GGA|GGT": {"individual": [], "joint": {"secondary": 1.177715433853325, "primary": 0.6890804389444363}}, "GGC|GGG": {"individual": [], "joint": {"secondary": 1.382834028329311, "primary": 0.6684697536651486}}, "GGC|GGT": {"individual": [], "joint": {"secondary": 0.9720086754337947, "primary": 1.862688027636643}}, "GGG|GGT": {"individual": [], "joint": {"secondary": 0.9282560715171436, "primary": 1.87976043739722}}, "GTA|GTC": {"individual": [], "joint": {"secondary": 0.9978290723482904, "primary": 1.936801290511908}}, "GTA|GTG": {"individual": [], "joint": {"secondary": 1.043519374077188, "primary": 2.058266714831075}}, "GTA|GTT": {"individual": [], "joint": {"secondary": 1.131286862460716, "primary": 1.776386327542215}}, "GTC|GTG": {"individual": [], "joint": {"secondary": 1.268234470211504, "primary": 1.753371559439688}}, "GTC|GTT": {"individual": [], "joint": {"secondary": 1.212127470826228, "primary": 1.965630998997873}}, "GTG|GTT": {"individual": [], "joint": {"secondary": 0.009371402183188389, "primary": 0.6565412610029734}}, "TAC|TAT": {"individual": [], "joint": {"secondary": 1.08632791823634, "primary": 0.7156073881018807}}, "TCA|TCC": {"individual": [], "joint": {"secondary": 1.257373181117675, "primary": 1.745106741435603}}, "TCA|TCG": {"individual": [], "joint": {"secondary": 0.6487378830232434, "primary": 1.877261334838077}}, "TCA|TCT": {"individual": [], "joint": {"secondary": 0.6986499883726565, "primary": 2.046859015056147}}, "TCC|TCG": {"individual": [], "joint": {"secondary": 0.6604929666100402, "primary": 1.710527923931413}}, "TCC|TCT": {"individual": [], "joint": {"secondary": 1.080613709266508, "primary": 1.922669903672388}}, "TCG|TCT": {"individual": [], "joint": {"secondary": 0.9191586126447769, "primary": 1.50331273034455}}, "TGC|TGT": {"individual": [], "joint": {"secondary": 0.8437141689779657, "primary": 1.730984568037942}}, "TTA|TTG": {"individual": [], "joint": {"secondary": 0.7100672200358068, "primary": 0.7820270049725662}}, "TTC|TTT": {"individual": [], "joint": {"secondary": 0.7426687687316461, "primary": 0.7713526661012426}}, "model_mixture_p": 0.8999999877071485}