{"baseline-AICc": {"individual": [], "joint": 441465.6441559387}, "baseline-loglikelihood": {"individual": [], "joint": -216483.8455829104}, "joint-AICc": {"individual": [], "joint": 441500.7643046143}, "joint-loglikelihood": {"individual": [], "joint": -215560.5608619137}, "AAA|AAG": {"individual": [], "joint": {"secondary": 0.9015789052756803, "primary": 0.7483845892971915}}, "AAC|AAT": {"individual": [], "joint": {"secondary": 0.8834256298058237, "primary": 0.7051389699605418}}, "ACA|ACC": {"individual": [], "joint": {"secondary": 0.9083315881203184, "primary": 0.5768703573984083}}, "ACA|ACG": {"individual": [], "joint": {"secondary": 0.7678678455508923, "primary": 0.9363598141217635}}, "ACA|ACT": {"individual": [], "joint": {"secondary": 0.696675055568802, "primary": 0.593518462812059}}, "ACC|ACG": {"individual": [], "joint": {"secondary": 0.8704573405478835, "primary": 0.7603186862552218}}, "ACC|ACT": {"individual": [], "joint": {"secondary": 0.859658527179733, "primary": 0.8618382112197482}}, "ACG|ACT": {"individual": [], "joint": {"secondary": 0.8862341080851267, "primary": 0.6223840490033635}}, "AGA|AGG": {"individual": [], "joint": {"secondary": 0.9020856678952989, "primary": 0.7361072372265843}}, "AGA|CGA": {"individual": [], "joint": {"secondary": 1.107770998796345, "primary": 0.9701941586860173}}, "AGC|AGT": {"individual": [], "joint": {"secondary": 0.9927419781536335, "primary": 0.9190357827365333}}, "AGG|CGG": {"individual": [], "joint": {"secondary": 0.8427182798193723, "primary": 0.6959801065568264}}, "ATA|ATC": {"individual": [], "joint": {"secondary": 0.9179344555410698, "primary": 0.9452374415634347}}, "ATA|ATT": {"individual": [], "joint": {"secondary": 0.9198585330156649, "primary": 0.6764464070153291}}, "ATC|ATT": {"individual": [], "joint": {"secondary": 0.8841700209813406, "primary": 0.6562322814206395}}, "CAA|CAG": {"individual": [], "joint": {"secondary": 0.8552002495154745, "primary": 0.6996557110402448}}, "CAC|CAT": {"individual": [], "joint": {"secondary": 0.8882773241427726, "primary": 0.8359694280808997}}, "CCA|CCC": {"individual": [], "joint": {"secondary": 0.8325670274194193, "primary": 0.6991673779810385}}, "CCA|CCG": {"individual": [], "joint": {"secondary": 0.8650436361056988, "primary": 0.7115329258747805}}, "CCA|CCT": {"individual": [], "joint": {"secondary": 0.8167740129623445, "primary": 1.158009223596074}}, "CCC|CCG": {"individual": [], "joint": {"secondary": 0.8983530696350391, "primary": 0.5614730308845012}}, "CCC|CCT": {"individual": [], "joint": {"secondary": 0.919383461739999, "primary": 0.6936276701755476}}, "CCG|CCT": {"individual": [], "joint": {"secondary": 0.731163296929689, "primary": 0.75467024667965}}, "CGA|CGC": {"individual": [], "joint": {"secondary": 0.6462856829762696, "primary": 0.8323488187306862}}, "CGA|CGG": {"individual": [], "joint": {"secondary": 0.8606954315529363, "primary": 0.7728352313013696}}, "CGA|CGT": {"individual": [], "joint": {"secondary": 0.5192631133190074, "primary": 0.5153672381232598}}, "CGC|CGG": {"individual": [], "joint": {"secondary": 2.245506993894093, "primary": 1.652575656475176}}, "CGC|CGT": {"individual": [], "joint": {"secondary": 2.452184412851203, "primary": 1.60163158921347}}, "CGG|CGT": {"individual": [], "joint": {"secondary": 1.121767881060276, "primary": 0.9781520513573057}}, "CTA|CTC": {"individual": [], "joint": {"secondary": 0.8398968736768775, "primary": 0.8993861375069921}}, "CTA|CTG": {"individual": [], "joint": {"secondary": 0.8463796892986455, "primary": 0.8369485676735725}}, "CTA|CTT": {"individual": [], "joint": {"secondary": 0.9274096958908689, "primary": 0.7647364077816242}}, "CTA|TTA": {"individual": [], "joint": {"secondary": 0.8702703325568053, "primary": 0.8802850693548663}}, "CTC|CTG": {"individual": [], "joint": {"secondary": 0.943400406152445, "primary": 0.7385011979922843}}, "CTC|CTT": {"individual": [], "joint": {"secondary": 0.8580052339982588, "primary": 0.7500713271459366}}, "CTG|CTT": {"individual": [], "joint": {"secondary": 0.9325547736861322, "primary": 0.6275821331104497}}, "CTG|TTG": {"individual": [], "joint": {"secondary": 1.030290160711441, "primary": 0.7343410845923852}}, "GAA|GAG": {"individual": [], "joint": {"secondary": 0.8591175254204773, "primary": 0.7639356053108305}}, "GAC|GAT": {"individual": [], "joint": {"secondary": 1.027086421223388, "primary": 0.6520565920762847}}, "GCA|GCC": {"individual": [], "joint": {"secondary": 0.9692374136350571, "primary": 0.5464197403831669}}, "GCA|GCG": {"individual": [], "joint": {"secondary": 0.9099985646375507, "primary": 0.8435912247316637}}, "GCA|GCT": {"individual": [], "joint": {"secondary": 0.6693828427298905, "primary": 0.6817899767849794}}, "GCC|GCG": {"individual": [], "joint": {"secondary": 0.8610692388778716, "primary": 0.5863374420418156}}, "GCC|GCT": {"individual": [], "joint": {"secondary": 0.8841449521417097, "primary": 0.8164437879056115}}, "GCG|GCT": {"individual": [], "joint": {"secondary": 0.7620247083829808, "primary": 0.5232192283482551}}, "GGA|GGC": {"individual": [], "joint": {"secondary": 0.8540043157635243, "primary": 0.8327458553917205}}, "GGA|GGG": {"individual": [], "joint": {"secondary": 0.7718048355484881, "primary": 0.8565950680323456}}, "GGA|GGT": {"individual": [], "joint": {"secondary": 0.9267262913576914, "primary": 0.5184460981297253}}, "GGC|GGG": {"individual": [], "joint": {"secondary": 0.9750186401149691, "primary": 0.6367281192067704}}, "GGC|GGT": {"individual": [], "joint": {"secondary": 0.9392913805934522, "primary": 1.987333723666543}}, "GGG|GGT": {"individual": [], "joint": {"secondary": 1.801041914082987, "primary": 1.704904444936687}}, "GTA|GTC": {"individual": [], "joint": {"secondary": 0.8351369185730345, "primary": 1.676987076574462}}, "GTA|GTG": {"individual": [], "joint": {"secondary": 2.231647365215028, "primary": 1.876834284395779}}, "GTA|GTT": {"individual": [], "joint": {"secondary": 0.8763197345006866, "primary": 1.844242799428299}}, "GTC|GTG": {"individual": [], "joint": {"secondary": 0.9086226874482397, "primary": 2.038064739376137}}, "GTC|GTT": {"individual": [], "joint": {"secondary": 0.8960978665969965, "primary": 1.850123389237769}}, "GTG|GTT": {"individual": [], "joint": {"secondary": 0.9730562255716028, "primary": 0.9112967059178012}}, "TAC|TAT": {"individual": [], "joint": {"secondary": 1.032604576274945, "primary": 0.7739099007224166}}, "TCA|TCC": {"individual": [], "joint": {"secondary": 1.97392178819392, "primary": 2.157297175351256}}, "TCA|TCG": {"individual": [], "joint": {"secondary": 2.137232937228428, "primary": 1.394184112748021}}, "TCA|TCT": {"individual": [], "joint": {"secondary": 1.015650261627421, "primary": 1.767526100138209}}, "TCC|TCG": {"individual": [], "joint": {"secondary": 0.8704769596140743, "primary": 2.03113434337996}}, "TCC|TCT": {"individual": [], "joint": {"secondary": 0.8970951014698851, "primary": 2.007428704695778}}, "TCG|TCT": {"individual": [], "joint": {"secondary": 1.07310434780117, "primary": 1.455964957741095}}, "TGC|TGT": {"individual": [], "joint": {"secondary": 0.9461096745058037, "primary": 1.652869141646787}}, "TTA|TTG": {"individual": [], "joint": {"secondary": 0.8746405229109694, "primary": 0.7351547613750705}}, "TTC|TTT": {"individual": [], "joint": {"secondary": 1.006152293545065, "primary": 0.7735202203789591}}, "model_mixture_p": 0.2500205849580855}