{"baseline-AICc": {"individual": [], "joint": 421000.4697788633}, "baseline-loglikelihood": {"individual": [], "joint": -206264.0535528795}, "joint-AICc": {"individual": [], "joint": 419986.4073763578}, "joint-loglikelihood": {"individual": [], "joint": -204819.0107699616}, "AAA|AAG": {"individual": [], "joint": {"secondary": 0.767744028521897, "primary": 0.7396143302576985}}, "AAC|AAT": {"individual": [], "joint": {"secondary": 0.6863151175547623, "primary": 0.790814411995748}}, "ACA|ACC": {"individual": [], "joint": {"secondary": 0.5825753456595044, "primary": 0.8402433322679098}}, "ACA|ACG": {"individual": [], "joint": {"secondary": 0.8316113361635881, "primary": 0.7609242713308634}}, "ACA|ACT": {"individual": [], "joint": {"secondary": 1.92688058699005, "primary": 0.5289157563780184}}, "ACC|ACG": {"individual": [], "joint": {"secondary": 1.237771924405556, "primary": 0.6565228795368533}}, "ACC|ACT": {"individual": [], "joint": {"secondary": 1.428370419465009, "primary": 0.7457326056509226}}, "ACG|ACT": {"individual": [], "joint": {"secondary": 0.9267387598487291, "primary": 0.7577713001926369}}, "AGA|AGG": {"individual": [], "joint": {"secondary": 0.8553688918366347, "primary": 0.8415384818746419}}, "AGA|CGA": {"individual": [], "joint": {"secondary": 0.8226562202756654, "primary": 0.7088399190970748}}, "AGC|AGT": {"individual": [], "joint": {"secondary": 1.122534812016773, "primary": 0.7342876318955098}}, "AGG|CGG": {"individual": [], "joint": {"secondary": 1.232476526209778, "primary": 0.789423238181415}}, "ATA|ATC": {"individual": [], "joint": {"secondary": 1.227220752815494, "primary": 0.772433529308324}}, "ATA|ATT": {"individual": [], "joint": {"secondary": 0.5987013111942184, "primary": 0.669391983898411}}, "ATC|ATT": {"individual": [], "joint": {"secondary": 1.094893902135954, "primary": 0.7094141139445753}}, "CAA|CAG": {"individual": [], "joint": {"secondary": 1.234728552978066, "primary": 0.7916286468253342}}, "CAC|CAT": {"individual": [], "joint": {"secondary": 1.13904945695673, "primary": 0.662354695972566}}, "CCA|CCC": {"individual": [], "joint": {"secondary": 2.023741085832489, "primary": 0.6859762973624289}}, "CCA|CCG": {"individual": [], "joint": {"secondary": 1.223713333922604, "primary": 0.7755423275159012}}, "CCA|CCT": {"individual": [], "joint": {"secondary": 0.5221741319846597, "primary": 0.7212146931857369}}, "CCC|CCG": {"individual": [], "joint": {"secondary": 0.7877674182595569, "primary": 0.6196621000364885}}, "CCC|CCT": {"individual": [], "joint": {"secondary": 1.167063469025265, "primary": 0.7273015129982706}}, "CCG|CCT": {"individual": [], "joint": {"secondary": 0.8992953477232907, "primary": 0.8438264224771719}}, "CGA|CGC": {"individual": [], "joint": {"secondary": 0.7861081768695177, "primary": 0.8520386610462922}}, "CGA|CGG": {"individual": [], "joint": {"secondary": 0.8176597159961252, "primary": 0.8244295028369347}}, "CGA|CGT": {"individual": [], "joint": {"secondary": 1.082349317842197, "primary": 0.5405566315754935}}, "CGC|CGG": {"individual": [], "joint": {"secondary": 0.8959775481933961, "primary": 1.743421295228517}}, "CGC|CGT": {"individual": [], "joint": {"secondary": 0.9707546576150731, "primary": 1.702562258794529}}, "CGG|CGT": {"individual": [], "joint": {"secondary": 0.3657021498838495, "primary": 0.8827897349633542}}, "CTA|CTC": {"individual": [], "joint": {"secondary": 0.4929755111284688, "primary": 0.7584709231116907}}, "CTA|CTG": {"individual": [], "joint": {"secondary": 1.005943198526678, "primary": 0.7897681050226575}}, "CTA|CTT": {"individual": [], "joint": {"secondary": 1.490184612711621, "primary": 0.7803128221407557}}, "CTA|TTA": {"individual": [], "joint": {"secondary": 1.077465622721847, "primary": 0.8394075807956309}}, "CTC|CTG": {"individual": [], "joint": {"secondary": 1.186209842010935, "primary": 0.6512391220183594}}, "CTC|CTT": {"individual": [], "joint": {"secondary": 0.9543480462401396, "primary": 0.7869940557920417}}, "CTG|CTT": {"individual": [], "joint": {"secondary": 1.247841034083267, "primary": 0.6503657444144427}}, "CTG|TTG": {"individual": [], "joint": {"secondary": 1.266485517889913, "primary": 0.7576812138724105}}, "GAA|GAG": {"individual": [], "joint": {"secondary": 0.9733803514579631, "primary": 0.7767394287428852}}, "GAC|GAT": {"individual": [], "joint": {"secondary": 1.052539599981213, "primary": 0.7443776223933911}}, "GCA|GCC": {"individual": [], "joint": {"secondary": 0.8785252324187953, "primary": 0.73058336237342}}, "GCA|GCG": {"individual": [], "joint": {"secondary": 0.9890245864092517, "primary": 0.811483029182212}}, "GCA|GCT": {"individual": [], "joint": {"secondary": 1.123945667168514, "primary": 0.8277658586770734}}, "GCC|GCG": {"individual": [], "joint": {"secondary": 1.2247608236615, "primary": 0.6403184572605054}}, "GCC|GCT": {"individual": [], "joint": {"secondary": 0.6093014243043692, "primary": 0.7056005111070993}}, "GCG|GCT": {"individual": [], "joint": {"secondary": 1.150434594425915, "primary": 0.6266564914741861}}, "GGA|GGC": {"individual": [], "joint": {"secondary": 0.8855804894634264, "primary": 0.723826234830698}}, "GGA|GGG": {"individual": [], "joint": {"secondary": 0.8308191231824796, "primary": 0.8677021999554752}}, "GGA|GGT": {"individual": [], "joint": {"secondary": 0.07767848945847465, "primary": 0.8436614343322401}}, "GGC|GGG": {"individual": [], "joint": {"secondary": 1.111847606598381, "primary": 0.6866972071764724}}, "GGC|GGT": {"individual": [], "joint": {"secondary": 0.7599539849210872, "primary": 1.842269196606456}}, "GGG|GGT": {"individual": [], "joint": {"secondary": 1.060569096196933, "primary": 1.766791753609003}}, "GTA|GTC": {"individual": [], "joint": {"secondary": 1.227618825704539, "primary": 2.020706469808947}}, "GTA|GTG": {"individual": [], "joint": {"secondary": 1.16055965226051, "primary": 1.815972647209152}}, "GTA|GTT": {"individual": [], "joint": {"secondary": 0.1956608885859527, "primary": 2.050632605579223}}, "GTC|GTG": {"individual": [], "joint": {"secondary": 1.00675666054161, "primary": 1.592154846420494}}, "GTC|GTT": {"individual": [], "joint": {"secondary": 1.016441003219688, "primary": 1.78723378039703}}, "GTG|GTT": {"individual": [], "joint": {"secondary": 0.9811488128681333, "primary": 0.5793761248805679}}, "TAC|TAT": {"individual": [], "joint": {"secondary": 0.8846011026973338, "primary": 0.6327692442805968}}, "TCA|TCC": {"individual": [], "joint": {"secondary": 1.177371206618569, "primary": 1.948249035952487}}, "TCA|TCG": {"individual": [], "joint": {"secondary": 0.8742046550391664, "primary": 2.089843736046545}}, "TCA|TCT": {"individual": [], "joint": {"secondary": 1.592930950235701, "primary": 1.292003917751341}}, "TCC|TCG": {"individual": [], "joint": {"secondary": 1.116610677785858, "primary": 1.855948366621258}}, "TCC|TCT": {"individual": [], "joint": {"secondary": 0.8013213467963576, "primary": 1.987100506436044}}, "TCG|TCT": {"individual": [], "joint": {"secondary": 1.578037399627168, "primary": 2.025121838015153}}, "TGC|TGT": {"individual": [], "joint": {"secondary": 0.8485050317026502, "primary": 1.757688812443841}}, "TTA|TTG": {"individual": [], "joint": {"secondary": 0.9834692403409571, "primary": 0.83618760687036}}, "TTC|TTT": {"individual": [], "joint": {"secondary": 0.8470037928382174, "primary": 0.7011255397682224}}, "model_mixture_p": 0.8999999632374522}