{"baseline-AICc": {"individual": [], "joint": 439120.8810198299}, "baseline-loglikelihood": {"individual": [], "joint": -215311.464014856}, "joint-AICc": {"individual": [], "joint": 438776.9321598959}, "joint-loglikelihood": {"individual": [], "joint": -214198.6447895545}, "AAA|AAG": {"individual": [], "joint": {"secondary": 0.8212440859039558, "primary": 0.7807111179541687}}, "AAC|AAT": {"individual": [], "joint": {"secondary": 0.9479456366470471, "primary": 0.740244441751246}}, "ACA|ACC": {"individual": [], "joint": {"secondary": 0.9101578570309933, "primary": 0.8005065388155016}}, "ACA|ACG": {"individual": [], "joint": {"secondary": 0.8537453809980521, "primary": 0.8112691258250474}}, "ACA|ACT": {"individual": [], "joint": {"secondary": 1.018907752064134, "primary": 0.618102600649782}}, "ACC|ACG": {"individual": [], "joint": {"secondary": 0.819372654309167, "primary": 0.7291250762041724}}, "ACC|ACT": {"individual": [], "joint": {"secondary": 0.7962839935648944, "primary": 0.6911308270718438}}, "ACG|ACT": {"individual": [], "joint": {"secondary": 1.086350669974329, "primary": 0.5941272303030997}}, "AGA|AGG": {"individual": [], "joint": {"secondary": 0.9278160906763986, "primary": 0.9012099200913631}}, "AGA|CGA": {"individual": [], "joint": {"secondary": 0.646725384430252, "primary": 0.8047627145470043}}, "AGC|AGT": {"individual": [], "joint": {"secondary": 1.034943125808835, "primary": 0.739161938363113}}, "AGG|CGG": {"individual": [], "joint": {"secondary": 0.9073368290757962, "primary": 0.7761212685499265}}, "ATA|ATC": {"individual": [], "joint": {"secondary": 0.8870590423720213, "primary": 0.8701969227826463}}, "ATA|ATT": {"individual": [], "joint": {"secondary": 0.9033568706487738, "primary": 0.7550842592050206}}, "ATC|ATT": {"individual": [], "joint": {"secondary": 0.985916800929982, "primary": 0.7215307394871051}}, "CAA|CAG": {"individual": [], "joint": {"secondary": 0.8246280887001889, "primary": 0.7756164507527316}}, "CAC|CAT": {"individual": [], "joint": {"secondary": 0.8810919646157722, "primary": 0.6992043384475708}}, "CCA|CCC": {"individual": [], "joint": {"secondary": 0.6777044037230628, "primary": 0.8135303473058345}}, "CCA|CCG": {"individual": [], "joint": {"secondary": 0.7991476950977517, "primary": 0.7378982599918803}}, "CCA|CCT": {"individual": [], "joint": {"secondary": 0.6395263672430429, "primary": 0.6417773352286711}}, "CCC|CCG": {"individual": [], "joint": {"secondary": 0.9493952330658122, "primary": 0.7305256446854043}}, "CCC|CCT": {"individual": [], "joint": {"secondary": 0.9151583977098856, "primary": 0.7614039318655745}}, "CCG|CCT": {"individual": [], "joint": {"secondary": 0.6828941109322189, "primary": 0.6049892439336262}}, "CGA|CGC": {"individual": [], "joint": {"secondary": 1.000496714022635, "primary": 0.6320839418708883}}, "CGA|CGG": {"individual": [], "joint": {"secondary": 0.8113994732642875, "primary": 0.8238983187558732}}, "CGA|CGT": {"individual": [], "joint": {"secondary": 0.7049199144458462, "primary": 0.7148497688798123}}, "CGC|CGG": {"individual": [], "joint": {"secondary": 2.147817440170572, "primary": 1.612831373890401}}, "CGC|CGT": {"individual": [], "joint": {"secondary": 2.000676432109131, "primary": 1.738409801318554}}, "CGG|CGT": {"individual": [], "joint": {"secondary": 1.000448090532669, "primary": 0.605972013608273}}, "CTA|CTC": {"individual": [], "joint": {"secondary": 0.7856997074845898, "primary": 0.6861282460810288}}, "CTA|CTG": {"individual": [], "joint": {"secondary": 0.7556400204323016, "primary": 0.8261153022607839}}, "CTA|CTT": {"individual": [], "joint": {"secondary": 1.046905367068248, "primary": 0.6834018706317376}}, "CTA|TTA": {"individual": [], "joint": {"secondary": 1.170849877264473, "primary": 0.59304191494109}}, "CTC|CTG": {"individual": [], "joint": {"secondary": 0.887893569892307, "primary": 0.7341810753855169}}, "CTC|CTT": {"individual": [], "joint": {"secondary": 0.9652664679647932, "primary": 0.7823467132261095}}, "CTG|CTT": {"individual": [], "joint": {"secondary": 0.6878786135181971, "primary": 0.8906959718928152}}, "CTG|TTG": {"individual": [], "joint": {"secondary": 0.9548866066666389, "primary": 0.7722593042259343}}, "GAA|GAG": {"individual": [], "joint": {"secondary": 0.7768363073114442, "primary": 0.8192289524006515}}, "GAC|GAT": {"individual": [], "joint": {"secondary": 0.8712506845086202, "primary": 0.8778943029804117}}, "GCA|GCC": {"individual": [], "joint": {"secondary": 1.01220226451698, "primary": 0.5229618486051294}}, "GCA|GCG": {"individual": [], "joint": {"secondary": 0.8184668119394358, "primary": 0.7877050538759323}}, "GCA|GCT": {"individual": [], "joint": {"secondary": 1.015777790851437, "primary": 0.6642091360507031}}, "GCC|GCG": {"individual": [], "joint": {"secondary": 0.8333434118191355, "primary": 0.6977127937957275}}, "GCC|GCT": {"individual": [], "joint": {"secondary": 0.9133555829478943, "primary": 0.7585851223570775}}, "GCG|GCT": {"individual": [], "joint": {"secondary": 0.7566025181658077, "primary": 0.5472304060457367}}, "GGA|GGC": {"individual": [], "joint": {"secondary": 0.8565908348413568, "primary": 0.6996079451687431}}, "GGA|GGG": {"individual": [], "joint": {"secondary": 0.9399445251526373, "primary": 0.768828540639698}}, "GGA|GGT": {"individual": [], "joint": {"secondary": 1.224806857224714, "primary": 1.105800094746614}}, "GGC|GGG": {"individual": [], "joint": {"secondary": 0.9915550964796739, "primary": 0.777392630726464}}, "GGC|GGT": {"individual": [], "joint": {"secondary": 0.8956421819781263, "primary": 1.607898177811911}}, "GGG|GGT": {"individual": [], "joint": {"secondary": 2.160403662975337, "primary": 1.642886098772413}}, "GTA|GTC": {"individual": [], "joint": {"secondary": 0.8829042941556675, "primary": 2.041183560650958}}, "GTA|GTG": {"individual": [], "joint": {"secondary": 2.148274135605245, "primary": 1.972758861473722}}, "GTA|GTT": {"individual": [], "joint": {"secondary": 0.9373100936872871, "primary": 1.626912154677703}}, "GTC|GTG": {"individual": [], "joint": {"secondary": 0.8608701248022621, "primary": 1.524370680230855}}, "GTC|GTT": {"individual": [], "joint": {"secondary": 0.9429978873517596, "primary": 1.829208300765482}}, "GTG|GTT": {"individual": [], "joint": {"secondary": 0.8526660154545354, "primary": 0.7201437803899764}}, "TAC|TAT": {"individual": [], "joint": {"secondary": 0.8156482341281435, "primary": 0.7312221508892951}}, "TCA|TCC": {"individual": [], "joint": {"secondary": 2.257296837461387, "primary": 1.719962426976749}}, "TCA|TCG": {"individual": [], "joint": {"secondary": 2.101297597036725, "primary": 2.066996891644721}}, "TCA|TCT": {"individual": [], "joint": {"secondary": 0.6547331185753985, "primary": 1.258445763573149}}, "TCC|TCG": {"individual": [], "joint": {"secondary": 0.8483950796450059, "primary": 1.943752316017672}}, "TCC|TCT": {"individual": [], "joint": {"secondary": 1.18562107324828, "primary": 1.92683015042972}}, "TCG|TCT": {"individual": [], "joint": {"secondary": 0.9909860947299289, "primary": 2.774984429255459}}, "TGC|TGT": {"individual": [], "joint": {"secondary": 0.8209931759136473, "primary": 1.879956581125443}}, "TTA|TTG": {"individual": [], "joint": {"secondary": 0.8683144315003968, "primary": 0.7351771154895606}}, "TTC|TTT": {"individual": [], "joint": {"secondary": 0.9274265456326669, "primary": 0.7757078416511484}}, "model_mixture_p": 0.5}