{"baseline-AICc": {"individual": [], "joint": 355552.5478745294}, "baseline-loglikelihood": {"individual": [], "joint": -174439.5729355855}, "joint-AICc": {"individual": [], "joint": 356552.5196762071}, "joint-loglikelihood": {"individual": [], "joint": -174039.8412449001}, "AAA|AAG": {"individual": [], "joint": {"secondary": 0.8890275910603925, "primary": 0.893104163004228}}, "AAC|AAT": {"individual": [], "joint": {"secondary": 0.8713202820296788, "primary": 1.029014591048161}}, "ACA|ACC": {"individual": [], "joint": {"secondary": 0.6736825416081433, "primary": 0.9665796489877501}}, "ACA|ACG": {"individual": [], "joint": {"secondary": 0.888231853224987, "primary": 0.9541399345792888}}, "ACA|ACT": {"individual": [], "joint": {"secondary": 1.316835775406824, "primary": 0.9294056161215388}}, "ACC|ACG": {"individual": [], "joint": {"secondary": 0.8804650446150292, "primary": 0.9848904042700346}}, "ACC|ACT": {"individual": [], "joint": {"secondary": 1.320685555005664, "primary": 0.8635799146986007}}, "ACG|ACT": {"individual": [], "joint": {"secondary": 0.8594790217313864, "primary": 0.4876428219873103}}, "AGA|AGG": {"individual": [], "joint": {"secondary": 0.885474985998723, "primary": 0.9548090675695823}}, "AGA|CGA": {"individual": [], "joint": {"secondary": 0.8569876747702446, "primary": 0.7405846648690968}}, "AGC|AGT": {"individual": [], "joint": {"secondary": 1.050326587553552, "primary": 0.9559807928128912}}, "AGG|CGG": {"individual": [], "joint": {"secondary": 0.8564657195285211, "primary": 0.8724726658385505}}, "ATA|ATC": {"individual": [], "joint": {"secondary": 1.248734463006087, "primary": 0.8812674439665857}}, "ATA|ATT": {"individual": [], "joint": {"secondary": 0.8212440341200654, "primary": 0.8551928538863248}}, "ATC|ATT": {"individual": [], "joint": {"secondary": 0.7735866887467245, "primary": 0.9296426943621952}}, "CAA|CAG": {"individual": [], "joint": {"secondary": 0.9340308163717855, "primary": 0.9551924182774874}}, "CAC|CAT": {"individual": [], "joint": {"secondary": 0.890932152308892, "primary": 0.9481572872124564}}, "CCA|CCC": {"individual": [], "joint": {"secondary": 0.90733373683329, "primary": 1.154283183334679}}, "CCA|CCG": {"individual": [], "joint": {"secondary": 0.9732912596381984, "primary": 0.9234371716080795}}, "CCA|CCT": {"individual": [], "joint": {"secondary": 1.069145476030245, "primary": 1.04468644619655}}, "CCC|CCG": {"individual": [], "joint": {"secondary": 0.9243315430248801, "primary": 0.8942309808806549}}, "CCC|CCT": {"individual": [], "joint": {"secondary": 1.14433411323143, "primary": 1.01671161789268}}, "CCG|CCT": {"individual": [], "joint": {"secondary": 0.9852709531015245, "primary": 0.8272129747823875}}, "CGA|CGC": {"individual": [], "joint": {"secondary": 0.9337906162994155, "primary": 0.861867154914736}}, "CGA|CGG": {"individual": [], "joint": {"secondary": 1.018396971247007, "primary": 0.7573094253579478}}, "CGA|CGT": {"individual": [], "joint": {"secondary": 0.6958424469580934, "primary": 1.079335702437698}}, "CGC|CGG": {"individual": [], "joint": {"secondary": 2.427650396675614, "primary": 2.327128590280548}}, "CGC|CGT": {"individual": [], "joint": {"secondary": 2.154243103891324, "primary": 2.748627288698613}}, "CGG|CGT": {"individual": [], "joint": {"secondary": 0.8047201765738101, "primary": 1.041642190101217}}, "CTA|CTC": {"individual": [], "joint": {"secondary": 0.9636197042016132, "primary": 0.8597530634954467}}, "CTA|CTG": {"individual": [], "joint": {"secondary": 0.8591669265447436, "primary": 1.007765480632536}}, "CTA|CTT": {"individual": [], "joint": {"secondary": 1.066555377398249, "primary": 1.19995692324534}}, "CTA|TTA": {"individual": [], "joint": {"secondary": 0.859508465766986, "primary": 0.975055071140666}}, "CTC|CTG": {"individual": [], "joint": {"secondary": 0.9230385785262706, "primary": 0.9604349439333655}}, "CTC|CTT": {"individual": [], "joint": {"secondary": 1.005845192743155, "primary": 1.021712191454795}}, "CTG|CTT": {"individual": [], "joint": {"secondary": 0.7559113636488831, "primary": 0.9569355463203015}}, "CTG|TTG": {"individual": [], "joint": {"secondary": 1.015490952212967, "primary": 0.8846787945970104}}, "GAA|GAG": {"individual": [], "joint": {"secondary": 1.032986061910984, "primary": 0.8442575176866169}}, "GAC|GAT": {"individual": [], "joint": {"secondary": 0.9233452891303555, "primary": 0.885137776989362}}, "GCA|GCC": {"individual": [], "joint": {"secondary": 1.069902210576828, "primary": 0.9362844780359253}}, "GCA|GCG": {"individual": [], "joint": {"secondary": 1.026170916679032, "primary": 0.8257085468144825}}, "GCA|GCT": {"individual": [], "joint": {"secondary": 0.7655280123750176, "primary": 0.9942494323628415}}, "GCC|GCG": {"individual": [], "joint": {"secondary": 0.8193444403621836, "primary": 0.945981222602156}}, "GCC|GCT": {"individual": [], "joint": {"secondary": 0.8857015614223103, "primary": 0.8948132686601652}}, "GCG|GCT": {"individual": [], "joint": {"secondary": 1.145626243990584, "primary": 0.8922973638375414}}, "GGA|GGC": {"individual": [], "joint": {"secondary": 0.7989440747202889, "primary": 1.204159045853932}}, "GGA|GGG": {"individual": [], "joint": {"secondary": 0.7196741736409079, "primary": 0.7832364808015272}}, "GGA|GGT": {"individual": [], "joint": {"secondary": 1.395428848346416, "primary": 0.59295323166166}}, "GGC|GGG": {"individual": [], "joint": {"secondary": 1.026381815338955, "primary": 0.8749622268417084}}, "GGC|GGT": {"individual": [], "joint": {"secondary": 1.043907746276823, "primary": 0.9564717180333273}}, "GGG|GGT": {"individual": [], "joint": {"secondary": 0.5453153208403102, "primary": 1.02749840949558}}, "GTA|GTC": {"individual": [], "joint": {"secondary": 1.020018926415101, "primary": 0.8131442161046862}}, "GTA|GTG": {"individual": [], "joint": {"secondary": 0.9040588143778691, "primary": 0.9305397853110378}}, "GTA|GTT": {"individual": [], "joint": {"secondary": 0.7902636024651392, "primary": 0.7770308776946183}}, "GTC|GTG": {"individual": [], "joint": {"secondary": 0.8936782736821737, "primary": 0.9425954534512534}}, "GTC|GTT": {"individual": [], "joint": {"secondary": 0.8729253560155456, "primary": 1.036155901948879}}, "GTG|GTT": {"individual": [], "joint": {"secondary": 1.280756870245577, "primary": 1.021202399310985}}, "TAC|TAT": {"individual": [], "joint": {"secondary": 1.023029461876037, "primary": 0.9715141152429947}}, "TCA|TCC": {"individual": [], "joint": {"secondary": 1.123965671946398, "primary": 0.8829392588842356}}, "TCA|TCG": {"individual": [], "joint": {"secondary": 2.25544317624053, "primary": 2.620549253413985}}, "TCA|TCT": {"individual": [], "joint": {"secondary": 0.5408203501917793, "primary": 0.9063985027862833}}, "TCC|TCG": {"individual": [], "joint": {"secondary": 0.818703583690639, "primary": 0.723575251238}}, "TCC|TCT": {"individual": [], "joint": {"secondary": 1.169829439602159, "primary": 1.03101430879564}}, "TCG|TCT": {"individual": [], "joint": {"secondary": 0.8816758761961334, "primary": 1.007328562002675}}, "TGC|TGT": {"individual": [], "joint": {"secondary": 0.8359495289454043, "primary": 0.9706412060335828}}, "TTA|TTG": {"individual": [], "joint": {"secondary": 0.9359468115387206, "primary": 1.018045678913461}}, "TTC|TTT": {"individual": [], "joint": {"secondary": 0.9496793993254034, "primary": 0.9448927843935201}}, "model_mixture_p": 0.5620318291406524}