{"baseline-AICc": {"individual": [], "joint": 422653.3278793692}, "baseline-loglikelihood": {"individual": [], "joint": -207084.4309155088}, "joint-AICc": {"individual": [], "joint": 421558.3898861016}, "joint-loglikelihood": {"individual": [], "joint": -205598.9503372099}, "AAA|AAG": {"individual": [], "joint": {"secondary": 0.8336264882827914, "primary": 0.7934342903442188}}, "AAC|AAT": {"individual": [], "joint": {"secondary": 1.073886767036405, "primary": 0.7916509157571869}}, "ACA|ACC": {"individual": [], "joint": {"secondary": 0.4979023504661851, "primary": 0.7755384449172567}}, "ACA|ACG": {"individual": [], "joint": {"secondary": 0.8814100776459791, "primary": 0.7528858020470591}}, "ACA|ACT": {"individual": [], "joint": {"secondary": 1.850256386219186, "primary": 0.7003389135024698}}, "ACC|ACG": {"individual": [], "joint": {"secondary": 0.6415252554576072, "primary": 0.6864407237716306}}, "ACC|ACT": {"individual": [], "joint": {"secondary": 1.093857353760863, "primary": 0.7766026568880191}}, "ACG|ACT": {"individual": [], "joint": {"secondary": 0.9638578451153673, "primary": 0.823584910236731}}, "AGA|AGG": {"individual": [], "joint": {"secondary": 0.9373088119650901, "primary": 0.8421754447434655}}, "AGA|CGA": {"individual": [], "joint": {"secondary": 1.177998623678565, "primary": 0.7287532192140965}}, "AGC|AGT": {"individual": [], "joint": {"secondary": 1.36192912862527, "primary": 0.7956222753838685}}, "AGG|CGG": {"individual": [], "joint": {"secondary": 1.128506824577595, "primary": 0.7620327552548783}}, "ATA|ATC": {"individual": [], "joint": {"secondary": 1.251971535362826, "primary": 0.791751076765475}}, "ATA|ATT": {"individual": [], "joint": {"secondary": 1.066692930296177, "primary": 0.7106301314039236}}, "ATC|ATT": {"individual": [], "joint": {"secondary": 1.154351977260337, "primary": 0.7510221462503223}}, "CAA|CAG": {"individual": [], "joint": {"secondary": 0.7338766895634575, "primary": 0.774891755780589}}, "CAC|CAT": {"individual": [], "joint": {"secondary": 1.037953895310209, "primary": 0.6703314943522474}}, "CCA|CCC": {"individual": [], "joint": {"secondary": 1.456607246306853, "primary": 0.7800899606468765}}, "CCA|CCG": {"individual": [], "joint": {"secondary": 0.728062801681184, "primary": 0.7727456534520523}}, "CCA|CCT": {"individual": [], "joint": {"secondary": 0.8099089205196203, "primary": 0.5833467755538487}}, "CCC|CCG": {"individual": [], "joint": {"secondary": 1.31289409554164, "primary": 0.6859136052088232}}, "CCC|CCT": {"individual": [], "joint": {"secondary": 1.167681712314227, "primary": 0.5678044712544428}}, "CCG|CCT": {"individual": [], "joint": {"secondary": 0.6027300886006313, "primary": 0.7535264904982567}}, "CGA|CGC": {"individual": [], "joint": {"secondary": 0.9928046128914341, "primary": 0.7771172537114369}}, "CGA|CGG": {"individual": [], "joint": {"secondary": 0.8074014738515379, "primary": 0.7385005393261364}}, "CGA|CGT": {"individual": [], "joint": {"secondary": 1.732437486423856, "primary": 0.7355382906398161}}, "CGC|CGG": {"individual": [], "joint": {"secondary": 0.8233606989030791, "primary": 1.716725583322304}}, "CGC|CGT": {"individual": [], "joint": {"secondary": 1.075873642139983, "primary": 2.17545324190942}}, "CGG|CGT": {"individual": [], "joint": {"secondary": 1.198285719838211, "primary": 0.7602989948027346}}, "CTA|CTC": {"individual": [], "joint": {"secondary": 1.121660297832039, "primary": 0.6969041528613034}}, "CTA|CTG": {"individual": [], "joint": {"secondary": 1.317475951011821, "primary": 0.7753449563849194}}, "CTA|CTT": {"individual": [], "joint": {"secondary": 1.69604623110075, "primary": 0.7454736350706637}}, "CTA|TTA": {"individual": [], "joint": {"secondary": 0.7666663669661032, "primary": 0.7404447618528596}}, "CTC|CTG": {"individual": [], "joint": {"secondary": 1.239467673550668, "primary": 0.6986552037637466}}, "CTC|CTT": {"individual": [], "joint": {"secondary": 1.067815527796759, "primary": 0.8238972945752068}}, "CTG|CTT": {"individual": [], "joint": {"secondary": 0.8921133766644787, "primary": 0.6889316710229612}}, "CTG|TTG": {"individual": [], "joint": {"secondary": 0.8747025833285803, "primary": 0.7473707992795098}}, "GAA|GAG": {"individual": [], "joint": {"secondary": 0.7443899486884448, "primary": 0.769448881065543}}, "GAC|GAT": {"individual": [], "joint": {"secondary": 0.7104307185077205, "primary": 0.7095379839018817}}, "GCA|GCC": {"individual": [], "joint": {"secondary": 0.5240274904164444, "primary": 0.7630705816671}}, "GCA|GCG": {"individual": [], "joint": {"secondary": 1.155191181521493, "primary": 0.8669308416410216}}, "GCA|GCT": {"individual": [], "joint": {"secondary": 1.655624516785023, "primary": 0.5548445707333235}}, "GCC|GCG": {"individual": [], "joint": {"secondary": 0.9439303477197049, "primary": 0.641672892973978}}, "GCC|GCT": {"individual": [], "joint": {"secondary": 0.7752721738147706, "primary": 0.7830719657864109}}, "GCG|GCT": {"individual": [], "joint": {"secondary": 1.133154258431875, "primary": 0.7470176746447511}}, "GGA|GGC": {"individual": [], "joint": {"secondary": 0.7112859992606703, "primary": 0.6955032551508714}}, "GGA|GGG": {"individual": [], "joint": {"secondary": 1.692638146746109, "primary": 0.7741771121949127}}, "GGA|GGT": {"individual": [], "joint": {"secondary": 0.4095679058614807, "primary": 0.7336324937778952}}, "GGC|GGG": {"individual": [], "joint": {"secondary": 1.023070653573674, "primary": 0.6614760880295285}}, "GGC|GGT": {"individual": [], "joint": {"secondary": 1.144836826690126, "primary": 1.881415722416625}}, "GGG|GGT": {"individual": [], "joint": {"secondary": 0.6612189057266901, "primary": 1.636922451331518}}, "GTA|GTC": {"individual": [], "joint": {"secondary": 0.7433829236522725, "primary": 1.742351378664964}}, "GTA|GTG": {"individual": [], "joint": {"secondary": 0.8533210235893737, "primary": 2.043795289475141}}, "GTA|GTT": {"individual": [], "joint": {"secondary": 0.8913081303343324, "primary": 1.877319853226711}}, "GTC|GTG": {"individual": [], "joint": {"secondary": 0.7773880055913484, "primary": 1.888241110875847}}, "GTC|GTT": {"individual": [], "joint": {"secondary": 0.7065899315553614, "primary": 2.010641031188596}}, "GTG|GTT": {"individual": [], "joint": {"secondary": 1.276153674216604, "primary": 0.5579156536719301}}, "TAC|TAT": {"individual": [], "joint": {"secondary": 0.9831957563010657, "primary": 0.7356482815281997}}, "TCA|TCC": {"individual": [], "joint": {"secondary": 0.4880222346145017, "primary": 2.036315922480867}}, "TCA|TCG": {"individual": [], "joint": {"secondary": 1.343328072213647, "primary": 1.920738167128822}}, "TCA|TCT": {"individual": [], "joint": {"secondary": 0.4728991457513442, "primary": 1.277184338439759}}, "TCC|TCG": {"individual": [], "joint": {"secondary": 1.088554470546517, "primary": 1.710352178193492}}, "TCC|TCT": {"individual": [], "joint": {"secondary": 1.06213509236969, "primary": 1.908395825050105}}, "TCG|TCT": {"individual": [], "joint": {"secondary": 1.106744553413517, "primary": 1.864347508420524}}, "TGC|TGT": {"individual": [], "joint": {"secondary": 0.8059078281182649, "primary": 1.800802029389479}}, "TTA|TTG": {"individual": [], "joint": {"secondary": 0.8680632530115218, "primary": 0.8152839537706015}}, "TTC|TTT": {"individual": [], "joint": {"secondary": 0.877457383089035, "primary": 0.7001746714288435}}, "model_mixture_p": 0.8999999587052272}