{"baseline-AICc": {"individual": [], "joint": 312018.5962069436}, "baseline-loglikelihood": {"individual": [], "joint": -151840.5360658017}, "joint-AICc": {"individual": [], "joint": 313014.8876702073}, "joint-loglikelihood": {"individual": [], "joint": -151422.1454629103}, "AAA|AAG": {"individual": [], "joint": {"secondary": 1.095134147253267, "primary": 0.7363026823093021}}, "AAC|AAT": {"individual": [], "joint": {"secondary": 0.9979917494140221, "primary": 0.7074709599860841}}, "ACA|ACC": {"individual": [], "joint": {"secondary": 0.889884172320541, "primary": 0.6828492993350623}}, "ACA|ACG": {"individual": [], "joint": {"secondary": 1.075246255235142, "primary": 0.8609873555167105}}, "ACA|ACT": {"individual": [], "joint": {"secondary": 0.7399449477344742, "primary": 0.692143185582718}}, "ACC|ACG": {"individual": [], "joint": {"secondary": 1.072217606829778, "primary": 0.6780718222183225}}, "ACC|ACT": {"individual": [], "joint": {"secondary": 1.068816657318612, "primary": 0.8030285876893637}}, "ACG|ACT": {"individual": [], "joint": {"secondary": 0.8548689595740953, "primary": 0.9188645803556578}}, "AGA|AGG": {"individual": [], "joint": {"secondary": 1.056669832206359, "primary": 0.9345037380339045}}, "AGA|CGA": {"individual": [], "joint": {"secondary": 0.9156313653314148, "primary": 0.7054425492040304}}, "AGC|AGT": {"individual": [], "joint": {"secondary": 0.8909515702679721, "primary": 0.699376072550088}}, "AGG|CGG": {"individual": [], "joint": {"secondary": 1.027503698570219, "primary": 0.8011535517554319}}, "ATA|ATC": {"individual": [], "joint": {"secondary": 1.03879194150782, "primary": 0.7665176450526726}}, "ATA|ATT": {"individual": [], "joint": {"secondary": 1.103942432402576, "primary": 0.5109403911773601}}, "ATC|ATT": {"individual": [], "joint": {"secondary": 1.155462223571804, "primary": 0.5998689218306791}}, "CAA|CAG": {"individual": [], "joint": {"secondary": 1.064007582233554, "primary": 0.8122337060944458}}, "CAC|CAT": {"individual": [], "joint": {"secondary": 1.041789025025091, "primary": 0.9025865009498641}}, "CCA|CCC": {"individual": [], "joint": {"secondary": 1.061039198843687, "primary": 0.7340678724368707}}, "CCA|CCG": {"individual": [], "joint": {"secondary": 0.9178258144902312, "primary": 0.7316443002315071}}, "CCA|CCT": {"individual": [], "joint": {"secondary": 1.160559780047655, "primary": 0.4278838282542808}}, "CCC|CCG": {"individual": [], "joint": {"secondary": 0.9797296632624868, "primary": 0.7186350917799272}}, "CCC|CCT": {"individual": [], "joint": {"secondary": 1.009552315613229, "primary": 0.8953537671406235}}, "CCG|CCT": {"individual": [], "joint": {"secondary": 1.18535517021246, "primary": 0.4115030891468105}}, "CGA|CGC": {"individual": [], "joint": {"secondary": 1.061796155137338, "primary": 0.4398327105163463}}, "CGA|CGG": {"individual": [], "joint": {"secondary": 1.065638113054, "primary": 0.8919113692140445}}, "CGA|CGT": {"individual": [], "joint": {"secondary": 1.113000891450435, "primary": 0.6085358672068251}}, "CGC|CGG": {"individual": [], "joint": {"secondary": 0.9521130753393233, "primary": 1.784198918811672}}, "CGC|CGT": {"individual": [], "joint": {"secondary": 0.9376682718938403, "primary": 1.844768088794694}}, "CGG|CGT": {"individual": [], "joint": {"secondary": 0.9548714468716943, "primary": 0.9568224782232865}}, "CTA|CTC": {"individual": [], "joint": {"secondary": 0.8768476309147764, "primary": 1.1838054974922}}, "CTA|CTG": {"individual": [], "joint": {"secondary": 0.8620060706677324, "primary": 0.711281539880606}}, "CTA|CTT": {"individual": [], "joint": {"secondary": 0.860019155701785, "primary": 0.684551592121199}}, "CTA|TTA": {"individual": [], "joint": {"secondary": 1.080576531227616, "primary": 0.9396527284517}}, "CTC|CTG": {"individual": [], "joint": {"secondary": 0.9379331983107413, "primary": 0.629971645575244}}, "CTC|CTT": {"individual": [], "joint": {"secondary": 0.9567266751255026, "primary": 0.9885432607304696}}, "CTG|CTT": {"individual": [], "joint": {"secondary": 0.9833299528564025, "primary": 0.7433085939878006}}, "CTG|TTG": {"individual": [], "joint": {"secondary": 0.958647190425594, "primary": 0.7043665144373974}}, "GAA|GAG": {"individual": [], "joint": {"secondary": 1.071718288756176, "primary": 0.8743898975828516}}, "GAC|GAT": {"individual": [], "joint": {"secondary": 0.9251484115143701, "primary": 0.8015290447481895}}, "GCA|GCC": {"individual": [], "joint": {"secondary": 1.133109895990728, "primary": 0.6174946995739286}}, "GCA|GCG": {"individual": [], "joint": {"secondary": 1.095576632322425, "primary": 0.8122522841134802}}, "GCA|GCT": {"individual": [], "joint": {"secondary": 0.7685673213832992, "primary": 0.6184605383421362}}, "GCC|GCG": {"individual": [], "joint": {"secondary": 0.922930408199819, "primary": 0.6678894975437693}}, "GCC|GCT": {"individual": [], "joint": {"secondary": 0.92212417266235, "primary": 0.6186411815024206}}, "GCG|GCT": {"individual": [], "joint": {"secondary": 1.123964444436695, "primary": 0.7693484612469369}}, "GGA|GGC": {"individual": [], "joint": {"secondary": 0.9470699604348062, "primary": 0.6729013131998365}}, "GGA|GGG": {"individual": [], "joint": {"secondary": 1.070469354892941, "primary": 0.9170955091274617}}, "GGA|GGT": {"individual": [], "joint": {"secondary": 0.9927071633037218, "primary": 0.7317680421482154}}, "GGC|GGG": {"individual": [], "joint": {"secondary": 0.9436830048074896, "primary": 0.6409672673878525}}, "GGC|GGT": {"individual": [], "joint": {"secondary": 1.12292788639653, "primary": 1.629643590994648}}, "GGG|GGT": {"individual": [], "joint": {"secondary": 0.8097217315455313, "primary": 1.520495326042848}}, "GTA|GTC": {"individual": [], "joint": {"secondary": 1.063856710166194, "primary": 1.855122123052713}}, "GTA|GTG": {"individual": [], "joint": {"secondary": 1.113013458968338, "primary": 1.841863762197316}}, "GTA|GTT": {"individual": [], "joint": {"secondary": 0.9827058528723778, "primary": 2.336677660193799}}, "GTC|GTG": {"individual": [], "joint": {"secondary": 1.11269159024681, "primary": 1.901535530871242}}, "GTC|GTT": {"individual": [], "joint": {"secondary": 1.007331189235676, "primary": 1.873315100288566}}, "GTG|GTT": {"individual": [], "joint": {"secondary": 0.897576677008885, "primary": 0.5932857509579782}}, "TAC|TAT": {"individual": [], "joint": {"secondary": 1.090208648013571, "primary": 0.8657632071567778}}, "TCA|TCC": {"individual": [], "joint": {"secondary": 1.074964294694841, "primary": 1.863171349835816}}, "TCA|TCG": {"individual": [], "joint": {"secondary": 0.9036389279301239, "primary": 2.14747412746662}}, "TCA|TCT": {"individual": [], "joint": {"secondary": 1.036027129941642, "primary": 1.828461870556224}}, "TCC|TCG": {"individual": [], "joint": {"secondary": 1.000549982198842, "primary": 1.418959857017565}}, "TCC|TCT": {"individual": [], "joint": {"secondary": 0.9781546754094559, "primary": 1.426884651879921}}, "TCG|TCT": {"individual": [], "joint": {"secondary": 0.9169117189862884, "primary": 2.123373014844571}}, "TGC|TGT": {"individual": [], "joint": {"secondary": 1.095513876023512, "primary": 1.823664087165801}}, "TTA|TTG": {"individual": [], "joint": {"secondary": 0.90944772575232, "primary": 0.726114038005566}}, "TTC|TTT": {"individual": [], "joint": {"secondary": 0.9635983976609629, "primary": 0.6384769108797451}}, "model_mixture_p": 0.2499323913024679}