{"baseline-AICc": {"individual": [], "joint": 352638.0239158745}, "baseline-loglikelihood": {"individual": [], "joint": -172982.3109562581}, "joint-AICc": {"individual": [], "joint": 351807.0250026419}, "joint-loglikelihood": {"individual": [], "joint": -171667.0939081175}, "AAA|AAG": {"individual": [], "joint": {"secondary": 0.8223756881896982, "primary": 0.8521474222402301}}, "AAC|AAT": {"individual": [], "joint": {"secondary": 0.8182956894440286, "primary": 0.6941722910363534}}, "ACA|ACC": {"individual": [], "joint": {"secondary": 0.6804631226753366, "primary": 0.7577146777228456}}, "ACA|ACG": {"individual": [], "joint": {"secondary": 1.085896354297348, "primary": 0.9181154675880745}}, "ACA|ACT": {"individual": [], "joint": {"secondary": 1.276981698863968, "primary": 0.5571115893206089}}, "ACC|ACG": {"individual": [], "joint": {"secondary": 0.6171248386399372, "primary": 0.6362556399187678}}, "ACC|ACT": {"individual": [], "joint": {"secondary": 0.7016066439240357, "primary": 0.5534812609985352}}, "ACG|ACT": {"individual": [], "joint": {"secondary": 0.7906541184011738, "primary": 0.7634039582584996}}, "AGA|AGG": {"individual": [], "joint": {"secondary": 0.6106377366754014, "primary": 0.8106311960748056}}, "AGA|CGA": {"individual": [], "joint": {"secondary": 0.8173298369873794, "primary": 1.038773613155095}}, "AGC|AGT": {"individual": [], "joint": {"secondary": 0.9528656425133614, "primary": 0.7747634793246481}}, "AGG|CGG": {"individual": [], "joint": {"secondary": 0.7744845830354454, "primary": 0.7527868715039399}}, "ATA|ATC": {"individual": [], "joint": {"secondary": 0.7798222851727087, "primary": 0.6928712113230933}}, "ATA|ATT": {"individual": [], "joint": {"secondary": 0.7929992412610565, "primary": 0.6643929819023728}}, "ATC|ATT": {"individual": [], "joint": {"secondary": 0.6712507488585634, "primary": 0.75419360399938}}, "CAA|CAG": {"individual": [], "joint": {"secondary": 0.803814035639559, "primary": 0.7103504605319342}}, "CAC|CAT": {"individual": [], "joint": {"secondary": 0.7431255456224908, "primary": 0.7936996634876536}}, "CCA|CCC": {"individual": [], "joint": {"secondary": 0.8256430106318358, "primary": 0.7636650570332999}}, "CCA|CCG": {"individual": [], "joint": {"secondary": 0.8150281347608639, "primary": 0.6982889511975949}}, "CCA|CCT": {"individual": [], "joint": {"secondary": 1.007072853195344, "primary": 0.5810448938299916}}, "CCC|CCG": {"individual": [], "joint": {"secondary": 0.6430574958417494, "primary": 0.636569789043728}}, "CCC|CCT": {"individual": [], "joint": {"secondary": 0.5659165779228774, "primary": 0.7441998020987229}}, "CCG|CCT": {"individual": [], "joint": {"secondary": 0.533669999528034, "primary": 0.6214315741455738}}, "CGA|CGC": {"individual": [], "joint": {"secondary": 0.6621724908770228, "primary": 0.7206854169337246}}, "CGA|CGG": {"individual": [], "joint": {"secondary": 0.8236003613661812, "primary": 0.6272773500885461}}, "CGA|CGT": {"individual": [], "joint": {"secondary": 0.9714004238420909, "primary": 0.8686026518461071}}, "CGC|CGG": {"individual": [], "joint": {"secondary": 1.859658723546221, "primary": 1.539969214456066}}, "CGC|CGT": {"individual": [], "joint": {"secondary": 1.859586468087794, "primary": 2.080111995990373}}, "CGG|CGT": {"individual": [], "joint": {"secondary": 0.304418364240416, "primary": 0.901032246621044}}, "CTA|CTC": {"individual": [], "joint": {"secondary": 0.9583234588629328, "primary": 0.7359946216377812}}, "CTA|CTG": {"individual": [], "joint": {"secondary": 0.7165654405249156, "primary": 0.7604280135137386}}, "CTA|CTT": {"individual": [], "joint": {"secondary": 0.6000908172365791, "primary": 0.4728083684364224}}, "CTA|TTA": {"individual": [], "joint": {"secondary": 0.793261074382981, "primary": 0.631157606664073}}, "CTC|CTG": {"individual": [], "joint": {"secondary": 0.6750912364653577, "primary": 0.7105840963262492}}, "CTC|CTT": {"individual": [], "joint": {"secondary": 0.7407194847596225, "primary": 0.6950124347458286}}, "CTG|CTT": {"individual": [], "joint": {"secondary": 0.9649295813498069, "primary": 0.6932430971199292}}, "CTG|TTG": {"individual": [], "joint": {"secondary": 0.8923580220385744, "primary": 0.7153710967724614}}, "GAA|GAG": {"individual": [], "joint": {"secondary": 0.8367816931549484, "primary": 0.7950059695804162}}, "GAC|GAT": {"individual": [], "joint": {"secondary": 0.7048570011627651, "primary": 0.7241623476361712}}, "GCA|GCC": {"individual": [], "joint": {"secondary": 0.8921505810435245, "primary": 0.680762737757632}}, "GCA|GCG": {"individual": [], "joint": {"secondary": 0.8299182267180053, "primary": 0.833285197464956}}, "GCA|GCT": {"individual": [], "joint": {"secondary": 0.2819131218300288, "primary": 0.6243488385091877}}, "GCC|GCG": {"individual": [], "joint": {"secondary": 0.7283962910022465, "primary": 0.707780435337619}}, "GCC|GCT": {"individual": [], "joint": {"secondary": 0.7255035533071379, "primary": 0.7964345722109188}}, "GCG|GCT": {"individual": [], "joint": {"secondary": 0.6696794661176644, "primary": 0.7491894580858215}}, "GGA|GGC": {"individual": [], "joint": {"secondary": 0.6804085068004536, "primary": 0.7877853908635936}}, "GGA|GGG": {"individual": [], "joint": {"secondary": 0.7553935151981351, "primary": 0.8142594455594024}}, "GGA|GGT": {"individual": [], "joint": {"secondary": 0.5281360861232507, "primary": 0.7220099024886525}}, "GGC|GGG": {"individual": [], "joint": {"secondary": 0.7464135488823124, "primary": 0.6307606552815325}}, "GGC|GGT": {"individual": [], "joint": {"secondary": 1.320212029150072, "primary": 1.719945382792582}}, "GGG|GGT": {"individual": [], "joint": {"secondary": 1.713385143152589, "primary": 1.847555275949565}}, "GTA|GTC": {"individual": [], "joint": {"secondary": 1.726591643233379, "primary": 2.033520437399942}}, "GTA|GTG": {"individual": [], "joint": {"secondary": 1.902683651004151, "primary": 1.778923887143215}}, "GTA|GTT": {"individual": [], "joint": {"secondary": 1.371522533409292, "primary": 2.062437059899001}}, "GTC|GTG": {"individual": [], "joint": {"secondary": 1.75243704450933, "primary": 1.688887899841296}}, "GTC|GTT": {"individual": [], "joint": {"secondary": 2.077040298069837, "primary": 1.909185692470642}}, "GTG|GTT": {"individual": [], "joint": {"secondary": 0.7038204814032506, "primary": 0.6692882875992958}}, "TAC|TAT": {"individual": [], "joint": {"secondary": 0.8180118084862095, "primary": 0.7048118313818665}}, "TCA|TCC": {"individual": [], "joint": {"secondary": 1.687923009740963, "primary": 2.148315801176585}}, "TCA|TCG": {"individual": [], "joint": {"secondary": 1.899078797189153, "primary": 2.07820239986863}}, "TCA|TCT": {"individual": [], "joint": {"secondary": 1.16572819531756, "primary": 1.280592328735683}}, "TCC|TCG": {"individual": [], "joint": {"secondary": 1.769888511876693, "primary": 1.855464117345488}}, "TCC|TCT": {"individual": [], "joint": {"secondary": 1.832862080376264, "primary": 2.158265109915844}}, "TCG|TCT": {"individual": [], "joint": {"secondary": 2.227680301571064, "primary": 1.750073073743375}}, "TGC|TGT": {"individual": [], "joint": {"secondary": 2.059552599526031, "primary": 2.109926196637782}}, "TTA|TTG": {"individual": [], "joint": {"secondary": 0.9286505320740905, "primary": 0.7165846218033725}}, "TTC|TTT": {"individual": [], "joint": {"secondary": 0.7110879189069103, "primary": 0.6998919786318233}}, "model_mixture_p": 0.6871341109022439}