{"baseline-AICc": {"individual": [], "joint": 312225.7747760128}, "baseline-loglikelihood": {"individual": [], "joint": -151955.9516256204}, "joint-AICc": {"individual": [], "joint": 313108.2046952827}, "joint-loglikelihood": {"individual": [], "joint": -151480.6302507322}, "AAA|AAG": {"individual": [], "joint": {"secondary": 0.8430003613255936, "primary": 1.091589275427051}}, "AAC|AAT": {"individual": [], "joint": {"secondary": 0.859573361291432, "primary": 1.092910011354331}}, "ACA|ACC": {"individual": [], "joint": {"secondary": 0.8068206282375243, "primary": 1.033521848410077}}, "ACA|ACG": {"individual": [], "joint": {"secondary": 0.685790382083397, "primary": 0.9189551367106985}}, "ACA|ACT": {"individual": [], "joint": {"secondary": 0.3743704487500094, "primary": 0.9990809100775414}}, "ACC|ACG": {"individual": [], "joint": {"secondary": 0.621558805067137, "primary": 1.14858197857095}}, "ACC|ACT": {"individual": [], "joint": {"secondary": 0.9836753809306764, "primary": 0.9298543020678276}}, "ACG|ACT": {"individual": [], "joint": {"secondary": 0.804064695326702, "primary": 0.8713815233696633}}, "AGA|AGG": {"individual": [], "joint": {"secondary": 0.6779917736551918, "primary": 0.7635341819020334}}, "AGA|CGA": {"individual": [], "joint": {"secondary": 0.5892578363193695, "primary": 1.004332986618012}}, "AGC|AGT": {"individual": [], "joint": {"secondary": 0.6586069918770282, "primary": 0.9650208752617946}}, "AGG|CGG": {"individual": [], "joint": {"secondary": 0.7660988135503601, "primary": 1.116422049653313}}, "ATA|ATC": {"individual": [], "joint": {"secondary": 0.7326143959634581, "primary": 0.8847392563714834}}, "ATA|ATT": {"individual": [], "joint": {"secondary": 0.7331474114248319, "primary": 1.117638971545798}}, "ATC|ATT": {"individual": [], "joint": {"secondary": 0.791021874810326, "primary": 0.902241544109211}}, "CAA|CAG": {"individual": [], "joint": {"secondary": 0.8262819964272093, "primary": 1.078755607154557}}, "CAC|CAT": {"individual": [], "joint": {"secondary": 0.70251643787033, "primary": 1.032995073803751}}, "CCA|CCC": {"individual": [], "joint": {"secondary": 0.8560934117862001, "primary": 0.9778595515274372}}, "CCA|CCG": {"individual": [], "joint": {"secondary": 0.7951641373236034, "primary": 0.9812806944267276}}, "CCA|CCT": {"individual": [], "joint": {"secondary": 0.58355914092869, "primary": 0.8932576210330464}}, "CCC|CCG": {"individual": [], "joint": {"secondary": 0.6277572392340132, "primary": 0.962862082767688}}, "CCC|CCT": {"individual": [], "joint": {"secondary": 0.7688570646477725, "primary": 1.08698067223282}}, "CCG|CCT": {"individual": [], "joint": {"secondary": 0.5544825583300356, "primary": 1.176759959790792}}, "CGA|CGC": {"individual": [], "joint": {"secondary": 1.108535268904023, "primary": 1.078412669265644}}, "CGA|CGG": {"individual": [], "joint": {"secondary": 0.922405768264931, "primary": 1.026265529365425}}, "CGA|CGT": {"individual": [], "joint": {"secondary": 0.8507209061781358, "primary": 1.366500690245311}}, "CGC|CGG": {"individual": [], "joint": {"secondary": 1.98021078906863, "primary": 0.9370619055625125}}, "CGC|CGT": {"individual": [], "joint": {"secondary": 1.574344017377317, "primary": 1.033264725266821}}, "CGG|CGT": {"individual": [], "joint": {"secondary": 0.9043642970639845, "primary": 1.102305359815584}}, "CTA|CTC": {"individual": [], "joint": {"secondary": 0.6521166258111847, "primary": 0.9420265857851688}}, "CTA|CTG": {"individual": [], "joint": {"secondary": 0.7116458545075209, "primary": 0.9797719272109711}}, "CTA|CTT": {"individual": [], "joint": {"secondary": 0.5330683598895973, "primary": 1.145970222817483}}, "CTA|TTA": {"individual": [], "joint": {"secondary": 0.6923267157434879, "primary": 0.9227865818747805}}, "CTC|CTG": {"individual": [], "joint": {"secondary": 0.6219109825377478, "primary": 0.890102359755066}}, "CTC|CTT": {"individual": [], "joint": {"secondary": 0.6032398438458815, "primary": 0.9357024140501341}}, "CTG|CTT": {"individual": [], "joint": {"secondary": 0.8301041153923808, "primary": 0.9028606372295649}}, "CTG|TTG": {"individual": [], "joint": {"secondary": 0.6471716294511279, "primary": 0.9474467197526407}}, "GAA|GAG": {"individual": [], "joint": {"secondary": 0.8104367967746371, "primary": 1.099487395312222}}, "GAC|GAT": {"individual": [], "joint": {"secondary": 0.8032921265170486, "primary": 1.045960739163118}}, "GCA|GCC": {"individual": [], "joint": {"secondary": 0.595460945460916, "primary": 1.029280991437421}}, "GCA|GCG": {"individual": [], "joint": {"secondary": 0.8748993643323147, "primary": 0.9807664747784254}}, "GCA|GCT": {"individual": [], "joint": {"secondary": 0.5433870477429681, "primary": 0.9234901487845916}}, "GCC|GCG": {"individual": [], "joint": {"secondary": 0.6449725217907021, "primary": 0.9304682458772634}}, "GCC|GCT": {"individual": [], "joint": {"secondary": 0.6694696598922831, "primary": 1.000228191123809}}, "GCG|GCT": {"individual": [], "joint": {"secondary": 0.6835353695178786, "primary": 1.023790432184888}}, "GGA|GGC": {"individual": [], "joint": {"secondary": 0.4767582674036011, "primary": 1.006402698684261}}, "GGA|GGG": {"individual": [], "joint": {"secondary": 0.8175392096148365, "primary": 1.074985996733594}}, "GGA|GGT": {"individual": [], "joint": {"secondary": 1.023718065416415, "primary": 0.8878976948900271}}, "GGC|GGG": {"individual": [], "joint": {"secondary": 0.6028573906420109, "primary": 0.9228145775058288}}, "GGC|GGT": {"individual": [], "joint": {"secondary": 1.936674302730816, "primary": 1.140012476978841}}, "GGG|GGT": {"individual": [], "joint": {"secondary": 2.137824247712178, "primary": 0.8714260391582406}}, "GTA|GTC": {"individual": [], "joint": {"secondary": 1.974547675185934, "primary": 1.106129197010418}}, "GTA|GTG": {"individual": [], "joint": {"secondary": 1.696649331238655, "primary": 1.054533861537169}}, "GTA|GTT": {"individual": [], "joint": {"secondary": 1.335296252527769, "primary": 0.8169505203369875}}, "GTC|GTG": {"individual": [], "joint": {"secondary": 1.943634281542404, "primary": 0.9437000186340093}}, "GTC|GTT": {"individual": [], "joint": {"secondary": 2.013050681494698, "primary": 0.8783432359204582}}, "GTG|GTT": {"individual": [], "joint": {"secondary": 0.7889710592120351, "primary": 1.008426622173313}}, "TAC|TAT": {"individual": [], "joint": {"secondary": 0.8059033627155299, "primary": 1.010483922471314}}, "TCA|TCC": {"individual": [], "joint": {"secondary": 1.852219116792802, "primary": 1.173249091928284}}, "TCA|TCG": {"individual": [], "joint": {"secondary": 1.73022495926316, "primary": 0.8928990807186167}}, "TCA|TCT": {"individual": [], "joint": {"secondary": 1.488745591872782, "primary": 0.8097007466776401}}, "TCC|TCG": {"individual": [], "joint": {"secondary": 1.920161940717153, "primary": 1.122180914476746}}, "TCC|TCT": {"individual": [], "joint": {"secondary": 1.9935020675667, "primary": 1.059708611434457}}, "TCG|TCT": {"individual": [], "joint": {"secondary": 1.85355266299451, "primary": 0.8553807242684519}}, "TGC|TGT": {"individual": [], "joint": {"secondary": 2.088695512229619, "primary": 1.057501506471115}}, "TTA|TTG": {"individual": [], "joint": {"secondary": 0.8042783655539084, "primary": 0.9420471714328279}}, "TTC|TTT": {"individual": [], "joint": {"secondary": 0.8152715023468742, "primary": 1.090718229711927}}, "model_mixture_p": 0.749815073530544}