{"baseline-AICc": {"individual": [], "joint": 353154.1081935765}, "baseline-loglikelihood": {"individual": [], "joint": -173240.3530951091}, "joint-AICc": {"individual": [], "joint": 353009.6722491679}, "joint-loglikelihood": {"individual": [], "joint": -172268.4175313805}, "AAA|AAG": {"individual": [], "joint": {"secondary": 0.3851861389574393, "primary": 0.5426481261272198}}, "AAC|AAT": {"individual": [], "joint": {"secondary": 0.5350114571320906, "primary": 0.4709101642166134}}, "ACA|ACC": {"individual": [], "joint": {"secondary": 0.4717697142745014, "primary": 0.4550307185770222}}, "ACA|ACG": {"individual": [], "joint": {"secondary": 0.730003120980514, "primary": 0.423578324986648}}, "ACA|ACT": {"individual": [], "joint": {"secondary": 0.3908802459826363, "primary": 0.3987627639912767}}, "ACC|ACG": {"individual": [], "joint": {"secondary": 0.4909503869567336, "primary": 0.4245871381655598}}, "ACC|ACT": {"individual": [], "joint": {"secondary": 0.5097224415943674, "primary": 0.4886403917227976}}, "ACG|ACT": {"individual": [], "joint": {"secondary": 0.3206170698527762, "primary": 0.3757845247645019}}, "AGA|AGG": {"individual": [], "joint": {"secondary": 0.6288020567133578, "primary": 0.4641341058370834}}, "AGA|CGA": {"individual": [], "joint": {"secondary": 0.1976285918901836, "primary": 0.4771393589444859}}, "AGC|AGT": {"individual": [], "joint": {"secondary": 0.4117157163172545, "primary": 0.5305747122513064}}, "AGG|CGG": {"individual": [], "joint": {"secondary": 1.343135454670119, "primary": 1.278994944361598}}, "ATA|ATC": {"individual": [], "joint": {"secondary": 0.808263573622331, "primary": 0.3850638775602879}}, "ATA|ATT": {"individual": [], "joint": {"secondary": 0.320733214867961, "primary": 0.4995191121274789}}, "ATC|ATT": {"individual": [], "joint": {"secondary": 0.3424605890944307, "primary": 0.4677087659229044}}, "CAA|CAG": {"individual": [], "joint": {"secondary": 0.5873705639433267, "primary": 0.5059844351992931}}, "CAC|CAT": {"individual": [], "joint": {"secondary": 0.4129384757105616, "primary": 0.4863232243286759}}, "CCA|CCC": {"individual": [], "joint": {"secondary": 0.7819826828896942, "primary": 1.22159863432709}}, "CCA|CCG": {"individual": [], "joint": {"secondary": 0.6630122765836683, "primary": 1.168879501666546}}, "CCA|CCT": {"individual": [], "joint": {"secondary": 0.6273829737276658, "primary": 1.277404518000573}}, "CCC|CCG": {"individual": [], "joint": {"secondary": 1.003042827396309, "primary": 1.125363203644366}}, "CCC|CCT": {"individual": [], "joint": {"secondary": 1.271616906580573, "primary": 1.328041738568424}}, "CCG|CCT": {"individual": [], "joint": {"secondary": 1.151586767560578, "primary": 1.240845406240624}}, "CGA|CGC": {"individual": [], "joint": {"secondary": 0.8116168963054778, "primary": 1.515747609360104}}, "CGA|CGG": {"individual": [], "joint": {"secondary": 0.9783457510204747, "primary": 1.162932876850126}}, "CGA|CGT": {"individual": [], "joint": {"secondary": 1.131709483814642, "primary": 1.45906758448272}}, "CGC|CGG": {"individual": [], "joint": {"secondary": 1.30086697074098, "primary": 1.073499269458755}}, "CGC|CGT": {"individual": [], "joint": {"secondary": 1.8235587246424, "primary": 1.12065114449688}}, "CGG|CGT": {"individual": [], "joint": {"secondary": 0.949716483954879, "primary": 0.989470476547957}}, "CTA|CTC": {"individual": [], "joint": {"secondary": 1.076990829720801, "primary": 1.126303023971166}}, "CTA|CTG": {"individual": [], "joint": {"secondary": 1.248958753751592, "primary": 1.365789092492831}}, "CTA|CTT": {"individual": [], "joint": {"secondary": 0.5423558121224527, "primary": 1.418817912380091}}, "CTA|TTA": {"individual": [], "joint": {"secondary": 1.110362194571777, "primary": 1.152257747441024}}, "CTC|CTG": {"individual": [], "joint": {"secondary": 1.214600213868697, "primary": 1.06728071326294}}, "CTC|CTT": {"individual": [], "joint": {"secondary": 1.196685234945372, "primary": 1.293304413715307}}, "CTG|CTT": {"individual": [], "joint": {"secondary": 1.276838710487916, "primary": 0.8331943200493316}}, "CTG|TTG": {"individual": [], "joint": {"secondary": 1.319904013510731, "primary": 1.223005232222508}}, "GAA|GAG": {"individual": [], "joint": {"secondary": 1.153302148578543, "primary": 1.194588796202562}}, "GAC|GAT": {"individual": [], "joint": {"secondary": 1.228501084465061, "primary": 1.110370527166355}}, "GCA|GCC": {"individual": [], "joint": {"secondary": 1.169101014758709, "primary": 1.246497221660019}}, "GCA|GCG": {"individual": [], "joint": {"secondary": 1.291465846854591, "primary": 1.189213263089007}}, "GCA|GCT": {"individual": [], "joint": {"secondary": 0.005247047276493976, "primary": 0.4675165713340239}}, "GCC|GCG": {"individual": [], "joint": {"secondary": 1.214912689275001, "primary": 1.099358302209817}}, "GCC|GCT": {"individual": [], "joint": {"secondary": 0.9971879732223652, "primary": 1.280871778637843}}, "GCG|GCT": {"individual": [], "joint": {"secondary": 1.087110131783807, "primary": 0.98695827051424}}, "GGA|GGC": {"individual": [], "joint": {"secondary": 1.357311680614703, "primary": 0.9813325483048462}}, "GGA|GGG": {"individual": [], "joint": {"secondary": 1.589764708175893, "primary": 1.293844932097159}}, "GGA|GGT": {"individual": [], "joint": {"secondary": 0.82028332607136, "primary": 1.036613278298061}}, "GGC|GGG": {"individual": [], "joint": {"secondary": 0.9485647305735261, "primary": 1.207798853112125}}, "GGC|GGT": {"individual": [], "joint": {"secondary": 1.101545068952271, "primary": 1.290944362949824}}, "GGG|GGT": {"individual": [], "joint": {"secondary": 1.522532574644804, "primary": 1.016182599265131}}, "GTA|GTC": {"individual": [], "joint": {"secondary": 1.222867519215261, "primary": 1.10229849122357}}, "GTA|GTG": {"individual": [], "joint": {"secondary": 1.14589096253168, "primary": 1.266898533296031}}, "GTA|GTT": {"individual": [], "joint": {"secondary": 1.574403303343948, "primary": 0.8803817772599272}}, "GTC|GTG": {"individual": [], "joint": {"secondary": 1.328647895732839, "primary": 1.13500353006809}}, "GTC|GTT": {"individual": [], "joint": {"secondary": 1.075232327484628, "primary": 1.145044226496781}}, "GTG|GTT": {"individual": [], "joint": {"secondary": 1.047975944804451, "primary": 1.202470486823388}}, "TAC|TAT": {"individual": [], "joint": {"secondary": 1.359088975605748, "primary": 1.209593244127933}}, "TCA|TCC": {"individual": [], "joint": {"secondary": 1.499811183990303, "primary": 1.180849989304197}}, "TCA|TCG": {"individual": [], "joint": {"secondary": 1.274682025431425, "primary": 1.289641177495295}}, "TCA|TCT": {"individual": [], "joint": {"secondary": 1.843284171767296, "primary": 0.880268028516919}}, "TCC|TCG": {"individual": [], "joint": {"secondary": 1.005756697115385, "primary": 1.083537863714871}}, "TCC|TCT": {"individual": [], "joint": {"secondary": 1.346330370045985, "primary": 1.430827209482778}}, "TCG|TCT": {"individual": [], "joint": {"secondary": 1.417089227487137, "primary": 1.274433446442527}}, "TGC|TGT": {"individual": [], "joint": {"secondary": 1.107685924111371, "primary": 1.31792865002315}}, "TTA|TTG": {"individual": [], "joint": {"secondary": 1.505952524518994, "primary": 1.255250613066804}}, "TTC|TTT": {"individual": [], "joint": {"secondary": 1.390147600809127, "primary": 1.104642319552597}}, "model_mixture_p": 0.8751492597223129}