{"baseline-AICc": {"individual": [], "joint": 312664.1412420932}, "baseline-loglikelihood": {"individual": [], "joint": -152186.9611339448}, "joint-AICc": {"individual": [], "joint": 313548.6678725202}, "joint-loglikelihood": {"individual": [], "joint": -151712.6881146351}, "AAA|AAG": {"individual": [], "joint": {"secondary": 0.7661579667075874, "primary": 0.8700112455988056}}, "AAC|AAT": {"individual": [], "joint": {"secondary": 0.5464603852822996, "primary": 0.9998308673857128}}, "ACA|ACC": {"individual": [], "joint": {"secondary": 0.8570666540208378, "primary": 0.9576994375783928}}, "ACA|ACG": {"individual": [], "joint": {"secondary": 0.7600168368688155, "primary": 1.006809269618266}}, "ACA|ACT": {"individual": [], "joint": {"secondary": 0.7727408951022142, "primary": 0.8592541695498747}}, "ACC|ACG": {"individual": [], "joint": {"secondary": 0.6963610378500743, "primary": 1.138758935120464}}, "ACC|ACT": {"individual": [], "joint": {"secondary": 0.6860405586356586, "primary": 0.9497736825360773}}, "ACG|ACT": {"individual": [], "joint": {"secondary": 0.5322734604268902, "primary": 0.8676050620039824}}, "AGA|AGG": {"individual": [], "joint": {"secondary": 0.8190122485088379, "primary": 0.9550582241601541}}, "AGA|CGA": {"individual": [], "joint": {"secondary": 0.5903513657223078, "primary": 1.001737197806791}}, "AGC|AGT": {"individual": [], "joint": {"secondary": 0.701864132251506, "primary": 0.9339717720092859}}, "AGG|CGG": {"individual": [], "joint": {"secondary": 0.9273520329799703, "primary": 0.9021779117555283}}, "ATA|ATC": {"individual": [], "joint": {"secondary": 0.5107082565458362, "primary": 1.001831716378895}}, "ATA|ATT": {"individual": [], "joint": {"secondary": 0.7791357275294325, "primary": 1.170965786884513}}, "ATC|ATT": {"individual": [], "joint": {"secondary": 0.9257195734814493, "primary": 0.9459663687966756}}, "CAA|CAG": {"individual": [], "joint": {"secondary": 0.7490842813481274, "primary": 0.9654356960923923}}, "CAC|CAT": {"individual": [], "joint": {"secondary": 0.7054611553463308, "primary": 0.9859537119563969}}, "CCA|CCC": {"individual": [], "joint": {"secondary": 0.8136985612627429, "primary": 0.9774336114049085}}, "CCA|CCG": {"individual": [], "joint": {"secondary": 0.9864693271968296, "primary": 0.9668832128588501}}, "CCA|CCT": {"individual": [], "joint": {"secondary": 0.6868620923501245, "primary": 0.7076739285537536}}, "CCC|CCG": {"individual": [], "joint": {"secondary": 0.6733739343471721, "primary": 0.9264949203915273}}, "CCC|CCT": {"individual": [], "joint": {"secondary": 0.6219943678046445, "primary": 1.065332509013479}}, "CCG|CCT": {"individual": [], "joint": {"secondary": 0.5725699358331626, "primary": 1.086574798663497}}, "CGA|CGC": {"individual": [], "joint": {"secondary": 0.9637556112670114, "primary": 1.184874018409287}}, "CGA|CGG": {"individual": [], "joint": {"secondary": 0.7512328372366732, "primary": 0.997582232329392}}, "CGA|CGT": {"individual": [], "joint": {"secondary": 0.5222443119747332, "primary": 1.33418395981637}}, "CGC|CGG": {"individual": [], "joint": {"secondary": 1.485717399811515, "primary": 0.928340788948911}}, "CGC|CGT": {"individual": [], "joint": {"secondary": 1.625869388746337, "primary": 1.080786819423726}}, "CGG|CGT": {"individual": [], "joint": {"secondary": 1.130857957122007, "primary": 0.996131780399601}}, "CTA|CTC": {"individual": [], "joint": {"secondary": 0.7901517619445406, "primary": 1.072055243205083}}, "CTA|CTG": {"individual": [], "joint": {"secondary": 0.8233123249843247, "primary": 0.9630045220100634}}, "CTA|CTT": {"individual": [], "joint": {"secondary": 0.8842857330256629, "primary": 0.9969210015379666}}, "CTA|TTA": {"individual": [], "joint": {"secondary": 0.8321944241759219, "primary": 1.000636721357017}}, "CTC|CTG": {"individual": [], "joint": {"secondary": 0.5968646793285167, "primary": 0.9468146197999013}}, "CTC|CTT": {"individual": [], "joint": {"secondary": 0.625454416616103, "primary": 1.123006704010562}}, "CTG|CTT": {"individual": [], "joint": {"secondary": 0.6967626107788817, "primary": 1.000924783692962}}, "CTG|TTG": {"individual": [], "joint": {"secondary": 0.8976649735096386, "primary": 1.086348761844872}}, "GAA|GAG": {"individual": [], "joint": {"secondary": 0.7268429812412747, "primary": 1.027045749562945}}, "GAC|GAT": {"individual": [], "joint": {"secondary": 0.725509828517303, "primary": 0.9993163772089001}}, "GCA|GCC": {"individual": [], "joint": {"secondary": 0.437172908935556, "primary": 0.9954172841406701}}, "GCA|GCG": {"individual": [], "joint": {"secondary": 0.5885154864046841, "primary": 1.002294535028927}}, "GCA|GCT": {"individual": [], "joint": {"secondary": 0.7175771916548317, "primary": 0.991820294606165}}, "GCC|GCG": {"individual": [], "joint": {"secondary": 0.6165176005879786, "primary": 0.970342701749387}}, "GCC|GCT": {"individual": [], "joint": {"secondary": 0.6319686017572614, "primary": 0.8641754234588969}}, "GCG|GCT": {"individual": [], "joint": {"secondary": 0.8040528883630966, "primary": 1.025371573537748}}, "GGA|GGC": {"individual": [], "joint": {"secondary": 0.7288126411576811, "primary": 1.026510390935412}}, "GGA|GGG": {"individual": [], "joint": {"secondary": 0.7533709607823094, "primary": 1.147891059982443}}, "GGA|GGT": {"individual": [], "joint": {"secondary": 1.038443310174671, "primary": 0.6572230772880608}}, "GGC|GGG": {"individual": [], "joint": {"secondary": 0.7333702253102223, "primary": 0.9224320728422521}}, "GGC|GGT": {"individual": [], "joint": {"secondary": 1.778491523309207, "primary": 1.001689450140596}}, "GGG|GGT": {"individual": [], "joint": {"secondary": 1.938481067485329, "primary": 1.241400177140495}}, "GTA|GTC": {"individual": [], "joint": {"secondary": 2.276226280304644, "primary": 1.02261622633373}}, "GTA|GTG": {"individual": [], "joint": {"secondary": 2.118993784544068, "primary": 1.062991335466874}}, "GTA|GTT": {"individual": [], "joint": {"secondary": 2.052743637758103, "primary": 1.124056354331706}}, "GTC|GTG": {"individual": [], "joint": {"secondary": 1.783877819650179, "primary": 1.022160027099751}}, "GTC|GTT": {"individual": [], "joint": {"secondary": 2.02655312723591, "primary": 0.9282576690495836}}, "GTG|GTT": {"individual": [], "joint": {"secondary": 0.5149659237228791, "primary": 0.9617934401865545}}, "TAC|TAT": {"individual": [], "joint": {"secondary": 0.9202084295435353, "primary": 1.004319355982276}}, "TCA|TCC": {"individual": [], "joint": {"secondary": 1.943921066107015, "primary": 0.9534360600930004}}, "TCA|TCG": {"individual": [], "joint": {"secondary": 2.095650875647298, "primary": 0.9264589701308052}}, "TCA|TCT": {"individual": [], "joint": {"secondary": 1.201373499712949, "primary": 1.253772762411917}}, "TCC|TCG": {"individual": [], "joint": {"secondary": 1.774384497293518, "primary": 1.051052649000478}}, "TCC|TCT": {"individual": [], "joint": {"secondary": 1.613606808939877, "primary": 0.9736342265074571}}, "TCG|TCT": {"individual": [], "joint": {"secondary": 1.741391885883215, "primary": 0.7858457623580176}}, "TGC|TGT": {"individual": [], "joint": {"secondary": 1.908699908544095, "primary": 0.960886962484603}}, "TTA|TTG": {"individual": [], "joint": {"secondary": 0.8785580004478488, "primary": 1.095975029410294}}, "TTC|TTT": {"individual": [], "joint": {"secondary": 0.6225740210587557, "primary": 1.044967008626126}}, "model_mixture_p": 0.7498723732378533}