{"baseline-AICc": {"individual": [], "joint": 339672.5175737887}, "baseline-loglikelihood": {"individual": [], "joint": -165654.3328080366}, "joint-AICc": {"individual": [], "joint": 340286.6951523612}, "joint-loglikelihood": {"individual": [], "joint": -165039.3753288691}, "AAA|AAG": {"individual": [], "joint": {"secondary": 1.036149804838005, "primary": 0.7912561513873678}}, "AAC|AAT": {"individual": [], "joint": {"secondary": 0.9132414614755909, "primary": 0.6499295309000649}}, "ACA|ACC": {"individual": [], "joint": {"secondary": 0.7969920903058055, "primary": 0.8486955373490674}}, "ACA|ACG": {"individual": [], "joint": {"secondary": 1.021081145460498, "primary": 0.8488668496616584}}, "ACA|ACT": {"individual": [], "joint": {"secondary": 0.973365717513949, "primary": 0.6845252145015648}}, "ACC|ACG": {"individual": [], "joint": {"secondary": 0.9889553553871909, "primary": 0.7348678439001202}}, "ACC|ACT": {"individual": [], "joint": {"secondary": 0.9665088165743934, "primary": 0.8037552207458308}}, "ACG|ACT": {"individual": [], "joint": {"secondary": 0.8838965528251694, "primary": 0.793890222804878}}, "AGA|AGG": {"individual": [], "joint": {"secondary": 0.7979909290799533, "primary": 0.7610785725782221}}, "AGA|CGA": {"individual": [], "joint": {"secondary": 0.938690092849294, "primary": 0.6540847390665567}}, "AGC|AGT": {"individual": [], "joint": {"secondary": 1.023048879234133, "primary": 0.7726560594612274}}, "AGG|CGG": {"individual": [], "joint": {"secondary": 0.923991194794618, "primary": 0.6914760115021501}}, "ATA|ATC": {"individual": [], "joint": {"secondary": 0.8294706096159635, "primary": 0.8052622231359299}}, "ATA|ATT": {"individual": [], "joint": {"secondary": 1.175814692426309, "primary": 0.7277469729090593}}, "ATC|ATT": {"individual": [], "joint": {"secondary": 0.9807149823145056, "primary": 0.8405200264391522}}, "CAA|CAG": {"individual": [], "joint": {"secondary": 0.9983790673161397, "primary": 0.71694109692657}}, "CAC|CAT": {"individual": [], "joint": {"secondary": 1.140297748182476, "primary": 0.7622713826131217}}, "CCA|CCC": {"individual": [], "joint": {"secondary": 1.03320471459834, "primary": 0.7583905297882227}}, "CCA|CCG": {"individual": [], "joint": {"secondary": 1.096257471680652, "primary": 0.8369268331854861}}, "CCA|CCT": {"individual": [], "joint": {"secondary": 0.9800757397841374, "primary": 0.6192490057161828}}, "CCC|CCG": {"individual": [], "joint": {"secondary": 1.031006340754553, "primary": 0.7013180542411951}}, "CCC|CCT": {"individual": [], "joint": {"secondary": 0.8976529487513502, "primary": 0.7220134141957121}}, "CCG|CCT": {"individual": [], "joint": {"secondary": 0.985367862836246, "primary": 0.6981729187635057}}, "CGA|CGC": {"individual": [], "joint": {"secondary": 1.044752712305576, "primary": 0.7288195044737832}}, "CGA|CGG": {"individual": [], "joint": {"secondary": 1.030936766448946, "primary": 0.789055000876018}}, "CGA|CGT": {"individual": [], "joint": {"secondary": 0.9970472087872109, "primary": 0.8241996153754566}}, "CGC|CGG": {"individual": [], "joint": {"secondary": 0.9779761508641995, "primary": 1.771653150718754}}, "CGC|CGT": {"individual": [], "joint": {"secondary": 0.9270860892820707, "primary": 1.350366515505831}}, "CGG|CGT": {"individual": [], "joint": {"secondary": 1.206631384518589, "primary": 1.139544359255565}}, "CTA|CTC": {"individual": [], "joint": {"secondary": 1.262922280059729, "primary": 0.7962209927147958}}, "CTA|CTG": {"individual": [], "joint": {"secondary": 0.909320235320353, "primary": 0.8037497510957974}}, "CTA|CTT": {"individual": [], "joint": {"secondary": 1.259708512036968, "primary": 0.7069841293984555}}, "CTA|TTA": {"individual": [], "joint": {"secondary": 0.8846896303838332, "primary": 0.760853313551293}}, "CTC|CTG": {"individual": [], "joint": {"secondary": 0.9071113867052576, "primary": 0.6382441244560807}}, "CTC|CTT": {"individual": [], "joint": {"secondary": 0.9918028911009916, "primary": 0.6580162041323243}}, "CTG|CTT": {"individual": [], "joint": {"secondary": 1.079924933831008, "primary": 0.7163634070108466}}, "CTG|TTG": {"individual": [], "joint": {"secondary": 0.9796669291748331, "primary": 0.745174401173306}}, "GAA|GAG": {"individual": [], "joint": {"secondary": 1.015528818513883, "primary": 0.6856396983683879}}, "GAC|GAT": {"individual": [], "joint": {"secondary": 1.014349150145681, "primary": 0.8077635028054139}}, "GCA|GCC": {"individual": [], "joint": {"secondary": 1.150670019509475, "primary": 0.8799796802072213}}, "GCA|GCG": {"individual": [], "joint": {"secondary": 1.059926611831173, "primary": 0.7728886933180165}}, "GCA|GCT": {"individual": [], "joint": {"secondary": 0.7486341761884978, "primary": 0.693870604540199}}, "GCC|GCG": {"individual": [], "joint": {"secondary": 1.062703623058866, "primary": 0.730487797869512}}, "GCC|GCT": {"individual": [], "joint": {"secondary": 0.9641077415616003, "primary": 0.7288341530402078}}, "GCG|GCT": {"individual": [], "joint": {"secondary": 0.8051789225961706, "primary": 0.595468713426965}}, "GGA|GGC": {"individual": [], "joint": {"secondary": 0.9976503800478791, "primary": 0.7561148658621395}}, "GGA|GGG": {"individual": [], "joint": {"secondary": 1.067398999531382, "primary": 0.8055955439314342}}, "GGA|GGT": {"individual": [], "joint": {"secondary": 0.8530204316268041, "primary": 0.8648005064109697}}, "GGC|GGG": {"individual": [], "joint": {"secondary": 1.011019946674703, "primary": 0.6117087690714775}}, "GGC|GGT": {"individual": [], "joint": {"secondary": 1.022935442498531, "primary": 1.726004956789009}}, "GGG|GGT": {"individual": [], "joint": {"secondary": 0.9843168821810688, "primary": 1.428073936540114}}, "GTA|GTC": {"individual": [], "joint": {"secondary": 0.9422589725538062, "primary": 1.655512067599971}}, "GTA|GTG": {"individual": [], "joint": {"secondary": 0.9820999237829106, "primary": 2.36258544327963}}, "GTA|GTT": {"individual": [], "joint": {"secondary": 1.054105012517564, "primary": 1.823815222328103}}, "GTC|GTG": {"individual": [], "joint": {"secondary": 1.051260595640705, "primary": 1.653827026893806}}, "GTC|GTT": {"individual": [], "joint": {"secondary": 1.090229061077107, "primary": 1.732053339967252}}, "GTG|GTT": {"individual": [], "joint": {"secondary": 1.076831183062558, "primary": 0.7323828529652078}}, "TAC|TAT": {"individual": [], "joint": {"secondary": 1.028382494390093, "primary": 0.684369732782385}}, "TCA|TCC": {"individual": [], "joint": {"secondary": 1.269621638844983, "primary": 2.006238594820012}}, "TCA|TCG": {"individual": [], "joint": {"secondary": 0.9900895390889818, "primary": 1.954057935794465}}, "TCA|TCT": {"individual": [], "joint": {"secondary": 0.7497195692402734, "primary": 1.99512046100603}}, "TCC|TCG": {"individual": [], "joint": {"secondary": 0.9842799018810329, "primary": 1.664533002508628}}, "TCC|TCT": {"individual": [], "joint": {"secondary": 1.077004927848101, "primary": 1.724646663757929}}, "TCG|TCT": {"individual": [], "joint": {"secondary": 1.028886353166588, "primary": 1.671329719430173}}, "TGC|TGT": {"individual": [], "joint": {"secondary": 1.175601429012432, "primary": 2.079548095499288}}, "TTA|TTG": {"individual": [], "joint": {"secondary": 0.8605358736367806, "primary": 0.7344831449526225}}, "TTC|TTT": {"individual": [], "joint": {"secondary": 1.009921048871514, "primary": 0.785126392722264}}, "model_mixture_p": 0.3999979117600388}