{"baseline-AICc": {"individual": [], "joint": 423689.208118598}, "baseline-loglikelihood": {"individual": [], "joint": -207602.3710351232}, "joint-AICc": {"individual": [], "joint": 422527.1637735295}, "joint-loglikelihood": {"individual": [], "joint": -206083.3372809238}, "AAA|AAG": {"individual": [], "joint": {"secondary": 0.6558758483695651, "primary": 0.824184558522674}}, "AAC|AAT": {"individual": [], "joint": {"secondary": 0.5022088006442862, "primary": 0.7672772544511878}}, "ACA|ACC": {"individual": [], "joint": {"secondary": 1.769505191685419, "primary": 0.7530611852180835}}, "ACA|ACG": {"individual": [], "joint": {"secondary": 0.7293946615120602, "primary": 0.8407802496572436}}, "ACA|ACT": {"individual": [], "joint": {"secondary": 1.400415782780701, "primary": 0.5976135150226924}}, "ACC|ACG": {"individual": [], "joint": {"secondary": 1.052292662594458, "primary": 0.635275140804958}}, "ACC|ACT": {"individual": [], "joint": {"secondary": 0.7957944326811477, "primary": 0.7711489550385925}}, "ACG|ACT": {"individual": [], "joint": {"secondary": 1.476170970115768, "primary": 0.6093371106195993}}, "AGA|AGG": {"individual": [], "joint": {"secondary": 1.112422625664721, "primary": 0.7317309683348374}}, "AGA|CGA": {"individual": [], "joint": {"secondary": 1.077729912609095, "primary": 0.7207259906267387}}, "AGC|AGT": {"individual": [], "joint": {"secondary": 0.9152587412965552, "primary": 0.6572691229732702}}, "AGG|CGG": {"individual": [], "joint": {"secondary": 0.8883893736883434, "primary": 0.6532340975197375}}, "ATA|ATC": {"individual": [], "joint": {"secondary": 1.206210427192954, "primary": 0.8597800943436842}}, "ATA|ATT": {"individual": [], "joint": {"secondary": 1.394722971340462, "primary": 0.7930834358760875}}, "ATC|ATT": {"individual": [], "joint": {"secondary": 1.007485262300176, "primary": 0.7506112898858852}}, "CAA|CAG": {"individual": [], "joint": {"secondary": 0.9618675689376648, "primary": 0.7634198872114943}}, "CAC|CAT": {"individual": [], "joint": {"secondary": 0.7747183262319873, "primary": 0.7835888046996566}}, "CCA|CCC": {"individual": [], "joint": {"secondary": 0.9038339526968883, "primary": 0.7422169829049164}}, "CCA|CCG": {"individual": [], "joint": {"secondary": 0.8353827520706131, "primary": 0.8145781440619138}}, "CCA|CCT": {"individual": [], "joint": {"secondary": 1.638179872285776, "primary": 0.6099822730180287}}, "CCC|CCG": {"individual": [], "joint": {"secondary": 0.6751650064800326, "primary": 0.7113077761428105}}, "CCC|CCT": {"individual": [], "joint": {"secondary": 0.7545890123438702, "primary": 0.7637841700752938}}, "CCG|CCT": {"individual": [], "joint": {"secondary": 0.6264914738180412, "primary": 0.6935614995380803}}, "CGA|CGC": {"individual": [], "joint": {"secondary": 1.116364500444859, "primary": 0.8620023601270016}}, "CGA|CGG": {"individual": [], "joint": {"secondary": 1.001654467846918, "primary": 0.7868334229325266}}, "CGA|CGT": {"individual": [], "joint": {"secondary": 0.6876802726019121, "primary": 0.5166104470641871}}, "CGC|CGG": {"individual": [], "joint": {"secondary": 1.076333187165588, "primary": 1.749866797188713}}, "CGC|CGT": {"individual": [], "joint": {"secondary": 1.523368927811309, "primary": 1.972519560973748}}, "CGG|CGT": {"individual": [], "joint": {"secondary": 0.8562163780239133, "primary": 0.5581170651734986}}, "CTA|CTC": {"individual": [], "joint": {"secondary": 0.9249924989465476, "primary": 0.7795258541284629}}, "CTA|CTG": {"individual": [], "joint": {"secondary": 0.9280530423422291, "primary": 0.7298628078960138}}, "CTA|CTT": {"individual": [], "joint": {"secondary": 0.7561294263097479, "primary": 0.7363502318258047}}, "CTA|TTA": {"individual": [], "joint": {"secondary": 1.208479507074988, "primary": 0.7182348953842791}}, "CTC|CTG": {"individual": [], "joint": {"secondary": 1.146457723185539, "primary": 0.6939681798706067}}, "CTC|CTT": {"individual": [], "joint": {"secondary": 1.364743464041792, "primary": 0.7395553983205565}}, "CTG|CTT": {"individual": [], "joint": {"secondary": 0.8096560398875887, "primary": 0.6364982582408888}}, "CTG|TTG": {"individual": [], "joint": {"secondary": 1.271325091277281, "primary": 0.6543941338745223}}, "GAA|GAG": {"individual": [], "joint": {"secondary": 0.9355152444355019, "primary": 0.8495402671103068}}, "GAC|GAT": {"individual": [], "joint": {"secondary": 0.7855238448918468, "primary": 0.7425868440348835}}, "GCA|GCC": {"individual": [], "joint": {"secondary": 1.161767890487676, "primary": 0.7650717746441232}}, "GCA|GCG": {"individual": [], "joint": {"secondary": 0.6989961395587739, "primary": 0.7497754950558607}}, "GCA|GCT": {"individual": [], "joint": {"secondary": 0.6085109782017244, "primary": 0.8647842938403335}}, "GCC|GCG": {"individual": [], "joint": {"secondary": 1.03258638164366, "primary": 0.656183761522975}}, "GCC|GCT": {"individual": [], "joint": {"secondary": 1.353662759672666, "primary": 0.7402420325222139}}, "GCG|GCT": {"individual": [], "joint": {"secondary": 0.7347492152287737, "primary": 0.690355804002463}}, "GGA|GGC": {"individual": [], "joint": {"secondary": 1.057797311743068, "primary": 0.6353921331691517}}, "GGA|GGG": {"individual": [], "joint": {"secondary": 1.362464164759968, "primary": 0.7898552686592955}}, "GGA|GGT": {"individual": [], "joint": {"secondary": 0.6260329466111633, "primary": 0.8938674647027929}}, "GGC|GGG": {"individual": [], "joint": {"secondary": 0.9302693355250634, "primary": 0.65896259564746}}, "GGC|GGT": {"individual": [], "joint": {"secondary": 0.8835215011900998, "primary": 1.812124845744219}}, "GGG|GGT": {"individual": [], "joint": {"secondary": 1.262582545125141, "primary": 2.060755161421792}}, "GTA|GTC": {"individual": [], "joint": {"secondary": 0.6174068062711121, "primary": 2.096069136620801}}, "GTA|GTG": {"individual": [], "joint": {"secondary": 0.9642041458673632, "primary": 2.044781832849945}}, "GTA|GTT": {"individual": [], "joint": {"secondary": 1.558882978660461, "primary": 1.728070477852887}}, "GTC|GTG": {"individual": [], "joint": {"secondary": 1.062153181966161, "primary": 1.747961097777841}}, "GTC|GTT": {"individual": [], "joint": {"secondary": 0.7815307845009883, "primary": 2.105229264215371}}, "GTG|GTT": {"individual": [], "joint": {"secondary": 1.006680721609533, "primary": 0.6926317239935724}}, "TAC|TAT": {"individual": [], "joint": {"secondary": 1.363545027851646, "primary": 0.7591400404035639}}, "TCA|TCC": {"individual": [], "joint": {"secondary": 0.727819516508171, "primary": 1.82264538777478}}, "TCA|TCG": {"individual": [], "joint": {"secondary": 0.8141146535734741, "primary": 1.972649491583338}}, "TCA|TCT": {"individual": [], "joint": {"secondary": 0.9523914014827918, "primary": 1.334948102027205}}, "TCC|TCG": {"individual": [], "joint": {"secondary": 0.9611326839758465, "primary": 1.792099929540687}}, "TCC|TCT": {"individual": [], "joint": {"secondary": 1.05383533071579, "primary": 2.01198541633527}}, "TCG|TCT": {"individual": [], "joint": {"secondary": 1.142531465076032, "primary": 1.618282322786977}}, "TGC|TGT": {"individual": [], "joint": {"secondary": 0.821319431970152, "primary": 1.817818805400639}}, "TTA|TTG": {"individual": [], "joint": {"secondary": 0.9077017906586986, "primary": 0.8377773556471693}}, "TTC|TTT": {"individual": [], "joint": {"secondary": 1.005209663935869, "primary": 0.7265199535637956}}, "model_mixture_p": 0.9000000805835232}