{"baseline-AICc": {"individual": [], "joint": 350980.6631286188}, "baseline-loglikelihood": {"individual": [], "joint": -172153.6305626302}, "joint-AICc": {"individual": [], "joint": 351520.8886615427}, "joint-loglikelihood": {"individual": [], "joint": -171524.0257375679}, "AAA|AAG": {"individual": [], "joint": {"secondary": 0.736691050040485, "primary": 0.835022294356247}}, "AAC|AAT": {"individual": [], "joint": {"secondary": 0.9568542065574235, "primary": 0.9042324048489959}}, "ACA|ACC": {"individual": [], "joint": {"secondary": 0.8302105356484238, "primary": 0.8139739434780753}}, "ACA|ACG": {"individual": [], "joint": {"secondary": 0.8663560084124169, "primary": 0.9177854036217242}}, "ACA|ACT": {"individual": [], "joint": {"secondary": 1.031584962015054, "primary": 0.7718079541610727}}, "ACC|ACG": {"individual": [], "joint": {"secondary": 1.00277992081164, "primary": 0.7601628606866315}}, "ACC|ACT": {"individual": [], "joint": {"secondary": 0.700183435461223, "primary": 0.9709471908993914}}, "ACG|ACT": {"individual": [], "joint": {"secondary": 0.8530837542215882, "primary": 0.7210414971609679}}, "AGA|AGG": {"individual": [], "joint": {"secondary": 0.7754622950002252, "primary": 0.9293987210533247}}, "AGA|CGA": {"individual": [], "joint": {"secondary": 1.655586065494308, "primary": 0.7984065068504532}}, "AGC|AGT": {"individual": [], "joint": {"secondary": 0.7777035162177542, "primary": 0.925475531566136}}, "AGG|CGG": {"individual": [], "joint": {"secondary": 0.6385854433644058, "primary": 0.8933497969135563}}, "ATA|ATC": {"individual": [], "joint": {"secondary": 1.226756583270063, "primary": 0.8051528899395115}}, "ATA|ATT": {"individual": [], "joint": {"secondary": 0.4280969572809875, "primary": 0.911817594643379}}, "ATC|ATT": {"individual": [], "joint": {"secondary": 0.9105438756540266, "primary": 0.9046934312915865}}, "CAA|CAG": {"individual": [], "joint": {"secondary": 0.9308959933703249, "primary": 0.8724640272578745}}, "CAC|CAT": {"individual": [], "joint": {"secondary": 0.6730634656676174, "primary": 0.972453552010099}}, "CCA|CCC": {"individual": [], "joint": {"secondary": 1.159041666158277, "primary": 0.8570861088619488}}, "CCA|CCG": {"individual": [], "joint": {"secondary": 0.8227820228596691, "primary": 0.8711876332865333}}, "CCA|CCT": {"individual": [], "joint": {"secondary": 0.5549653219050008, "primary": 0.7285338582531232}}, "CCC|CCG": {"individual": [], "joint": {"secondary": 0.6408177149056514, "primary": 0.8805577848713639}}, "CCC|CCT": {"individual": [], "joint": {"secondary": 0.8153764650567834, "primary": 0.8616751197297209}}, "CCG|CCT": {"individual": [], "joint": {"secondary": 0.7885022270791483, "primary": 0.939732207495845}}, "CGA|CGC": {"individual": [], "joint": {"secondary": 0.9242812098439015, "primary": 0.7434224901172262}}, "CGA|CGG": {"individual": [], "joint": {"secondary": 0.9844011179668526, "primary": 0.7427134207825759}}, "CGA|CGT": {"individual": [], "joint": {"secondary": 1.00326865692921, "primary": 1.049852504110494}}, "CGC|CGG": {"individual": [], "joint": {"secondary": 2.238544674097292, "primary": 2.346309173755252}}, "CGC|CGT": {"individual": [], "joint": {"secondary": 2.193469442753509, "primary": 2.303979500378979}}, "CGG|CGT": {"individual": [], "joint": {"secondary": 0.6798370490213514, "primary": 0.9672588018471996}}, "CTA|CTC": {"individual": [], "joint": {"secondary": 0.882559467738907, "primary": 0.9003163714531902}}, "CTA|CTG": {"individual": [], "joint": {"secondary": 0.8672625853918614, "primary": 0.8047438997474683}}, "CTA|CTT": {"individual": [], "joint": {"secondary": 1.050417228955309, "primary": 0.794486322446063}}, "CTA|TTA": {"individual": [], "joint": {"secondary": 1.033232528230012, "primary": 0.8962207102130718}}, "CTC|CTG": {"individual": [], "joint": {"secondary": 0.8731501130735493, "primary": 0.8437109804356592}}, "CTC|CTT": {"individual": [], "joint": {"secondary": 0.9150541638341445, "primary": 0.7990077389212387}}, "CTG|CTT": {"individual": [], "joint": {"secondary": 0.6466604647260402, "primary": 0.7944763673217907}}, "CTG|TTG": {"individual": [], "joint": {"secondary": 0.951894045423227, "primary": 0.9462532004988092}}, "GAA|GAG": {"individual": [], "joint": {"secondary": 1.069383425109706, "primary": 0.8384068047706896}}, "GAC|GAT": {"individual": [], "joint": {"secondary": 0.7745526827468524, "primary": 1.068668356100459}}, "GCA|GCC": {"individual": [], "joint": {"secondary": 0.8130054920334714, "primary": 0.9534502979885136}}, "GCA|GCG": {"individual": [], "joint": {"secondary": 0.821687466500733, "primary": 0.7950559174821704}}, "GCA|GCT": {"individual": [], "joint": {"secondary": 1.530554729603717, "primary": 1.003703066483696}}, "GCC|GCG": {"individual": [], "joint": {"secondary": 1.090526651642665, "primary": 0.8116021287991939}}, "GCC|GCT": {"individual": [], "joint": {"secondary": 1.118005706970356, "primary": 0.9682844054147183}}, "GCG|GCT": {"individual": [], "joint": {"secondary": 0.7195851009198337, "primary": 0.7883863186822692}}, "GGA|GGC": {"individual": [], "joint": {"secondary": 0.9113818976651191, "primary": 0.9995061143624917}}, "GGA|GGG": {"individual": [], "joint": {"secondary": 0.7016640576875335, "primary": 0.661145457841854}}, "GGA|GGT": {"individual": [], "joint": {"secondary": 0.6744772934014263, "primary": 1.023041184317866}}, "GGC|GGG": {"individual": [], "joint": {"secondary": 0.9445866979769426, "primary": 0.8372012947528681}}, "GGC|GGT": {"individual": [], "joint": {"secondary": 1.013194762389131, "primary": 0.8881533979221055}}, "GGG|GGT": {"individual": [], "joint": {"secondary": 2.113805641608248, "primary": 2.065608795591911}}, "GTA|GTC": {"individual": [], "joint": {"secondary": 0.7163728400281524, "primary": 0.8476162899384445}}, "GTA|GTG": {"individual": [], "joint": {"secondary": 2.527368497563379, "primary": 2.132116715550136}}, "GTA|GTT": {"individual": [], "joint": {"secondary": 0.3892618917759659, "primary": 0.9064049459188751}}, "GTC|GTG": {"individual": [], "joint": {"secondary": 0.8945051931736595, "primary": 0.9034333664033475}}, "GTC|GTT": {"individual": [], "joint": {"secondary": 1.334808223527314, "primary": 0.9506141937930696}}, "GTG|GTT": {"individual": [], "joint": {"secondary": 0.8899332631506398, "primary": 0.9131215375348994}}, "TAC|TAT": {"individual": [], "joint": {"secondary": 0.8252728222189395, "primary": 0.8559529152476067}}, "TCA|TCC": {"individual": [], "joint": {"secondary": 1.577425898980707, "primary": 2.391801277920981}}, "TCA|TCG": {"individual": [], "joint": {"secondary": 2.103439418261735, "primary": 2.039530715235181}}, "TCA|TCT": {"individual": [], "joint": {"secondary": 0.2833138827943236, "primary": 1.189043942977399}}, "TCC|TCG": {"individual": [], "joint": {"secondary": 0.8847421224693315, "primary": 0.8649349475294453}}, "TCC|TCT": {"individual": [], "joint": {"secondary": 1.284750378585188, "primary": 0.8511514776544586}}, "TCG|TCT": {"individual": [], "joint": {"secondary": 0.951700249740619, "primary": 0.8584500298002115}}, "TGC|TGT": {"individual": [], "joint": {"secondary": 1.106594772115646, "primary": 0.9551927731357249}}, "TTA|TTG": {"individual": [], "joint": {"secondary": 0.8658967655807419, "primary": 0.8751722850298217}}, "TTC|TTT": {"individual": [], "joint": {"secondary": 1.048245939340258, "primary": 0.9835392505530198}}, "model_mixture_p": 0.812259078135063}