{"baseline-AICc": {"individual": [], "joint": 355537.0229664854}, "baseline-loglikelihood": {"individual": [], "joint": -173570.8608376996}, "joint-AICc": {"individual": [], "joint": 355734.8589714969}, "joint-loglikelihood": {"individual": [], "joint": -172744.265539979}, "AAA|AAG": {"individual": [], "joint": {"secondary": 0.7709125378175928, "primary": 1.001156644571264}}, "AAC|AAT": {"individual": [], "joint": {"secondary": 0.7036636415032068, "primary": 0.9086557891237649}}, "ACA|ACC": {"individual": [], "joint": {"secondary": 0.7012349300533302, "primary": 0.9938680585127068}}, "ACA|ACG": {"individual": [], "joint": {"secondary": 0.8735109607580376, "primary": 1.019059618914807}}, "ACA|ACT": {"individual": [], "joint": {"secondary": 0.5333868449884344, "primary": 0.7206488885460537}}, "ACC|ACG": {"individual": [], "joint": {"secondary": 0.7841420753978368, "primary": 1.13165276513664}}, "ACC|ACT": {"individual": [], "joint": {"secondary": 0.5864496443371584, "primary": 1.021949654897202}}, "ACG|ACT": {"individual": [], "joint": {"secondary": 0.775666379183622, "primary": 1.203323220237928}}, "AGA|AGG": {"individual": [], "joint": {"secondary": 0.856302313140198, "primary": 0.9953607537645294}}, "AGA|CGA": {"individual": [], "joint": {"secondary": 0.9320770383936391, "primary": 1.242469168889759}}, "AGC|AGT": {"individual": [], "joint": {"secondary": 0.5817249449946278, "primary": 1.044505941493395}}, "AGG|CGG": {"individual": [], "joint": {"secondary": 0.7033269724898269, "primary": 0.8295177574002849}}, "ATA|ATC": {"individual": [], "joint": {"secondary": 0.6866010331235642, "primary": 1.076257071465419}}, "ATA|ATT": {"individual": [], "joint": {"secondary": 0.9062885335052542, "primary": 1.058957430765125}}, "ATC|ATT": {"individual": [], "joint": {"secondary": 0.8371005679622833, "primary": 0.9307281580920521}}, "CAA|CAG": {"individual": [], "joint": {"secondary": 0.8915081203381204, "primary": 1.04240924191141}}, "CAC|CAT": {"individual": [], "joint": {"secondary": 0.6679125504498225, "primary": 1.001969047624762}}, "CCA|CCC": {"individual": [], "joint": {"secondary": 0.7796621076927588, "primary": 1.331378041038833}}, "CCA|CCG": {"individual": [], "joint": {"secondary": 0.7953171359386841, "primary": 1.214955160557052}}, "CCA|CCT": {"individual": [], "joint": {"secondary": 0.4468403751544299, "primary": 1.047331597918748}}, "CCC|CCG": {"individual": [], "joint": {"secondary": 0.6896823562629528, "primary": 1.021716857009889}}, "CCC|CCT": {"individual": [], "joint": {"secondary": 0.7745308208959516, "primary": 0.9320609988653356}}, "CCG|CCT": {"individual": [], "joint": {"secondary": 0.7623169336883462, "primary": 1.10563541048722}}, "CGA|CGC": {"individual": [], "joint": {"secondary": 0.5094592635946279, "primary": 0.7232325092573979}}, "CGA|CGG": {"individual": [], "joint": {"secondary": 0.7703217463859924, "primary": 0.9091831113470642}}, "CGA|CGT": {"individual": [], "joint": {"secondary": 0.6612978518894385, "primary": 1.232011393500174}}, "CGC|CGG": {"individual": [], "joint": {"secondary": 1.726961457313548, "primary": 1.063986296388588}}, "CGC|CGT": {"individual": [], "joint": {"secondary": 1.798038816249083, "primary": 0.8298016810317281}}, "CGG|CGT": {"individual": [], "joint": {"secondary": 0.5933597494529925, "primary": 1.154786595250442}}, "CTA|CTC": {"individual": [], "joint": {"secondary": 0.8521418661047961, "primary": 0.866785129852637}}, "CTA|CTG": {"individual": [], "joint": {"secondary": 0.7017804289050574, "primary": 1.01303026944098}}, "CTA|CTT": {"individual": [], "joint": {"secondary": 0.7884774951490576, "primary": 1.408576410772069}}, "CTA|TTA": {"individual": [], "joint": {"secondary": 0.8511021084283896, "primary": 1.178919312643226}}, "CTC|CTG": {"individual": [], "joint": {"secondary": 0.7232840310515307, "primary": 0.9961630385339004}}, "CTC|CTT": {"individual": [], "joint": {"secondary": 0.6900413453858644, "primary": 0.9130358099262439}}, "CTG|CTT": {"individual": [], "joint": {"secondary": 0.6302428899584563, "primary": 0.7738316988357539}}, "CTG|TTG": {"individual": [], "joint": {"secondary": 0.6838255422749518, "primary": 1.105982320212367}}, "GAA|GAG": {"individual": [], "joint": {"secondary": 0.6900304827541808, "primary": 0.9583766375973778}}, "GAC|GAT": {"individual": [], "joint": {"secondary": 0.7630676571697096, "primary": 1.019015085731463}}, "GCA|GCC": {"individual": [], "joint": {"secondary": 0.844789049375717, "primary": 1.025082972849252}}, "GCA|GCG": {"individual": [], "joint": {"secondary": 0.8056454255965333, "primary": 0.9935689496758681}}, "GCA|GCT": {"individual": [], "joint": {"secondary": 0.7217955742616008, "primary": 1.132501941344006}}, "GCC|GCG": {"individual": [], "joint": {"secondary": 0.7089884836270072, "primary": 0.8927794130949785}}, "GCC|GCT": {"individual": [], "joint": {"secondary": 0.7424106856453093, "primary": 0.8841427102650764}}, "GCG|GCT": {"individual": [], "joint": {"secondary": 0.715832413343929, "primary": 1.051372822031152}}, "GGA|GGC": {"individual": [], "joint": {"secondary": 0.6184317480765755, "primary": 0.8638556112503016}}, "GGA|GGG": {"individual": [], "joint": {"secondary": 0.8447262548364026, "primary": 1.092125545625947}}, "GGA|GGT": {"individual": [], "joint": {"secondary": 0.7758532232374201, "primary": 0.9644682060912879}}, "GGC|GGG": {"individual": [], "joint": {"secondary": 0.6418156779512838, "primary": 0.9689311700207945}}, "GGC|GGT": {"individual": [], "joint": {"secondary": 2.092429267904103, "primary": 1.135807623411564}}, "GGG|GGT": {"individual": [], "joint": {"secondary": 1.765297337442136, "primary": 0.9325808327869893}}, "GTA|GTC": {"individual": [], "joint": {"secondary": 1.856478667888949, "primary": 0.8462169683649788}}, "GTA|GTG": {"individual": [], "joint": {"secondary": 1.901602927931251, "primary": 1.033885977177571}}, "GTA|GTT": {"individual": [], "joint": {"secondary": 1.967029932726287, "primary": 0.8732028551367618}}, "GTC|GTG": {"individual": [], "joint": {"secondary": 1.651777774253666, "primary": 0.9274683075680489}}, "GTC|GTT": {"individual": [], "joint": {"secondary": 1.969075270192743, "primary": 1.031402888953263}}, "GTG|GTT": {"individual": [], "joint": {"secondary": 0.6912972566782927, "primary": 0.8618227142940955}}, "TAC|TAT": {"individual": [], "joint": {"secondary": 0.8011548140200132, "primary": 0.9395987158874295}}, "TCA|TCC": {"individual": [], "joint": {"secondary": 1.99249917736935, "primary": 0.9826155562849118}}, "TCA|TCG": {"individual": [], "joint": {"secondary": 2.233183483322451, "primary": 0.9542402174255166}}, "TCA|TCT": {"individual": [], "joint": {"secondary": 1.748170247915698, "primary": 0.5798958797887608}}, "TCC|TCG": {"individual": [], "joint": {"secondary": 1.738440475396519, "primary": 0.922897979151747}}, "TCC|TCT": {"individual": [], "joint": {"secondary": 1.964586676156566, "primary": 0.9975138787049268}}, "TCG|TCT": {"individual": [], "joint": {"secondary": 1.548085757087753, "primary": 0.9707546728375819}}, "TGC|TGT": {"individual": [], "joint": {"secondary": 1.724670323737863, "primary": 1.016005119854139}}, "TTA|TTG": {"individual": [], "joint": {"secondary": 0.7892931885198672, "primary": 1.023287537840306}}, "TTC|TTT": {"individual": [], "joint": {"secondary": 0.6710473353673653, "primary": 1.079688354737173}}, "model_mixture_p": 0.5000000799056865}