{"baseline-AICc": {"individual": [], "joint": 348822.6800233805}, "baseline-loglikelihood": {"individual": [], "joint": -171074.639010011}, "joint-AICc": {"individual": [], "joint": 347692.0541344138}, "joint-loglikelihood": {"individual": [], "joint": -169609.6084740035}, "AAA|AAG": {"individual": [], "joint": {"secondary": 0.5999534347041042, "primary": 0.6833516148685062}}, "AAC|AAT": {"individual": [], "joint": {"secondary": 0.5898187046722709, "primary": 0.4092640442803489}}, "ACA|ACC": {"individual": [], "joint": {"secondary": 0.5124898653537112, "primary": 0.5272145021581858}}, "ACA|ACG": {"individual": [], "joint": {"secondary": 0.6943251173691879, "primary": 0.5937203893632318}}, "ACA|ACT": {"individual": [], "joint": {"secondary": 0.7306515862719016, "primary": 0.4111059923279862}}, "ACC|ACG": {"individual": [], "joint": {"secondary": 0.4370028777918462, "primary": 0.5206476924269356}}, "ACC|ACT": {"individual": [], "joint": {"secondary": 0.5505330418650325, "primary": 0.5691498667073115}}, "ACG|ACT": {"individual": [], "joint": {"secondary": 0.498642956059903, "primary": 0.4342321525556644}}, "AGA|AGG": {"individual": [], "joint": {"secondary": 0.7057072439129898, "primary": 0.5774259098639873}}, "AGA|CGA": {"individual": [], "joint": {"secondary": 0.5326283378718123, "primary": 0.5489343500445396}}, "AGC|AGT": {"individual": [], "joint": {"secondary": 0.6603311967535227, "primary": 0.5499839419800083}}, "AGG|CGG": {"individual": [], "joint": {"secondary": 0.5044088614510304, "primary": 0.4763373407204808}}, "ATA|ATC": {"individual": [], "joint": {"secondary": 0.6708903846537626, "primary": 0.500810372312082}}, "ATA|ATT": {"individual": [], "joint": {"secondary": 0.6224846140152478, "primary": 0.3572529914619368}}, "ATC|ATT": {"individual": [], "joint": {"secondary": 0.4658612972726587, "primary": 0.6675735624365313}}, "CAA|CAG": {"individual": [], "joint": {"secondary": 0.7380952783318361, "primary": 0.7079689936392157}}, "CAC|CAT": {"individual": [], "joint": {"secondary": 0.6746497091997424, "primary": 0.5585815421507693}}, "CCA|CCC": {"individual": [], "joint": {"secondary": 1.299007889590563, "primary": 1.793762350678981}}, "CCA|CCG": {"individual": [], "joint": {"secondary": 0.6775888812526553, "primary": 0.7021801903337425}}, "CCA|CCT": {"individual": [], "joint": {"secondary": 1.12653386250052, "primary": 1.491305692613267}}, "CCC|CCG": {"individual": [], "joint": {"secondary": 1.174047346402223, "primary": 1.230052628545249}}, "CCC|CCT": {"individual": [], "joint": {"secondary": 1.531114966812119, "primary": 1.685859723107836}}, "CCG|CCT": {"individual": [], "joint": {"secondary": 0.6261389232477176, "primary": 0.570644500780087}}, "CGA|CGC": {"individual": [], "joint": {"secondary": 1.468689007410801, "primary": 1.616742112936936}}, "CGA|CGG": {"individual": [], "joint": {"secondary": 1.564693022490981, "primary": 1.574444507303813}}, "CGA|CGT": {"individual": [], "joint": {"secondary": 0.8815487889170861, "primary": 1.251931516647614}}, "CGC|CGG": {"individual": [], "joint": {"secondary": 1.156266642841294, "primary": 1.25294831931711}}, "CGC|CGT": {"individual": [], "joint": {"secondary": 1.165331062233068, "primary": 1.783309972365618}}, "CGG|CGT": {"individual": [], "joint": {"secondary": 1.44245680114949, "primary": 1.331955591410271}}, "CTA|CTC": {"individual": [], "joint": {"secondary": 0.5797529986627594, "primary": 0.5310294072537471}}, "CTA|CTG": {"individual": [], "joint": {"secondary": 0.6623641619342534, "primary": 0.6330181684737142}}, "CTA|CTT": {"individual": [], "joint": {"secondary": 0.4381263375925544, "primary": 0.4800772798118091}}, "CTA|TTA": {"individual": [], "joint": {"secondary": 0.6302215059599265, "primary": 0.8388511297912662}}, "CTC|CTG": {"individual": [], "joint": {"secondary": 0.5001194034092334, "primary": 0.5239379696612169}}, "CTC|CTT": {"individual": [], "joint": {"secondary": 0.6297649135771846, "primary": 0.6973893529396997}}, "CTG|CTT": {"individual": [], "joint": {"secondary": 0.4477199637028921, "primary": 0.4742240150461383}}, "CTG|TTG": {"individual": [], "joint": {"secondary": 0.5453912740043781, "primary": 0.5892216607513433}}, "GAA|GAG": {"individual": [], "joint": {"secondary": 0.6250176279612745, "primary": 0.7760479962080631}}, "GAC|GAT": {"individual": [], "joint": {"secondary": 0.6521335422413724, "primary": 0.5002503871135608}}, "GCA|GCC": {"individual": [], "joint": {"secondary": 0.5489002707666425, "primary": 0.5260407820977885}}, "GCA|GCG": {"individual": [], "joint": {"secondary": 0.6093657859870971, "primary": 0.7351527240446134}}, "GCA|GCT": {"individual": [], "joint": {"secondary": 0.5569044581587809, "primary": 0.6736571651200551}}, "GCC|GCG": {"individual": [], "joint": {"secondary": 1.43547686920521, "primary": 1.214787407073468}}, "GCC|GCT": {"individual": [], "joint": {"secondary": 1.308533954953973, "primary": 1.446458133510277}}, "GCG|GCT": {"individual": [], "joint": {"secondary": 1.299295200157458, "primary": 1.481331745238475}}, "GGA|GGC": {"individual": [], "joint": {"secondary": 1.710342042911091, "primary": 1.665267526138739}}, "GGA|GGG": {"individual": [], "joint": {"secondary": 2.004553127148445, "primary": 1.747345708321439}}, "GGA|GGT": {"individual": [], "joint": {"secondary": 1.62431526312055, "primary": 1.031288447889136}}, "GGC|GGG": {"individual": [], "joint": {"secondary": 1.063554948772746, "primary": 1.30203161637387}}, "GGC|GGT": {"individual": [], "joint": {"secondary": 1.531713421900247, "primary": 1.667976001939753}}, "GGG|GGT": {"individual": [], "joint": {"secondary": 1.287426350887552, "primary": 0.8375388644131989}}, "GTA|GTC": {"individual": [], "joint": {"secondary": 1.750719687240926, "primary": 1.601686586403325}}, "GTA|GTG": {"individual": [], "joint": {"secondary": 1.758373569113378, "primary": 1.555808583686368}}, "GTA|GTT": {"individual": [], "joint": {"secondary": 1.499599177028834, "primary": 1.228438253857699}}, "GTC|GTG": {"individual": [], "joint": {"secondary": 1.188869737840124, "primary": 1.231693521512869}}, "GTC|GTT": {"individual": [], "joint": {"secondary": 1.7679336020218, "primary": 1.514082807755195}}, "GTG|GTT": {"individual": [], "joint": {"secondary": 1.051766522811141, "primary": 1.359059074000127}}, "TAC|TAT": {"individual": [], "joint": {"secondary": 1.499716842810332, "primary": 1.598426895118615}}, "TCA|TCC": {"individual": [], "joint": {"secondary": 1.466707035651982, "primary": 1.547202677399114}}, "TCA|TCG": {"individual": [], "joint": {"secondary": 1.568357705412274, "primary": 1.695413948256016}}, "TCA|TCT": {"individual": [], "joint": {"secondary": 1.371624947940096, "primary": 1.711885221454744}}, "TCC|TCG": {"individual": [], "joint": {"secondary": 1.329227465409752, "primary": 1.166622660789395}}, "TCC|TCT": {"individual": [], "joint": {"secondary": 1.534131079614218, "primary": 1.507389727967152}}, "TCG|TCT": {"individual": [], "joint": {"secondary": 1.347320685600997, "primary": 0.8774230193515827}}, "TGC|TGT": {"individual": [], "joint": {"secondary": 1.648425174104966, "primary": 1.466700771638324}}, "TTA|TTG": {"individual": [], "joint": {"secondary": 0.6191610816784976, "primary": 0.59988347228586}}, "TTC|TTT": {"individual": [], "joint": {"secondary": 0.6051805603059739, "primary": 0.5866669239740017}}, "model_mixture_p": 0.4378711148947175}