{"baseline-AICc": {"individual": [], "joint": 371663.5641289069}, "baseline-loglikelihood": {"individual": [], "joint": -181619.0801899006}, "joint-AICc": {"individual": [], "joint": 371472.3495859194}, "joint-loglikelihood": {"individual": [], "joint": -180594.6410683988}, "AAA|AAG": {"individual": [], "joint": {"secondary": 0.8009832288358368, "primary": 1.059606344128158}}, "AAC|AAT": {"individual": [], "joint": {"secondary": 0.7314185227806876, "primary": 1.018680176303166}}, "ACA|ACC": {"individual": [], "joint": {"secondary": 0.611829928847058, "primary": 0.8329195062835552}}, "ACA|ACG": {"individual": [], "joint": {"secondary": 0.6912605691733037, "primary": 1.020835711192046}}, "ACA|ACT": {"individual": [], "joint": {"secondary": 0.7143883063014325, "primary": 0.798607993418161}}, "ACC|ACG": {"individual": [], "joint": {"secondary": 0.6052545713373049, "primary": 1.128475248447429}}, "ACC|ACT": {"individual": [], "joint": {"secondary": 0.7194060305903167, "primary": 1.090110113482991}}, "ACG|ACT": {"individual": [], "joint": {"secondary": 0.7681121328897997, "primary": 0.8532959078491231}}, "AGA|AGG": {"individual": [], "joint": {"secondary": 0.8299319499883077, "primary": 0.9908241346163125}}, "AGA|CGA": {"individual": [], "joint": {"secondary": 0.5862491739233868, "primary": 0.9543486772577582}}, "AGC|AGT": {"individual": [], "joint": {"secondary": 0.6600324641370698, "primary": 0.9679129912937682}}, "AGG|CGG": {"individual": [], "joint": {"secondary": 0.6500474188211466, "primary": 0.8254742984407925}}, "ATA|ATC": {"individual": [], "joint": {"secondary": 0.836188480082839, "primary": 0.938205536028585}}, "ATA|ATT": {"individual": [], "joint": {"secondary": 0.7328805034624893, "primary": 0.8869922086973961}}, "ATC|ATT": {"individual": [], "joint": {"secondary": 0.8034488266739842, "primary": 0.868474539931408}}, "CAA|CAG": {"individual": [], "joint": {"secondary": 0.797834885028677, "primary": 1.079888119068215}}, "CAC|CAT": {"individual": [], "joint": {"secondary": 0.6853713754114039, "primary": 0.866397705921698}}, "CCA|CCC": {"individual": [], "joint": {"secondary": 0.902458782937394, "primary": 0.9771839676497379}}, "CCA|CCG": {"individual": [], "joint": {"secondary": 0.692892842030029, "primary": 0.9692397290151935}}, "CCA|CCT": {"individual": [], "joint": {"secondary": 0.7726079939638905, "primary": 0.6709961018241686}}, "CCC|CCG": {"individual": [], "joint": {"secondary": 0.7046003002134923, "primary": 1.024841869162308}}, "CCC|CCT": {"individual": [], "joint": {"secondary": 0.7381236419460114, "primary": 0.9486195401767271}}, "CCG|CCT": {"individual": [], "joint": {"secondary": 0.8073677672104663, "primary": 1.043807877915835}}, "CGA|CGC": {"individual": [], "joint": {"secondary": 0.896959090375679, "primary": 1.169667036752225}}, "CGA|CGG": {"individual": [], "joint": {"secondary": 0.8286410583697364, "primary": 0.936847586766287}}, "CGA|CGT": {"individual": [], "joint": {"secondary": 0.6398111639708901, "primary": 1.029438248487076}}, "CGC|CGG": {"individual": [], "joint": {"secondary": 1.673532057041447, "primary": 0.99191917236441}}, "CGC|CGT": {"individual": [], "joint": {"secondary": 2.115462030541524, "primary": 0.9487416592075967}}, "CGG|CGT": {"individual": [], "joint": {"secondary": 0.4159793078536448, "primary": 1.229268333966883}}, "CTA|CTC": {"individual": [], "joint": {"secondary": 0.7390380282444633, "primary": 0.9605157029940101}}, "CTA|CTG": {"individual": [], "joint": {"secondary": 0.7345462354896626, "primary": 0.9255996721176586}}, "CTA|CTT": {"individual": [], "joint": {"secondary": 0.7442057180648558, "primary": 0.7118376102827606}}, "CTA|TTA": {"individual": [], "joint": {"secondary": 0.8869327123865957, "primary": 0.9740457464779465}}, "CTC|CTG": {"individual": [], "joint": {"secondary": 0.6696842059298193, "primary": 1.186744093847293}}, "CTC|CTT": {"individual": [], "joint": {"secondary": 0.7074853124764412, "primary": 0.9392746114111652}}, "CTG|CTT": {"individual": [], "joint": {"secondary": 0.6353803620741642, "primary": 0.9042996036443943}}, "CTG|TTG": {"individual": [], "joint": {"secondary": 0.8041052464329288, "primary": 0.9932668568929666}}, "GAA|GAG": {"individual": [], "joint": {"secondary": 0.7742767732771886, "primary": 0.9689717927299607}}, "GAC|GAT": {"individual": [], "joint": {"secondary": 0.7247405794764831, "primary": 1.152859876766042}}, "GCA|GCC": {"individual": [], "joint": {"secondary": 0.7818159579068953, "primary": 0.9188347529655011}}, "GCA|GCG": {"individual": [], "joint": {"secondary": 0.7971094402436976, "primary": 1.129039157858074}}, "GCA|GCT": {"individual": [], "joint": {"secondary": 0.6153832583615262, "primary": 0.8974536921337155}}, "GCC|GCG": {"individual": [], "joint": {"secondary": 0.6179774612305634, "primary": 0.9544447193649703}}, "GCC|GCT": {"individual": [], "joint": {"secondary": 0.6935266934322124, "primary": 1.070062829071857}}, "GCG|GCT": {"individual": [], "joint": {"secondary": 0.588645591511873, "primary": 1.148834207597009}}, "GGA|GGC": {"individual": [], "joint": {"secondary": 0.8455862596028639, "primary": 0.9680551585405858}}, "GGA|GGG": {"individual": [], "joint": {"secondary": 0.7842942931172375, "primary": 1.364526826127594}}, "GGA|GGT": {"individual": [], "joint": {"secondary": 0.7596510603758917, "primary": 1.289078559745209}}, "GGC|GGG": {"individual": [], "joint": {"secondary": 0.6420775630708895, "primary": 0.9697341120086748}}, "GGC|GGT": {"individual": [], "joint": {"secondary": 1.763668815134742, "primary": 1.033159224596037}}, "GGG|GGT": {"individual": [], "joint": {"secondary": 1.65654347326477, "primary": 1.1086993435141}}, "GTA|GTC": {"individual": [], "joint": {"secondary": 1.997319695664859, "primary": 1.040222215217817}}, "GTA|GTG": {"individual": [], "joint": {"secondary": 1.864160468302426, "primary": 1.022674321868985}}, "GTA|GTT": {"individual": [], "joint": {"secondary": 2.318706009581684, "primary": 0.9148525026294119}}, "GTC|GTG": {"individual": [], "joint": {"secondary": 1.720529551551762, "primary": 1.058834655005824}}, "GTC|GTT": {"individual": [], "joint": {"secondary": 1.901093126956595, "primary": 0.9751783020153876}}, "GTG|GTT": {"individual": [], "joint": {"secondary": 0.7493040461137743, "primary": 0.8047103284102982}}, "TAC|TAT": {"individual": [], "joint": {"secondary": 0.7542435998123102, "primary": 1.002113300973095}}, "TCA|TCC": {"individual": [], "joint": {"secondary": 1.903000134516751, "primary": 1.144229068960262}}, "TCA|TCG": {"individual": [], "joint": {"secondary": 2.247943297439271, "primary": 1.184821546206168}}, "TCA|TCT": {"individual": [], "joint": {"secondary": 1.516217103398698, "primary": 1.198589674820937}}, "TCC|TCG": {"individual": [], "joint": {"secondary": 1.891463687514107, "primary": 0.8315878326855006}}, "TCC|TCT": {"individual": [], "joint": {"secondary": 1.623941432772298, "primary": 1.069027369870925}}, "TCG|TCT": {"individual": [], "joint": {"secondary": 1.701092076097241, "primary": 0.9687329272948516}}, "TGC|TGT": {"individual": [], "joint": {"secondary": 1.860763609599212, "primary": 1.344561774573851}}, "TTA|TTG": {"individual": [], "joint": {"secondary": 0.7859757826294838, "primary": 0.8070580577476781}}, "TTC|TTT": {"individual": [], "joint": {"secondary": 0.7844969322044971, "primary": 0.9418476353824767}}, "model_mixture_p": 0.4000094850862066}