{"baseline-AICc": {"individual": [], "joint": 286752.4634971379}, "baseline-loglikelihood": {"individual": [], "joint": -139234.4500880845}, "joint-AICc": {"individual": [], "joint": 288204.7239620467}, "joint-loglikelihood": {"individual": [], "joint": -139049.9758419926}, "AAA|AAG": {"individual": [], "joint": {"secondary": 1.086064250033004, "primary": 1.027119331288455}}, "AAC|AAT": {"individual": [], "joint": {"secondary": 0.9093465664455751, "primary": 1.073697358234319}}, "ACA|ACC": {"individual": [], "joint": {"secondary": 1.070404747073036, "primary": 1.02901401431012}}, "ACA|ACG": {"individual": [], "joint": {"secondary": 0.9212694365102491, "primary": 1.064299392318209}}, "ACA|ACT": {"individual": [], "joint": {"secondary": 0.9493645202495122, "primary": 0.9377843830712529}}, "ACC|ACG": {"individual": [], "joint": {"secondary": 0.69848033648326, "primary": 1.024000659325155}}, "ACC|ACT": {"individual": [], "joint": {"secondary": 0.5284995221958391, "primary": 1.009379746636367}}, "ACG|ACT": {"individual": [], "joint": {"secondary": 0.6185443367419281, "primary": 1.030177152882278}}, "AGA|AGG": {"individual": [], "joint": {"secondary": 0.8624429542195448, "primary": 0.8925916743274024}}, "AGA|CGA": {"individual": [], "joint": {"secondary": 0.6503004989834703, "primary": 1.348625518255503}}, "AGC|AGT": {"individual": [], "joint": {"secondary": 1.057901714707506, "primary": 0.9544790713028982}}, "AGG|CGG": {"individual": [], "joint": {"secondary": 0.6047335857847409, "primary": 0.8942819002292731}}, "ATA|ATC": {"individual": [], "joint": {"secondary": 0.8359120276396913, "primary": 0.9058728553059096}}, "ATA|ATT": {"individual": [], "joint": {"secondary": 0.4025115063256455, "primary": 0.8388157549251559}}, "ATC|ATT": {"individual": [], "joint": {"secondary": 0.7076012583732809, "primary": 0.9717916343894594}}, "CAA|CAG": {"individual": [], "joint": {"secondary": 0.8274420264903207, "primary": 1.14983485636482}}, "CAC|CAT": {"individual": [], "joint": {"secondary": 0.9973479739921669, "primary": 0.9932361513861694}}, "CCA|CCC": {"individual": [], "joint": {"secondary": 0.9808944677365496, "primary": 0.9930678831035954}}, "CCA|CCG": {"individual": [], "joint": {"secondary": 0.8915730464606842, "primary": 1.059220129395998}}, "CCA|CCT": {"individual": [], "joint": {"secondary": 0.8755701496400528, "primary": 1.184070190443525}}, "CCC|CCG": {"individual": [], "joint": {"secondary": 0.6011703982461535, "primary": 1.01237670379533}}, "CCC|CCT": {"individual": [], "joint": {"secondary": 0.4391081235995321, "primary": 0.9878445715766148}}, "CCG|CCT": {"individual": [], "joint": {"secondary": 0.3132899116929234, "primary": 1.071986390357263}}, "CGA|CGC": {"individual": [], "joint": {"secondary": 0.8655636496904526, "primary": 1.098902277234605}}, "CGA|CGG": {"individual": [], "joint": {"secondary": 0.6785991537966289, "primary": 1.059608114013704}}, "CGA|CGT": {"individual": [], "joint": {"secondary": 1.365687588701164, "primary": 0.6543741245723612}}, "CGC|CGG": {"individual": [], "joint": {"secondary": 1.758987545213948, "primary": 0.888294829054183}}, "CGC|CGT": {"individual": [], "joint": {"secondary": 1.677475856215873, "primary": 0.9911064730059415}}, "CGG|CGT": {"individual": [], "joint": {"secondary": 0.6074930538297793, "primary": 0.8974533988684046}}, "CTA|CTC": {"individual": [], "joint": {"secondary": 0.8669448320827393, "primary": 1.291238707757943}}, "CTA|CTG": {"individual": [], "joint": {"secondary": 0.5865212104440619, "primary": 0.9191890347874548}}, "CTA|CTT": {"individual": [], "joint": {"secondary": 0.6688201296183696, "primary": 1.048318656530818}}, "CTA|TTA": {"individual": [], "joint": {"secondary": 0.6715334464863928, "primary": 1.08834101360769}}, "CTC|CTG": {"individual": [], "joint": {"secondary": 0.7400678882151087, "primary": 1.02797237983072}}, "CTC|CTT": {"individual": [], "joint": {"secondary": 0.7715420388866381, "primary": 0.9600514497501392}}, "CTG|CTT": {"individual": [], "joint": {"secondary": 0.9441458952134462, "primary": 0.9584855316011683}}, "CTG|TTG": {"individual": [], "joint": {"secondary": 0.6463688106869794, "primary": 1.005219383556855}}, "GAA|GAG": {"individual": [], "joint": {"secondary": 0.6828616118972507, "primary": 0.9522000801521386}}, "GAC|GAT": {"individual": [], "joint": {"secondary": 0.711827943640731, "primary": 1.010901849102622}}, "GCA|GCC": {"individual": [], "joint": {"secondary": 0.7986260655886492, "primary": 0.9410908772523198}}, "GCA|GCG": {"individual": [], "joint": {"secondary": 0.6130357691579538, "primary": 0.9926497176199948}}, "GCA|GCT": {"individual": [], "joint": {"secondary": 0.4890510720141161, "primary": 0.867840286580878}}, "GCC|GCG": {"individual": [], "joint": {"secondary": 0.8722406632156635, "primary": 0.9419651700382673}}, "GCC|GCT": {"individual": [], "joint": {"secondary": 0.9813897301205352, "primary": 1.015964306638813}}, "GCG|GCT": {"individual": [], "joint": {"secondary": 0.8710034302267473, "primary": 0.9079452801000617}}, "GGA|GGC": {"individual": [], "joint": {"secondary": 0.5772304482399009, "primary": 0.8732523181941465}}, "GGA|GGG": {"individual": [], "joint": {"secondary": 1.015622804064704, "primary": 0.9934078293067422}}, "GGA|GGT": {"individual": [], "joint": {"secondary": 0.4776948885313063, "primary": 0.8767495152503622}}, "GGC|GGG": {"individual": [], "joint": {"secondary": 0.5615612017778124, "primary": 1.097434763122091}}, "GGC|GGT": {"individual": [], "joint": {"secondary": 2.133606099815067, "primary": 0.979827179923348}}, "GGG|GGT": {"individual": [], "joint": {"secondary": 1.732472172630601, "primary": 1.121074943990039}}, "GTA|GTC": {"individual": [], "joint": {"secondary": 1.445149462988399, "primary": 1.02147823692526}}, "GTA|GTG": {"individual": [], "joint": {"secondary": 1.999311118484314, "primary": 0.9489890195903313}}, "GTA|GTT": {"individual": [], "joint": {"secondary": 2.491828142448013, "primary": 1.042674919077245}}, "GTC|GTG": {"individual": [], "joint": {"secondary": 1.920835097294908, "primary": 1.0450427404442}}, "GTC|GTT": {"individual": [], "joint": {"secondary": 1.67027231330513, "primary": 0.8948505438299732}}, "GTG|GTT": {"individual": [], "joint": {"secondary": 0.3368279994195121, "primary": 0.9454350968472132}}, "TAC|TAT": {"individual": [], "joint": {"secondary": 0.7449695435362279, "primary": 0.9690250451426965}}, "TCA|TCC": {"individual": [], "joint": {"secondary": 1.991895821403712, "primary": 0.8104390633831766}}, "TCA|TCG": {"individual": [], "joint": {"secondary": 2.206139727018718, "primary": 1.11678351556388}}, "TCA|TCT": {"individual": [], "joint": {"secondary": 1.493490283827265, "primary": 1.43197961911574}}, "TCC|TCG": {"individual": [], "joint": {"secondary": 1.144650332034181, "primary": 1.003604148436867}}, "TCC|TCT": {"individual": [], "joint": {"secondary": 1.864679488704344, "primary": 1.012010992032942}}, "TCG|TCT": {"individual": [], "joint": {"secondary": 1.807917188081713, "primary": 0.860874042147424}}, "TGC|TGT": {"individual": [], "joint": {"secondary": 1.109376180275856, "primary": 0.9967667780637657}}, "TTA|TTG": {"individual": [], "joint": {"secondary": 0.8681100621636243, "primary": 0.9135559948247508}}, "TTC|TTT": {"individual": [], "joint": {"secondary": 0.7067988793867991, "primary": 1.072063429905626}}, "model_mixture_p": 0.9001372989570315}