{"baseline-AICc": {"individual": [], "joint": 353698.3594220599}, "baseline-loglikelihood": {"individual": [], "joint": -173512.4787093507}, "joint-AICc": {"individual": [], "joint": 354305.8332423981}, "joint-loglikelihood": {"individual": [], "joint": -172916.4980279956}, "AAA|AAG": {"individual": [], "joint": {"secondary": 0.8532191724999304, "primary": 0.8173066930390713}}, "AAC|AAT": {"individual": [], "joint": {"secondary": 0.8052612417019084, "primary": 0.8905184993626561}}, "ACA|ACC": {"individual": [], "joint": {"secondary": 0.9034860921000207, "primary": 0.9919435868248803}}, "ACA|ACG": {"individual": [], "joint": {"secondary": 0.8219979096397865, "primary": 0.9101992703321564}}, "ACA|ACT": {"individual": [], "joint": {"secondary": 1.290597827968442, "primary": 0.8021307768514913}}, "ACC|ACG": {"individual": [], "joint": {"secondary": 0.9748887658931965, "primary": 0.8482670187995196}}, "ACC|ACT": {"individual": [], "joint": {"secondary": 1.030780729651052, "primary": 0.7935859245292326}}, "ACG|ACT": {"individual": [], "joint": {"secondary": 0.7399756288641921, "primary": 0.9375717838237934}}, "AGA|AGG": {"individual": [], "joint": {"secondary": 0.9196969342149796, "primary": 0.7921699995216557}}, "AGA|CGA": {"individual": [], "joint": {"secondary": 0.8958761101266978, "primary": 0.6694925835584062}}, "AGC|AGT": {"individual": [], "joint": {"secondary": 0.8827405101404288, "primary": 0.9427948336034291}}, "AGG|CGG": {"individual": [], "joint": {"secondary": 0.7886203936411607, "primary": 0.9255603823991023}}, "ATA|ATC": {"individual": [], "joint": {"secondary": 0.8895168830263024, "primary": 0.7766508581070334}}, "ATA|ATT": {"individual": [], "joint": {"secondary": 1.040290533551805, "primary": 0.8389418518122146}}, "ATC|ATT": {"individual": [], "joint": {"secondary": 1.019676093408076, "primary": 0.8732682098226903}}, "CAA|CAG": {"individual": [], "joint": {"secondary": 0.9555472007238113, "primary": 0.7474534582744123}}, "CAC|CAT": {"individual": [], "joint": {"secondary": 0.9026159568975706, "primary": 0.933186154576952}}, "CCA|CCC": {"individual": [], "joint": {"secondary": 0.8142655730254544, "primary": 0.8737575534627426}}, "CCA|CCG": {"individual": [], "joint": {"secondary": 0.7828297267453426, "primary": 0.9068369776769587}}, "CCA|CCT": {"individual": [], "joint": {"secondary": 0.8370295106233364, "primary": 0.6876470289688982}}, "CCC|CCG": {"individual": [], "joint": {"secondary": 0.9061454746236287, "primary": 0.757804316365805}}, "CCC|CCT": {"individual": [], "joint": {"secondary": 0.8760165110918925, "primary": 0.8711610011025597}}, "CCG|CCT": {"individual": [], "joint": {"secondary": 0.8175346321761459, "primary": 0.861891326612003}}, "CGA|CGC": {"individual": [], "joint": {"secondary": 0.7860969105678549, "primary": 1.195733378096032}}, "CGA|CGG": {"individual": [], "joint": {"secondary": 1.014164187654803, "primary": 0.7800093565942684}}, "CGA|CGT": {"individual": [], "joint": {"secondary": 0.3675970363721722, "primary": 1.11698932862736}}, "CGC|CGG": {"individual": [], "joint": {"secondary": 2.098254733692093, "primary": 2.295264072483586}}, "CGC|CGT": {"individual": [], "joint": {"secondary": 2.317472767463719, "primary": 2.497147355932401}}, "CGG|CGT": {"individual": [], "joint": {"secondary": 1.224009443379568, "primary": 1.039406122916347}}, "CTA|CTC": {"individual": [], "joint": {"secondary": 1.029411421329399, "primary": 0.7963462234618459}}, "CTA|CTG": {"individual": [], "joint": {"secondary": 0.8192006610324587, "primary": 0.9826525600781586}}, "CTA|CTT": {"individual": [], "joint": {"secondary": 0.9017291392313536, "primary": 0.4086746690892841}}, "CTA|TTA": {"individual": [], "joint": {"secondary": 0.8769335262766902, "primary": 1.240209839302263}}, "CTC|CTG": {"individual": [], "joint": {"secondary": 0.8779380796789094, "primary": 0.9482256636371748}}, "CTC|CTT": {"individual": [], "joint": {"secondary": 0.7990463474934609, "primary": 0.9306927885039659}}, "CTG|CTT": {"individual": [], "joint": {"secondary": 0.9955972879810372, "primary": 0.9721999764672212}}, "CTG|TTG": {"individual": [], "joint": {"secondary": 0.89118685823289, "primary": 0.9571302542145487}}, "GAA|GAG": {"individual": [], "joint": {"secondary": 0.7858022904469504, "primary": 0.88927979943737}}, "GAC|GAT": {"individual": [], "joint": {"secondary": 0.8815394697199201, "primary": 1.02035347657082}}, "GCA|GCC": {"individual": [], "joint": {"secondary": 0.8825300989034621, "primary": 0.7515203020771185}}, "GCA|GCG": {"individual": [], "joint": {"secondary": 0.8333539854066471, "primary": 0.7027885380027155}}, "GCA|GCT": {"individual": [], "joint": {"secondary": 0.9101985806206391, "primary": 1.001359863584081}}, "GCC|GCG": {"individual": [], "joint": {"secondary": 0.8333856618013501, "primary": 0.9814395677885492}}, "GCC|GCT": {"individual": [], "joint": {"secondary": 0.9506897581944963, "primary": 0.9509080769558375}}, "GCG|GCT": {"individual": [], "joint": {"secondary": 0.6449927606326572, "primary": 0.6726461240259598}}, "GGA|GGC": {"individual": [], "joint": {"secondary": 1.115734559556103, "primary": 1.080795025140029}}, "GGA|GGG": {"individual": [], "joint": {"secondary": 0.7708173425508762, "primary": 0.8500430394328563}}, "GGA|GGT": {"individual": [], "joint": {"secondary": 1.04048699328524, "primary": 1.010523296736725}}, "GGC|GGG": {"individual": [], "joint": {"secondary": 0.8327975098727947, "primary": 0.7979359246479936}}, "GGC|GGT": {"individual": [], "joint": {"secondary": 0.7675654869011642, "primary": 0.7553827933743122}}, "GGG|GGT": {"individual": [], "joint": {"secondary": 1.848795613555579, "primary": 2.168972801722113}}, "GTA|GTC": {"individual": [], "joint": {"secondary": 0.7998748785528557, "primary": 0.7980573019208405}}, "GTA|GTG": {"individual": [], "joint": {"secondary": 2.109344452353087, "primary": 1.947131249335575}}, "GTA|GTT": {"individual": [], "joint": {"secondary": 0.8788242502358795, "primary": 0.7885771014577211}}, "GTC|GTG": {"individual": [], "joint": {"secondary": 0.9100003626027632, "primary": 0.9349682590248813}}, "GTC|GTT": {"individual": [], "joint": {"secondary": 0.915983451192203, "primary": 0.8020248129807933}}, "GTG|GTT": {"individual": [], "joint": {"secondary": 0.8287254134249032, "primary": 0.837906344813093}}, "TAC|TAT": {"individual": [], "joint": {"secondary": 0.911250854729224, "primary": 0.8788350758459412}}, "TCA|TCC": {"individual": [], "joint": {"secondary": 2.329283788713367, "primary": 2.584492520668795}}, "TCA|TCG": {"individual": [], "joint": {"secondary": 2.020567967554603, "primary": 2.209019205803579}}, "TCA|TCT": {"individual": [], "joint": {"secondary": 0.6933637122466344, "primary": 0.8203505004273588}}, "TCC|TCG": {"individual": [], "joint": {"secondary": 0.8761822150678636, "primary": 0.9179769689235842}}, "TCC|TCT": {"individual": [], "joint": {"secondary": 1.16066879457683, "primary": 0.5697855092409184}}, "TCG|TCT": {"individual": [], "joint": {"secondary": 1.033139131930544, "primary": 0.8934518916727825}}, "TGC|TGT": {"individual": [], "joint": {"secondary": 0.7534999539089623, "primary": 0.9483661128093893}}, "TTA|TTG": {"individual": [], "joint": {"secondary": 0.9284304832571539, "primary": 0.8747531861102726}}, "TTC|TTT": {"individual": [], "joint": {"secondary": 1.004922365483652, "primary": 0.9495336506358496}}, "model_mixture_p": 0.5616857119764493}