{"baseline-AICc": {"individual": [], "joint": 355498.7408602697}, "baseline-loglikelihood": {"individual": [], "joint": -174412.6694284556}, "joint-AICc": {"individual": [], "joint": 355287.636948719}, "joint-loglikelihood": {"individual": [], "joint": -173407.3998811561}, "AAA|AAG": {"individual": [], "joint": {"secondary": 0.4428230274327227, "primary": 0.5977071748171119}}, "AAC|AAT": {"individual": [], "joint": {"secondary": 0.4321608373179499, "primary": 0.4487990167677626}}, "ACA|ACC": {"individual": [], "joint": {"secondary": 0.5975302683928833, "primary": 0.3294787361344283}}, "ACA|ACG": {"individual": [], "joint": {"secondary": 0.4423120498923811, "primary": 0.562975538253831}}, "ACA|ACT": {"individual": [], "joint": {"secondary": 0.4932920210969435, "primary": 0.4279459133313651}}, "ACC|ACG": {"individual": [], "joint": {"secondary": 0.3746896949962582, "primary": 0.4575066521690554}}, "ACC|ACT": {"individual": [], "joint": {"secondary": 0.5087955004269084, "primary": 0.3101733643988239}}, "ACG|ACT": {"individual": [], "joint": {"secondary": 0.5783224633294239, "primary": 0.3640618555040241}}, "AGA|AGG": {"individual": [], "joint": {"secondary": 0.4468821296336646, "primary": 0.4913884497514484}}, "AGA|CGA": {"individual": [], "joint": {"secondary": 0.5793501460489421, "primary": 0.3865855812717173}}, "AGC|AGT": {"individual": [], "joint": {"secondary": 0.5226951204796821, "primary": 0.4430260794085605}}, "AGG|CGG": {"individual": [], "joint": {"secondary": 1.005112441648318, "primary": 1.160521844601851}}, "ATA|ATC": {"individual": [], "joint": {"secondary": 0.4844726000359947, "primary": 0.5707015895390405}}, "ATA|ATT": {"individual": [], "joint": {"secondary": 0.6189258387421264, "primary": 0.4225416950357687}}, "ATC|ATT": {"individual": [], "joint": {"secondary": 0.4904599021094285, "primary": 0.4289900557323711}}, "CAA|CAG": {"individual": [], "joint": {"secondary": 0.4213253682665918, "primary": 0.4455647570427836}}, "CAC|CAT": {"individual": [], "joint": {"secondary": 0.5321796058616758, "primary": 0.3619964054273503}}, "CCA|CCC": {"individual": [], "joint": {"secondary": 0.8208487523217327, "primary": 1.254521562819455}}, "CCA|CCG": {"individual": [], "joint": {"secondary": 1.143536648135167, "primary": 1.230263408920721}}, "CCA|CCT": {"individual": [], "joint": {"secondary": 1.248512673825018, "primary": 0.879147217543656}}, "CCC|CCG": {"individual": [], "joint": {"secondary": 1.335190253326535, "primary": 1.026395587983057}}, "CCC|CCT": {"individual": [], "joint": {"secondary": 1.11681227976426, "primary": 1.13861781953662}}, "CCG|CCT": {"individual": [], "joint": {"secondary": 0.8558184580480944, "primary": 1.068971752774395}}, "CGA|CGC": {"individual": [], "joint": {"secondary": 1.009497959919302, "primary": 1.195962778369395}}, "CGA|CGG": {"individual": [], "joint": {"secondary": 1.630105736726205, "primary": 1.040173717270165}}, "CGA|CGT": {"individual": [], "joint": {"secondary": 1.089010995914282, "primary": 1.545089100090049}}, "CGC|CGG": {"individual": [], "joint": {"secondary": 1.118452540457274, "primary": 1.161471359311277}}, "CGC|CGT": {"individual": [], "joint": {"secondary": 1.10191781325267, "primary": 1.369589836814244}}, "CGG|CGT": {"individual": [], "joint": {"secondary": 1.074982177978105, "primary": 1.087539969165945}}, "CTA|CTC": {"individual": [], "joint": {"secondary": 1.470670004746002, "primary": 1.074855402588103}}, "CTA|CTG": {"individual": [], "joint": {"secondary": 1.281432067011183, "primary": 1.20771168447478}}, "CTA|CTT": {"individual": [], "joint": {"secondary": 1.9282265009523, "primary": 1.188024024528324}}, "CTA|TTA": {"individual": [], "joint": {"secondary": 1.160459961045417, "primary": 1.199443315879348}}, "CTC|CTG": {"individual": [], "joint": {"secondary": 1.042040371338577, "primary": 1.159986523182728}}, "CTC|CTT": {"individual": [], "joint": {"secondary": 1.13287036672375, "primary": 1.221966495173008}}, "CTG|CTT": {"individual": [], "joint": {"secondary": 1.073260700193176, "primary": 0.8483800775199963}}, "CTG|TTG": {"individual": [], "joint": {"secondary": 1.231912927556389, "primary": 1.34193424589544}}, "GAA|GAG": {"individual": [], "joint": {"secondary": 1.341842334273569, "primary": 1.316575209364765}}, "GAC|GAT": {"individual": [], "joint": {"secondary": 1.062928420285658, "primary": 1.165641794295754}}, "GCA|GCC": {"individual": [], "joint": {"secondary": 1.028596416972462, "primary": 1.25928860859247}}, "GCA|GCG": {"individual": [], "joint": {"secondary": 1.144921669992548, "primary": 1.163890065907688}}, "GCA|GCT": {"individual": [], "joint": {"secondary": 0.4975378770274439, "primary": 0.6234087156159505}}, "GCC|GCG": {"individual": [], "joint": {"secondary": 0.9274740495352309, "primary": 1.082959653214806}}, "GCC|GCT": {"individual": [], "joint": {"secondary": 1.261633576559624, "primary": 1.209544320694212}}, "GCG|GCT": {"individual": [], "joint": {"secondary": 0.9930223068865588, "primary": 0.9521474116136184}}, "GGA|GGC": {"individual": [], "joint": {"secondary": 1.469678150576561, "primary": 1.224681503998349}}, "GGA|GGG": {"individual": [], "joint": {"secondary": 1.328433249385938, "primary": 1.30069170030386}}, "GGA|GGT": {"individual": [], "joint": {"secondary": 1.228197214763763, "primary": 0.5879602090641529}}, "GGC|GGG": {"individual": [], "joint": {"secondary": 1.041939254192043, "primary": 1.019777700236747}}, "GGC|GGT": {"individual": [], "joint": {"secondary": 1.094282202897845, "primary": 1.35418608916203}}, "GGG|GGT": {"individual": [], "joint": {"secondary": 1.094975859589113, "primary": 1.258409773075423}}, "GTA|GTC": {"individual": [], "joint": {"secondary": 1.285481267475227, "primary": 1.337285865914768}}, "GTA|GTG": {"individual": [], "joint": {"secondary": 1.364006150465987, "primary": 1.243051765933526}}, "GTA|GTT": {"individual": [], "joint": {"secondary": 1.138192474524889, "primary": 1.556629756396622}}, "GTC|GTG": {"individual": [], "joint": {"secondary": 1.178685418527125, "primary": 1.120390736375828}}, "GTC|GTT": {"individual": [], "joint": {"secondary": 1.094828670536017, "primary": 1.401153430858577}}, "GTG|GTT": {"individual": [], "joint": {"secondary": 1.011861838867903, "primary": 1.004079478137431}}, "TAC|TAT": {"individual": [], "joint": {"secondary": 1.283074323370751, "primary": 1.287840800967326}}, "TCA|TCC": {"individual": [], "joint": {"secondary": 1.038461048233721, "primary": 1.181713648482385}}, "TCA|TCG": {"individual": [], "joint": {"secondary": 1.042482107133825, "primary": 1.164470029893731}}, "TCA|TCT": {"individual": [], "joint": {"secondary": 1.018497504899691, "primary": 1.523743969236676}}, "TCC|TCG": {"individual": [], "joint": {"secondary": 1.153352100689574, "primary": 0.9833992543371386}}, "TCC|TCT": {"individual": [], "joint": {"secondary": 1.365389477890203, "primary": 1.430470757682702}}, "TCG|TCT": {"individual": [], "joint": {"secondary": 0.9972221911923581, "primary": 1.210548164498685}}, "TGC|TGT": {"individual": [], "joint": {"secondary": 1.163334038582231, "primary": 1.236768616618616}}, "TTA|TTG": {"individual": [], "joint": {"secondary": 1.336517947423068, "primary": 1.250945169331509}}, "TTC|TTT": {"individual": [], "joint": {"secondary": 1.176262652301755, "primary": 1.09833521116666}}, "model_mixture_p": 0.5624924216442744}