{"baseline-AICc": {"individual": [], "joint": 424791.359075952}, "baseline-loglikelihood": {"individual": [], "joint": -208159.4982014239}, "joint-AICc": {"individual": [], "joint": 423801.3725578185}, "joint-loglikelihood": {"individual": [], "joint": -206726.493360692}, "AAA|AAG": {"individual": [], "joint": {"secondary": 1.080314087713841, "primary": 0.8419539648982944}}, "AAC|AAT": {"individual": [], "joint": {"secondary": 1.056458715053083, "primary": 0.7509449099910529}}, "ACA|ACC": {"individual": [], "joint": {"secondary": 1.312699133640459, "primary": 0.7661830261709707}}, "ACA|ACG": {"individual": [], "joint": {"secondary": 1.316033233058505, "primary": 0.7669632294579093}}, "ACA|ACT": {"individual": [], "joint": {"secondary": 1.056860288399343, "primary": 0.5407207976011181}}, "ACC|ACG": {"individual": [], "joint": {"secondary": 0.9090209578031168, "primary": 0.6906896621461779}}, "ACC|ACT": {"individual": [], "joint": {"secondary": 0.8768950644467287, "primary": 0.6517609111086794}}, "ACG|ACT": {"individual": [], "joint": {"secondary": 1.287049801596621, "primary": 0.9436103453789583}}, "AGA|AGG": {"individual": [], "joint": {"secondary": 1.633868822220205, "primary": 0.8480267251287833}}, "AGA|CGA": {"individual": [], "joint": {"secondary": 0.9396216795911188, "primary": 0.6339463124746675}}, "AGC|AGT": {"individual": [], "joint": {"secondary": 1.110570126999615, "primary": 0.7103905998090831}}, "AGG|CGG": {"individual": [], "joint": {"secondary": 1.109452918384252, "primary": 0.7150230205944086}}, "ATA|ATC": {"individual": [], "joint": {"secondary": 0.4743453506868219, "primary": 0.7538763812246826}}, "ATA|ATT": {"individual": [], "joint": {"secondary": 1.162949535498304, "primary": 0.4556838540365512}}, "ATC|ATT": {"individual": [], "joint": {"secondary": 1.153940220824526, "primary": 0.6873088411789561}}, "CAA|CAG": {"individual": [], "joint": {"secondary": 0.9025475633598352, "primary": 0.8375765203743802}}, "CAC|CAT": {"individual": [], "joint": {"secondary": 1.195865743826287, "primary": 0.7858619226593482}}, "CCA|CCC": {"individual": [], "joint": {"secondary": 1.084003231145771, "primary": 0.8322124893632997}}, "CCA|CCG": {"individual": [], "joint": {"secondary": 0.8780579984614856, "primary": 0.7725444942243433}}, "CCA|CCT": {"individual": [], "joint": {"secondary": 0.4445841857624897, "primary": 0.6442828422609989}}, "CCC|CCG": {"individual": [], "joint": {"secondary": 1.082257464326479, "primary": 0.7656379133402685}}, "CCC|CCT": {"individual": [], "joint": {"secondary": 0.813494065121047, "primary": 0.7926112958834597}}, "CCG|CCT": {"individual": [], "joint": {"secondary": 1.162236178887656, "primary": 0.7148243177686147}}, "CGA|CGC": {"individual": [], "joint": {"secondary": 0.8299945916681225, "primary": 0.7474638823958998}}, "CGA|CGG": {"individual": [], "joint": {"secondary": 0.9031875895095103, "primary": 0.7990217473377536}}, "CGA|CGT": {"individual": [], "joint": {"secondary": 0.6146810400906175, "primary": 0.716045581539316}}, "CGC|CGG": {"individual": [], "joint": {"secondary": 1.044865074213558, "primary": 1.69476466474107}}, "CGC|CGT": {"individual": [], "joint": {"secondary": 0.9991767046354982, "primary": 1.854532151717657}}, "CGG|CGT": {"individual": [], "joint": {"secondary": 0.9622385261247218, "primary": 0.5935959353451294}}, "CTA|CTC": {"individual": [], "joint": {"secondary": 0.7725945163297444, "primary": 0.809525450628613}}, "CTA|CTG": {"individual": [], "joint": {"secondary": 1.065356554916777, "primary": 0.8202581631113395}}, "CTA|CTT": {"individual": [], "joint": {"secondary": 0.8908878576094207, "primary": 0.6120599097896547}}, "CTA|TTA": {"individual": [], "joint": {"secondary": 0.6970097527538623, "primary": 0.7591697725744527}}, "CTC|CTG": {"individual": [], "joint": {"secondary": 1.237334399129549, "primary": 0.704651238596112}}, "CTC|CTT": {"individual": [], "joint": {"secondary": 0.8759344881018415, "primary": 0.7952400858352529}}, "CTG|CTT": {"individual": [], "joint": {"secondary": 0.9206754511724127, "primary": 0.6379184572983805}}, "CTG|TTG": {"individual": [], "joint": {"secondary": 1.017294205396528, "primary": 0.7521350668500258}}, "GAA|GAG": {"individual": [], "joint": {"secondary": 0.86418384558613, "primary": 0.7867259290225338}}, "GAC|GAT": {"individual": [], "joint": {"secondary": 0.8298159422570215, "primary": 0.7164494056757449}}, "GCA|GCC": {"individual": [], "joint": {"secondary": 1.134273446442309, "primary": 0.8834557772328139}}, "GCA|GCG": {"individual": [], "joint": {"secondary": 1.20037160317239, "primary": 0.8737282735773707}}, "GCA|GCT": {"individual": [], "joint": {"secondary": 1.157564017743365, "primary": 0.5729080067462533}}, "GCC|GCG": {"individual": [], "joint": {"secondary": 0.7506014732437709, "primary": 0.6101416684682343}}, "GCC|GCT": {"individual": [], "joint": {"secondary": 0.7087236451046122, "primary": 0.7303216465490788}}, "GCG|GCT": {"individual": [], "joint": {"secondary": 0.8022689701857828, "primary": 0.6749706370807788}}, "GGA|GGC": {"individual": [], "joint": {"secondary": 1.452949663969547, "primary": 0.7566053242537975}}, "GGA|GGG": {"individual": [], "joint": {"secondary": 1.00697263238705, "primary": 0.7701023973816193}}, "GGA|GGT": {"individual": [], "joint": {"secondary": 0.6585943657731393, "primary": 0.6526207588774149}}, "GGC|GGG": {"individual": [], "joint": {"secondary": 0.8581591139172735, "primary": 0.6305880506684753}}, "GGC|GGT": {"individual": [], "joint": {"secondary": 0.9207278088348461, "primary": 1.95817903358563}}, "GGG|GGT": {"individual": [], "joint": {"secondary": 0.620663275816664, "primary": 1.85356225308562}}, "GTA|GTC": {"individual": [], "joint": {"secondary": 0.8368586159776915, "primary": 2.002118879178855}}, "GTA|GTG": {"individual": [], "joint": {"secondary": 0.9137475836213577, "primary": 2.032937956205402}}, "GTA|GTT": {"individual": [], "joint": {"secondary": 0.6348837195898805, "primary": 1.802855647714952}}, "GTC|GTG": {"individual": [], "joint": {"secondary": 1.007200221394345, "primary": 1.730289753302751}}, "GTC|GTT": {"individual": [], "joint": {"secondary": 0.9468359588791588, "primary": 1.896296378526758}}, "GTG|GTT": {"individual": [], "joint": {"secondary": 1.235314217072961, "primary": 0.5715597914478299}}, "TAC|TAT": {"individual": [], "joint": {"secondary": 0.9183946105279963, "primary": 0.896746612676145}}, "TCA|TCC": {"individual": [], "joint": {"secondary": 0.7785392735676185, "primary": 2.103768387061908}}, "TCA|TCG": {"individual": [], "joint": {"secondary": 1.125167302829946, "primary": 2.063930029408177}}, "TCA|TCT": {"individual": [], "joint": {"secondary": 1.592283716840712, "primary": 1.594818452489033}}, "TCC|TCG": {"individual": [], "joint": {"secondary": 1.451097375036513, "primary": 1.647965163530005}}, "TCC|TCT": {"individual": [], "joint": {"secondary": 1.007931829399638, "primary": 1.942826367772709}}, "TCG|TCT": {"individual": [], "joint": {"secondary": 0.7327971162736502, "primary": 1.571822311065288}}, "TGC|TGT": {"individual": [], "joint": {"secondary": 1.832583000546955, "primary": 1.920046118129712}}, "TTA|TTG": {"individual": [], "joint": {"secondary": 1.283709220392621, "primary": 0.8473598157983221}}, "TTC|TTT": {"individual": [], "joint": {"secondary": 0.8624293151552703, "primary": 0.7052826886511175}}, "model_mixture_p": 0.8999999232368876}