{"baseline-AICc": {"individual": [], "joint": 397723.3265037084}, "baseline-loglikelihood": {"individual": [], "joint": -194627.5280333321}, "joint-AICc": {"individual": [], "joint": 397202.8004925707}, "joint-loglikelihood": {"individual": [], "joint": -193433.7074760265}, "AAA|AAG": {"individual": [], "joint": {"secondary": 0.8294515291025949, "primary": 0.8218769658043177}}, "AAC|AAT": {"individual": [], "joint": {"secondary": 1.18084366716165, "primary": 0.7241292804641672}}, "ACA|ACC": {"individual": [], "joint": {"secondary": 0.9282172385631421, "primary": 0.7287996189360507}}, "ACA|ACG": {"individual": [], "joint": {"secondary": 0.8364387472432963, "primary": 0.7709106718788742}}, "ACA|ACT": {"individual": [], "joint": {"secondary": 1.789904796103132, "primary": 0.9195909029166844}}, "ACC|ACG": {"individual": [], "joint": {"secondary": 1.042246938628983, "primary": 0.7093538295250268}}, "ACC|ACT": {"individual": [], "joint": {"secondary": 1.129969641478094, "primary": 0.8052907218734436}}, "ACG|ACT": {"individual": [], "joint": {"secondary": 1.140285786801843, "primary": 0.7481091475316204}}, "AGA|AGG": {"individual": [], "joint": {"secondary": 0.8310483472685859, "primary": 0.8642204944034378}}, "AGA|CGA": {"individual": [], "joint": {"secondary": 0.5201310750107974, "primary": 0.7707484768516348}}, "AGC|AGT": {"individual": [], "joint": {"secondary": 1.062167475461201, "primary": 0.7634011843510804}}, "AGG|CGG": {"individual": [], "joint": {"secondary": 1.072373243514413, "primary": 0.8281414833227846}}, "ATA|ATC": {"individual": [], "joint": {"secondary": 0.8239186491156616, "primary": 0.7288253218457886}}, "ATA|ATT": {"individual": [], "joint": {"secondary": 1.341013999462249, "primary": 0.6619083302254034}}, "ATC|ATT": {"individual": [], "joint": {"secondary": 0.9845902687815995, "primary": 0.7433800588050025}}, "CAA|CAG": {"individual": [], "joint": {"secondary": 0.935797668790361, "primary": 0.9290660496146083}}, "CAC|CAT": {"individual": [], "joint": {"secondary": 1.071550026661076, "primary": 0.7176612412053222}}, "CCA|CCC": {"individual": [], "joint": {"secondary": 1.292660067181673, "primary": 0.8463545644747787}}, "CCA|CCG": {"individual": [], "joint": {"secondary": 1.382381882342279, "primary": 0.7375575674636606}}, "CCA|CCT": {"individual": [], "joint": {"secondary": 1.259921740751663, "primary": 0.9528989736076703}}, "CCC|CCG": {"individual": [], "joint": {"secondary": 0.9245289492248473, "primary": 0.6116551070334665}}, "CCC|CCT": {"individual": [], "joint": {"secondary": 1.028693244266047, "primary": 0.7380189401914047}}, "CCG|CCT": {"individual": [], "joint": {"secondary": 0.6552281060530116, "primary": 0.6095870732281504}}, "CGA|CGC": {"individual": [], "joint": {"secondary": 0.6469450495974166, "primary": 0.6889796116025334}}, "CGA|CGG": {"individual": [], "joint": {"secondary": 1.41261249555986, "primary": 0.7912750347800298}}, "CGA|CGT": {"individual": [], "joint": {"secondary": 0.9734797278873477, "primary": 0.5394375859108684}}, "CGC|CGG": {"individual": [], "joint": {"secondary": 1.052842913691922, "primary": 1.750914402911099}}, "CGC|CGT": {"individual": [], "joint": {"secondary": 1.035461144843184, "primary": 2.003906886668183}}, "CGG|CGT": {"individual": [], "joint": {"secondary": 1.031253125576179, "primary": 0.5995968818236799}}, "CTA|CTC": {"individual": [], "joint": {"secondary": 0.9310457022841039, "primary": 0.813323518065357}}, "CTA|CTG": {"individual": [], "joint": {"secondary": 1.059798566847913, "primary": 0.7696419783772395}}, "CTA|CTT": {"individual": [], "joint": {"secondary": 0.738583244289341, "primary": 0.6984473370840759}}, "CTA|TTA": {"individual": [], "joint": {"secondary": 1.011681553504101, "primary": 0.7425978289036281}}, "CTC|CTG": {"individual": [], "joint": {"secondary": 1.0682205480775, "primary": 0.6691627293566678}}, "CTC|CTT": {"individual": [], "joint": {"secondary": 1.322251933402768, "primary": 0.8564656846241092}}, "CTG|CTT": {"individual": [], "joint": {"secondary": 0.8115527717246722, "primary": 0.5576918945025845}}, "CTG|TTG": {"individual": [], "joint": {"secondary": 0.93759636743472, "primary": 0.6913144951457262}}, "GAA|GAG": {"individual": [], "joint": {"secondary": 0.8527579205180374, "primary": 0.8579707697608807}}, "GAC|GAT": {"individual": [], "joint": {"secondary": 0.9427739361334628, "primary": 0.7514790961019719}}, "GCA|GCC": {"individual": [], "joint": {"secondary": 0.923058524126543, "primary": 0.6682021100121536}}, "GCA|GCG": {"individual": [], "joint": {"secondary": 0.7392920694957996, "primary": 0.7771973310856299}}, "GCA|GCT": {"individual": [], "joint": {"secondary": 0.7720607006010622, "primary": 0.6430745691617398}}, "GCC|GCG": {"individual": [], "joint": {"secondary": 1.079643772969448, "primary": 0.6980337898891362}}, "GCC|GCT": {"individual": [], "joint": {"secondary": 0.8745020040665764, "primary": 0.6890431690151251}}, "GCG|GCT": {"individual": [], "joint": {"secondary": 1.202872161878555, "primary": 0.7144549761155733}}, "GGA|GGC": {"individual": [], "joint": {"secondary": 0.9684717087414343, "primary": 0.8179251161650999}}, "GGA|GGG": {"individual": [], "joint": {"secondary": 0.9463855060692432, "primary": 0.7885353626546634}}, "GGA|GGT": {"individual": [], "joint": {"secondary": 0.6477418546888863, "primary": 0.7179362691347783}}, "GGC|GGG": {"individual": [], "joint": {"secondary": 1.317975767739223, "primary": 0.734891793123729}}, "GGC|GGT": {"individual": [], "joint": {"secondary": 1.055603092758913, "primary": 1.669950803399415}}, "GGG|GGT": {"individual": [], "joint": {"secondary": 1.057529460380592, "primary": 1.562173814735206}}, "GTA|GTC": {"individual": [], "joint": {"secondary": 0.8742728033321538, "primary": 1.949924703427742}}, "GTA|GTG": {"individual": [], "joint": {"secondary": 1.007558750121678, "primary": 1.929502668463653}}, "GTA|GTT": {"individual": [], "joint": {"secondary": 1.079078067805928, "primary": 1.384752860962013}}, "GTC|GTG": {"individual": [], "joint": {"secondary": 0.9392209097996094, "primary": 1.768218606110024}}, "GTC|GTT": {"individual": [], "joint": {"secondary": 1.025632876000249, "primary": 2.003777022628016}}, "GTG|GTT": {"individual": [], "joint": {"secondary": 0.9386027292362636, "primary": 0.853158146860263}}, "TAC|TAT": {"individual": [], "joint": {"secondary": 0.8141389368302416, "primary": 0.7615571018513938}}, "TCA|TCC": {"individual": [], "joint": {"secondary": 1.128380867017557, "primary": 2.043019923635971}}, "TCA|TCG": {"individual": [], "joint": {"secondary": 0.8598348768999772, "primary": 1.834518751597049}}, "TCA|TCT": {"individual": [], "joint": {"secondary": 0.9599757964194624, "primary": 1.262394073183995}}, "TCC|TCG": {"individual": [], "joint": {"secondary": 0.9466049336146081, "primary": 1.742540779664066}}, "TCC|TCT": {"individual": [], "joint": {"secondary": 0.9307835426267184, "primary": 2.228835969096241}}, "TCG|TCT": {"individual": [], "joint": {"secondary": 0.8906077212628539, "primary": 2.020043932008847}}, "TGC|TGT": {"individual": [], "joint": {"secondary": 0.9157268301643273, "primary": 1.723729985439114}}, "TTA|TTG": {"individual": [], "joint": {"secondary": 1.137028279252925, "primary": 0.7837395877371712}}, "TTC|TTT": {"individual": [], "joint": {"secondary": 1.075195365758439, "primary": 0.7151750416691818}}, "model_mixture_p": 0.7498003213646616}