{"baseline-AICc": {"individual": [], "joint": 286898.7168239792}, "baseline-loglikelihood": {"individual": [], "joint": -139319.3264867121}, "joint-AICc": {"individual": [], "joint": 288289.7996043459}, "joint-loglikelihood": {"individual": [], "joint": -139104.2633983492}, "AAA|AAG": {"individual": [], "joint": {"secondary": 1.02092970791731, "primary": 0.7388274883039461}}, "AAC|AAT": {"individual": [], "joint": {"secondary": 0.9772452548019555, "primary": 0.7946324863532233}}, "ACA|ACC": {"individual": [], "joint": {"secondary": 1.094045536046169, "primary": 0.8764727048488734}}, "ACA|ACG": {"individual": [], "joint": {"secondary": 0.9771376496101011, "primary": 0.7815116756927568}}, "ACA|ACT": {"individual": [], "joint": {"secondary": 0.855081045464142, "primary": 0.6137278966844801}}, "ACC|ACG": {"individual": [], "joint": {"secondary": 0.8864138872311581, "primary": 0.8285880260213773}}, "ACC|ACT": {"individual": [], "joint": {"secondary": 0.9687479373923299, "primary": 0.7257288917332394}}, "ACG|ACT": {"individual": [], "joint": {"secondary": 1.133402769962294, "primary": 0.712560790308869}}, "AGA|AGG": {"individual": [], "joint": {"secondary": 1.001237725117119, "primary": 0.6552295501543292}}, "AGA|CGA": {"individual": [], "joint": {"secondary": 0.847831975200103, "primary": 0.8166812734283666}}, "AGC|AGT": {"individual": [], "joint": {"secondary": 1.07531313721455, "primary": 0.5476083507157065}}, "AGG|CGG": {"individual": [], "joint": {"secondary": 0.9949226358398343, "primary": 0.610774359821745}}, "ATA|ATC": {"individual": [], "joint": {"secondary": 1.05426903768162, "primary": 0.7929334263687913}}, "ATA|ATT": {"individual": [], "joint": {"secondary": 1.140151107897539, "primary": 0.4371357645667886}}, "ATC|ATT": {"individual": [], "joint": {"secondary": 0.9502826549665806, "primary": 0.7552767326808498}}, "CAA|CAG": {"individual": [], "joint": {"secondary": 1.056378332438994, "primary": 0.7903941401543862}}, "CAC|CAT": {"individual": [], "joint": {"secondary": 1.023868343262746, "primary": 0.6585143439190383}}, "CCA|CCC": {"individual": [], "joint": {"secondary": 0.9761085320790233, "primary": 0.6052988327556905}}, "CCA|CCG": {"individual": [], "joint": {"secondary": 1.051341692460134, "primary": 0.9983921859155526}}, "CCA|CCT": {"individual": [], "joint": {"secondary": 0.8855272439414028, "primary": 0.7150471186052986}}, "CCC|CCG": {"individual": [], "joint": {"secondary": 0.9262492793258158, "primary": 0.5297324219468058}}, "CCC|CCT": {"individual": [], "joint": {"secondary": 0.982609241442333, "primary": 0.7467418909997985}}, "CCG|CCT": {"individual": [], "joint": {"secondary": 1.07575869784702, "primary": 0.8829820033350937}}, "CGA|CGC": {"individual": [], "joint": {"secondary": 0.8381910113115157, "primary": 0.9223048595694892}}, "CGA|CGG": {"individual": [], "joint": {"secondary": 1.06608280803949, "primary": 0.9406965282648508}}, "CGA|CGT": {"individual": [], "joint": {"secondary": 1.053453246079896, "primary": 0.9339387055965858}}, "CGC|CGG": {"individual": [], "joint": {"secondary": 1.037175368572648, "primary": 1.546315774139267}}, "CGC|CGT": {"individual": [], "joint": {"secondary": 0.9310277980363728, "primary": 1.846393498912295}}, "CGG|CGT": {"individual": [], "joint": {"secondary": 0.9042455836894343, "primary": 0.8269092968364324}}, "CTA|CTC": {"individual": [], "joint": {"secondary": 1.040225489574153, "primary": 0.6419079344569762}}, "CTA|CTG": {"individual": [], "joint": {"secondary": 1.084223769116758, "primary": 0.6226004142482269}}, "CTA|CTT": {"individual": [], "joint": {"secondary": 1.122119011308461, "primary": 0.7512848805430926}}, "CTA|TTA": {"individual": [], "joint": {"secondary": 0.9386963267296672, "primary": 0.9509762460298589}}, "CTC|CTG": {"individual": [], "joint": {"secondary": 1.028067697660813, "primary": 0.5526616400100064}}, "CTC|CTT": {"individual": [], "joint": {"secondary": 0.8553591520082056, "primary": 0.4768100159027177}}, "CTG|CTT": {"individual": [], "joint": {"secondary": 0.9506288517163511, "primary": 0.9077500830917598}}, "CTG|TTG": {"individual": [], "joint": {"secondary": 1.024742547272374, "primary": 0.6759979202006958}}, "GAA|GAG": {"individual": [], "joint": {"secondary": 1.074970786152652, "primary": 0.6907635274455509}}, "GAC|GAT": {"individual": [], "joint": {"secondary": 0.9442070743951319, "primary": 0.7019935468625437}}, "GCA|GCC": {"individual": [], "joint": {"secondary": 1.010119177171971, "primary": 1.218693226461705}}, "GCA|GCG": {"individual": [], "joint": {"secondary": 1.033800442513183, "primary": 0.5411026505879918}}, "GCA|GCT": {"individual": [], "joint": {"secondary": 0.9252717552292768, "primary": 0.8606851441681433}}, "GCC|GCG": {"individual": [], "joint": {"secondary": 1.013911993988788, "primary": 0.614052327714798}}, "GCC|GCT": {"individual": [], "joint": {"secondary": 1.003862112965425, "primary": 0.8392252809153666}}, "GCG|GCT": {"individual": [], "joint": {"secondary": 0.9769248290882507, "primary": 0.5910547631783901}}, "GGA|GGC": {"individual": [], "joint": {"secondary": 0.9782939265047556, "primary": 0.5750169309201472}}, "GGA|GGG": {"individual": [], "joint": {"secondary": 0.8979653079447548, "primary": 0.555898756203523}}, "GGA|GGT": {"individual": [], "joint": {"secondary": 1.374318968163868, "primary": 1.159349642785577}}, "GGC|GGG": {"individual": [], "joint": {"secondary": 1.023180923826799, "primary": 0.5604619153904509}}, "GGC|GGT": {"individual": [], "joint": {"secondary": 0.9618280288804685, "primary": 2.144970460375708}}, "GGG|GGT": {"individual": [], "joint": {"secondary": 0.8426129589210162, "primary": 1.908855507237084}}, "GTA|GTC": {"individual": [], "joint": {"secondary": 1.073417320590517, "primary": 1.539835536876512}}, "GTA|GTG": {"individual": [], "joint": {"secondary": 1.021110388728933, "primary": 2.167410440905758}}, "GTA|GTT": {"individual": [], "joint": {"secondary": 0.8840729610982796, "primary": 1.783608983808849}}, "GTC|GTG": {"individual": [], "joint": {"secondary": 1.030739999571605, "primary": 1.68281010610875}}, "GTC|GTT": {"individual": [], "joint": {"secondary": 1.046712710828591, "primary": 1.879708775736344}}, "GTG|GTT": {"individual": [], "joint": {"secondary": 1.147451934699465, "primary": 0.6405632792432042}}, "TAC|TAT": {"individual": [], "joint": {"secondary": 1.132098331831249, "primary": 0.6521777955411492}}, "TCA|TCC": {"individual": [], "joint": {"secondary": 1.036505030098569, "primary": 1.781062332733686}}, "TCA|TCG": {"individual": [], "joint": {"secondary": 0.9495808079981419, "primary": 2.055124234620428}}, "TCA|TCT": {"individual": [], "joint": {"secondary": 0.7767387876853813, "primary": 0.7252951947966155}}, "TCC|TCG": {"individual": [], "joint": {"secondary": 0.8958299055805605, "primary": 2.245769846111581}}, "TCC|TCT": {"individual": [], "joint": {"secondary": 0.8932606722105149, "primary": 2.467081549504909}}, "TCG|TCT": {"individual": [], "joint": {"secondary": 1.019852751370689, "primary": 1.512566661901355}}, "TGC|TGT": {"individual": [], "joint": {"secondary": 1.148173875901765, "primary": 1.86924157333718}}, "TTA|TTG": {"individual": [], "joint": {"secondary": 1.005847576590943, "primary": 0.9541400022326059}}, "TTC|TTT": {"individual": [], "joint": {"secondary": 1.048246573212008, "primary": 0.8701398531768076}}, "model_mixture_p": 0.09999048708178787}