{"baseline-AICc": {"individual": [], "joint": 439280.789775359}, "baseline-loglikelihood": {"individual": [], "joint": -215391.4183926205}, "joint-AICc": {"individual": [], "joint": 438329.6513584988}, "joint-loglikelihood": {"individual": [], "joint": -213975.0043888559}, "AAA|AAG": {"individual": [], "joint": {"secondary": 0.6208972319109124, "primary": 0.8367879787375107}}, "AAC|AAT": {"individual": [], "joint": {"secondary": 0.9174618868765024, "primary": 0.7698263778435503}}, "ACA|ACC": {"individual": [], "joint": {"secondary": 0.8345169919032877, "primary": 0.8197513628336387}}, "ACA|ACG": {"individual": [], "joint": {"secondary": 0.8994078529506002, "primary": 0.7863067728791816}}, "ACA|ACT": {"individual": [], "joint": {"secondary": 0.9959596228662863, "primary": 0.737818670110654}}, "ACC|ACG": {"individual": [], "joint": {"secondary": 0.71452858532639, "primary": 0.6680883099543747}}, "ACC|ACT": {"individual": [], "joint": {"secondary": 0.509883333254316, "primary": 0.7778431653251164}}, "ACG|ACT": {"individual": [], "joint": {"secondary": 0.6301785215344805, "primary": 0.6072800150440866}}, "AGA|AGG": {"individual": [], "joint": {"secondary": 0.921440998006723, "primary": 0.742386452020505}}, "AGA|CGA": {"individual": [], "joint": {"secondary": 0.7099716984646555, "primary": 0.7580459000844443}}, "AGC|AGT": {"individual": [], "joint": {"secondary": 0.9937038186843387, "primary": 0.7231644364496356}}, "AGG|CGG": {"individual": [], "joint": {"secondary": 0.6429030636240558, "primary": 0.7340274597177378}}, "ATA|ATC": {"individual": [], "joint": {"secondary": 0.6841265446480644, "primary": 0.8631521636363879}}, "ATA|ATT": {"individual": [], "joint": {"secondary": 0.5274861054071397, "primary": 0.8489169027854268}}, "ATC|ATT": {"individual": [], "joint": {"secondary": 0.9676911506285227, "primary": 0.8378024676990928}}, "CAA|CAG": {"individual": [], "joint": {"secondary": 0.9177495549336965, "primary": 0.7559310112723281}}, "CAC|CAT": {"individual": [], "joint": {"secondary": 0.7111644204234817, "primary": 0.8209521659630684}}, "CCA|CCC": {"individual": [], "joint": {"secondary": 0.8975932222591169, "primary": 0.9151259309591487}}, "CCA|CCG": {"individual": [], "joint": {"secondary": 0.6595854673275547, "primary": 0.8078019859226517}}, "CCA|CCT": {"individual": [], "joint": {"secondary": 0.6050194598653464, "primary": 0.8018521687147445}}, "CCC|CCG": {"individual": [], "joint": {"secondary": 0.7036417389575473, "primary": 0.5682603483189076}}, "CCC|CCT": {"individual": [], "joint": {"secondary": 0.7499717144886071, "primary": 0.8833711193497853}}, "CCG|CCT": {"individual": [], "joint": {"secondary": 0.6539638690061025, "primary": 0.6643142672700164}}, "CGA|CGC": {"individual": [], "joint": {"secondary": 0.886204996608226, "primary": 0.5024955929431226}}, "CGA|CGG": {"individual": [], "joint": {"secondary": 0.734181274243656, "primary": 0.9046193649903995}}, "CGA|CGT": {"individual": [], "joint": {"secondary": 1.065530783762955, "primary": 0.5509130141937797}}, "CGC|CGG": {"individual": [], "joint": {"secondary": 1.641817274507887, "primary": 1.796328036726459}}, "CGC|CGT": {"individual": [], "joint": {"secondary": 1.954078669213138, "primary": 1.978539740481347}}, "CGG|CGT": {"individual": [], "joint": {"secondary": 0.9575686568475539, "primary": 0.6372224093821333}}, "CTA|CTC": {"individual": [], "joint": {"secondary": 0.8758486471890625, "primary": 0.7336416936034889}}, "CTA|CTG": {"individual": [], "joint": {"secondary": 0.754786777146878, "primary": 0.7984529659555132}}, "CTA|CTT": {"individual": [], "joint": {"secondary": 0.5504840286395162, "primary": 0.5477576960101542}}, "CTA|TTA": {"individual": [], "joint": {"secondary": 0.7955075988305702, "primary": 0.857364857911362}}, "CTC|CTG": {"individual": [], "joint": {"secondary": 0.6457402558074526, "primary": 0.7481068942248648}}, "CTC|CTT": {"individual": [], "joint": {"secondary": 0.7249763563317086, "primary": 0.7245838171656104}}, "CTG|CTT": {"individual": [], "joint": {"secondary": 1.143100504562105, "primary": 0.740792726067561}}, "CTG|TTG": {"individual": [], "joint": {"secondary": 0.7633678561723362, "primary": 0.759998157128503}}, "GAA|GAG": {"individual": [], "joint": {"secondary": 0.7973213583131331, "primary": 0.7390018101352853}}, "GAC|GAT": {"individual": [], "joint": {"secondary": 0.63549227758224, "primary": 0.7341307499130683}}, "GCA|GCC": {"individual": [], "joint": {"secondary": 0.566683238932444, "primary": 0.7251703484489065}}, "GCA|GCG": {"individual": [], "joint": {"secondary": 0.7147474945522853, "primary": 0.7865430306053528}}, "GCA|GCT": {"individual": [], "joint": {"secondary": 0.7477528995789583, "primary": 0.7255819396192245}}, "GCC|GCG": {"individual": [], "joint": {"secondary": 0.5517897490316835, "primary": 0.7197502478277885}}, "GCC|GCT": {"individual": [], "joint": {"secondary": 0.6087120609401948, "primary": 0.7329469257991218}}, "GCG|GCT": {"individual": [], "joint": {"secondary": 0.6304360537630289, "primary": 0.7031852281533696}}, "GGA|GGC": {"individual": [], "joint": {"secondary": 0.6071390620056849, "primary": 0.7407608440008308}}, "GGA|GGG": {"individual": [], "joint": {"secondary": 0.8891882047882608, "primary": 0.7693378113386371}}, "GGA|GGT": {"individual": [], "joint": {"secondary": 0.6244856396832141, "primary": 0.7151837155780664}}, "GGC|GGG": {"individual": [], "joint": {"secondary": 0.8326479060431832, "primary": 0.7390296293220392}}, "GGC|GGT": {"individual": [], "joint": {"secondary": 1.870423324629389, "primary": 1.838268226714929}}, "GGG|GGT": {"individual": [], "joint": {"secondary": 1.369777755605921, "primary": 1.81134737397123}}, "GTA|GTC": {"individual": [], "joint": {"secondary": 1.386979978083628, "primary": 1.553082592755591}}, "GTA|GTG": {"individual": [], "joint": {"secondary": 2.054513512219573, "primary": 2.104560321506399}}, "GTA|GTT": {"individual": [], "joint": {"secondary": 2.183659220861441, "primary": 1.788508866190449}}, "GTC|GTG": {"individual": [], "joint": {"secondary": 1.977769849513849, "primary": 1.641776472951549}}, "GTC|GTT": {"individual": [], "joint": {"secondary": 1.709121381762319, "primary": 1.571806168765963}}, "GTG|GTT": {"individual": [], "joint": {"secondary": 0.7030425308485305, "primary": 0.850630416796801}}, "TAC|TAT": {"individual": [], "joint": {"secondary": 0.9037956799467148, "primary": 0.7798580759011873}}, "TCA|TCC": {"individual": [], "joint": {"secondary": 2.112900305833478, "primary": 1.790851602826425}}, "TCA|TCG": {"individual": [], "joint": {"secondary": 1.930109324285838, "primary": 1.931167520680165}}, "TCA|TCT": {"individual": [], "joint": {"secondary": 0.9575290233654191, "primary": 2.101982000702101}}, "TCC|TCG": {"individual": [], "joint": {"secondary": 1.347372915955205, "primary": 1.586867377961373}}, "TCC|TCT": {"individual": [], "joint": {"secondary": 2.186408434030017, "primary": 1.517161637389033}}, "TCG|TCT": {"individual": [], "joint": {"secondary": 1.785628005345593, "primary": 1.902051466200632}}, "TGC|TGT": {"individual": [], "joint": {"secondary": 1.783526905991276, "primary": 1.821594317129684}}, "TTA|TTG": {"individual": [], "joint": {"secondary": 0.8577505545930257, "primary": 0.8228128271096605}}, "TTC|TTT": {"individual": [], "joint": {"secondary": 0.711254818703701, "primary": 0.7454260540288414}}, "model_mixture_p": 0.8004560264115688}