{"baseline-AICc": {"individual": [], "joint": 443181.8100331512}, "baseline-loglikelihood": {"individual": [], "joint": -217341.9285215166}, "joint-AICc": {"individual": [], "joint": 442522.331438012}, "joint-loglikelihood": {"individual": [], "joint": -216071.3444286126}, "AAA|AAG": {"individual": [], "joint": {"secondary": 0.6555746983566862, "primary": 0.8369550588158431}}, "AAC|AAT": {"individual": [], "joint": {"secondary": 0.5671208461855946, "primary": 0.8292849610399943}}, "ACA|ACC": {"individual": [], "joint": {"secondary": 0.9127926787950593, "primary": 0.7641138266947357}}, "ACA|ACG": {"individual": [], "joint": {"secondary": 0.7100610219686335, "primary": 0.7843972923619705}}, "ACA|ACT": {"individual": [], "joint": {"secondary": 1.239118878342647, "primary": 0.7226161822896152}}, "ACC|ACG": {"individual": [], "joint": {"secondary": 0.6995701801489349, "primary": 0.6599251631971078}}, "ACC|ACT": {"individual": [], "joint": {"secondary": 0.7109674163592153, "primary": 0.6812411547531525}}, "ACG|ACT": {"individual": [], "joint": {"secondary": 0.6778913646062816, "primary": 0.7073204010020986}}, "AGA|AGG": {"individual": [], "joint": {"secondary": 0.8541311907718725, "primary": 0.7005353373320946}}, "AGA|CGA": {"individual": [], "joint": {"secondary": 1.198713883689254, "primary": 0.7995287349207821}}, "AGC|AGT": {"individual": [], "joint": {"secondary": 0.9081776944525534, "primary": 0.7056915971912942}}, "AGG|CGG": {"individual": [], "joint": {"secondary": 0.716420311107342, "primary": 0.8356549470408643}}, "ATA|ATC": {"individual": [], "joint": {"secondary": 0.6479937087669397, "primary": 0.881658403461233}}, "ATA|ATT": {"individual": [], "joint": {"secondary": 0.7157195624332954, "primary": 0.7470251796928453}}, "ATC|ATT": {"individual": [], "joint": {"secondary": 0.8857743285088647, "primary": 0.7748166615538564}}, "CAA|CAG": {"individual": [], "joint": {"secondary": 0.9275921758308958, "primary": 0.77146625043992}}, "CAC|CAT": {"individual": [], "joint": {"secondary": 0.8495587082063938, "primary": 0.8327679489821519}}, "CCA|CCC": {"individual": [], "joint": {"secondary": 1.121992655536583, "primary": 0.7255857393062833}}, "CCA|CCG": {"individual": [], "joint": {"secondary": 0.977981613507037, "primary": 0.8607526636256299}}, "CCA|CCT": {"individual": [], "joint": {"secondary": 0.3961278926545196, "primary": 0.536028318285064}}, "CCC|CCG": {"individual": [], "joint": {"secondary": 0.7815071990215897, "primary": 0.6986797159740824}}, "CCC|CCT": {"individual": [], "joint": {"secondary": 1.048339147873929, "primary": 0.7392058645354186}}, "CCG|CCT": {"individual": [], "joint": {"secondary": 0.5066051239155613, "primary": 0.8666932738905819}}, "CGA|CGC": {"individual": [], "joint": {"secondary": 0.302484069039366, "primary": 0.6875758687745208}}, "CGA|CGG": {"individual": [], "joint": {"secondary": 0.9142306382643068, "primary": 0.8176437612075595}}, "CGA|CGT": {"individual": [], "joint": {"secondary": 1.415958922949756, "primary": 0.8107830439074944}}, "CGC|CGG": {"individual": [], "joint": {"secondary": 1.728658337660736, "primary": 2.017965920409536}}, "CGC|CGT": {"individual": [], "joint": {"secondary": 1.560766597202846, "primary": 2.111406170395421}}, "CGG|CGT": {"individual": [], "joint": {"secondary": 0.8756469116602515, "primary": 0.4408844448875259}}, "CTA|CTC": {"individual": [], "joint": {"secondary": 0.5182810959726895, "primary": 0.8556991227507796}}, "CTA|CTG": {"individual": [], "joint": {"secondary": 0.6496843988211661, "primary": 0.7811983711189753}}, "CTA|CTT": {"individual": [], "joint": {"secondary": 0.9296576803843487, "primary": 0.7354190364263764}}, "CTA|TTA": {"individual": [], "joint": {"secondary": 0.6054089596115076, "primary": 0.7497342615267838}}, "CTC|CTG": {"individual": [], "joint": {"secondary": 0.5076379489392927, "primary": 0.7437362670819025}}, "CTC|CTT": {"individual": [], "joint": {"secondary": 0.8240202404648642, "primary": 0.7789170595143686}}, "CTG|CTT": {"individual": [], "joint": {"secondary": 0.6271360343258354, "primary": 0.6610653158056873}}, "CTG|TTG": {"individual": [], "joint": {"secondary": 0.7571934993010034, "primary": 0.8141051740109373}}, "GAA|GAG": {"individual": [], "joint": {"secondary": 1.041639236742236, "primary": 0.9009943118819285}}, "GAC|GAT": {"individual": [], "joint": {"secondary": 0.9689864290629844, "primary": 0.7844785031728017}}, "GCA|GCC": {"individual": [], "joint": {"secondary": 0.5475951052798321, "primary": 0.7680051748167968}}, "GCA|GCG": {"individual": [], "joint": {"secondary": 0.8833155599755872, "primary": 0.7994358838366884}}, "GCA|GCT": {"individual": [], "joint": {"secondary": 0.3859845398795804, "primary": 0.7415679029149063}}, "GCC|GCG": {"individual": [], "joint": {"secondary": 0.5776816571845634, "primary": 0.7441008000311812}}, "GCC|GCT": {"individual": [], "joint": {"secondary": 0.877147115613016, "primary": 0.7619734948519891}}, "GCG|GCT": {"individual": [], "joint": {"secondary": 0.5343020375324387, "primary": 0.7965383156377444}}, "GGA|GGC": {"individual": [], "joint": {"secondary": 0.533128434935011, "primary": 0.8258511991397031}}, "GGA|GGG": {"individual": [], "joint": {"secondary": 1.05768257682323, "primary": 0.7979798005372568}}, "GGA|GGT": {"individual": [], "joint": {"secondary": 0.255420830207325, "primary": 1.059895126523053}}, "GGC|GGG": {"individual": [], "joint": {"secondary": 0.8216952258319435, "primary": 0.667719078379854}}, "GGC|GGT": {"individual": [], "joint": {"secondary": 2.058112873557174, "primary": 1.771460062491943}}, "GGG|GGT": {"individual": [], "joint": {"secondary": 1.252483063684713, "primary": 1.893011581304986}}, "GTA|GTC": {"individual": [], "joint": {"secondary": 1.921475842779791, "primary": 1.556912421965362}}, "GTA|GTG": {"individual": [], "joint": {"secondary": 2.098511773471691, "primary": 1.950709577403311}}, "GTA|GTT": {"individual": [], "joint": {"secondary": 1.563092993926109, "primary": 1.687136388117908}}, "GTC|GTG": {"individual": [], "joint": {"secondary": 1.725197085971653, "primary": 1.463913654446929}}, "GTC|GTT": {"individual": [], "joint": {"secondary": 1.451662858124201, "primary": 1.566854511403402}}, "GTG|GTT": {"individual": [], "joint": {"secondary": 1.260893597613589, "primary": 0.9168465878775443}}, "TAC|TAT": {"individual": [], "joint": {"secondary": 0.5961263672144025, "primary": 0.8201401789429422}}, "TCA|TCC": {"individual": [], "joint": {"secondary": 2.129349143351284, "primary": 1.999975329839935}}, "TCA|TCG": {"individual": [], "joint": {"secondary": 2.303635265114313, "primary": 1.795986487518713}}, "TCA|TCT": {"individual": [], "joint": {"secondary": 0.6461453984886585, "primary": 2.041412170643299}}, "TCC|TCG": {"individual": [], "joint": {"secondary": 1.717543090511369, "primary": 1.478465698131834}}, "TCC|TCT": {"individual": [], "joint": {"secondary": 1.8139544181026, "primary": 1.41461595183694}}, "TCG|TCT": {"individual": [], "joint": {"secondary": 2.336877270728321, "primary": 1.281485159318622}}, "TGC|TGT": {"individual": [], "joint": {"secondary": 1.458150508544768, "primary": 1.634067311309796}}, "TTA|TTG": {"individual": [], "joint": {"secondary": 0.6289482730166149, "primary": 0.7648718643091498}}, "TTC|TTT": {"individual": [], "joint": {"secondary": 0.626763811093334, "primary": 0.8455169772090014}}, "model_mixture_p": 0.8499999843923882}