{"baseline-AICc": {"individual": [], "joint": 374583.057921528}, "baseline-loglikelihood": {"individual": [], "joint": -183078.8270862112}, "joint-AICc": {"individual": [], "joint": 374478.738998697}, "joint-loglikelihood": {"individual": [], "joint": -182097.8357747876}, "AAA|AAG": {"individual": [], "joint": {"secondary": 0.9658262684837535, "primary": 0.7362486197012357}}, "AAC|AAT": {"individual": [], "joint": {"secondary": 1.009703182791525, "primary": 0.8205934801214706}}, "ACA|ACC": {"individual": [], "joint": {"secondary": 0.8912847177792922, "primary": 0.8864259039121264}}, "ACA|ACG": {"individual": [], "joint": {"secondary": 0.8528819266252988, "primary": 0.8870467286359485}}, "ACA|ACT": {"individual": [], "joint": {"secondary": 0.9968923142556096, "primary": 0.6609878149815636}}, "ACC|ACG": {"individual": [], "joint": {"secondary": 0.9256404495991842, "primary": 0.6705905033803339}}, "ACC|ACT": {"individual": [], "joint": {"secondary": 0.9979461993663628, "primary": 0.7622403299251175}}, "ACG|ACT": {"individual": [], "joint": {"secondary": 0.7702829343143957, "primary": 0.6416556519215567}}, "AGA|AGG": {"individual": [], "joint": {"secondary": 1.046913800632296, "primary": 0.7165116784750541}}, "AGA|CGA": {"individual": [], "joint": {"secondary": 0.761852275204462, "primary": 0.660392510639794}}, "AGC|AGT": {"individual": [], "joint": {"secondary": 1.074785572692337, "primary": 0.7822666192787611}}, "AGG|CGG": {"individual": [], "joint": {"secondary": 1.072080471111586, "primary": 0.8385061891283626}}, "ATA|ATC": {"individual": [], "joint": {"secondary": 1.086093190870839, "primary": 0.7460068247408416}}, "ATA|ATT": {"individual": [], "joint": {"secondary": 0.7000588501191961, "primary": 0.5752342277978313}}, "ATC|ATT": {"individual": [], "joint": {"secondary": 1.022355568905676, "primary": 0.7787577380250621}}, "CAA|CAG": {"individual": [], "joint": {"secondary": 0.9821143647681913, "primary": 0.7701640408487485}}, "CAC|CAT": {"individual": [], "joint": {"secondary": 1.070104701174305, "primary": 0.7640436132413446}}, "CCA|CCC": {"individual": [], "joint": {"secondary": 1.001745917600384, "primary": 0.6984546526499397}}, "CCA|CCG": {"individual": [], "joint": {"secondary": 0.9616858904720276, "primary": 0.693574438675847}}, "CCA|CCT": {"individual": [], "joint": {"secondary": 1.547488449695842, "primary": 0.7417541636502576}}, "CCC|CCG": {"individual": [], "joint": {"secondary": 0.7741221660851492, "primary": 0.6461587549028809}}, "CCC|CCT": {"individual": [], "joint": {"secondary": 1.173909710425975, "primary": 0.7064739264948106}}, "CCG|CCT": {"individual": [], "joint": {"secondary": 1.122103878554641, "primary": 0.5423099279408324}}, "CGA|CGC": {"individual": [], "joint": {"secondary": 0.8452870020452206, "primary": 0.8650347996258262}}, "CGA|CGG": {"individual": [], "joint": {"secondary": 0.8895371017113339, "primary": 0.7684800936701491}}, "CGA|CGT": {"individual": [], "joint": {"secondary": 0.8373610231425499, "primary": 0.9126915803143116}}, "CGC|CGG": {"individual": [], "joint": {"secondary": 0.9038995233257732, "primary": 1.924541535658854}}, "CGC|CGT": {"individual": [], "joint": {"secondary": 1.027150425098395, "primary": 1.880211081906653}}, "CGG|CGT": {"individual": [], "joint": {"secondary": 1.040549380841344, "primary": 0.6231493976747742}}, "CTA|CTC": {"individual": [], "joint": {"secondary": 1.07085806794514, "primary": 0.8012223876083521}}, "CTA|CTG": {"individual": [], "joint": {"secondary": 1.054143819456138, "primary": 0.8046380318256371}}, "CTA|CTT": {"individual": [], "joint": {"secondary": 1.66981258318802, "primary": 0.7971971583503}}, "CTA|TTA": {"individual": [], "joint": {"secondary": 0.904816801465938, "primary": 0.6041350941472192}}, "CTC|CTG": {"individual": [], "joint": {"secondary": 1.016783935448696, "primary": 0.6847998717006282}}, "CTC|CTT": {"individual": [], "joint": {"secondary": 0.9847900389552011, "primary": 0.6244115893933692}}, "CTG|CTT": {"individual": [], "joint": {"secondary": 0.737253857616376, "primary": 0.6638157389672987}}, "CTG|TTG": {"individual": [], "joint": {"secondary": 1.086386489281408, "primary": 0.7623098779752798}}, "GAA|GAG": {"individual": [], "joint": {"secondary": 1.130336949352286, "primary": 0.812948019018532}}, "GAC|GAT": {"individual": [], "joint": {"secondary": 0.9503454007937314, "primary": 0.8229440263235305}}, "GCA|GCC": {"individual": [], "joint": {"secondary": 1.061214365851481, "primary": 0.6488974516825797}}, "GCA|GCG": {"individual": [], "joint": {"secondary": 1.079722167738444, "primary": 0.8276076504330369}}, "GCA|GCT": {"individual": [], "joint": {"secondary": 0.8179997105544058, "primary": 0.7232436896962806}}, "GCC|GCG": {"individual": [], "joint": {"secondary": 1.013580616252928, "primary": 0.6806564446267739}}, "GCC|GCT": {"individual": [], "joint": {"secondary": 0.9413693864754822, "primary": 0.7588591265125073}}, "GCG|GCT": {"individual": [], "joint": {"secondary": 1.141459987891577, "primary": 0.5919755941391354}}, "GGA|GGC": {"individual": [], "joint": {"secondary": 1.22927617863132, "primary": 0.7182511423397714}}, "GGA|GGG": {"individual": [], "joint": {"secondary": 1.140653752673589, "primary": 0.7231649340327038}}, "GGA|GGT": {"individual": [], "joint": {"secondary": 0.5243196627981651, "primary": 0.6743167136360306}}, "GGC|GGG": {"individual": [], "joint": {"secondary": 1.022701117447056, "primary": 0.7246511597512697}}, "GGC|GGT": {"individual": [], "joint": {"secondary": 1.143116889714628, "primary": 1.745207112200999}}, "GGG|GGT": {"individual": [], "joint": {"secondary": 1.046117289885475, "primary": 2.068792233584129}}, "GTA|GTC": {"individual": [], "joint": {"secondary": 0.9510018444293776, "primary": 1.599061783053045}}, "GTA|GTG": {"individual": [], "joint": {"secondary": 0.9393564290119939, "primary": 2.088892076783583}}, "GTA|GTT": {"individual": [], "joint": {"secondary": 1.244456628087667, "primary": 2.113751307832362}}, "GTC|GTG": {"individual": [], "joint": {"secondary": 0.9552114980419619, "primary": 1.653598092695607}}, "GTC|GTT": {"individual": [], "joint": {"secondary": 1.004879437950753, "primary": 1.80325443491002}}, "GTG|GTT": {"individual": [], "joint": {"secondary": 0.9634370947780352, "primary": 0.8679697195721219}}, "TAC|TAT": {"individual": [], "joint": {"secondary": 1.045789691721815, "primary": 0.8046677224579519}}, "TCA|TCC": {"individual": [], "joint": {"secondary": 1.040933199334805, "primary": 1.702315913667471}}, "TCA|TCG": {"individual": [], "joint": {"secondary": 0.7954387888881044, "primary": 1.995066978536265}}, "TCA|TCT": {"individual": [], "joint": {"secondary": 0.9673362707057147, "primary": 1.488503409837662}}, "TCC|TCG": {"individual": [], "joint": {"secondary": 0.9941778234035733, "primary": 1.671082534340768}}, "TCC|TCT": {"individual": [], "joint": {"secondary": 0.9947708586075582, "primary": 1.909069489208675}}, "TCG|TCT": {"individual": [], "joint": {"secondary": 0.9103224400563931, "primary": 1.885541836529001}}, "TGC|TGT": {"individual": [], "joint": {"secondary": 0.8480244570081062, "primary": 1.900023432985615}}, "TTA|TTG": {"individual": [], "joint": {"secondary": 1.125044945828067, "primary": 0.7629347406973005}}, "TTC|TTT": {"individual": [], "joint": {"secondary": 1.101102265035636, "primary": 0.7897146510268936}}, "model_mixture_p": 0.5997163942553502}