{"baseline-AICc": {"individual": [], "joint": 441563.5404493508}, "baseline-loglikelihood": {"individual": [], "joint": -216532.7937296164}, "joint-AICc": {"individual": [], "joint": 441134.6709265131}, "joint-loglikelihood": {"individual": [], "joint": -215377.5141728631}, "AAA|AAG": {"individual": [], "joint": {"secondary": 0.8712711408194923, "primary": 0.783069336733304}}, "AAC|AAT": {"individual": [], "joint": {"secondary": 0.9136272960984232, "primary": 0.8060327523345241}}, "ACA|ACC": {"individual": [], "joint": {"secondary": 0.863333124469052, "primary": 0.7146971171348504}}, "ACA|ACG": {"individual": [], "joint": {"secondary": 0.8530033397936115, "primary": 0.8089801623941111}}, "ACA|ACT": {"individual": [], "joint": {"secondary": 1.098602233997395, "primary": 0.6419583109105362}}, "ACC|ACG": {"individual": [], "joint": {"secondary": 0.837342591746231, "primary": 0.6896105437305284}}, "ACC|ACT": {"individual": [], "joint": {"secondary": 1.03337934012837, "primary": 0.8727582526047888}}, "ACG|ACT": {"individual": [], "joint": {"secondary": 0.7398486832551656, "primary": 0.7937217333223747}}, "AGA|AGG": {"individual": [], "joint": {"secondary": 0.845527337318469, "primary": 0.7626186912464156}}, "AGA|CGA": {"individual": [], "joint": {"secondary": 0.8557233208170033, "primary": 0.7580569713903615}}, "AGC|AGT": {"individual": [], "joint": {"secondary": 0.9531988706005379, "primary": 0.5911154228271427}}, "AGG|CGG": {"individual": [], "joint": {"secondary": 0.9661989595705448, "primary": 0.8245193142445364}}, "ATA|ATC": {"individual": [], "joint": {"secondary": 0.8639379135448714, "primary": 0.7599450277436947}}, "ATA|ATT": {"individual": [], "joint": {"secondary": 0.6867436932226253, "primary": 0.7234310500030892}}, "ATC|ATT": {"individual": [], "joint": {"secondary": 0.954813518484438, "primary": 0.6588163609248592}}, "CAA|CAG": {"individual": [], "joint": {"secondary": 0.8670932618579877, "primary": 0.7323300093843013}}, "CAC|CAT": {"individual": [], "joint": {"secondary": 0.914065536053153, "primary": 0.74585975988907}}, "CCA|CCC": {"individual": [], "joint": {"secondary": 0.8962846174576334, "primary": 0.8147441854595069}}, "CCA|CCG": {"individual": [], "joint": {"secondary": 0.7690371331103055, "primary": 0.8201768067499273}}, "CCA|CCT": {"individual": [], "joint": {"secondary": 0.7699267436681121, "primary": 0.5787222946864038}}, "CCC|CCG": {"individual": [], "joint": {"secondary": 0.7701613860385257, "primary": 0.6211137609609008}}, "CCC|CCT": {"individual": [], "joint": {"secondary": 0.7882927831019444, "primary": 0.7789395819977611}}, "CCG|CCT": {"individual": [], "joint": {"secondary": 0.9543608509988585, "primary": 0.889900801709094}}, "CGA|CGC": {"individual": [], "joint": {"secondary": 1.036796753520742, "primary": 0.9976251977505977}}, "CGA|CGG": {"individual": [], "joint": {"secondary": 0.6804469977852616, "primary": 0.924900733047761}}, "CGA|CGT": {"individual": [], "joint": {"secondary": 0.9975154288362533, "primary": 0.353219627517077}}, "CGC|CGG": {"individual": [], "joint": {"secondary": 2.411967843775078, "primary": 1.723288644708042}}, "CGC|CGT": {"individual": [], "joint": {"secondary": 2.514093573121813, "primary": 1.807020921057677}}, "CGG|CGT": {"individual": [], "joint": {"secondary": 0.7673606159780081, "primary": 0.6511880903227416}}, "CTA|CTC": {"individual": [], "joint": {"secondary": 0.7605707003156955, "primary": 0.7681960839979621}}, "CTA|CTG": {"individual": [], "joint": {"secondary": 0.8614448210089419, "primary": 0.7669566216886895}}, "CTA|CTT": {"individual": [], "joint": {"secondary": 0.8837172507842548, "primary": 0.8372757614467045}}, "CTA|TTA": {"individual": [], "joint": {"secondary": 0.8381975137486551, "primary": 0.7175148911999135}}, "CTC|CTG": {"individual": [], "joint": {"secondary": 0.9281014522681381, "primary": 0.7446563118076951}}, "CTC|CTT": {"individual": [], "joint": {"secondary": 0.9994457687176834, "primary": 0.7800933475669093}}, "CTG|CTT": {"individual": [], "joint": {"secondary": 0.7414607325806091, "primary": 0.6850135657415445}}, "CTG|TTG": {"individual": [], "joint": {"secondary": 0.8818389667756547, "primary": 0.7261699872867832}}, "GAA|GAG": {"individual": [], "joint": {"secondary": 0.9001559886265257, "primary": 0.758218837806795}}, "GAC|GAT": {"individual": [], "joint": {"secondary": 0.886716315620208, "primary": 0.7266388765866427}}, "GCA|GCC": {"individual": [], "joint": {"secondary": 0.943764329530832, "primary": 0.7123652082800941}}, "GCA|GCG": {"individual": [], "joint": {"secondary": 0.7965565572458363, "primary": 0.7814604843842738}}, "GCA|GCT": {"individual": [], "joint": {"secondary": 1.025947847861309, "primary": 0.4888040453140757}}, "GCC|GCG": {"individual": [], "joint": {"secondary": 0.8914530989678044, "primary": 0.6842209715519568}}, "GCC|GCT": {"individual": [], "joint": {"secondary": 0.9006461842764492, "primary": 0.6652869653593863}}, "GCG|GCT": {"individual": [], "joint": {"secondary": 0.9555857723201424, "primary": 0.8341691986650562}}, "GGA|GGC": {"individual": [], "joint": {"secondary": 0.9719499383635436, "primary": 0.6929723212142971}}, "GGA|GGG": {"individual": [], "joint": {"secondary": 0.9731731125358188, "primary": 0.8211630355180842}}, "GGA|GGT": {"individual": [], "joint": {"secondary": 0.8566249257748574, "primary": 1.003769336766278}}, "GGC|GGG": {"individual": [], "joint": {"secondary": 0.6920346323010683, "primary": 0.7014776675828225}}, "GGC|GGT": {"individual": [], "joint": {"secondary": 1.082656103281857, "primary": 2.078787365273275}}, "GGG|GGT": {"individual": [], "joint": {"secondary": 2.191862322236616, "primary": 1.752208357102425}}, "GTA|GTC": {"individual": [], "joint": {"secondary": 0.9683489742447761, "primary": 1.553832747477331}}, "GTA|GTG": {"individual": [], "joint": {"secondary": 2.120532439471605, "primary": 1.928836422880485}}, "GTA|GTT": {"individual": [], "joint": {"secondary": 0.8151924944447345, "primary": 1.946002186216636}}, "GTC|GTG": {"individual": [], "joint": {"secondary": 0.8186040689311475, "primary": 1.819269247076807}}, "GTC|GTT": {"individual": [], "joint": {"secondary": 0.8051413894350531, "primary": 1.956384834213976}}, "GTG|GTT": {"individual": [], "joint": {"secondary": 0.9463634202867524, "primary": 0.5110306198563681}}, "TAC|TAT": {"individual": [], "joint": {"secondary": 0.9135966314756838, "primary": 0.6342122475559973}}, "TCA|TCC": {"individual": [], "joint": {"secondary": 1.847049789975505, "primary": 2.076971866838871}}, "TCA|TCG": {"individual": [], "joint": {"secondary": 1.940496309289568, "primary": 2.045073752839524}}, "TCA|TCT": {"individual": [], "joint": {"secondary": 1.319259902226246, "primary": 1.641189637709385}}, "TCC|TCG": {"individual": [], "joint": {"secondary": 0.8870817564690511, "primary": 1.670442408515732}}, "TCC|TCT": {"individual": [], "joint": {"secondary": 0.8166957437089258, "primary": 1.891134646916987}}, "TCG|TCT": {"individual": [], "joint": {"secondary": 0.4897324568575196, "primary": 1.560657029763466}}, "TGC|TGT": {"individual": [], "joint": {"secondary": 0.9143991546944553, "primary": 1.792844261179905}}, "TTA|TTG": {"individual": [], "joint": {"secondary": 0.9130443361149957, "primary": 0.8556378069430208}}, "TTC|TTT": {"individual": [], "joint": {"secondary": 1.046601908061564, "primary": 0.7606995790878625}}, "model_mixture_p": 0.4999999862188162}