{"baseline-AICc": {"individual": [], "joint": 337111.8634003419}, "baseline-loglikelihood": {"individual": [], "joint": -164374.0057213132}, "joint-AICc": {"individual": [], "joint": 337487.7104359558}, "joint-loglikelihood": {"individual": [], "joint": -163639.8829706664}, "AAA|AAG": {"individual": [], "joint": {"secondary": 1.068085298758336, "primary": 0.7895505633860503}}, "AAC|AAT": {"individual": [], "joint": {"secondary": 1.004161442824282, "primary": 0.6942555774475182}}, "ACA|ACC": {"individual": [], "joint": {"secondary": 0.9554025498936562, "primary": 0.645796243303908}}, "ACA|ACG": {"individual": [], "joint": {"secondary": 1.096487458713394, "primary": 0.6903288117145212}}, "ACA|ACT": {"individual": [], "joint": {"secondary": 0.8394921928220128, "primary": 0.5501643054719332}}, "ACC|ACG": {"individual": [], "joint": {"secondary": 0.8893364237153819, "primary": 0.6962986546506378}}, "ACC|ACT": {"individual": [], "joint": {"secondary": 1.025470193989387, "primary": 0.5895632615428673}}, "ACG|ACT": {"individual": [], "joint": {"secondary": 1.128064498060641, "primary": 0.688003085624595}}, "AGA|AGG": {"individual": [], "joint": {"secondary": 1.345684007894085, "primary": 0.8361644845326223}}, "AGA|CGA": {"individual": [], "joint": {"secondary": 1.076710008252264, "primary": 0.8818550601138193}}, "AGC|AGT": {"individual": [], "joint": {"secondary": 1.079503202323802, "primary": 0.8039345145005805}}, "AGG|CGG": {"individual": [], "joint": {"secondary": 0.958776493826189, "primary": 0.7204300506445169}}, "ATA|ATC": {"individual": [], "joint": {"secondary": 1.219481565057493, "primary": 0.8212415285021122}}, "ATA|ATT": {"individual": [], "joint": {"secondary": 1.239302913133884, "primary": 0.6216222055038917}}, "ATC|ATT": {"individual": [], "joint": {"secondary": 0.963200267561127, "primary": 0.8137627700628244}}, "CAA|CAG": {"individual": [], "joint": {"secondary": 1.011311215865911, "primary": 0.824498301456573}}, "CAC|CAT": {"individual": [], "joint": {"secondary": 1.024326272638293, "primary": 0.7497699520984182}}, "CCA|CCC": {"individual": [], "joint": {"secondary": 1.173084881873577, "primary": 0.7930762968591561}}, "CCA|CCG": {"individual": [], "joint": {"secondary": 0.849750596998085, "primary": 0.7677884074175295}}, "CCA|CCT": {"individual": [], "joint": {"secondary": 0.7963604962219296, "primary": 1.047120207242761}}, "CCC|CCG": {"individual": [], "joint": {"secondary": 0.9658128669578823, "primary": 0.623597367498156}}, "CCC|CCT": {"individual": [], "joint": {"secondary": 0.8832668015511721, "primary": 0.7932213881623577}}, "CCG|CCT": {"individual": [], "joint": {"secondary": 1.130525903698856, "primary": 0.5451226836663153}}, "CGA|CGC": {"individual": [], "joint": {"secondary": 1.139341458138392, "primary": 0.6784663470394953}}, "CGA|CGG": {"individual": [], "joint": {"secondary": 0.9483924240395604, "primary": 1.112902462887841}}, "CGA|CGT": {"individual": [], "joint": {"secondary": 0.8518786462783895, "primary": 0.6975398585586092}}, "CGC|CGG": {"individual": [], "joint": {"secondary": 1.043660023450192, "primary": 1.796419002668416}}, "CGC|CGT": {"individual": [], "joint": {"secondary": 0.8650854659374406, "primary": 1.98555623560516}}, "CGG|CGT": {"individual": [], "joint": {"secondary": 0.7258714254247745, "primary": 0.345704989613863}}, "CTA|CTC": {"individual": [], "joint": {"secondary": 0.9196000798933338, "primary": 0.8735899289077598}}, "CTA|CTG": {"individual": [], "joint": {"secondary": 1.062750230443057, "primary": 0.7803769636982072}}, "CTA|CTT": {"individual": [], "joint": {"secondary": 0.788631204721892, "primary": 0.5891276257654244}}, "CTA|TTA": {"individual": [], "joint": {"secondary": 0.8837185128142677, "primary": 0.6526916560019416}}, "CTC|CTG": {"individual": [], "joint": {"secondary": 0.9730281806981915, "primary": 0.7063851877811866}}, "CTC|CTT": {"individual": [], "joint": {"secondary": 1.013312044552477, "primary": 0.6725873651567216}}, "CTG|CTT": {"individual": [], "joint": {"secondary": 1.041356751516241, "primary": 0.5527344905068623}}, "CTG|TTG": {"individual": [], "joint": {"secondary": 1.043316284326612, "primary": 0.6383021222319778}}, "GAA|GAG": {"individual": [], "joint": {"secondary": 1.044550435340583, "primary": 0.665087727241873}}, "GAC|GAT": {"individual": [], "joint": {"secondary": 0.800535027101044, "primary": 0.62388625326515}}, "GCA|GCC": {"individual": [], "joint": {"secondary": 0.9600062547459929, "primary": 0.7124772718821278}}, "GCA|GCG": {"individual": [], "joint": {"secondary": 1.040503211150514, "primary": 0.8169360424320914}}, "GCA|GCT": {"individual": [], "joint": {"secondary": 1.027712583934558, "primary": 0.77865595850117}}, "GCC|GCG": {"individual": [], "joint": {"secondary": 1.101053654748742, "primary": 0.6421912559990655}}, "GCC|GCT": {"individual": [], "joint": {"secondary": 1.087910129307624, "primary": 0.8649892399132331}}, "GCG|GCT": {"individual": [], "joint": {"secondary": 1.048916943382298, "primary": 0.7123936166277663}}, "GGA|GGC": {"individual": [], "joint": {"secondary": 1.217860559725694, "primary": 0.8124766377725247}}, "GGA|GGG": {"individual": [], "joint": {"secondary": 1.012412670457411, "primary": 0.7660930250724888}}, "GGA|GGT": {"individual": [], "joint": {"secondary": 0.6285831453255937, "primary": 0.4596483582192926}}, "GGC|GGG": {"individual": [], "joint": {"secondary": 1.110581275661021, "primary": 0.6685497514366457}}, "GGC|GGT": {"individual": [], "joint": {"secondary": 0.9050091978348963, "primary": 2.011800079189509}}, "GGG|GGT": {"individual": [], "joint": {"secondary": 1.000184595709339, "primary": 1.767949274465875}}, "GTA|GTC": {"individual": [], "joint": {"secondary": 0.8504014213334364, "primary": 2.040948977775967}}, "GTA|GTG": {"individual": [], "joint": {"secondary": 0.9759668044334924, "primary": 1.762330933656138}}, "GTA|GTT": {"individual": [], "joint": {"secondary": 1.110578963182878, "primary": 1.841417842821655}}, "GTC|GTG": {"individual": [], "joint": {"secondary": 1.055491233752796, "primary": 2.003036468229786}}, "GTC|GTT": {"individual": [], "joint": {"secondary": 1.07963574059714, "primary": 1.959480115086695}}, "GTG|GTT": {"individual": [], "joint": {"secondary": 0.8336795370469247, "primary": 0.5613185194954897}}, "TAC|TAT": {"individual": [], "joint": {"secondary": 0.962511105010028, "primary": 0.8809612044376287}}, "TCA|TCC": {"individual": [], "joint": {"secondary": 1.030731478005433, "primary": 1.54770860081384}}, "TCA|TCG": {"individual": [], "joint": {"secondary": 1.012442629223166, "primary": 2.265688160929241}}, "TCA|TCT": {"individual": [], "joint": {"secondary": 1.319402391290988, "primary": 1.808082212277773}}, "TCC|TCG": {"individual": [], "joint": {"secondary": 0.8573335279448767, "primary": 1.752241046661593}}, "TCC|TCT": {"individual": [], "joint": {"secondary": 1.073513921487385, "primary": 1.940374561670234}}, "TCG|TCT": {"individual": [], "joint": {"secondary": 0.9871898490397972, "primary": 1.84915960785617}}, "TGC|TGT": {"individual": [], "joint": {"secondary": 0.9552516712878539, "primary": 2.015583391204367}}, "TTA|TTG": {"individual": [], "joint": {"secondary": 0.960144073396463, "primary": 0.7439536189299328}}, "TTC|TTT": {"individual": [], "joint": {"secondary": 0.9263656836755824, "primary": 0.6550302883075487}}, "model_mixture_p": 0.4000117130072342}