{"baseline-AICc": {"individual": [], "joint": 355751.977906289}, "baseline-loglikelihood": {"individual": [], "joint": -174539.2879514653}, "joint-AICc": {"individual": [], "joint": 356767.8311717536}, "joint-loglikelihood": {"individual": [], "joint": -174147.4969926734}, "AAA|AAG": {"individual": [], "joint": {"secondary": 0.9037423658737233, "primary": 0.9271687608257215}}, "AAC|AAT": {"individual": [], "joint": {"secondary": 0.9505671924021784, "primary": 0.8852868251892025}}, "ACA|ACC": {"individual": [], "joint": {"secondary": 0.9796722553141193, "primary": 0.7377740855789955}}, "ACA|ACG": {"individual": [], "joint": {"secondary": 0.8892038680116816, "primary": 0.8827163829049318}}, "ACA|ACT": {"individual": [], "joint": {"secondary": 1.06267227963697, "primary": 1.032065697828524}}, "ACC|ACG": {"individual": [], "joint": {"secondary": 0.9756336864564822, "primary": 1.050031908171932}}, "ACC|ACT": {"individual": [], "joint": {"secondary": 0.9674635250918079, "primary": 0.9157774613980451}}, "ACG|ACT": {"individual": [], "joint": {"secondary": 0.8964065656778453, "primary": 0.8539478536464651}}, "AGA|AGG": {"individual": [], "joint": {"secondary": 0.8514386909617903, "primary": 1.062080158161008}}, "AGA|CGA": {"individual": [], "joint": {"secondary": 0.716365217426936, "primary": 1.221538293589298}}, "AGC|AGT": {"individual": [], "joint": {"secondary": 1.013888786243442, "primary": 1.164359060001748}}, "AGG|CGG": {"individual": [], "joint": {"secondary": 0.9929995964544318, "primary": 0.9010883513919382}}, "ATA|ATC": {"individual": [], "joint": {"secondary": 0.9286312577846432, "primary": 1.018955171891297}}, "ATA|ATT": {"individual": [], "joint": {"secondary": 0.9070352325852732, "primary": 0.8272603951145262}}, "ATC|ATT": {"individual": [], "joint": {"secondary": 0.9847977339381472, "primary": 0.8494745934930522}}, "CAA|CAG": {"individual": [], "joint": {"secondary": 0.9158551264877722, "primary": 0.9187959340006829}}, "CAC|CAT": {"individual": [], "joint": {"secondary": 0.8904721748248563, "primary": 0.9677824700378582}}, "CCA|CCC": {"individual": [], "joint": {"secondary": 0.8940987667042486, "primary": 0.9650188916674932}}, "CCA|CCG": {"individual": [], "joint": {"secondary": 0.8965367108988016, "primary": 0.9921981608509036}}, "CCA|CCT": {"individual": [], "joint": {"secondary": 1.11605789178601, "primary": 0.2012945617501782}}, "CCC|CCG": {"individual": [], "joint": {"secondary": 0.8744595031426738, "primary": 0.9854213010848233}}, "CCC|CCT": {"individual": [], "joint": {"secondary": 1.187447162822892, "primary": 1.120773068355943}}, "CCG|CCT": {"individual": [], "joint": {"secondary": 0.9522601425754439, "primary": 1.231170108140682}}, "CGA|CGC": {"individual": [], "joint": {"secondary": 0.9337521255575849, "primary": 0.5857942766825532}}, "CGA|CGG": {"individual": [], "joint": {"secondary": 0.7675109751095464, "primary": 1.126872989683104}}, "CGA|CGT": {"individual": [], "joint": {"secondary": 0.6314437178768677, "primary": 1.1272664420874}}, "CGC|CGG": {"individual": [], "joint": {"secondary": 2.190914984912477, "primary": 2.521074058571985}}, "CGC|CGT": {"individual": [], "joint": {"secondary": 2.272458286116617, "primary": 3.002802566550727}}, "CGG|CGT": {"individual": [], "joint": {"secondary": 0.8820127501837379, "primary": 0.7008522207126625}}, "CTA|CTC": {"individual": [], "joint": {"secondary": 1.026199630650769, "primary": 0.9725488423963903}}, "CTA|CTG": {"individual": [], "joint": {"secondary": 0.9193299482585793, "primary": 1.007149957493982}}, "CTA|CTT": {"individual": [], "joint": {"secondary": 1.026541151458551, "primary": 1.008198979923049}}, "CTA|TTA": {"individual": [], "joint": {"secondary": 1.045861590803841, "primary": 0.7351693042713073}}, "CTC|CTG": {"individual": [], "joint": {"secondary": 0.8792838292842633, "primary": 0.9454537208660175}}, "CTC|CTT": {"individual": [], "joint": {"secondary": 1.084776943097443, "primary": 0.8861437015197199}}, "CTG|CTT": {"individual": [], "joint": {"secondary": 0.7713333890401987, "primary": 0.8502992822508386}}, "CTG|TTG": {"individual": [], "joint": {"secondary": 0.9442162231863819, "primary": 1.047115201605488}}, "GAA|GAG": {"individual": [], "joint": {"secondary": 0.9086578554734782, "primary": 1.04093804665232}}, "GAC|GAT": {"individual": [], "joint": {"secondary": 1.029961023390842, "primary": 0.9395724091771538}}, "GCA|GCC": {"individual": [], "joint": {"secondary": 1.025783032314074, "primary": 0.9842213664456098}}, "GCA|GCG": {"individual": [], "joint": {"secondary": 0.8896537437579651, "primary": 1.040772109214052}}, "GCA|GCT": {"individual": [], "joint": {"secondary": 0.8356244512247605, "primary": 0.7768332765437752}}, "GCC|GCG": {"individual": [], "joint": {"secondary": 0.8402716206941899, "primary": 0.8086790599009906}}, "GCC|GCT": {"individual": [], "joint": {"secondary": 0.8713194513989964, "primary": 1.197471905394354}}, "GCG|GCT": {"individual": [], "joint": {"secondary": 1.097890117552753, "primary": 1.100542705576775}}, "GGA|GGC": {"individual": [], "joint": {"secondary": 0.9878950962810773, "primary": 0.9984728408767112}}, "GGA|GGG": {"individual": [], "joint": {"secondary": 1.063155882225987, "primary": 0.7335020467010094}}, "GGA|GGT": {"individual": [], "joint": {"secondary": 0.9707701625900917, "primary": 1.188000595035602}}, "GGC|GGG": {"individual": [], "joint": {"secondary": 0.8617341098328933, "primary": 0.8652527066756123}}, "GGC|GGT": {"individual": [], "joint": {"secondary": 0.750451453875362, "primary": 0.8163397030009455}}, "GGG|GGT": {"individual": [], "joint": {"secondary": 1.222611551231069, "primary": 0.6360986144571207}}, "GTA|GTC": {"individual": [], "joint": {"secondary": 0.9426565504560465, "primary": 1.077902150140454}}, "GTA|GTG": {"individual": [], "joint": {"secondary": 0.9027787806077358, "primary": 0.8995994540571536}}, "GTA|GTT": {"individual": [], "joint": {"secondary": 0.9268442477440408, "primary": 0.8130661738329228}}, "GTC|GTG": {"individual": [], "joint": {"secondary": 0.9233556625747197, "primary": 0.8421892629387082}}, "GTC|GTT": {"individual": [], "joint": {"secondary": 0.7223140605823759, "primary": 0.9228267222290246}}, "GTG|GTT": {"individual": [], "joint": {"secondary": 0.945246823059642, "primary": 0.8581625077030709}}, "TAC|TAT": {"individual": [], "joint": {"secondary": 0.8921857772329403, "primary": 0.9461163998082727}}, "TCA|TCC": {"individual": [], "joint": {"secondary": 1.219923761153378, "primary": 1.069716302969365}}, "TCA|TCG": {"individual": [], "joint": {"secondary": 2.42136087807111, "primary": 2.101956037259507}}, "TCA|TCT": {"individual": [], "joint": {"secondary": 0.5891151570138373, "primary": 0.8438050075115053}}, "TCC|TCG": {"individual": [], "joint": {"secondary": 0.8343495066570684, "primary": 0.9382708273579451}}, "TCC|TCT": {"individual": [], "joint": {"secondary": 1.174039799346973, "primary": 0.7224523110165189}}, "TCG|TCT": {"individual": [], "joint": {"secondary": 1.090112511650904, "primary": 0.9406174462097973}}, "TGC|TGT": {"individual": [], "joint": {"secondary": 0.9179435725231758, "primary": 0.7972219773874833}}, "TTA|TTG": {"individual": [], "joint": {"secondary": 0.9580388900072805, "primary": 0.836057478983501}}, "TTC|TTT": {"individual": [], "joint": {"secondary": 1.060613190836189, "primary": 1.034621515252264}}, "model_mixture_p": 0.4992220992428033}