{"baseline-AICc": {"individual": [], "joint": 338955.0372671909}, "baseline-loglikelihood": {"individual": [], "joint": -165301.5413403406}, "joint-AICc": {"individual": [], "joint": 339452.4900561602}, "joint-loglikelihood": {"individual": [], "joint": -164628.2214663715}, "AAA|AAG": {"individual": [], "joint": {"secondary": 1.022440683428545, "primary": 0.7455179559022165}}, "AAC|AAT": {"individual": [], "joint": {"secondary": 0.9006574786642277, "primary": 0.7107554462949263}}, "ACA|ACC": {"individual": [], "joint": {"secondary": 0.9161516293816913, "primary": 0.6060362102635459}}, "ACA|ACG": {"individual": [], "joint": {"secondary": 1.014605832918706, "primary": 0.7036464044938672}}, "ACA|ACT": {"individual": [], "joint": {"secondary": 0.7926493485412096, "primary": 0.5246195814895098}}, "ACC|ACG": {"individual": [], "joint": {"secondary": 1.060411260623396, "primary": 0.7659283710412959}}, "ACC|ACT": {"individual": [], "joint": {"secondary": 0.9447909312201238, "primary": 0.6993718758718754}}, "ACG|ACT": {"individual": [], "joint": {"secondary": 0.7774661843779775, "primary": 0.4867545323270041}}, "AGA|AGG": {"individual": [], "joint": {"secondary": 0.9440961706648091, "primary": 0.6990730974440946}}, "AGA|CGA": {"individual": [], "joint": {"secondary": 0.7202846889634805, "primary": 0.7792348563305836}}, "AGC|AGT": {"individual": [], "joint": {"secondary": 1.100562192715656, "primary": 0.7986201677451149}}, "AGG|CGG": {"individual": [], "joint": {"secondary": 1.092634682143105, "primary": 0.8242571102007712}}, "ATA|ATC": {"individual": [], "joint": {"secondary": 1.137775535225682, "primary": 0.9402396663609259}}, "ATA|ATT": {"individual": [], "joint": {"secondary": 0.9283229332082162, "primary": 0.7748684498735425}}, "ATC|ATT": {"individual": [], "joint": {"secondary": 1.010990275122634, "primary": 0.8107470301278119}}, "CAA|CAG": {"individual": [], "joint": {"secondary": 1.017163591569765, "primary": 0.9060513361071802}}, "CAC|CAT": {"individual": [], "joint": {"secondary": 1.114393702869605, "primary": 0.7509006247429761}}, "CCA|CCC": {"individual": [], "joint": {"secondary": 1.06114440127296, "primary": 0.8563862732505323}}, "CCA|CCG": {"individual": [], "joint": {"secondary": 1.064868621746832, "primary": 0.706892475432615}}, "CCA|CCT": {"individual": [], "joint": {"secondary": 0.8437569128740388, "primary": 0.8055502276796414}}, "CCC|CCG": {"individual": [], "joint": {"secondary": 0.858552634233305, "primary": 0.760194310035579}}, "CCC|CCT": {"individual": [], "joint": {"secondary": 1.10972434861832, "primary": 0.8460763729438351}}, "CCG|CCT": {"individual": [], "joint": {"secondary": 1.176023215955612, "primary": 0.6110469083092726}}, "CGA|CGC": {"individual": [], "joint": {"secondary": 0.7179508995763232, "primary": 0.7542890646744693}}, "CGA|CGG": {"individual": [], "joint": {"secondary": 0.9546631588783243, "primary": 0.827134106976719}}, "CGA|CGT": {"individual": [], "joint": {"secondary": 1.531734660177501, "primary": 0.3694322372744193}}, "CGC|CGG": {"individual": [], "joint": {"secondary": 1.047388511101782, "primary": 1.662318059278728}}, "CGC|CGT": {"individual": [], "joint": {"secondary": 1.053497200775696, "primary": 1.686700464689451}}, "CGG|CGT": {"individual": [], "joint": {"secondary": 0.870511596904877, "primary": 0.906133701948564}}, "CTA|CTC": {"individual": [], "joint": {"secondary": 1.072139112595257, "primary": 0.7796187925838003}}, "CTA|CTG": {"individual": [], "joint": {"secondary": 1.037823357762805, "primary": 0.8927487021015138}}, "CTA|CTT": {"individual": [], "joint": {"secondary": 1.359430629240436, "primary": 0.7731363032831658}}, "CTA|TTA": {"individual": [], "joint": {"secondary": 0.9982701948231454, "primary": 0.5821069607088706}}, "CTC|CTG": {"individual": [], "joint": {"secondary": 1.06604448351189, "primary": 0.6225636162376624}}, "CTC|CTT": {"individual": [], "joint": {"secondary": 0.9647885789958576, "primary": 0.7592453909788484}}, "CTG|CTT": {"individual": [], "joint": {"secondary": 0.8401084004331022, "primary": 0.5918156143518479}}, "CTG|TTG": {"individual": [], "joint": {"secondary": 0.9153353094070169, "primary": 0.6464609716426422}}, "GAA|GAG": {"individual": [], "joint": {"secondary": 0.9065417620179418, "primary": 0.7784370770507297}}, "GAC|GAT": {"individual": [], "joint": {"secondary": 1.077345715270591, "primary": 0.6684747500313363}}, "GCA|GCC": {"individual": [], "joint": {"secondary": 1.070831209794896, "primary": 0.6873648111879425}}, "GCA|GCG": {"individual": [], "joint": {"secondary": 1.147164981056738, "primary": 0.7554475415946831}}, "GCA|GCT": {"individual": [], "joint": {"secondary": 0.9969488350299642, "primary": 0.7287660040364552}}, "GCC|GCG": {"individual": [], "joint": {"secondary": 0.906693432282897, "primary": 0.6638102009609871}}, "GCC|GCT": {"individual": [], "joint": {"secondary": 1.02449116396865, "primary": 0.7484021533585488}}, "GCG|GCT": {"individual": [], "joint": {"secondary": 0.8624460193633233, "primary": 0.7622002804574742}}, "GGA|GGC": {"individual": [], "joint": {"secondary": 0.9243807325606449, "primary": 0.9020093267347931}}, "GGA|GGG": {"individual": [], "joint": {"secondary": 1.108996359154309, "primary": 0.8563374854157084}}, "GGA|GGT": {"individual": [], "joint": {"secondary": 0.926172501524641, "primary": 0.6258163052994471}}, "GGC|GGG": {"individual": [], "joint": {"secondary": 0.9015817125512063, "primary": 0.6662433087205254}}, "GGC|GGT": {"individual": [], "joint": {"secondary": 0.9634967263804135, "primary": 2.11807357784224}}, "GGG|GGT": {"individual": [], "joint": {"secondary": 1.097658828764434, "primary": 1.435284460523739}}, "GTA|GTC": {"individual": [], "joint": {"secondary": 0.8918934865381922, "primary": 1.758998499017659}}, "GTA|GTG": {"individual": [], "joint": {"secondary": 0.9393553096249222, "primary": 1.818327037143934}}, "GTA|GTT": {"individual": [], "joint": {"secondary": 1.246900766344599, "primary": 1.852119579329465}}, "GTC|GTG": {"individual": [], "joint": {"secondary": 1.060009134223333, "primary": 1.64754059457386}}, "GTC|GTT": {"individual": [], "joint": {"secondary": 0.9929866982992956, "primary": 1.814342193011853}}, "GTG|GTT": {"individual": [], "joint": {"secondary": 1.149988818640085, "primary": 0.8543452772719038}}, "TAC|TAT": {"individual": [], "joint": {"secondary": 1.010645894472637, "primary": 0.7857118760280781}}, "TCA|TCC": {"individual": [], "joint": {"secondary": 1.072529411965173, "primary": 1.603078937985951}}, "TCA|TCG": {"individual": [], "joint": {"secondary": 0.972227551121069, "primary": 2.233627687568753}}, "TCA|TCT": {"individual": [], "joint": {"secondary": 1.040350946633972, "primary": 2.171427947182472}}, "TCC|TCG": {"individual": [], "joint": {"secondary": 0.8383386868952133, "primary": 1.903470851351988}}, "TCC|TCT": {"individual": [], "joint": {"secondary": 0.8905431517686537, "primary": 2.241568382447213}}, "TCG|TCT": {"individual": [], "joint": {"secondary": 1.246928856447767, "primary": 1.666801015848333}}, "TGC|TGT": {"individual": [], "joint": {"secondary": 0.7976824981041651, "primary": 1.72218383804219}}, "TTA|TTG": {"individual": [], "joint": {"secondary": 0.9037192570318221, "primary": 0.7389388523188393}}, "TTC|TTT": {"individual": [], "joint": {"secondary": 0.9919962016445336, "primary": 0.8243768766634653}}, "model_mixture_p": 0.4000014236518146}