{"baseline-AICc": {"individual": [], "joint": 353346.4899040714}, "baseline-loglikelihood": {"individual": [], "joint": -173336.5439503565}, "joint-AICc": {"individual": [], "joint": 352336.2727192844}, "joint-loglikelihood": {"individual": [], "joint": -171931.7177664388}, "AAA|AAG": {"individual": [], "joint": {"secondary": 0.7050226019110097, "primary": 0.7472764597571995}}, "AAC|AAT": {"individual": [], "joint": {"secondary": 0.7268748061873475, "primary": 0.801706051033199}}, "ACA|ACC": {"individual": [], "joint": {"secondary": 0.6214984152995376, "primary": 0.6853209489022989}}, "ACA|ACG": {"individual": [], "joint": {"secondary": 0.6498457845125859, "primary": 0.7949886165879765}}, "ACA|ACT": {"individual": [], "joint": {"secondary": 1.003762508420027, "primary": 0.4629096974908467}}, "ACC|ACG": {"individual": [], "joint": {"secondary": 0.8793232580339425, "primary": 0.6373797756660512}}, "ACC|ACT": {"individual": [], "joint": {"secondary": 0.6880613726202073, "primary": 0.8317524500928934}}, "ACG|ACT": {"individual": [], "joint": {"secondary": 0.4444522740942838, "primary": 0.6333017975387694}}, "AGA|AGG": {"individual": [], "joint": {"secondary": 0.7607908233746269, "primary": 0.701278988670726}}, "AGA|CGA": {"individual": [], "joint": {"secondary": 0.3970916261179695, "primary": 0.7497143591221417}}, "AGC|AGT": {"individual": [], "joint": {"secondary": 0.5854813021667515, "primary": 0.7430037632749299}}, "AGG|CGG": {"individual": [], "joint": {"secondary": 0.7991409720588172, "primary": 0.7786567856486698}}, "ATA|ATC": {"individual": [], "joint": {"secondary": 0.720361724477771, "primary": 0.725968245294878}}, "ATA|ATT": {"individual": [], "joint": {"secondary": 0.5237580580226047, "primary": 0.6979070529351012}}, "ATC|ATT": {"individual": [], "joint": {"secondary": 0.5324668359471437, "primary": 0.6959101430309894}}, "CAA|CAG": {"individual": [], "joint": {"secondary": 0.898619240339772, "primary": 0.7648065421034035}}, "CAC|CAT": {"individual": [], "joint": {"secondary": 0.9358728308067549, "primary": 0.6947894149318995}}, "CCA|CCC": {"individual": [], "joint": {"secondary": 0.5131989022309315, "primary": 0.9102227067830574}}, "CCA|CCG": {"individual": [], "joint": {"secondary": 0.9994087149534755, "primary": 0.7305496782838546}}, "CCA|CCT": {"individual": [], "joint": {"secondary": 1.420328048733196, "primary": 0.7917753297468333}}, "CCC|CCG": {"individual": [], "joint": {"secondary": 0.6413922155001549, "primary": 0.6005562032412203}}, "CCC|CCT": {"individual": [], "joint": {"secondary": 0.8417682236034452, "primary": 0.7824043060870802}}, "CCG|CCT": {"individual": [], "joint": {"secondary": 0.6037706395521842, "primary": 0.6396273930434898}}, "CGA|CGC": {"individual": [], "joint": {"secondary": 0.7756172786728358, "primary": 0.7811399042674014}}, "CGA|CGG": {"individual": [], "joint": {"secondary": 0.9319133929277423, "primary": 0.8328780212857853}}, "CGA|CGT": {"individual": [], "joint": {"secondary": 0.577980962148473, "primary": 0.6672018755879225}}, "CGC|CGG": {"individual": [], "joint": {"secondary": 1.390087077044824, "primary": 1.898934681735175}}, "CGC|CGT": {"individual": [], "joint": {"secondary": 1.430986517893216, "primary": 2.084529490250281}}, "CGG|CGT": {"individual": [], "joint": {"secondary": 0.8675705859668179, "primary": 0.9339772149581878}}, "CTA|CTC": {"individual": [], "joint": {"secondary": 0.8720654125461815, "primary": 0.6601863774277057}}, "CTA|CTG": {"individual": [], "joint": {"secondary": 0.726999829546983, "primary": 0.7927739199210293}}, "CTA|CTT": {"individual": [], "joint": {"secondary": 0.5430292059900202, "primary": 0.6708998157575122}}, "CTA|TTA": {"individual": [], "joint": {"secondary": 0.8248187230699286, "primary": 0.6703303119794544}}, "CTC|CTG": {"individual": [], "joint": {"secondary": 0.7243416931701123, "primary": 0.6685142237840631}}, "CTC|CTT": {"individual": [], "joint": {"secondary": 0.6563435840977687, "primary": 0.7299836149363876}}, "CTG|CTT": {"individual": [], "joint": {"secondary": 0.9335126842878065, "primary": 0.7887350894196162}}, "CTG|TTG": {"individual": [], "joint": {"secondary": 0.7873268269003327, "primary": 0.6886656089518977}}, "GAA|GAG": {"individual": [], "joint": {"secondary": 0.7517721217464212, "primary": 0.8717946261781105}}, "GAC|GAT": {"individual": [], "joint": {"secondary": 0.8729287430968375, "primary": 0.7034134957672064}}, "GCA|GCC": {"individual": [], "joint": {"secondary": 0.4739264632600036, "primary": 0.6527775640686172}}, "GCA|GCG": {"individual": [], "joint": {"secondary": 0.8121331474485588, "primary": 0.8045429152580021}}, "GCA|GCT": {"individual": [], "joint": {"secondary": 0.6489799256243136, "primary": 0.768659695063972}}, "GCC|GCG": {"individual": [], "joint": {"secondary": 0.6843485252504014, "primary": 0.7048704766562734}}, "GCC|GCT": {"individual": [], "joint": {"secondary": 0.8578477941323878, "primary": 0.8102556242533743}}, "GCG|GCT": {"individual": [], "joint": {"secondary": 0.3080966537371732, "primary": 0.5944777107398213}}, "GGA|GGC": {"individual": [], "joint": {"secondary": 0.582635935781654, "primary": 0.7675222021172909}}, "GGA|GGG": {"individual": [], "joint": {"secondary": 0.8539238182841111, "primary": 0.9495765970934739}}, "GGA|GGT": {"individual": [], "joint": {"secondary": 0.2145964389740597, "primary": 0.5194282078964414}}, "GGC|GGG": {"individual": [], "joint": {"secondary": 0.7121181261326078, "primary": 0.6910222192201247}}, "GGC|GGT": {"individual": [], "joint": {"secondary": 1.929939114099195, "primary": 1.809041710792371}}, "GGG|GGT": {"individual": [], "joint": {"secondary": 1.761854212839095, "primary": 1.810271080608353}}, "GTA|GTC": {"individual": [], "joint": {"secondary": 2.37938221355122, "primary": 1.888550098314148}}, "GTA|GTG": {"individual": [], "joint": {"secondary": 2.100674602496033, "primary": 1.997968966411867}}, "GTA|GTT": {"individual": [], "joint": {"secondary": 1.736056544146328, "primary": 1.793014543980227}}, "GTC|GTG": {"individual": [], "joint": {"secondary": 1.652663500290666, "primary": 1.805193902084885}}, "GTC|GTT": {"individual": [], "joint": {"secondary": 2.043783583087792, "primary": 1.984023458786265}}, "GTG|GTT": {"individual": [], "joint": {"secondary": 0.6022699119664002, "primary": 0.6314367408007395}}, "TAC|TAT": {"individual": [], "joint": {"secondary": 0.8582820977352904, "primary": 0.6695212212445565}}, "TCA|TCC": {"individual": [], "joint": {"secondary": 2.146570870037193, "primary": 1.903123253094101}}, "TCA|TCG": {"individual": [], "joint": {"secondary": 1.97333643442206, "primary": 1.645237910190051}}, "TCA|TCT": {"individual": [], "joint": {"secondary": 2.410467892715917, "primary": 1.944125430360957}}, "TCC|TCG": {"individual": [], "joint": {"secondary": 1.81168315999389, "primary": 1.757324607607731}}, "TCC|TCT": {"individual": [], "joint": {"secondary": 1.243505838132336, "primary": 1.969485518040249}}, "TCG|TCT": {"individual": [], "joint": {"secondary": 2.618360318093505, "primary": 1.824850338107821}}, "TGC|TGT": {"individual": [], "joint": {"secondary": 1.857182350504881, "primary": 1.797301339632518}}, "TTA|TTG": {"individual": [], "joint": {"secondary": 0.5410219282467174, "primary": 0.7410875070360646}}, "TTC|TTT": {"individual": [], "joint": {"secondary": 0.6247727809453556, "primary": 0.7195441790644462}}, "model_mixture_p": 0.8124765470409919}