{"baseline-AICc": {"individual": [], "joint": 352693.2017967913}, "baseline-loglikelihood": {"individual": [], "joint": -173009.8998967164}, "joint-AICc": {"individual": [], "joint": 353275.6223039849}, "joint-loglikelihood": {"individual": [], "joint": -172401.392558789}, "AAA|AAG": {"individual": [], "joint": {"secondary": 0.8293117045017621, "primary": 0.8074525996641273}}, "AAC|AAT": {"individual": [], "joint": {"secondary": 0.9630099972366214, "primary": 0.9969588706345379}}, "ACA|ACC": {"individual": [], "joint": {"secondary": 0.9614086539160676, "primary": 0.6448563962966476}}, "ACA|ACG": {"individual": [], "joint": {"secondary": 0.7470665442312469, "primary": 0.9088774656155263}}, "ACA|ACT": {"individual": [], "joint": {"secondary": 0.8186540310881647, "primary": 0.7877127515256325}}, "ACC|ACG": {"individual": [], "joint": {"secondary": 0.8769709932890996, "primary": 0.9557565371782959}}, "ACC|ACT": {"individual": [], "joint": {"secondary": 1.026148523056951, "primary": 0.8477689443717809}}, "ACG|ACT": {"individual": [], "joint": {"secondary": 0.7100273985321393, "primary": 0.7339685690149375}}, "AGA|AGG": {"individual": [], "joint": {"secondary": 0.8618320000692757, "primary": 0.7789360253263269}}, "AGA|CGA": {"individual": [], "joint": {"secondary": 0.9374329499931084, "primary": 1.050998639515865}}, "AGC|AGT": {"individual": [], "joint": {"secondary": 0.8614396691498294, "primary": 0.9414803584151569}}, "AGG|CGG": {"individual": [], "joint": {"secondary": 0.8954365373513712, "primary": 0.7949935728322445}}, "ATA|ATC": {"individual": [], "joint": {"secondary": 0.6212112927862774, "primary": 1.125417146457324}}, "ATA|ATT": {"individual": [], "joint": {"secondary": 0.8712959546224335, "primary": 1.289620939815335}}, "ATC|ATT": {"individual": [], "joint": {"secondary": 0.8756630856617375, "primary": 0.8390911334854909}}, "CAA|CAG": {"individual": [], "joint": {"secondary": 0.8519078767901666, "primary": 0.7373804778014523}}, "CAC|CAT": {"individual": [], "joint": {"secondary": 1.005541693446283, "primary": 0.773733515286455}}, "CCA|CCC": {"individual": [], "joint": {"secondary": 0.8737034468309558, "primary": 0.9613764786095506}}, "CCA|CCG": {"individual": [], "joint": {"secondary": 0.8926796318977513, "primary": 0.8341163847130325}}, "CCA|CCT": {"individual": [], "joint": {"secondary": 1.000694143971244, "primary": 0.4569347003116088}}, "CCC|CCG": {"individual": [], "joint": {"secondary": 0.9377682392230282, "primary": 0.7927013575000129}}, "CCC|CCT": {"individual": [], "joint": {"secondary": 0.8966748504852506, "primary": 0.7566141660644137}}, "CCG|CCT": {"individual": [], "joint": {"secondary": 0.8111405532486959, "primary": 0.7979048764250747}}, "CGA|CGC": {"individual": [], "joint": {"secondary": 0.8758864050793077, "primary": 1.221557322606816}}, "CGA|CGG": {"individual": [], "joint": {"secondary": 0.9506480164386365, "primary": 0.8080388721637285}}, "CGA|CGT": {"individual": [], "joint": {"secondary": 1.224457716387142, "primary": 0.9286528040765527}}, "CGC|CGG": {"individual": [], "joint": {"secondary": 2.013620614916526, "primary": 2.354103424572279}}, "CGC|CGT": {"individual": [], "joint": {"secondary": 1.993135277848379, "primary": 2.734253820581848}}, "CGG|CGT": {"individual": [], "joint": {"secondary": 0.5310104290157645, "primary": 1.339308033024676}}, "CTA|CTC": {"individual": [], "joint": {"secondary": 1.059878908488646, "primary": 0.9048669800287014}}, "CTA|CTG": {"individual": [], "joint": {"secondary": 0.9033434932305795, "primary": 0.941796254200898}}, "CTA|CTT": {"individual": [], "joint": {"secondary": 0.973768604439281, "primary": 0.9650523234922201}}, "CTA|TTA": {"individual": [], "joint": {"secondary": 0.7484885432777623, "primary": 1.031986453924555}}, "CTC|CTG": {"individual": [], "joint": {"secondary": 0.8626844294087342, "primary": 0.8084145965123476}}, "CTC|CTT": {"individual": [], "joint": {"secondary": 0.8266336966227619, "primary": 0.8194477007201542}}, "CTG|CTT": {"individual": [], "joint": {"secondary": 0.8108736138773734, "primary": 0.8616703684943053}}, "CTG|TTG": {"individual": [], "joint": {"secondary": 1.036777976615728, "primary": 0.9196481235242837}}, "GAA|GAG": {"individual": [], "joint": {"secondary": 0.7910842211222356, "primary": 0.8725205107121353}}, "GAC|GAT": {"individual": [], "joint": {"secondary": 1.038994697176658, "primary": 0.8813612056872161}}, "GCA|GCC": {"individual": [], "joint": {"secondary": 0.8894663493678857, "primary": 0.9493610510916884}}, "GCA|GCG": {"individual": [], "joint": {"secondary": 0.9137422643332148, "primary": 0.823475248321074}}, "GCA|GCT": {"individual": [], "joint": {"secondary": 0.6242829105846173, "primary": 0.6156367367308836}}, "GCC|GCG": {"individual": [], "joint": {"secondary": 0.8775230737577391, "primary": 0.9786097715607914}}, "GCC|GCT": {"individual": [], "joint": {"secondary": 0.8479988192495614, "primary": 1.191138320881829}}, "GCG|GCT": {"individual": [], "joint": {"secondary": 0.8333210875040338, "primary": 0.8464193376844723}}, "GGA|GGC": {"individual": [], "joint": {"secondary": 0.8955064227682642, "primary": 0.6588928047889655}}, "GGA|GGG": {"individual": [], "joint": {"secondary": 0.731070344148492, "primary": 0.9488461604344008}}, "GGA|GGT": {"individual": [], "joint": {"secondary": 1.122742330502283, "primary": 0.5670162327566662}}, "GGC|GGG": {"individual": [], "joint": {"secondary": 0.9384731466008516, "primary": 0.8485731970749149}}, "GGC|GGT": {"individual": [], "joint": {"secondary": 0.8529574951899909, "primary": 0.9361090239234937}}, "GGG|GGT": {"individual": [], "joint": {"secondary": 2.056550158986626, "primary": 2.277216569377677}}, "GTA|GTC": {"individual": [], "joint": {"secondary": 1.03409232873149, "primary": 1.055476819887898}}, "GTA|GTG": {"individual": [], "joint": {"secondary": 2.142698681635872, "primary": 1.995759689937632}}, "GTA|GTT": {"individual": [], "joint": {"secondary": 1.16658013665417, "primary": 0.866339369591573}}, "GTC|GTG": {"individual": [], "joint": {"secondary": 0.7903761709850682, "primary": 0.8102639275185924}}, "GTC|GTT": {"individual": [], "joint": {"secondary": 0.9526630600347229, "primary": 1.206248243153088}}, "GTG|GTT": {"individual": [], "joint": {"secondary": 0.8491802599499795, "primary": 0.7019739480296384}}, "TAC|TAT": {"individual": [], "joint": {"secondary": 0.8627372922859387, "primary": 0.9255075417008954}}, "TCA|TCC": {"individual": [], "joint": {"secondary": 2.408909823062937, "primary": 1.984336619973353}}, "TCA|TCG": {"individual": [], "joint": {"secondary": 2.428173922807958, "primary": 1.975668138557221}}, "TCA|TCT": {"individual": [], "joint": {"secondary": 0.8666044664307715, "primary": 0.846851834615833}}, "TCC|TCG": {"individual": [], "joint": {"secondary": 0.7688314681200835, "primary": 0.8142666548207931}}, "TCC|TCT": {"individual": [], "joint": {"secondary": 0.8586499728621135, "primary": 0.7539373759029753}}, "TCG|TCT": {"individual": [], "joint": {"secondary": 0.903682864479138, "primary": 1.022831120196138}}, "TGC|TGT": {"individual": [], "joint": {"secondary": 0.9640800236418827, "primary": 0.5743554222488471}}, "TTA|TTG": {"individual": [], "joint": {"secondary": 0.8184297615404842, "primary": 0.8301673950144947}}, "TTC|TTT": {"individual": [], "joint": {"secondary": 0.8323689484588542, "primary": 0.9873907430406046}}, "model_mixture_p": 0.3749609692527612}