{"baseline-AICc": {"individual": [], "joint": 283577.8751314619}, "baseline-loglikelihood": {"individual": [], "joint": -137653.0307728499}, "joint-AICc": {"individual": [], "joint": 285006.2799682873}, "joint-loglikelihood": {"individual": [], "joint": -137456.6287127165}, "AAA|AAG": {"individual": [], "joint": {"secondary": 0.9814787959504181, "primary": 0.6802127336063002}}, "AAC|AAT": {"individual": [], "joint": {"secondary": 0.9226072019459985, "primary": 0.6834146364779109}}, "ACA|ACC": {"individual": [], "joint": {"secondary": 1.000006418676215, "primary": 0.2753529984827294}}, "ACA|ACG": {"individual": [], "joint": {"secondary": 1.006714558041187, "primary": 0.8625343549020059}}, "ACA|ACT": {"individual": [], "joint": {"secondary": 1.107072781298742, "primary": 1.280306823077357}}, "ACC|ACG": {"individual": [], "joint": {"secondary": 1.07982262084226, "primary": 0.7211806196889617}}, "ACC|ACT": {"individual": [], "joint": {"secondary": 1.017069354337517, "primary": 0.9492549353460858}}, "ACG|ACT": {"individual": [], "joint": {"secondary": 0.860151087830745, "primary": 0.7635018374431092}}, "AGA|AGG": {"individual": [], "joint": {"secondary": 1.135812588127948, "primary": 0.8213508935967552}}, "AGA|CGA": {"individual": [], "joint": {"secondary": 0.9902272774956327, "primary": 0.4930144103754464}}, "AGC|AGT": {"individual": [], "joint": {"secondary": 1.041518730030077, "primary": 0.9736371530203373}}, "AGG|CGG": {"individual": [], "joint": {"secondary": 0.9211441140835007, "primary": 0.7576599133511196}}, "ATA|ATC": {"individual": [], "joint": {"secondary": 1.041042314821453, "primary": 0.5365532301413207}}, "ATA|ATT": {"individual": [], "joint": {"secondary": 1.129211759089895, "primary": 1.003575296202852}}, "ATC|ATT": {"individual": [], "joint": {"secondary": 1.0730073991175, "primary": 0.6893781181731884}}, "CAA|CAG": {"individual": [], "joint": {"secondary": 0.9996697806209677, "primary": 0.7330968284219535}}, "CAC|CAT": {"individual": [], "joint": {"secondary": 1.030619046329792, "primary": 0.89477674275039}}, "CCA|CCC": {"individual": [], "joint": {"secondary": 0.9157220974916, "primary": 0.9215508614861219}}, "CCA|CCG": {"individual": [], "joint": {"secondary": 0.9849901809866223, "primary": 0.7257846991624908}}, "CCA|CCT": {"individual": [], "joint": {"secondary": 0.9966661182247071, "primary": 0.8710533039564232}}, "CCC|CCG": {"individual": [], "joint": {"secondary": 1.053246453372993, "primary": 0.7233630649941928}}, "CCC|CCT": {"individual": [], "joint": {"secondary": 1.006775787130266, "primary": 0.5914119343049067}}, "CCG|CCT": {"individual": [], "joint": {"secondary": 1.05025322507807, "primary": 1.257180160501781}}, "CGA|CGC": {"individual": [], "joint": {"secondary": 1.044486189518642, "primary": 1.067764378477045}}, "CGA|CGG": {"individual": [], "joint": {"secondary": 1.018350760383941, "primary": 0.8742269720617039}}, "CGA|CGT": {"individual": [], "joint": {"secondary": 1.099803924575869, "primary": 0}}, "CGC|CGG": {"individual": [], "joint": {"secondary": 1.059871661579306, "primary": 1.840914398634035}}, "CGC|CGT": {"individual": [], "joint": {"secondary": 0.9013734614581135, "primary": 2.420040793111714}}, "CGG|CGT": {"individual": [], "joint": {"secondary": 0.9275547711180231, "primary": 0.556054059282009}}, "CTA|CTC": {"individual": [], "joint": {"secondary": 1.181161066809011, "primary": 0.7127794578204784}}, "CTA|CTG": {"individual": [], "joint": {"secondary": 1.069806127154329, "primary": 0.8032689946037492}}, "CTA|CTT": {"individual": [], "joint": {"secondary": 0.8602133469424966, "primary": 0.967422385301215}}, "CTA|TTA": {"individual": [], "joint": {"secondary": 1.023346587847241, "primary": 0.6369927930118003}}, "CTC|CTG": {"individual": [], "joint": {"secondary": 0.9303773242163077, "primary": 0.5746185136691455}}, "CTC|CTT": {"individual": [], "joint": {"secondary": 1.031457166215267, "primary": 0.5591396728595535}}, "CTG|CTT": {"individual": [], "joint": {"secondary": 1.056540567898315, "primary": 0.4074492596657404}}, "CTG|TTG": {"individual": [], "joint": {"secondary": 0.9686715178919374, "primary": 0.7789486889060198}}, "GAA|GAG": {"individual": [], "joint": {"secondary": 0.9941952081220393, "primary": 1.013820099782895}}, "GAC|GAT": {"individual": [], "joint": {"secondary": 0.9807606713983252, "primary": 0.854547554925227}}, "GCA|GCC": {"individual": [], "joint": {"secondary": 0.9479333765117408, "primary": 0.6981877791810649}}, "GCA|GCG": {"individual": [], "joint": {"secondary": 1.008143193438346, "primary": 0.8630494813477285}}, "GCA|GCT": {"individual": [], "joint": {"secondary": 0.7438777989000322, "primary": 1.17444333717177}}, "GCC|GCG": {"individual": [], "joint": {"secondary": 0.9932657259792503, "primary": 0.7223630895767681}}, "GCC|GCT": {"individual": [], "joint": {"secondary": 0.9845301045741387, "primary": 0.5541041686863107}}, "GCG|GCT": {"individual": [], "joint": {"secondary": 1.073132555100164, "primary": 0.6761056393738863}}, "GGA|GGC": {"individual": [], "joint": {"secondary": 1.108123375115715, "primary": 0.8385386552190937}}, "GGA|GGG": {"individual": [], "joint": {"secondary": 1.030287870713034, "primary": 0.7460568925974697}}, "GGA|GGT": {"individual": [], "joint": {"secondary": 1.001036448862194, "primary": 0.4414555024776349}}, "GGC|GGG": {"individual": [], "joint": {"secondary": 0.9446649445110636, "primary": 0.6657484286980287}}, "GGC|GGT": {"individual": [], "joint": {"secondary": 0.9463019950372903, "primary": 1.933961924203803}}, "GGG|GGT": {"individual": [], "joint": {"secondary": 0.8500290256853412, "primary": 1.440219672152002}}, "GTA|GTC": {"individual": [], "joint": {"secondary": 1.037129050542148, "primary": 1.635307663828601}}, "GTA|GTG": {"individual": [], "joint": {"secondary": 0.9394138978326967, "primary": 1.946874740818631}}, "GTA|GTT": {"individual": [], "joint": {"secondary": 0.9603259823252263, "primary": 1.937707101563919}}, "GTC|GTG": {"individual": [], "joint": {"secondary": 0.9834927798514362, "primary": 1.689744348585572}}, "GTC|GTT": {"individual": [], "joint": {"secondary": 0.9713819305381, "primary": 2.291595125845995}}, "GTG|GTT": {"individual": [], "joint": {"secondary": 0.9686942575390961, "primary": 0.4452041671953814}}, "TAC|TAT": {"individual": [], "joint": {"secondary": 0.9533268537754945, "primary": 0.5552291772496291}}, "TCA|TCC": {"individual": [], "joint": {"secondary": 1.195654538049423, "primary": 1.650681256647095}}, "TCA|TCG": {"individual": [], "joint": {"secondary": 0.9589904416573702, "primary": 1.713035590892952}}, "TCA|TCT": {"individual": [], "joint": {"secondary": 0.9030748773951998, "primary": 1.488693886626451}}, "TCC|TCG": {"individual": [], "joint": {"secondary": 0.9555068760677559, "primary": 1.807566154950148}}, "TCC|TCT": {"individual": [], "joint": {"secondary": 0.9758450707254632, "primary": 2.446124976792036}}, "TCG|TCT": {"individual": [], "joint": {"secondary": 0.9855199709301339, "primary": 0.9857113139439433}}, "TGC|TGT": {"individual": [], "joint": {"secondary": 1.016366817165616, "primary": 2.020857999246593}}, "TTA|TTG": {"individual": [], "joint": {"secondary": 0.9584852962680926, "primary": 0.7178143213865843}}, "TTC|TTT": {"individual": [], "joint": {"secondary": 1.112664900855157, "primary": 0.6364840321648363}}, "model_mixture_p": 0.09999994215235168}