{"baseline-AICc": {"individual": [], "joint": 353634.1181181514}, "baseline-loglikelihood": {"individual": [], "joint": -173480.3580573965}, "joint-AICc": {"individual": [], "joint": 352683.5290406406}, "joint-loglikelihood": {"individual": [], "joint": -172105.3459271169}, "AAA|AAG": {"individual": [], "joint": {"secondary": 0.736116248565312, "primary": 0.7599588249526679}}, "AAC|AAT": {"individual": [], "joint": {"secondary": 0.6905105202365163, "primary": 0.6947923444757337}}, "ACA|ACC": {"individual": [], "joint": {"secondary": 0.7403208733946214, "primary": 0.738005197268539}}, "ACA|ACG": {"individual": [], "joint": {"secondary": 0.8774706356571822, "primary": 0.7173459176253437}}, "ACA|ACT": {"individual": [], "joint": {"secondary": 1.178054915041898, "primary": 0.7850330030465408}}, "ACC|ACG": {"individual": [], "joint": {"secondary": 0.7722295199609013, "primary": 0.6828239307905357}}, "ACC|ACT": {"individual": [], "joint": {"secondary": 0.8362692242264929, "primary": 0.7356243576843883}}, "ACG|ACT": {"individual": [], "joint": {"secondary": 0.8555317374356796, "primary": 0.6442598342445258}}, "AGA|AGG": {"individual": [], "joint": {"secondary": 0.9561388505743941, "primary": 0.8245569081796336}}, "AGA|CGA": {"individual": [], "joint": {"secondary": 0.6243870285334082, "primary": 1.078583133388602}}, "AGC|AGT": {"individual": [], "joint": {"secondary": 0.4182804069189161, "primary": 0.6535257960790675}}, "AGG|CGG": {"individual": [], "joint": {"secondary": 1.041410410940345, "primary": 0.6247787146405293}}, "ATA|ATC": {"individual": [], "joint": {"secondary": 0.7276611263002547, "primary": 0.7576215446377306}}, "ATA|ATT": {"individual": [], "joint": {"secondary": 0.7656417679533831, "primary": 0.6654467286626993}}, "ATC|ATT": {"individual": [], "joint": {"secondary": 0.7678318306316094, "primary": 0.7318839507769677}}, "CAA|CAG": {"individual": [], "joint": {"secondary": 0.8344601098999628, "primary": 0.7455876737746757}}, "CAC|CAT": {"individual": [], "joint": {"secondary": 0.7983153940782103, "primary": 0.8030662480106587}}, "CCA|CCC": {"individual": [], "joint": {"secondary": 0.5405632524137526, "primary": 0.9093651540603891}}, "CCA|CCG": {"individual": [], "joint": {"secondary": 0.8246023598910301, "primary": 0.8689792252869538}}, "CCA|CCT": {"individual": [], "joint": {"secondary": 1.214758186583085, "primary": 0.5982100901800652}}, "CCC|CCG": {"individual": [], "joint": {"secondary": 0.6610279262517734, "primary": 0.7076686732317476}}, "CCC|CCT": {"individual": [], "joint": {"secondary": 0.7683177261357005, "primary": 0.8154863923357344}}, "CCG|CCT": {"individual": [], "joint": {"secondary": 0.5777485537801424, "primary": 0.5900259736165061}}, "CGA|CGC": {"individual": [], "joint": {"secondary": 0.9403478511958527, "primary": 0.5197165504005046}}, "CGA|CGG": {"individual": [], "joint": {"secondary": 0.66526313499142, "primary": 0.8418775714304845}}, "CGA|CGT": {"individual": [], "joint": {"secondary": 0.6976503557101101, "primary": 0.6655565830303043}}, "CGC|CGG": {"individual": [], "joint": {"secondary": 1.767287649001373, "primary": 1.729404346147594}}, "CGC|CGT": {"individual": [], "joint": {"secondary": 1.74158706022395, "primary": 2.035520927267288}}, "CGG|CGT": {"individual": [], "joint": {"secondary": 0.5475497692160747, "primary": 0.5676154315709475}}, "CTA|CTC": {"individual": [], "joint": {"secondary": 0.5502439533901046, "primary": 0.6154061512700014}}, "CTA|CTG": {"individual": [], "joint": {"secondary": 0.7408263830945441, "primary": 0.7332951201999841}}, "CTA|CTT": {"individual": [], "joint": {"secondary": 0.9846385975065555, "primary": 0.6232084856078093}}, "CTA|TTA": {"individual": [], "joint": {"secondary": 0.5625849321011295, "primary": 0.6270556970224102}}, "CTC|CTG": {"individual": [], "joint": {"secondary": 0.6193754341431987, "primary": 0.6410859716924376}}, "CTC|CTT": {"individual": [], "joint": {"secondary": 0.6801754277087015, "primary": 0.7706777704772627}}, "CTG|CTT": {"individual": [], "joint": {"secondary": 0.7797606060657359, "primary": 0.5932383665610933}}, "CTG|TTG": {"individual": [], "joint": {"secondary": 0.666626414722548, "primary": 0.8078378645470287}}, "GAA|GAG": {"individual": [], "joint": {"secondary": 0.8086962503931067, "primary": 0.7067333504114761}}, "GAC|GAT": {"individual": [], "joint": {"secondary": 0.6646335300646278, "primary": 0.8038707032744231}}, "GCA|GCC": {"individual": [], "joint": {"secondary": 0.8257487271879985, "primary": 0.7231408565366348}}, "GCA|GCG": {"individual": [], "joint": {"secondary": 0.742172806490669, "primary": 0.7297850401557446}}, "GCA|GCT": {"individual": [], "joint": {"secondary": 0.5918335497084903, "primary": 0.9259352009411158}}, "GCC|GCG": {"individual": [], "joint": {"secondary": 0.7455971485538805, "primary": 0.6448751790796429}}, "GCC|GCT": {"individual": [], "joint": {"secondary": 0.7723792643753126, "primary": 0.7265117826695621}}, "GCG|GCT": {"individual": [], "joint": {"secondary": 0.6210674616692077, "primary": 0.8004916463997778}}, "GGA|GGC": {"individual": [], "joint": {"secondary": 0.5049229391286904, "primary": 0.8717302126199773}}, "GGA|GGG": {"individual": [], "joint": {"secondary": 0.8272463667096043, "primary": 0.8638801806571759}}, "GGA|GGT": {"individual": [], "joint": {"secondary": 1.367997662880997, "primary": 0.4779466592738804}}, "GGC|GGG": {"individual": [], "joint": {"secondary": 0.6600948100293851, "primary": 0.5868279593555542}}, "GGC|GGT": {"individual": [], "joint": {"secondary": 1.73540924850164, "primary": 2.053208458271633}}, "GGG|GGT": {"individual": [], "joint": {"secondary": 1.565767087720383, "primary": 2.049570795416101}}, "GTA|GTC": {"individual": [], "joint": {"secondary": 1.589280397745194, "primary": 2.013965693794391}}, "GTA|GTG": {"individual": [], "joint": {"secondary": 1.664307954085043, "primary": 1.847981655759195}}, "GTA|GTT": {"individual": [], "joint": {"secondary": 1.555833544168685, "primary": 2.116520325684851}}, "GTC|GTG": {"individual": [], "joint": {"secondary": 1.475732966844351, "primary": 1.75285878093385}}, "GTC|GTT": {"individual": [], "joint": {"secondary": 1.801239518537379, "primary": 1.823747795773394}}, "GTG|GTT": {"individual": [], "joint": {"secondary": 0.7260714728387581, "primary": 0.642505135616326}}, "TAC|TAT": {"individual": [], "joint": {"secondary": 0.6478886958350303, "primary": 0.5860033233789661}}, "TCA|TCC": {"individual": [], "joint": {"secondary": 2.336099978112692, "primary": 1.767813712803736}}, "TCA|TCG": {"individual": [], "joint": {"secondary": 1.824870803053652, "primary": 1.80224400352915}}, "TCA|TCT": {"individual": [], "joint": {"secondary": 1.787621691706917, "primary": 1.575011754948}}, "TCC|TCG": {"individual": [], "joint": {"secondary": 1.721707517104535, "primary": 1.775613806336528}}, "TCC|TCT": {"individual": [], "joint": {"secondary": 1.82384853638873, "primary": 2.036293763165461}}, "TCG|TCT": {"individual": [], "joint": {"secondary": 1.40967786198677, "primary": 1.807623846027914}}, "TGC|TGT": {"individual": [], "joint": {"secondary": 2.365171991689786, "primary": 2.089314520893654}}, "TTA|TTG": {"individual": [], "joint": {"secondary": 0.7929685369866266, "primary": 0.788570721395183}}, "TTC|TTT": {"individual": [], "joint": {"secondary": 0.8925455050259841, "primary": 0.7052966807213051}}, "model_mixture_p": 0.7498272479744794}