{"baseline-AICc": {"individual": [], "joint": 356353.0684989921}, "baseline-loglikelihood": {"individual": [], "joint": -174839.8332478169}, "joint-AICc": {"individual": [], "joint": 356013.4608550562}, "joint-loglikelihood": {"individual": [], "joint": -173770.3118343247}, "AAA|AAG": {"individual": [], "joint": {"secondary": 0.5444232285750712, "primary": 0.4076413396307244}}, "AAC|AAT": {"individual": [], "joint": {"secondary": 0.5670986959289084, "primary": 0.377837714220087}}, "ACA|ACC": {"individual": [], "joint": {"secondary": 0.4828818108083021, "primary": 0.5923235485260752}}, "ACA|ACG": {"individual": [], "joint": {"secondary": 0.4095744250927154, "primary": 0.4163444180829624}}, "ACA|ACT": {"individual": [], "joint": {"secondary": 0.3800677958900198, "primary": 0.2402417872539847}}, "ACC|ACG": {"individual": [], "joint": {"secondary": 0.3734688690235867, "primary": 0.453782176609392}}, "ACC|ACT": {"individual": [], "joint": {"secondary": 0.4602953865791986, "primary": 0.5457285904535474}}, "ACG|ACT": {"individual": [], "joint": {"secondary": 0.6374971876185603, "primary": 0.3591746306496947}}, "AGA|AGG": {"individual": [], "joint": {"secondary": 0.4542805077719971, "primary": 0.4053661577049403}}, "AGA|CGA": {"individual": [], "joint": {"secondary": 0.3751520540195949, "primary": 0.3181454145980761}}, "AGC|AGT": {"individual": [], "joint": {"secondary": 0.5602728223458042, "primary": 0.4002660062903172}}, "AGG|CGG": {"individual": [], "joint": {"secondary": 1.148789509999385, "primary": 1.252716584866461}}, "ATA|ATC": {"individual": [], "joint": {"secondary": 0.551540161787361, "primary": 0.4402668828000369}}, "ATA|ATT": {"individual": [], "joint": {"secondary": 0.5248250921047704, "primary": 0.4386930489696657}}, "ATC|ATT": {"individual": [], "joint": {"secondary": 0.3508406571098946, "primary": 0.4009427757131827}}, "CAA|CAG": {"individual": [], "joint": {"secondary": 0.5311655796771864, "primary": 0.4855478311643052}}, "CAC|CAT": {"individual": [], "joint": {"secondary": 0.5118348391625502, "primary": 0.4843023557610018}}, "CCA|CCC": {"individual": [], "joint": {"secondary": 1.1891397008078, "primary": 0.9938161969960775}}, "CCA|CCG": {"individual": [], "joint": {"secondary": 1.258011823572995, "primary": 1.120350705622884}}, "CCA|CCT": {"individual": [], "joint": {"secondary": 1.652403979184652, "primary": 1.117250731838294}}, "CCC|CCG": {"individual": [], "joint": {"secondary": 1.216378888307342, "primary": 1.20645810428312}}, "CCC|CCT": {"individual": [], "joint": {"secondary": 1.297496808621627, "primary": 1.239912323133603}}, "CCG|CCT": {"individual": [], "joint": {"secondary": 0.7628056696050789, "primary": 1.33806377884215}}, "CGA|CGC": {"individual": [], "joint": {"secondary": 0.7230798338747946, "primary": 1.279704987513952}}, "CGA|CGG": {"individual": [], "joint": {"secondary": 1.187561658891995, "primary": 1.425595812999079}}, "CGA|CGT": {"individual": [], "joint": {"secondary": 1.666083990185114, "primary": 1.120842497424771}}, "CGC|CGG": {"individual": [], "joint": {"secondary": 0.9345521067618622, "primary": 1.098554941241059}}, "CGC|CGT": {"individual": [], "joint": {"secondary": 1.156734788176038, "primary": 1.232203943303479}}, "CGG|CGT": {"individual": [], "joint": {"secondary": 1.570450051151224, "primary": 1.128699983817141}}, "CTA|CTC": {"individual": [], "joint": {"secondary": 1.090772410262236, "primary": 1.113312018454682}}, "CTA|CTG": {"individual": [], "joint": {"secondary": 1.009161886481088, "primary": 1.261662205311038}}, "CTA|CTT": {"individual": [], "joint": {"secondary": 1.22859836962665, "primary": 1.110294738155553}}, "CTA|TTA": {"individual": [], "joint": {"secondary": 1.051440687089093, "primary": 1.338039678346655}}, "CTC|CTG": {"individual": [], "joint": {"secondary": 1.285603202943869, "primary": 1.08522862360849}}, "CTC|CTT": {"individual": [], "joint": {"secondary": 1.1113174664144, "primary": 1.311796696186231}}, "CTG|CTT": {"individual": [], "joint": {"secondary": 1.015338152241143, "primary": 1.121748589204107}}, "CTG|TTG": {"individual": [], "joint": {"secondary": 1.234472177733188, "primary": 1.180659584204826}}, "GAA|GAG": {"individual": [], "joint": {"secondary": 1.237681722664459, "primary": 1.299448001139249}}, "GAC|GAT": {"individual": [], "joint": {"secondary": 1.363508664643944, "primary": 1.196906233798825}}, "GCA|GCC": {"individual": [], "joint": {"secondary": 1.249702806796565, "primary": 1.033808098527617}}, "GCA|GCG": {"individual": [], "joint": {"secondary": 1.322859797983159, "primary": 1.354430317495979}}, "GCA|GCT": {"individual": [], "joint": {"secondary": 0.1035347101560484, "primary": 0.4637055076963686}}, "GCC|GCG": {"individual": [], "joint": {"secondary": 1.10206375455726, "primary": 1.087902151166243}}, "GCC|GCT": {"individual": [], "joint": {"secondary": 1.096781178430379, "primary": 1.194331467703092}}, "GCG|GCT": {"individual": [], "joint": {"secondary": 1.141871919006097, "primary": 1.23774598939923}}, "GGA|GGC": {"individual": [], "joint": {"secondary": 1.367758372642435, "primary": 1.067570589172806}}, "GGA|GGG": {"individual": [], "joint": {"secondary": 1.552136247308865, "primary": 1.478756501442847}}, "GGA|GGT": {"individual": [], "joint": {"secondary": 0.9935176207087401, "primary": 1.497370661216069}}, "GGC|GGG": {"individual": [], "joint": {"secondary": 1.014439365107763, "primary": 1.152360052777033}}, "GGC|GGT": {"individual": [], "joint": {"secondary": 1.300290809438746, "primary": 1.187376821869267}}, "GGG|GGT": {"individual": [], "joint": {"secondary": 1.047421732875183, "primary": 1.009052597797603}}, "GTA|GTC": {"individual": [], "joint": {"secondary": 1.178992512752516, "primary": 1.358992716333185}}, "GTA|GTG": {"individual": [], "joint": {"secondary": 1.045524455381819, "primary": 1.332046835355398}}, "GTA|GTT": {"individual": [], "joint": {"secondary": 1.540266556917753, "primary": 1.001021490881145}}, "GTC|GTG": {"individual": [], "joint": {"secondary": 1.122981853857991, "primary": 1.083114610509134}}, "GTC|GTT": {"individual": [], "joint": {"secondary": 1.173543931126984, "primary": 1.212963155639725}}, "GTG|GTT": {"individual": [], "joint": {"secondary": 0.845623961425682, "primary": 1.110616809070805}}, "TAC|TAT": {"individual": [], "joint": {"secondary": 1.157199071138529, "primary": 1.162134758463065}}, "TCA|TCC": {"individual": [], "joint": {"secondary": 1.291167311915241, "primary": 1.29212634338406}}, "TCA|TCG": {"individual": [], "joint": {"secondary": 1.307465321961869, "primary": 1.095984845061087}}, "TCA|TCT": {"individual": [], "joint": {"secondary": 0.6162904069463396, "primary": 1.46084318874993}}, "TCC|TCG": {"individual": [], "joint": {"secondary": 1.096062528909204, "primary": 1.034878624968619}}, "TCC|TCT": {"individual": [], "joint": {"secondary": 1.151315979329642, "primary": 1.094101532030396}}, "TCG|TCT": {"individual": [], "joint": {"secondary": 1.313432356242865, "primary": 0.9434866529048214}}, "TGC|TGT": {"individual": [], "joint": {"secondary": 1.108193710426024, "primary": 1.222387450151272}}, "TTA|TTG": {"individual": [], "joint": {"secondary": 1.339582797149991, "primary": 1.234617496670655}}, "TTC|TTT": {"individual": [], "joint": {"secondary": 1.313376266770807, "primary": 1.256401094842825}}, "model_mixture_p": 0.6882150597308382}