{"baseline-AICc": {"individual": [], "joint": 338823.9176654769}, "baseline-loglikelihood": {"individual": [], "joint": -165235.9815394836}, "joint-AICc": {"individual": [], "joint": 339194.3018919707}, "joint-loglikelihood": {"individual": [], "joint": -164499.1273842768}, "AAA|AAG": {"individual": [], "joint": {"secondary": 1.216871580154922, "primary": 0.8510821373484216}}, "AAC|AAT": {"individual": [], "joint": {"secondary": 1.216283328955679, "primary": 0.885211770423727}}, "ACA|ACC": {"individual": [], "joint": {"secondary": 0.9440472581127041, "primary": 0.736008107172266}}, "ACA|ACG": {"individual": [], "joint": {"secondary": 1.057371459401723, "primary": 0.7768005053366271}}, "ACA|ACT": {"individual": [], "joint": {"secondary": 1.100901613067698, "primary": 0.6651941973717762}}, "ACC|ACG": {"individual": [], "joint": {"secondary": 1.110549440517076, "primary": 0.6182293008414764}}, "ACC|ACT": {"individual": [], "joint": {"secondary": 1.049250855652422, "primary": 0.6186448275434205}}, "ACG|ACT": {"individual": [], "joint": {"secondary": 1.05901184624508, "primary": 0.6267889963730355}}, "AGA|AGG": {"individual": [], "joint": {"secondary": 1.077862167003009, "primary": 0.677287513704797}}, "AGA|CGA": {"individual": [], "joint": {"secondary": 1.402521773161967, "primary": 0.7963774041948862}}, "AGC|AGT": {"individual": [], "joint": {"secondary": 1.014826102481679, "primary": 0.7202893492624032}}, "AGG|CGG": {"individual": [], "joint": {"secondary": 0.9641430944645868, "primary": 0.7038170982801951}}, "ATA|ATC": {"individual": [], "joint": {"secondary": 1.119240832972957, "primary": 0.7944075872077279}}, "ATA|ATT": {"individual": [], "joint": {"secondary": 0.8815465243897644, "primary": 0.8038917765677783}}, "ATC|ATT": {"individual": [], "joint": {"secondary": 0.9094828345247599, "primary": 0.8071239329856458}}, "CAA|CAG": {"individual": [], "joint": {"secondary": 0.8713006231046075, "primary": 0.7905132418211389}}, "CAC|CAT": {"individual": [], "joint": {"secondary": 0.9940534097248896, "primary": 0.7650612275103822}}, "CCA|CCC": {"individual": [], "joint": {"secondary": 0.7270638432068403, "primary": 0.8988855603095276}}, "CCA|CCG": {"individual": [], "joint": {"secondary": 1.068144371224249, "primary": 0.6817734207837752}}, "CCA|CCT": {"individual": [], "joint": {"secondary": 1.020879421157078, "primary": 0.8954990516751736}}, "CCC|CCG": {"individual": [], "joint": {"secondary": 0.9782003326425267, "primary": 0.6914849028820269}}, "CCC|CCT": {"individual": [], "joint": {"secondary": 0.93751034720718, "primary": 0.7783022010264458}}, "CCG|CCT": {"individual": [], "joint": {"secondary": 0.9421689613306028, "primary": 0.4440885365019524}}, "CGA|CGC": {"individual": [], "joint": {"secondary": 0.8395672604221102, "primary": 0.5838861983445232}}, "CGA|CGG": {"individual": [], "joint": {"secondary": 0.977184086190645, "primary": 0.6263539371429836}}, "CGA|CGT": {"individual": [], "joint": {"secondary": 0.7369317519347558, "primary": 0.8088199469535797}}, "CGC|CGG": {"individual": [], "joint": {"secondary": 0.7357176169693161, "primary": 1.896138578730896}}, "CGC|CGT": {"individual": [], "joint": {"secondary": 1.130827118080905, "primary": 2.452103238203036}}, "CGG|CGT": {"individual": [], "joint": {"secondary": 0.7616696708835674, "primary": 0.6826549767572612}}, "CTA|CTC": {"individual": [], "joint": {"secondary": 0.9086130980534957, "primary": 0.6464875272936322}}, "CTA|CTG": {"individual": [], "joint": {"secondary": 0.8592222252123836, "primary": 0.8256757076613681}}, "CTA|CTT": {"individual": [], "joint": {"secondary": 1.022128261517756, "primary": 0.8337888079329765}}, "CTA|TTA": {"individual": [], "joint": {"secondary": 0.929634392332604, "primary": 0.546641717810677}}, "CTC|CTG": {"individual": [], "joint": {"secondary": 1.007110987022506, "primary": 0.7014642609624944}}, "CTC|CTT": {"individual": [], "joint": {"secondary": 0.9610789086341253, "primary": 0.7145761619779263}}, "CTG|CTT": {"individual": [], "joint": {"secondary": 0.9911219654640495, "primary": 0.7378582532294066}}, "CTG|TTG": {"individual": [], "joint": {"secondary": 1.028185634807592, "primary": 0.7779277125581405}}, "GAA|GAG": {"individual": [], "joint": {"secondary": 0.9879581965688675, "primary": 0.7795990040059485}}, "GAC|GAT": {"individual": [], "joint": {"secondary": 0.9054914317801657, "primary": 0.7485005102567093}}, "GCA|GCC": {"individual": [], "joint": {"secondary": 1.075609123833142, "primary": 0.7757076633598091}}, "GCA|GCG": {"individual": [], "joint": {"secondary": 0.9237015792873102, "primary": 0.8521735215576921}}, "GCA|GCT": {"individual": [], "joint": {"secondary": 0.516188014894079, "primary": 0.6499585710203207}}, "GCC|GCG": {"individual": [], "joint": {"secondary": 1.006085743393527, "primary": 0.6000312226085669}}, "GCC|GCT": {"individual": [], "joint": {"secondary": 0.9386916206546424, "primary": 0.595406007375035}}, "GCG|GCT": {"individual": [], "joint": {"secondary": 0.8409179935837757, "primary": 0.6893160098915319}}, "GGA|GGC": {"individual": [], "joint": {"secondary": 0.9790523191813763, "primary": 0.7578747413064452}}, "GGA|GGG": {"individual": [], "joint": {"secondary": 0.9990502852695277, "primary": 0.6856202399642083}}, "GGA|GGT": {"individual": [], "joint": {"secondary": 1.247434752850445, "primary": 0.4515410469204926}}, "GGC|GGG": {"individual": [], "joint": {"secondary": 1.070860139748229, "primary": 0.7391635900361077}}, "GGC|GGT": {"individual": [], "joint": {"secondary": 1.01908351378494, "primary": 1.980505287556741}}, "GGG|GGT": {"individual": [], "joint": {"secondary": 0.9519455416835795, "primary": 1.860846179690847}}, "GTA|GTC": {"individual": [], "joint": {"secondary": 1.107851082827806, "primary": 2.168652165199485}}, "GTA|GTG": {"individual": [], "joint": {"secondary": 0.9872271047310107, "primary": 1.974168765319119}}, "GTA|GTT": {"individual": [], "joint": {"secondary": 0.97782930525011, "primary": 1.921921847177514}}, "GTC|GTG": {"individual": [], "joint": {"secondary": 0.9893370697079594, "primary": 1.627007983992886}}, "GTC|GTT": {"individual": [], "joint": {"secondary": 1.023976069215562, "primary": 1.699326231336424}}, "GTG|GTT": {"individual": [], "joint": {"secondary": 0.994941932861981, "primary": 0.8794472901568451}}, "TAC|TAT": {"individual": [], "joint": {"secondary": 0.8998318499499096, "primary": 0.6421338208917988}}, "TCA|TCC": {"individual": [], "joint": {"secondary": 1.112077950214191, "primary": 1.681474817574732}}, "TCA|TCG": {"individual": [], "joint": {"secondary": 1.125059253801007, "primary": 2.038998669313025}}, "TCA|TCT": {"individual": [], "joint": {"secondary": 1.562270903696175, "primary": 1.978152280931541}}, "TCC|TCG": {"individual": [], "joint": {"secondary": 0.9936303545809749, "primary": 1.795568299544684}}, "TCC|TCT": {"individual": [], "joint": {"secondary": 0.9907640555237521, "primary": 1.923802856637669}}, "TCG|TCT": {"individual": [], "joint": {"secondary": 1.117376119981312, "primary": 1.432177716846501}}, "TGC|TGT": {"individual": [], "joint": {"secondary": 1.083376081624348, "primary": 1.816465509769944}}, "TTA|TTG": {"individual": [], "joint": {"secondary": 0.9634857815208466, "primary": 0.7448220032114297}}, "TTC|TTT": {"individual": [], "joint": {"secondary": 1.056669829769627, "primary": 0.6484964738624216}}, "model_mixture_p": 0.4000133660601893}