{"baseline-AICc": {"individual": [], "joint": 353316.4513245774}, "baseline-loglikelihood": {"individual": [], "joint": -173321.5246606095}, "joint-AICc": {"individual": [], "joint": 352395.4389503541}, "joint-loglikelihood": {"individual": [], "joint": -171961.3008819736}, "AAA|AAG": {"individual": [], "joint": {"secondary": 0.7436813739771602, "primary": 0.7753087214144259}}, "AAC|AAT": {"individual": [], "joint": {"secondary": 0.6729956688482958, "primary": 0.6399351807247621}}, "ACA|ACC": {"individual": [], "joint": {"secondary": 0.9666491065416638, "primary": 0.7275841977027901}}, "ACA|ACG": {"individual": [], "joint": {"secondary": 0.8347088368102369, "primary": 0.7738459314544}}, "ACA|ACT": {"individual": [], "joint": {"secondary": 0.5107066063010528, "primary": 0.5752788767977268}}, "ACC|ACG": {"individual": [], "joint": {"secondary": 0.5104438481474696, "primary": 0.7222696348308348}}, "ACC|ACT": {"individual": [], "joint": {"secondary": 1.123123613000286, "primary": 0.647271362368403}}, "ACG|ACT": {"individual": [], "joint": {"secondary": 0.6961207817815122, "primary": 0.6282158771293086}}, "AGA|AGG": {"individual": [], "joint": {"secondary": 1.234766832521434, "primary": 0.6297495430461517}}, "AGA|CGA": {"individual": [], "joint": {"secondary": 0.7835737782288459, "primary": 0.6746916440033731}}, "AGC|AGT": {"individual": [], "joint": {"secondary": 0.6663123629307254, "primary": 0.7674746873223677}}, "AGG|CGG": {"individual": [], "joint": {"secondary": 0.7022713280098756, "primary": 0.7917827869007292}}, "ATA|ATC": {"individual": [], "joint": {"secondary": 0.8539133656332718, "primary": 0.7855519554215372}}, "ATA|ATT": {"individual": [], "joint": {"secondary": 0.7921695413879812, "primary": 0.6438899495407069}}, "ATC|ATT": {"individual": [], "joint": {"secondary": 0.587009754673274, "primary": 0.6938271182933929}}, "CAA|CAG": {"individual": [], "joint": {"secondary": 0.5869434676954548, "primary": 0.8176021711175114}}, "CAC|CAT": {"individual": [], "joint": {"secondary": 0.6091002550118051, "primary": 0.7302056663725428}}, "CCA|CCC": {"individual": [], "joint": {"secondary": 0.7286269548237556, "primary": 0.8112362266453035}}, "CCA|CCG": {"individual": [], "joint": {"secondary": 0.6647938428287072, "primary": 0.8084359391567608}}, "CCA|CCT": {"individual": [], "joint": {"secondary": 0.7785301176607833, "primary": 0.426768290542618}}, "CCC|CCG": {"individual": [], "joint": {"secondary": 0.7025895451156775, "primary": 0.6676474242333301}}, "CCC|CCT": {"individual": [], "joint": {"secondary": 0.8102522025590646, "primary": 0.6975299276677098}}, "CCG|CCT": {"individual": [], "joint": {"secondary": 0.5547102454123192, "primary": 0.7831949720396234}}, "CGA|CGC": {"individual": [], "joint": {"secondary": 0.9424677817583959, "primary": 0.7459950388508438}}, "CGA|CGG": {"individual": [], "joint": {"secondary": 0.7748371423247179, "primary": 0.7980746270861101}}, "CGA|CGT": {"individual": [], "joint": {"secondary": 1.021710123587541, "primary": 0.8116835408014897}}, "CGC|CGG": {"individual": [], "joint": {"secondary": 1.711655242858897, "primary": 1.72126924345699}}, "CGC|CGT": {"individual": [], "joint": {"secondary": 1.666659699811223, "primary": 2.077285834676744}}, "CGG|CGT": {"individual": [], "joint": {"secondary": 0.4938163022497657, "primary": 0.7209610533000143}}, "CTA|CTC": {"individual": [], "joint": {"secondary": 0.9641202014323048, "primary": 0.5386612691103803}}, "CTA|CTG": {"individual": [], "joint": {"secondary": 0.7935614642894945, "primary": 0.7867228400640701}}, "CTA|CTT": {"individual": [], "joint": {"secondary": 0.4519899157100965, "primary": 0.7382265314704581}}, "CTA|TTA": {"individual": [], "joint": {"secondary": 0.6848436211525851, "primary": 0.6580818129464127}}, "CTC|CTG": {"individual": [], "joint": {"secondary": 0.6643283135777699, "primary": 0.6773185211311855}}, "CTC|CTT": {"individual": [], "joint": {"secondary": 0.7601674249860632, "primary": 0.8263704015689121}}, "CTG|CTT": {"individual": [], "joint": {"secondary": 0.54840217475201, "primary": 0.4784498407452822}}, "CTG|TTG": {"individual": [], "joint": {"secondary": 0.846468010828638, "primary": 0.6935524875108858}}, "GAA|GAG": {"individual": [], "joint": {"secondary": 0.7861302944224642, "primary": 0.7126105336240568}}, "GAC|GAT": {"individual": [], "joint": {"secondary": 0.7320419789077123, "primary": 0.8852905001735956}}, "GCA|GCC": {"individual": [], "joint": {"secondary": 0.5796147247616841, "primary": 0.8268787132129006}}, "GCA|GCG": {"individual": [], "joint": {"secondary": 0.7040566155288089, "primary": 0.864525342935087}}, "GCA|GCT": {"individual": [], "joint": {"secondary": 0.4326182375706373, "primary": 0.6592177469173829}}, "GCC|GCG": {"individual": [], "joint": {"secondary": 0.6876114876048594, "primary": 0.7210215036338469}}, "GCC|GCT": {"individual": [], "joint": {"secondary": 0.625697897838182, "primary": 0.6748918099392864}}, "GCG|GCT": {"individual": [], "joint": {"secondary": 0.7708326401073384, "primary": 0.7743150706823612}}, "GGA|GGC": {"individual": [], "joint": {"secondary": 0.9568283632384378, "primary": 0.7681531644139766}}, "GGA|GGG": {"individual": [], "joint": {"secondary": 0.7971826478404687, "primary": 0.9259808067008671}}, "GGA|GGT": {"individual": [], "joint": {"secondary": 0.6353499361569366, "primary": 0.642413728533597}}, "GGC|GGG": {"individual": [], "joint": {"secondary": 0.67345265221491, "primary": 0.7376378147431362}}, "GGC|GGT": {"individual": [], "joint": {"secondary": 2.158493432366881, "primary": 2.017420221654992}}, "GGG|GGT": {"individual": [], "joint": {"secondary": 1.58696729541126, "primary": 1.857669667495178}}, "GTA|GTC": {"individual": [], "joint": {"secondary": 1.902760464421901, "primary": 1.87733652249196}}, "GTA|GTG": {"individual": [], "joint": {"secondary": 2.151300668608959, "primary": 2.026425124953329}}, "GTA|GTT": {"individual": [], "joint": {"secondary": 2.383041966658957, "primary": 2.247829609119681}}, "GTC|GTG": {"individual": [], "joint": {"secondary": 1.68530872254844, "primary": 1.618080711448457}}, "GTC|GTT": {"individual": [], "joint": {"secondary": 2.070840687087727, "primary": 1.872624702911717}}, "GTG|GTT": {"individual": [], "joint": {"secondary": 0.5558079948183402, "primary": 0.825047558735855}}, "TAC|TAT": {"individual": [], "joint": {"secondary": 0.717504002248879, "primary": 0.717108724333668}}, "TCA|TCC": {"individual": [], "joint": {"secondary": 1.881610569329018, "primary": 1.743959244021601}}, "TCA|TCG": {"individual": [], "joint": {"secondary": 2.043965433044142, "primary": 1.729651157930615}}, "TCA|TCT": {"individual": [], "joint": {"secondary": 1.603299801434801, "primary": 1.784544614035052}}, "TCC|TCG": {"individual": [], "joint": {"secondary": 1.817756744151971, "primary": 1.748186824314269}}, "TCC|TCT": {"individual": [], "joint": {"secondary": 1.505489570143151, "primary": 1.937774613848706}}, "TCG|TCT": {"individual": [], "joint": {"secondary": 1.791366008773317, "primary": 1.691270993129236}}, "TGC|TGT": {"individual": [], "joint": {"secondary": 1.824860389882038, "primary": 2.039422584238881}}, "TTA|TTG": {"individual": [], "joint": {"secondary": 0.7438566506511941, "primary": 0.8651453941168773}}, "TTC|TTT": {"individual": [], "joint": {"secondary": 0.7553312730064027, "primary": 0.7156138682637484}}, "model_mixture_p": 0.7500495614716244}