{"baseline-AICc": {"individual": [], "joint": 395034.045408719}, "baseline-loglikelihood": {"individual": [], "joint": -193300.9563416774}, "joint-AICc": {"individual": [], "joint": 394313.9825195016}, "joint-loglikelihood": {"individual": [], "joint": -192007.367345332}, "AAA|AAG": {"individual": [], "joint": {"secondary": 1.145887073636368, "primary": 0.7536437004320278}}, "AAC|AAT": {"individual": [], "joint": {"secondary": 0.7662373281137307, "primary": 0.7511609949564001}}, "ACA|ACC": {"individual": [], "joint": {"secondary": 0.9285184019990486, "primary": 0.8796910824800986}}, "ACA|ACG": {"individual": [], "joint": {"secondary": 0.8083612739863464, "primary": 0.7787106767100538}}, "ACA|ACT": {"individual": [], "joint": {"secondary": 1.082477979769248, "primary": 0.5924345580377663}}, "ACC|ACG": {"individual": [], "joint": {"secondary": 0.9750760421493663, "primary": 0.6416355254230688}}, "ACC|ACT": {"individual": [], "joint": {"secondary": 0.9306588450434619, "primary": 0.7606430333050589}}, "ACG|ACT": {"individual": [], "joint": {"secondary": 0.9434559219938836, "primary": 0.6127592743199775}}, "AGA|AGG": {"individual": [], "joint": {"secondary": 0.8927644189062394, "primary": 0.7908263407170121}}, "AGA|CGA": {"individual": [], "joint": {"secondary": 1.894101673158997, "primary": 0.6964602924149702}}, "AGC|AGT": {"individual": [], "joint": {"secondary": 1.104036148960171, "primary": 0.7898073915171125}}, "AGG|CGG": {"individual": [], "joint": {"secondary": 0.9654801335782506, "primary": 0.795650749513172}}, "ATA|ATC": {"individual": [], "joint": {"secondary": 1.241248714892567, "primary": 0.6741924472244322}}, "ATA|ATT": {"individual": [], "joint": {"secondary": 0.9766671592632387, "primary": 0.612750552611225}}, "ATC|ATT": {"individual": [], "joint": {"secondary": 1.047650326886391, "primary": 0.7745595881092411}}, "CAA|CAG": {"individual": [], "joint": {"secondary": 0.9674242091735483, "primary": 0.756587337254627}}, "CAC|CAT": {"individual": [], "joint": {"secondary": 1.096642467191661, "primary": 0.7065408836263616}}, "CCA|CCC": {"individual": [], "joint": {"secondary": 1.378298089401426, "primary": 0.655205116130474}}, "CCA|CCG": {"individual": [], "joint": {"secondary": 0.9762626279033629, "primary": 0.798517847220909}}, "CCA|CCT": {"individual": [], "joint": {"secondary": 0.8226814657392985, "primary": 0.6608083111038197}}, "CCC|CCG": {"individual": [], "joint": {"secondary": 1.124824758862437, "primary": 0.651739332057365}}, "CCC|CCT": {"individual": [], "joint": {"secondary": 1.121380163669615, "primary": 0.7402004899892948}}, "CCG|CCT": {"individual": [], "joint": {"secondary": 1.063045589934993, "primary": 0.6741995154298526}}, "CGA|CGC": {"individual": [], "joint": {"secondary": 1.129516868517985, "primary": 0.803193723101867}}, "CGA|CGG": {"individual": [], "joint": {"secondary": 0.9244256306072379, "primary": 0.7193569931172757}}, "CGA|CGT": {"individual": [], "joint": {"secondary": 1.055697096015355, "primary": 0.5111175103779848}}, "CGC|CGG": {"individual": [], "joint": {"secondary": 0.795557003704758, "primary": 1.676547831288138}}, "CGC|CGT": {"individual": [], "joint": {"secondary": 1.007783438212001, "primary": 1.772629733425266}}, "CGG|CGT": {"individual": [], "joint": {"secondary": 1.24740954314652, "primary": 0.902544005702268}}, "CTA|CTC": {"individual": [], "joint": {"secondary": 1.084867091350096, "primary": 0.8497095843589259}}, "CTA|CTG": {"individual": [], "joint": {"secondary": 0.7100244164291889, "primary": 0.836965761242732}}, "CTA|CTT": {"individual": [], "joint": {"secondary": 0.8150385826659095, "primary": 0.834477866833329}}, "CTA|TTA": {"individual": [], "joint": {"secondary": 0.9498741226656525, "primary": 0.7375820625774525}}, "CTC|CTG": {"individual": [], "joint": {"secondary": 1.037613359636576, "primary": 0.6372381915170063}}, "CTC|CTT": {"individual": [], "joint": {"secondary": 0.8031331184894079, "primary": 0.6911547470175599}}, "CTG|CTT": {"individual": [], "joint": {"secondary": 1.21534794316911, "primary": 0.5051612580324625}}, "CTG|TTG": {"individual": [], "joint": {"secondary": 0.8737913655352476, "primary": 0.7107551388987045}}, "GAA|GAG": {"individual": [], "joint": {"secondary": 1.111250375929046, "primary": 0.7159737509170483}}, "GAC|GAT": {"individual": [], "joint": {"secondary": 0.9748213619652641, "primary": 0.8574773332487359}}, "GCA|GCC": {"individual": [], "joint": {"secondary": 1.125463899359871, "primary": 0.6740658391559146}}, "GCA|GCG": {"individual": [], "joint": {"secondary": 0.886885380636641, "primary": 0.8855385602738554}}, "GCA|GCT": {"individual": [], "joint": {"secondary": 0.5322940261327527, "primary": 0.7350544953732974}}, "GCC|GCG": {"individual": [], "joint": {"secondary": 1.017867174084929, "primary": 0.6369198057307911}}, "GCC|GCT": {"individual": [], "joint": {"secondary": 1.081351287783199, "primary": 0.8117482541191612}}, "GCG|GCT": {"individual": [], "joint": {"secondary": 1.249397754618072, "primary": 0.6802205206468169}}, "GGA|GGC": {"individual": [], "joint": {"secondary": 0.7852890867755327, "primary": 0.7567681517349998}}, "GGA|GGG": {"individual": [], "joint": {"secondary": 0.9172914914008831, "primary": 0.8254994988304135}}, "GGA|GGT": {"individual": [], "joint": {"secondary": 1.437638848464668, "primary": 0.5960449896774817}}, "GGC|GGG": {"individual": [], "joint": {"secondary": 1.091092220970236, "primary": 0.7121353445673592}}, "GGC|GGT": {"individual": [], "joint": {"secondary": 1.143402262377893, "primary": 1.85534428233486}}, "GGG|GGT": {"individual": [], "joint": {"secondary": 0.7922939167404613, "primary": 1.706307185733008}}, "GTA|GTC": {"individual": [], "joint": {"secondary": 0.6071433879348784, "primary": 2.085321451475041}}, "GTA|GTG": {"individual": [], "joint": {"secondary": 1.080366437680619, "primary": 1.950056923405603}}, "GTA|GTT": {"individual": [], "joint": {"secondary": 0.6260774080981769, "primary": 2.113454209706592}}, "GTC|GTG": {"individual": [], "joint": {"secondary": 1.020788623361873, "primary": 1.762139633509105}}, "GTC|GTT": {"individual": [], "joint": {"secondary": 1.11400790095204, "primary": 1.938442043401348}}, "GTG|GTT": {"individual": [], "joint": {"secondary": 0.7340295323575303, "primary": 0.7125645256054244}}, "TAC|TAT": {"individual": [], "joint": {"secondary": 1.130009418359812, "primary": 0.7118830872797273}}, "TCA|TCC": {"individual": [], "joint": {"secondary": 1.003999765360175, "primary": 1.784587645767475}}, "TCA|TCG": {"individual": [], "joint": {"secondary": 0.9529567015177255, "primary": 1.999109823287012}}, "TCA|TCT": {"individual": [], "joint": {"secondary": 1.067764437888597, "primary": 1.998280755374012}}, "TCC|TCG": {"individual": [], "joint": {"secondary": 0.9930528411194756, "primary": 1.790846034686215}}, "TCC|TCT": {"individual": [], "joint": {"secondary": 0.6919239613549447, "primary": 1.910069956723023}}, "TCG|TCT": {"individual": [], "joint": {"secondary": 0.8419124905082204, "primary": 1.73668628810919}}, "TGC|TGT": {"individual": [], "joint": {"secondary": 1.222499249849903, "primary": 1.903353884613437}}, "TTA|TTG": {"individual": [], "joint": {"secondary": 0.9229128412813763, "primary": 0.7852002383506901}}, "TTC|TTT": {"individual": [], "joint": {"secondary": 0.9409555207764859, "primary": 0.6317460382870655}}, "model_mixture_p": 0.7498195115911351}