{"baseline-AICc": {"individual": [], "joint": 286277.7022796766}, "baseline-loglikelihood": {"individual": [], "joint": -139008.8192145608}, "joint-AICc": {"individual": [], "joint": 287657.8580512059}, "joint-loglikelihood": {"individual": [], "joint": -138788.2926217793}, "AAA|AAG": {"individual": [], "joint": {"secondary": 1.102060798630155, "primary": 0.7443195487341595}}, "AAC|AAT": {"individual": [], "joint": {"secondary": 0.9544469846176584, "primary": 0.7799508632582154}}, "ACA|ACC": {"individual": [], "joint": {"secondary": 0.8223333777159949, "primary": 0.824767773231463}}, "ACA|ACG": {"individual": [], "joint": {"secondary": 1.136665900672363, "primary": 0.56078792553592}}, "ACA|ACT": {"individual": [], "joint": {"secondary": 1.148739165943495, "primary": 0.4693820265988474}}, "ACC|ACG": {"individual": [], "joint": {"secondary": 1.096682260535771, "primary": 0.8109981135482028}}, "ACC|ACT": {"individual": [], "joint": {"secondary": 1.065485572722418, "primary": 0.701872449418916}}, "ACG|ACT": {"individual": [], "joint": {"secondary": 0.9512726696624824, "primary": 1.021870157966581}}, "AGA|AGG": {"individual": [], "joint": {"secondary": 0.9942835745651157, "primary": 0.5811531730941438}}, "AGA|CGA": {"individual": [], "joint": {"secondary": 0.8995691501855521, "primary": 0.6205087109060263}}, "AGC|AGT": {"individual": [], "joint": {"secondary": 1.011628125203356, "primary": 0.6432295183262724}}, "AGG|CGG": {"individual": [], "joint": {"secondary": 1.01051861344697, "primary": 0.4795267544641476}}, "ATA|ATC": {"individual": [], "joint": {"secondary": 1.004336773163354, "primary": 0.6872630766167661}}, "ATA|ATT": {"individual": [], "joint": {"secondary": 0.9237124676625372, "primary": 0.42359563360819}}, "ATC|ATT": {"individual": [], "joint": {"secondary": 1.044330848195776, "primary": 0.8946167509862948}}, "CAA|CAG": {"individual": [], "joint": {"secondary": 0.8711751646261034, "primary": 0.8971864698634567}}, "CAC|CAT": {"individual": [], "joint": {"secondary": 0.9883265076641968, "primary": 0.8171309584802908}}, "CCA|CCC": {"individual": [], "joint": {"secondary": 0.8926471813804309, "primary": 0.651771006282389}}, "CCA|CCG": {"individual": [], "joint": {"secondary": 1.107364210152535, "primary": 0.4988306767520098}}, "CCA|CCT": {"individual": [], "joint": {"secondary": 0.6070164464860218, "primary": 0.9121094101413821}}, "CCC|CCG": {"individual": [], "joint": {"secondary": 0.8657963206183351, "primary": 0.7072110637985757}}, "CCC|CCT": {"individual": [], "joint": {"secondary": 1.123422703460671, "primary": 0.7689236137154782}}, "CCG|CCT": {"individual": [], "joint": {"secondary": 1.03033962539227, "primary": 0.3082998027324476}}, "CGA|CGC": {"individual": [], "joint": {"secondary": 0.8102897122027373, "primary": 0.5724528050898336}}, "CGA|CGG": {"individual": [], "joint": {"secondary": 0.9491413916595565, "primary": 0.5843548843110786}}, "CGA|CGT": {"individual": [], "joint": {"secondary": 0.9922341976007226, "primary": 1.654797180681356}}, "CGC|CGG": {"individual": [], "joint": {"secondary": 0.9203093506901607, "primary": 1.445097100422122}}, "CGC|CGT": {"individual": [], "joint": {"secondary": 1.020875104281373, "primary": 1.56273074189306}}, "CGG|CGT": {"individual": [], "joint": {"secondary": 0.8974784286094616, "primary": 0.1605761413509806}}, "CTA|CTC": {"individual": [], "joint": {"secondary": 1.234947406889904, "primary": 0.6290371671202905}}, "CTA|CTG": {"individual": [], "joint": {"secondary": 0.9656298366554117, "primary": 1.00186729276167}}, "CTA|CTT": {"individual": [], "joint": {"secondary": 1.146609276835331, "primary": 1.336204178179725}}, "CTA|TTA": {"individual": [], "joint": {"secondary": 1.010692867322949, "primary": 0.6681685552480093}}, "CTC|CTG": {"individual": [], "joint": {"secondary": 0.8454397490374055, "primary": 0.5928145252418408}}, "CTC|CTT": {"individual": [], "joint": {"secondary": 0.9497492010266201, "primary": 0.7793153403720964}}, "CTG|CTT": {"individual": [], "joint": {"secondary": 1.084250064376502, "primary": 0.8969908826903144}}, "CTG|TTG": {"individual": [], "joint": {"secondary": 1.035642193647854, "primary": 0.647816800209889}}, "GAA|GAG": {"individual": [], "joint": {"secondary": 0.9538349920857229, "primary": 0.8521522582173358}}, "GAC|GAT": {"individual": [], "joint": {"secondary": 1.07185918824612, "primary": 0.4800142168045848}}, "GCA|GCC": {"individual": [], "joint": {"secondary": 0.9810064651584463, "primary": 0.8544770755389504}}, "GCA|GCG": {"individual": [], "joint": {"secondary": 0.9574489876452373, "primary": 0.7286256522676743}}, "GCA|GCT": {"individual": [], "joint": {"secondary": 1.28614913769197, "primary": 0.4522744506967818}}, "GCC|GCG": {"individual": [], "joint": {"secondary": 1.099789079244021, "primary": 0.7255304103563947}}, "GCC|GCT": {"individual": [], "joint": {"secondary": 1.003514940594919, "primary": 0.6922509030449294}}, "GCG|GCT": {"individual": [], "joint": {"secondary": 1.100124295689855, "primary": 0.6339243524504066}}, "GGA|GGC": {"individual": [], "joint": {"secondary": 0.7628804269943772, "primary": 1.37297485057595}}, "GGA|GGG": {"individual": [], "joint": {"secondary": 1.035499868776812, "primary": 1.122792018128536}}, "GGA|GGT": {"individual": [], "joint": {"secondary": 1.23045088777097, "primary": 0.6003496399297216}}, "GGC|GGG": {"individual": [], "joint": {"secondary": 0.9729283295426071, "primary": 0.6635452688583072}}, "GGC|GGT": {"individual": [], "joint": {"secondary": 0.9713917631538628, "primary": 2.018620633881812}}, "GGG|GGT": {"individual": [], "joint": {"secondary": 1.040994202214585, "primary": 1.52876245211106}}, "GTA|GTC": {"individual": [], "joint": {"secondary": 0.9991118466330083, "primary": 2.194316781169194}}, "GTA|GTG": {"individual": [], "joint": {"secondary": 1.01240815071331, "primary": 2.175602622596436}}, "GTA|GTT": {"individual": [], "joint": {"secondary": 1.040045928351014, "primary": 1.778864409545759}}, "GTC|GTG": {"individual": [], "joint": {"secondary": 1.010796958945768, "primary": 1.634814691085575}}, "GTC|GTT": {"individual": [], "joint": {"secondary": 0.9205630546257186, "primary": 1.914050774252431}}, "GTG|GTT": {"individual": [], "joint": {"secondary": 0.8636294189683245, "primary": 0.5226833901131299}}, "TAC|TAT": {"individual": [], "joint": {"secondary": 0.885068073611556, "primary": 0.8859918907235275}}, "TCA|TCC": {"individual": [], "joint": {"secondary": 1.083013741363088, "primary": 2.677960837921039}}, "TCA|TCG": {"individual": [], "joint": {"secondary": 1.081582739564147, "primary": 2.390478431868003}}, "TCA|TCT": {"individual": [], "joint": {"secondary": 1.10005502433329, "primary": 0.9872978303959717}}, "TCC|TCG": {"individual": [], "joint": {"secondary": 1.136555318057425, "primary": 1.566885920686304}}, "TCC|TCT": {"individual": [], "joint": {"secondary": 1.02769976709595, "primary": 1.50203603160837}}, "TCG|TCT": {"individual": [], "joint": {"secondary": 0.8402671019467429, "primary": 2.222343103277221}}, "TGC|TGT": {"individual": [], "joint": {"secondary": 0.9568892685959074, "primary": 1.907288081998933}}, "TTA|TTG": {"individual": [], "joint": {"secondary": 1.013215368279832, "primary": 0.9240546404303336}}, "TTC|TTT": {"individual": [], "joint": {"secondary": 1.045782450565862, "primary": 0.6515073058328799}}, "model_mixture_p": 0.09999573732282917}