{"baseline-AICc": {"individual": [], "joint": 286660.6288406731}, "baseline-loglikelihood": {"individual": [], "joint": -139212.0322302661}, "joint-AICc": {"individual": [], "joint": 288084.8704659287}, "joint-loglikelihood": {"individual": [], "joint": -139013.5485643477}, "AAA|AAG": {"individual": [], "joint": {"secondary": 0.9305694727231864, "primary": 0.995724688149016}}, "AAC|AAT": {"individual": [], "joint": {"secondary": 0.9743039549697633, "primary": 0.7145919874507635}}, "ACA|ACC": {"individual": [], "joint": {"secondary": 1.128190045493106, "primary": 0.9691723056044563}}, "ACA|ACG": {"individual": [], "joint": {"secondary": 1.069014213008511, "primary": 0.8212495078232696}}, "ACA|ACT": {"individual": [], "joint": {"secondary": 1.055403565126522, "primary": 0.7813585018817872}}, "ACC|ACG": {"individual": [], "joint": {"secondary": 0.9974866625284053, "primary": 0.6596959831031599}}, "ACC|ACT": {"individual": [], "joint": {"secondary": 1.060339936851594, "primary": 0.5117320069644007}}, "ACG|ACT": {"individual": [], "joint": {"secondary": 0.8350817092605763, "primary": 0.7096696374708433}}, "AGA|AGG": {"individual": [], "joint": {"secondary": 1.143014010462865, "primary": 0.8282345785328218}}, "AGA|CGA": {"individual": [], "joint": {"secondary": 0.938553797170192, "primary": 0.9080611936319474}}, "AGC|AGT": {"individual": [], "joint": {"secondary": 0.9566491558281186, "primary": 0.4527045686689442}}, "AGG|CGG": {"individual": [], "joint": {"secondary": 0.9783305390799002, "primary": 0.9786247678149952}}, "ATA|ATC": {"individual": [], "joint": {"secondary": 0.8875769340312178, "primary": 0.597965535293053}}, "ATA|ATT": {"individual": [], "joint": {"secondary": 1.0714120116945, "primary": 0.9469309335568361}}, "ATC|ATT": {"individual": [], "joint": {"secondary": 1.004221424806708, "primary": 0.6280863555823342}}, "CAA|CAG": {"individual": [], "joint": {"secondary": 0.9139736719696678, "primary": 0.7469073907716015}}, "CAC|CAT": {"individual": [], "joint": {"secondary": 0.9646545743019425, "primary": 0.6559996052903679}}, "CCA|CCC": {"individual": [], "joint": {"secondary": 1.209090456572701, "primary": 0.4718236004213656}}, "CCA|CCG": {"individual": [], "joint": {"secondary": 1.095211864106087, "primary": 0.7463109867417724}}, "CCA|CCT": {"individual": [], "joint": {"secondary": 1.306129657287744, "primary": 1.571176274402735}}, "CCC|CCG": {"individual": [], "joint": {"secondary": 0.8653478023110217, "primary": 0.7291548964347724}}, "CCC|CCT": {"individual": [], "joint": {"secondary": 1.00503017536955, "primary": 0.5249702165921276}}, "CCG|CCT": {"individual": [], "joint": {"secondary": 1.143583256684156, "primary": 0.5024431963209898}}, "CGA|CGC": {"individual": [], "joint": {"secondary": 1.08116295514487, "primary": 1.294813468237313}}, "CGA|CGG": {"individual": [], "joint": {"secondary": 0.9689809337244235, "primary": 0.764234248437566}}, "CGA|CGT": {"individual": [], "joint": {"secondary": 0.5394010334196158, "primary": 0.009441313885460574}}, "CGC|CGG": {"individual": [], "joint": {"secondary": 0.8813643330733537, "primary": 1.741321423087259}}, "CGC|CGT": {"individual": [], "joint": {"secondary": 1.135001606611957, "primary": 2.692161785125379}}, "CGG|CGT": {"individual": [], "joint": {"secondary": 1.127343259418525, "primary": 0.4169261274911866}}, "CTA|CTC": {"individual": [], "joint": {"secondary": 0.9376778532952607, "primary": 0.7939724993119914}}, "CTA|CTG": {"individual": [], "joint": {"secondary": 0.9506192774592002, "primary": 0.7863239869544459}}, "CTA|CTT": {"individual": [], "joint": {"secondary": 0.9194359256648988, "primary": 0.274989184704472}}, "CTA|TTA": {"individual": [], "joint": {"secondary": 0.9835174608078867, "primary": 0.9960591735746959}}, "CTC|CTG": {"individual": [], "joint": {"secondary": 0.9987995580998096, "primary": 0.8060383211959598}}, "CTC|CTT": {"individual": [], "joint": {"secondary": 0.951600159830125, "primary": 0.6316461720160534}}, "CTG|CTT": {"individual": [], "joint": {"secondary": 0.9981676194477804, "primary": 0.9805254045933955}}, "CTG|TTG": {"individual": [], "joint": {"secondary": 1.019989967513992, "primary": 0.8376890654887292}}, "GAA|GAG": {"individual": [], "joint": {"secondary": 0.9674530356009676, "primary": 0.7241022298951124}}, "GAC|GAT": {"individual": [], "joint": {"secondary": 0.9037738233075352, "primary": 0.8783691399958606}}, "GCA|GCC": {"individual": [], "joint": {"secondary": 0.8715348970704809, "primary": 0.6985863821595601}}, "GCA|GCG": {"individual": [], "joint": {"secondary": 1.021807778358672, "primary": 0.8726520401183818}}, "GCA|GCT": {"individual": [], "joint": {"secondary": 0.8848498541770573, "primary": 0.7732196929992641}}, "GCC|GCG": {"individual": [], "joint": {"secondary": 0.9975768166195709, "primary": 0.7624085629709733}}, "GCC|GCT": {"individual": [], "joint": {"secondary": 0.9756835279406842, "primary": 0.8123947321132584}}, "GCG|GCT": {"individual": [], "joint": {"secondary": 1.037035492326047, "primary": 0.61957034846528}}, "GGA|GGC": {"individual": [], "joint": {"secondary": 1.13680758967349, "primary": 0.4108939821580807}}, "GGA|GGG": {"individual": [], "joint": {"secondary": 1.028296899533851, "primary": 0.7433516762271806}}, "GGA|GGT": {"individual": [], "joint": {"secondary": 0.9338928244810589, "primary": 0.1774178654485059}}, "GGC|GGG": {"individual": [], "joint": {"secondary": 1.118347902955435, "primary": 0.6434637239421107}}, "GGC|GGT": {"individual": [], "joint": {"secondary": 0.9017697241418782, "primary": 1.837138179797699}}, "GGG|GGT": {"individual": [], "joint": {"secondary": 1.084632708144915, "primary": 1.688316448957714}}, "GTA|GTC": {"individual": [], "joint": {"secondary": 1.070129689401891, "primary": 1.642859578758842}}, "GTA|GTG": {"individual": [], "joint": {"secondary": 0.9553797466170159, "primary": 1.63848904741065}}, "GTA|GTT": {"individual": [], "joint": {"secondary": 1.118905829562423, "primary": 1.768808763703807}}, "GTC|GTG": {"individual": [], "joint": {"secondary": 0.943802098828072, "primary": 1.475583493777699}}, "GTC|GTT": {"individual": [], "joint": {"secondary": 0.9465754544376126, "primary": 2.015292446245756}}, "GTG|GTT": {"individual": [], "joint": {"secondary": 0.9856858996732729, "primary": 0.8898974483239059}}, "TAC|TAT": {"individual": [], "joint": {"secondary": 0.8847449110708292, "primary": 0.5574417464554399}}, "TCA|TCC": {"individual": [], "joint": {"secondary": 0.9940841793308153, "primary": 2.570827326992136}}, "TCA|TCG": {"individual": [], "joint": {"secondary": 1.032913039437756, "primary": 2.156651149117899}}, "TCA|TCT": {"individual": [], "joint": {"secondary": 1.050025412167772, "primary": 1.42989063952581}}, "TCC|TCG": {"individual": [], "joint": {"secondary": 1.117549512924474, "primary": 1.907879370151119}}, "TCC|TCT": {"individual": [], "joint": {"secondary": 1.035825284814623, "primary": 1.340844431200363}}, "TCG|TCT": {"individual": [], "joint": {"secondary": 0.8756475629672095, "primary": 2.123976623116151}}, "TGC|TGT": {"individual": [], "joint": {"secondary": 1.155530388989466, "primary": 1.733174381382895}}, "TTA|TTG": {"individual": [], "joint": {"secondary": 0.9477732618803755, "primary": 0.8303029230683199}}, "TTC|TTT": {"individual": [], "joint": {"secondary": 0.9957340184150298, "primary": 0.7974647329119463}}, "model_mixture_p": 0.1000000362334465}