{"baseline-AICc": {"individual": [], "joint": 353512.8881290697}, "baseline-loglikelihood": {"individual": [], "joint": -173419.7430628556}, "joint-AICc": {"individual": [], "joint": 354108.2256026046}, "joint-loglikelihood": {"individual": [], "joint": -172817.6942080989}, "AAA|AAG": {"individual": [], "joint": {"secondary": 0.7677830164384809, "primary": 0.9361855270818875}}, "AAC|AAT": {"individual": [], "joint": {"secondary": 1.213167345960092, "primary": 0.8162125903868883}}, "ACA|ACC": {"individual": [], "joint": {"secondary": 0.8574835930291, "primary": 0.8758583324903692}}, "ACA|ACG": {"individual": [], "joint": {"secondary": 0.8668391553992131, "primary": 0.959483203865295}}, "ACA|ACT": {"individual": [], "joint": {"secondary": 1.102490772842669, "primary": 0.4753289269582244}}, "ACC|ACG": {"individual": [], "joint": {"secondary": 0.8606162677112812, "primary": 0.9256161728181188}}, "ACC|ACT": {"individual": [], "joint": {"secondary": 0.9722105927318544, "primary": 0.916840293267125}}, "ACG|ACT": {"individual": [], "joint": {"secondary": 0.7841361931772921, "primary": 0.8869665044386256}}, "AGA|AGG": {"individual": [], "joint": {"secondary": 0.9438657133961378, "primary": 0.7779899349696593}}, "AGA|CGA": {"individual": [], "joint": {"secondary": 0.6911514670860661, "primary": 1.086061303747454}}, "AGC|AGT": {"individual": [], "joint": {"secondary": 0.9957364516153658, "primary": 1.002175125392234}}, "AGG|CGG": {"individual": [], "joint": {"secondary": 0.8395627977013577, "primary": 1.055774187868918}}, "ATA|ATC": {"individual": [], "joint": {"secondary": 0.787523420561777, "primary": 0.9049105942562968}}, "ATA|ATT": {"individual": [], "joint": {"secondary": 0.8738628875443224, "primary": 0.7136307160991535}}, "ATC|ATT": {"individual": [], "joint": {"secondary": 0.8448163093283205, "primary": 1.008950639916045}}, "CAA|CAG": {"individual": [], "joint": {"secondary": 0.878269158785745, "primary": 0.9442541988314421}}, "CAC|CAT": {"individual": [], "joint": {"secondary": 0.9669988688560979, "primary": 0.7868183801007785}}, "CCA|CCC": {"individual": [], "joint": {"secondary": 1.033938780957177, "primary": 0.7445549900367168}}, "CCA|CCG": {"individual": [], "joint": {"secondary": 0.8272522193346327, "primary": 0.8390871493883746}}, "CCA|CCT": {"individual": [], "joint": {"secondary": 0.8183151930617788, "primary": 1.139325935531444}}, "CCC|CCG": {"individual": [], "joint": {"secondary": 0.8402709683027482, "primary": 0.9729308108256919}}, "CCC|CCT": {"individual": [], "joint": {"secondary": 0.9392479333344977, "primary": 0.9639039194571029}}, "CCG|CCT": {"individual": [], "joint": {"secondary": 0.6240287184081669, "primary": 0.8885451259134632}}, "CGA|CGC": {"individual": [], "joint": {"secondary": 0.9143345353990904, "primary": 1.100416834001364}}, "CGA|CGG": {"individual": [], "joint": {"secondary": 0.7858105494211755, "primary": 0.8555781008192253}}, "CGA|CGT": {"individual": [], "joint": {"secondary": 1.057152409313475, "primary": 0.2443567912314072}}, "CGC|CGG": {"individual": [], "joint": {"secondary": 2.206143232488967, "primary": 2.358748798036673}}, "CGC|CGT": {"individual": [], "joint": {"secondary": 2.014124127596915, "primary": 2.228036371510506}}, "CGG|CGT": {"individual": [], "joint": {"secondary": 1.208618141507295, "primary": 1.233205139909956}}, "CTA|CTC": {"individual": [], "joint": {"secondary": 1.065036378090773, "primary": 1.020520516852879}}, "CTA|CTG": {"individual": [], "joint": {"secondary": 0.9228467575409092, "primary": 0.8711654451829058}}, "CTA|CTT": {"individual": [], "joint": {"secondary": 1.044259043455671, "primary": 0.7419975717943812}}, "CTA|TTA": {"individual": [], "joint": {"secondary": 0.7947026147023419, "primary": 0.938678813767759}}, "CTC|CTG": {"individual": [], "joint": {"secondary": 0.9238512178119312, "primary": 0.8838259025732219}}, "CTC|CTT": {"individual": [], "joint": {"secondary": 0.779351656303083, "primary": 0.9770061025922827}}, "CTG|CTT": {"individual": [], "joint": {"secondary": 0.7986771222542604, "primary": 0.8461110673837395}}, "CTG|TTG": {"individual": [], "joint": {"secondary": 0.7376110875663497, "primary": 1.021609652626481}}, "GAA|GAG": {"individual": [], "joint": {"secondary": 0.8531199784947653, "primary": 0.876337439876662}}, "GAC|GAT": {"individual": [], "joint": {"secondary": 0.9213656383121203, "primary": 0.8953495357642831}}, "GCA|GCC": {"individual": [], "joint": {"secondary": 0.9726263111670982, "primary": 0.7192937682692384}}, "GCA|GCG": {"individual": [], "joint": {"secondary": 0.8907197119782745, "primary": 0.8654999990677303}}, "GCA|GCT": {"individual": [], "joint": {"secondary": 0.9767561415097454, "primary": 0.5103843135111003}}, "GCC|GCG": {"individual": [], "joint": {"secondary": 0.9381870113361029, "primary": 0.9193070253619895}}, "GCC|GCT": {"individual": [], "joint": {"secondary": 0.9440985489897147, "primary": 0.9911127053708101}}, "GCG|GCT": {"individual": [], "joint": {"secondary": 0.7983184690134432, "primary": 0.7106831864280233}}, "GGA|GGC": {"individual": [], "joint": {"secondary": 0.7187229058136521, "primary": 0.8564137376689183}}, "GGA|GGG": {"individual": [], "joint": {"secondary": 0.9408856349404344, "primary": 0.7440950718561627}}, "GGA|GGT": {"individual": [], "joint": {"secondary": 0.5908182131021942, "primary": 1.103479904920773}}, "GGC|GGG": {"individual": [], "joint": {"secondary": 0.7966180250401682, "primary": 0.8695237315601875}}, "GGC|GGT": {"individual": [], "joint": {"secondary": 0.6768254158908364, "primary": 0.9659281895833842}}, "GGG|GGT": {"individual": [], "joint": {"secondary": 2.34493958746626, "primary": 2.100335208090461}}, "GTA|GTC": {"individual": [], "joint": {"secondary": 0.7913493764215365, "primary": 0.7685972555650251}}, "GTA|GTG": {"individual": [], "joint": {"secondary": 2.130222048175253, "primary": 1.971846997040413}}, "GTA|GTT": {"individual": [], "joint": {"secondary": 0.6040382896872432, "primary": 0.8496537214664079}}, "GTC|GTG": {"individual": [], "joint": {"secondary": 0.8361011764552051, "primary": 0.8110967551723121}}, "GTC|GTT": {"individual": [], "joint": {"secondary": 0.9085136563766146, "primary": 0.9302407443561025}}, "GTG|GTT": {"individual": [], "joint": {"secondary": 0.9885208241746379, "primary": 0.8674938507335244}}, "TAC|TAT": {"individual": [], "joint": {"secondary": 1.062881876771606, "primary": 0.9846233794478796}}, "TCA|TCC": {"individual": [], "joint": {"secondary": 2.080256482130192, "primary": 1.932494809975156}}, "TCA|TCG": {"individual": [], "joint": {"secondary": 2.178257682154275, "primary": 2.409640945808775}}, "TCA|TCT": {"individual": [], "joint": {"secondary": 0.9647178071646505, "primary": 1.119533555615616}}, "TCC|TCG": {"individual": [], "joint": {"secondary": 0.9563178404061143, "primary": 0.915150732453734}}, "TCC|TCT": {"individual": [], "joint": {"secondary": 0.9494752518506511, "primary": 0.6769133515089071}}, "TCG|TCT": {"individual": [], "joint": {"secondary": 0.8551446777451596, "primary": 1.098809035332158}}, "TGC|TGT": {"individual": [], "joint": {"secondary": 0.93524893801919, "primary": 0.8822054378113185}}, "TTA|TTG": {"individual": [], "joint": {"secondary": 0.7618744383562506, "primary": 0.8520757614794964}}, "TTC|TTT": {"individual": [], "joint": {"secondary": 1.050991342040196, "primary": 0.8592181769793555}}, "model_mixture_p": 0.5000416080493923}