{"baseline-AICc": {"individual": [], "joint": 440599.3374914559}, "baseline-loglikelihood": {"individual": [], "joint": -216050.692250669}, "joint-AICc": {"individual": [], "joint": 439453.2545425724}, "joint-loglikelihood": {"individual": [], "joint": -214536.8059808928}, "AAA|AAG": {"individual": [], "joint": {"secondary": 0.7634947477972653, "primary": 0.8138317052041238}}, "AAC|AAT": {"individual": [], "joint": {"secondary": 0.8182575659862171, "primary": 0.7866438333781589}}, "ACA|ACC": {"individual": [], "joint": {"secondary": 1.097716388688438, "primary": 0.7821850867059417}}, "ACA|ACG": {"individual": [], "joint": {"secondary": 0.7218233582840041, "primary": 0.8602571742612426}}, "ACA|ACT": {"individual": [], "joint": {"secondary": 0.4827999309415562, "primary": 0.7568286464105083}}, "ACC|ACG": {"individual": [], "joint": {"secondary": 0.6987059819930962, "primary": 0.6849206960979033}}, "ACC|ACT": {"individual": [], "joint": {"secondary": 0.764348329508635, "primary": 0.6999305331555885}}, "ACG|ACT": {"individual": [], "joint": {"secondary": 0.7894455386014998, "primary": 0.8782691165730264}}, "AGA|AGG": {"individual": [], "joint": {"secondary": 0.7490917299240039, "primary": 0.7349090691663316}}, "AGA|CGA": {"individual": [], "joint": {"secondary": 0.6880821167966902, "primary": 0.7271711024021134}}, "AGC|AGT": {"individual": [], "joint": {"secondary": 0.800866103062791, "primary": 0.7627147143404863}}, "AGG|CGG": {"individual": [], "joint": {"secondary": 0.5841122060361241, "primary": 0.709463448430392}}, "ATA|ATC": {"individual": [], "joint": {"secondary": 0.8348784274913332, "primary": 0.8009093283308153}}, "ATA|ATT": {"individual": [], "joint": {"secondary": 1.021944354671365, "primary": 0.9129492950332461}}, "ATC|ATT": {"individual": [], "joint": {"secondary": 0.95975951359888, "primary": 0.7058446925681049}}, "CAA|CAG": {"individual": [], "joint": {"secondary": 0.9591117404124997, "primary": 0.7475535518129492}}, "CAC|CAT": {"individual": [], "joint": {"secondary": 0.9317641008794225, "primary": 0.7481104818231646}}, "CCA|CCC": {"individual": [], "joint": {"secondary": 0.6386782147384937, "primary": 0.7890768095895484}}, "CCA|CCG": {"individual": [], "joint": {"secondary": 0.792015383647852, "primary": 0.797425078771006}}, "CCA|CCT": {"individual": [], "joint": {"secondary": 0.7826885247124861, "primary": 0.5332792723448769}}, "CCC|CCG": {"individual": [], "joint": {"secondary": 0.774519946728808, "primary": 0.612882279333838}}, "CCC|CCT": {"individual": [], "joint": {"secondary": 0.739441928114755, "primary": 0.7659206375490061}}, "CCG|CCT": {"individual": [], "joint": {"secondary": 0.737420078827625, "primary": 0.7559361944908933}}, "CGA|CGC": {"individual": [], "joint": {"secondary": 0.9828335513084576, "primary": 0.6054051752878139}}, "CGA|CGG": {"individual": [], "joint": {"secondary": 0.7542343461832794, "primary": 0.7530138607348884}}, "CGA|CGT": {"individual": [], "joint": {"secondary": 0.8832960506412576, "primary": 0.6866044810148402}}, "CGC|CGG": {"individual": [], "joint": {"secondary": 1.955655779261337, "primary": 1.677603628289618}}, "CGC|CGT": {"individual": [], "joint": {"secondary": 1.780321281857977, "primary": 2.076520210510928}}, "CGG|CGT": {"individual": [], "joint": {"secondary": 0.8313529243350353, "primary": 0.6886348119207769}}, "CTA|CTC": {"individual": [], "joint": {"secondary": 0.8591323318143593, "primary": 0.7257412874314685}}, "CTA|CTG": {"individual": [], "joint": {"secondary": 0.9950022667022126, "primary": 0.8072700107924626}}, "CTA|CTT": {"individual": [], "joint": {"secondary": 0.5241260810511505, "primary": 0.6535926545978569}}, "CTA|TTA": {"individual": [], "joint": {"secondary": 0.9048192999680167, "primary": 0.7370957917923082}}, "CTC|CTG": {"individual": [], "joint": {"secondary": 0.7359657532465296, "primary": 0.75325914302864}}, "CTC|CTT": {"individual": [], "joint": {"secondary": 0.8957501804302758, "primary": 0.7278295369571949}}, "CTG|CTT": {"individual": [], "joint": {"secondary": 0.6263762595459327, "primary": 0.6722461776322387}}, "CTG|TTG": {"individual": [], "joint": {"secondary": 0.9033712156804791, "primary": 0.6880316172157243}}, "GAA|GAG": {"individual": [], "joint": {"secondary": 0.696317109447639, "primary": 0.7734795369276454}}, "GAC|GAT": {"individual": [], "joint": {"secondary": 0.9782165513076202, "primary": 0.6835748586460378}}, "GCA|GCC": {"individual": [], "joint": {"secondary": 0.9277223941654005, "primary": 0.7087133129235497}}, "GCA|GCG": {"individual": [], "joint": {"secondary": 0.8571895050545979, "primary": 0.7807832176158219}}, "GCA|GCT": {"individual": [], "joint": {"secondary": 0.5840705975252205, "primary": 0.7565901872078047}}, "GCC|GCG": {"individual": [], "joint": {"secondary": 0.8099694434463998, "primary": 0.6612695660679473}}, "GCC|GCT": {"individual": [], "joint": {"secondary": 0.9462406179587007, "primary": 0.739227371529719}}, "GCG|GCT": {"individual": [], "joint": {"secondary": 0.8391959581437504, "primary": 0.6451091921732875}}, "GGA|GGC": {"individual": [], "joint": {"secondary": 0.7770274074980325, "primary": 0.7282523552641922}}, "GGA|GGG": {"individual": [], "joint": {"secondary": 1.005214463066048, "primary": 0.7724204310825553}}, "GGA|GGT": {"individual": [], "joint": {"secondary": 0.7246565114815804, "primary": 0.5881137054818968}}, "GGC|GGG": {"individual": [], "joint": {"secondary": 0.7161584746901795, "primary": 0.6190667625441799}}, "GGC|GGT": {"individual": [], "joint": {"secondary": 1.428533966416866, "primary": 1.917632254352228}}, "GGG|GGT": {"individual": [], "joint": {"secondary": 1.972414874354957, "primary": 1.615831901252201}}, "GTA|GTC": {"individual": [], "joint": {"secondary": 1.14280381920021, "primary": 2.128729131470874}}, "GTA|GTG": {"individual": [], "joint": {"secondary": 1.914890983153032, "primary": 2.136975744718196}}, "GTA|GTT": {"individual": [], "joint": {"secondary": 2.13357564969917, "primary": 1.440637754630956}}, "GTC|GTG": {"individual": [], "joint": {"secondary": 1.366445934334438, "primary": 1.755035736081897}}, "GTC|GTT": {"individual": [], "joint": {"secondary": 1.158969068628009, "primary": 2.032716183809447}}, "GTG|GTT": {"individual": [], "joint": {"secondary": 0.8276973189928443, "primary": 0.8542608071753097}}, "TAC|TAT": {"individual": [], "joint": {"secondary": 0.9539562853593826, "primary": 0.6376965414960601}}, "TCA|TCC": {"individual": [], "joint": {"secondary": 2.175956332543899, "primary": 1.774125501410506}}, "TCA|TCG": {"individual": [], "joint": {"secondary": 2.114636501828282, "primary": 1.980083742989988}}, "TCA|TCT": {"individual": [], "joint": {"secondary": 0.9557351124311368, "primary": 1.817869437042941}}, "TCC|TCG": {"individual": [], "joint": {"secondary": 1.374567382982058, "primary": 1.750117689721691}}, "TCC|TCT": {"individual": [], "joint": {"secondary": 1.439129017268506, "primary": 1.917014259735908}}, "TCG|TCT": {"individual": [], "joint": {"secondary": 1.587258323910652, "primary": 1.777335208286812}}, "TGC|TGT": {"individual": [], "joint": {"secondary": 1.184354009178219, "primary": 1.896666185577111}}, "TTA|TTG": {"individual": [], "joint": {"secondary": 0.9355902815121707, "primary": 0.7339421449461737}}, "TTC|TTT": {"individual": [], "joint": {"secondary": 0.708302570950844, "primary": 0.7568681428570158}}, "model_mixture_p": 0.750138374014888}