{"baseline-AICc": {"individual": [], "joint": 337362.5557055773}, "baseline-loglikelihood": {"individual": [], "joint": -164499.3518739308}, "joint-AICc": {"individual": [], "joint": 337812.4688437583}, "joint-loglikelihood": {"individual": [], "joint": -163802.2621745676}, "AAA|AAG": {"individual": [], "joint": {"secondary": 0.73267035795345, "primary": 1.084955807092677}}, "AAC|AAT": {"individual": [], "joint": {"secondary": 0.7042812678943086, "primary": 0.9134639623023021}}, "ACA|ACC": {"individual": [], "joint": {"secondary": 0.7366780432981602, "primary": 0.732745358616047}}, "ACA|ACG": {"individual": [], "joint": {"secondary": 0.884252206605597, "primary": 0.9591015612261877}}, "ACA|ACT": {"individual": [], "joint": {"secondary": 0.6538294474218481, "primary": 0.8227475526379098}}, "ACC|ACG": {"individual": [], "joint": {"secondary": 0.6638832455365902, "primary": 1.148726470568215}}, "ACC|ACT": {"individual": [], "joint": {"secondary": 0.73063041955172, "primary": 0.9924408999674768}}, "ACG|ACT": {"individual": [], "joint": {"secondary": 0.5418585175647082, "primary": 1.064762060795969}}, "AGA|AGG": {"individual": [], "joint": {"secondary": 0.8564591770449064, "primary": 0.9203138968050455}}, "AGA|CGA": {"individual": [], "joint": {"secondary": 0.604941768556877, "primary": 1.017900655504384}}, "AGC|AGT": {"individual": [], "joint": {"secondary": 0.6348559372955775, "primary": 0.9009882947312734}}, "AGG|CGG": {"individual": [], "joint": {"secondary": 0.7310539632931813, "primary": 1.058954808555941}}, "ATA|ATC": {"individual": [], "joint": {"secondary": 0.6312787064462282, "primary": 0.8277964489481249}}, "ATA|ATT": {"individual": [], "joint": {"secondary": 0.6357890713147418, "primary": 1.054052186839761}}, "ATC|ATT": {"individual": [], "joint": {"secondary": 0.6811578409638205, "primary": 1.001193334311977}}, "CAA|CAG": {"individual": [], "joint": {"secondary": 0.7144589374247138, "primary": 0.9461106642471963}}, "CAC|CAT": {"individual": [], "joint": {"secondary": 0.7285205567176662, "primary": 1.04274907487418}}, "CCA|CCC": {"individual": [], "joint": {"secondary": 0.7992312425531174, "primary": 1.050963574725453}}, "CCA|CCG": {"individual": [], "joint": {"secondary": 0.740990360114238, "primary": 0.9231970738471775}}, "CCA|CCT": {"individual": [], "joint": {"secondary": 0.7316137372962319, "primary": 1.003825372726058}}, "CCC|CCG": {"individual": [], "joint": {"secondary": 0.6822801508927536, "primary": 0.9990177681746}}, "CCC|CCT": {"individual": [], "joint": {"secondary": 0.9399962335629455, "primary": 1.169199651218228}}, "CCG|CCT": {"individual": [], "joint": {"secondary": 0.676220060077402, "primary": 1.180005974147579}}, "CGA|CGC": {"individual": [], "joint": {"secondary": 0.8002382895752153, "primary": 1.109728613412525}}, "CGA|CGG": {"individual": [], "joint": {"secondary": 0.9299838602226109, "primary": 1.032555587511492}}, "CGA|CGT": {"individual": [], "joint": {"secondary": 1.047877590996588, "primary": 1.324898611516609}}, "CGC|CGG": {"individual": [], "joint": {"secondary": 1.730515330219408, "primary": 0.8847925645846983}}, "CGC|CGT": {"individual": [], "joint": {"secondary": 1.559305057106782, "primary": 1.095121949992292}}, "CGG|CGT": {"individual": [], "joint": {"secondary": 0.6237564184778851, "primary": 0.7812536666268072}}, "CTA|CTC": {"individual": [], "joint": {"secondary": 0.8320056592138482, "primary": 1.067750343240929}}, "CTA|CTG": {"individual": [], "joint": {"secondary": 0.7688744866018614, "primary": 1.012371084442398}}, "CTA|CTT": {"individual": [], "joint": {"secondary": 0.4227086503889038, "primary": 0.993194663885005}}, "CTA|TTA": {"individual": [], "joint": {"secondary": 0.7545615339139013, "primary": 1.080066435006883}}, "CTC|CTG": {"individual": [], "joint": {"secondary": 0.6341824155462216, "primary": 1.048475205931354}}, "CTC|CTT": {"individual": [], "joint": {"secondary": 0.7240616615128663, "primary": 0.9488089901751446}}, "CTG|CTT": {"individual": [], "joint": {"secondary": 0.6675087339327208, "primary": 0.9530508278387364}}, "CTG|TTG": {"individual": [], "joint": {"secondary": 0.6579280285961928, "primary": 1.006572835846262}}, "GAA|GAG": {"individual": [], "joint": {"secondary": 0.735100958600566, "primary": 1.033891102536923}}, "GAC|GAT": {"individual": [], "joint": {"secondary": 0.767453687514797, "primary": 0.9955328140061193}}, "GCA|GCC": {"individual": [], "joint": {"secondary": 0.7833964459092824, "primary": 1.010988619259296}}, "GCA|GCG": {"individual": [], "joint": {"secondary": 0.7960076833699095, "primary": 0.9769950102824785}}, "GCA|GCT": {"individual": [], "joint": {"secondary": 0.9511465319094471, "primary": 0.8534535329000629}}, "GCC|GCG": {"individual": [], "joint": {"secondary": 0.6057598867518198, "primary": 0.9354369849596926}}, "GCC|GCT": {"individual": [], "joint": {"secondary": 0.6856592900105439, "primary": 0.9641913799858719}}, "GCG|GCT": {"individual": [], "joint": {"secondary": 0.5745730975836318, "primary": 1.049921252935846}}, "GGA|GGC": {"individual": [], "joint": {"secondary": 0.8023567124198491, "primary": 0.8844666195184859}}, "GGA|GGG": {"individual": [], "joint": {"secondary": 0.7323408172027054, "primary": 1.128494081282339}}, "GGA|GGT": {"individual": [], "joint": {"secondary": 0.4664295055292547, "primary": 1.102563333122785}}, "GGC|GGG": {"individual": [], "joint": {"secondary": 0.7282101156686894, "primary": 0.9167852110808781}}, "GGC|GGT": {"individual": [], "joint": {"secondary": 1.874213447019121, "primary": 1.110926660116611}}, "GGG|GGT": {"individual": [], "joint": {"secondary": 1.746587250760069, "primary": 1.125861146556612}}, "GTA|GTC": {"individual": [], "joint": {"secondary": 1.721577534627732, "primary": 1.141784330229159}}, "GTA|GTG": {"individual": [], "joint": {"secondary": 2.046657051617937, "primary": 1.077764227247379}}, "GTA|GTT": {"individual": [], "joint": {"secondary": 1.781351587156396, "primary": 0.7077734674669706}}, "GTC|GTG": {"individual": [], "joint": {"secondary": 1.951520538697228, "primary": 0.9538712884693243}}, "GTC|GTT": {"individual": [], "joint": {"secondary": 1.908782863516109, "primary": 0.936767942759358}}, "GTG|GTT": {"individual": [], "joint": {"secondary": 0.8178417538213725, "primary": 1.120051631171483}}, "TAC|TAT": {"individual": [], "joint": {"secondary": 0.684334792913614, "primary": 0.9795068524652297}}, "TCA|TCC": {"individual": [], "joint": {"secondary": 2.297834835112306, "primary": 1.140194472814752}}, "TCA|TCG": {"individual": [], "joint": {"secondary": 2.041496354183504, "primary": 1.001988364019661}}, "TCA|TCT": {"individual": [], "joint": {"secondary": 2.346451264482017, "primary": 0.9984279345992166}}, "TCC|TCG": {"individual": [], "joint": {"secondary": 1.526219137305478, "primary": 0.911773869457489}}, "TCC|TCT": {"individual": [], "joint": {"secondary": 1.599746634137556, "primary": 0.9627276340853455}}, "TCG|TCT": {"individual": [], "joint": {"secondary": 1.754454557912056, "primary": 0.8687072643093269}}, "TGC|TGT": {"individual": [], "joint": {"secondary": 1.988914682646455, "primary": 0.9260666288571431}}, "TTA|TTG": {"individual": [], "joint": {"secondary": 0.844435352237997, "primary": 0.9856430361171284}}, "TTC|TTT": {"individual": [], "joint": {"secondary": 0.8487066636967568, "primary": 1.043589474512124}}, "model_mixture_p": 0.5999111919294884}