{"baseline-AICc": {"individual": [], "joint": 353287.6550193292}, "baseline-loglikelihood": {"individual": [], "joint": -173307.1265079854}, "joint-AICc": {"individual": [], "joint": 353876.3801340588}, "joint-loglikelihood": {"individual": [], "joint": -172701.771473826}, "AAA|AAG": {"individual": [], "joint": {"secondary": 0.9400374566333283, "primary": 0.8560997561892447}}, "AAC|AAT": {"individual": [], "joint": {"secondary": 1.030036185741408, "primary": 0.9496857608904897}}, "ACA|ACC": {"individual": [], "joint": {"secondary": 0.8519640523982851, "primary": 0.9706239238907771}}, "ACA|ACG": {"individual": [], "joint": {"secondary": 1.250550056438055, "primary": 0.7726982803923208}}, "ACA|ACT": {"individual": [], "joint": {"secondary": 1.007561792930878, "primary": 1.185834031391092}}, "ACC|ACG": {"individual": [], "joint": {"secondary": 0.6366710328434433, "primary": 0.899480329874828}}, "ACC|ACT": {"individual": [], "joint": {"secondary": 1.089819268521669, "primary": 0.9080251012098844}}, "ACG|ACT": {"individual": [], "joint": {"secondary": 0.7774204029487995, "primary": 0.8051337782224356}}, "AGA|AGG": {"individual": [], "joint": {"secondary": 0.9959299559070842, "primary": 0.9134405425911406}}, "AGA|CGA": {"individual": [], "joint": {"secondary": 0.4552255659380086, "primary": 0.946514028524082}}, "AGC|AGT": {"individual": [], "joint": {"secondary": 0.8155938665236467, "primary": 1.002847552667459}}, "AGG|CGG": {"individual": [], "joint": {"secondary": 0.9712445504088753, "primary": 0.8160118037604545}}, "ATA|ATC": {"individual": [], "joint": {"secondary": 1.148107492313572, "primary": 0.878934258313921}}, "ATA|ATT": {"individual": [], "joint": {"secondary": 1.096435174629483, "primary": 0.852874563599462}}, "ATC|ATT": {"individual": [], "joint": {"secondary": 0.7913875285978131, "primary": 0.8899947876878573}}, "CAA|CAG": {"individual": [], "joint": {"secondary": 0.7886459456738213, "primary": 0.8125802888021448}}, "CAC|CAT": {"individual": [], "joint": {"secondary": 0.8841013082990803, "primary": 0.9433589262612592}}, "CCA|CCC": {"individual": [], "joint": {"secondary": 0.8690009837072626, "primary": 0.616311213929686}}, "CCA|CCG": {"individual": [], "joint": {"secondary": 0.4592583140436248, "primary": 0.8402854952489573}}, "CCA|CCT": {"individual": [], "joint": {"secondary": 1.40546268717255, "primary": 0.831427794323734}}, "CCC|CCG": {"individual": [], "joint": {"secondary": 1.162068803009124, "primary": 0.9261791895394457}}, "CCC|CCT": {"individual": [], "joint": {"secondary": 1.353647360442015, "primary": 0.8936618346765435}}, "CCG|CCT": {"individual": [], "joint": {"secondary": 0.7350273521127761, "primary": 0.6814468043576651}}, "CGA|CGC": {"individual": [], "joint": {"secondary": 1.425412031558177, "primary": 0.8559537964505745}}, "CGA|CGG": {"individual": [], "joint": {"secondary": 0.4852711207276347, "primary": 0.8606475771080757}}, "CGA|CGT": {"individual": [], "joint": {"secondary": 0.5150204546795812, "primary": 0.9608612225855958}}, "CGC|CGG": {"individual": [], "joint": {"secondary": 2.104846744598487, "primary": 2.320497304531997}}, "CGC|CGT": {"individual": [], "joint": {"secondary": 1.980323131798709, "primary": 2.51628045753721}}, "CGG|CGT": {"individual": [], "joint": {"secondary": 0.6723465449613281, "primary": 0.4941062626048661}}, "CTA|CTC": {"individual": [], "joint": {"secondary": 1.056676951855005, "primary": 0.9530973880468427}}, "CTA|CTG": {"individual": [], "joint": {"secondary": 0.8045540222625859, "primary": 0.878214916938225}}, "CTA|CTT": {"individual": [], "joint": {"secondary": 1.474219722627105, "primary": 0.9568734098632848}}, "CTA|TTA": {"individual": [], "joint": {"secondary": 1.385567616272412, "primary": 0.8670451438486715}}, "CTC|CTG": {"individual": [], "joint": {"secondary": 0.8211455480392725, "primary": 0.8531179876546576}}, "CTC|CTT": {"individual": [], "joint": {"secondary": 0.9385917387022642, "primary": 0.9019852272046209}}, "CTG|CTT": {"individual": [], "joint": {"secondary": 0.8317724512952768, "primary": 0.9606130555522938}}, "CTG|TTG": {"individual": [], "joint": {"secondary": 0.724295302183709, "primary": 0.9263977172950623}}, "GAA|GAG": {"individual": [], "joint": {"secondary": 0.9330531246911005, "primary": 0.7864059630966744}}, "GAC|GAT": {"individual": [], "joint": {"secondary": 0.9280097437279821, "primary": 0.9967473934028063}}, "GCA|GCC": {"individual": [], "joint": {"secondary": 1.089143556940228, "primary": 0.7888405070035738}}, "GCA|GCG": {"individual": [], "joint": {"secondary": 0.8088947148800445, "primary": 0.8958855289933649}}, "GCA|GCT": {"individual": [], "joint": {"secondary": 0.6155508549009377, "primary": 0.8786649097221276}}, "GCC|GCG": {"individual": [], "joint": {"secondary": 0.9387815141149337, "primary": 0.8666311842490811}}, "GCC|GCT": {"individual": [], "joint": {"secondary": 0.8605092158740345, "primary": 0.8412634115005525}}, "GCG|GCT": {"individual": [], "joint": {"secondary": 0.8037429142743608, "primary": 0.8217219071260969}}, "GGA|GGC": {"individual": [], "joint": {"secondary": 0.7000066390752283, "primary": 0.9790739276428045}}, "GGA|GGG": {"individual": [], "joint": {"secondary": 1.082926300079315, "primary": 0.8069986069324784}}, "GGA|GGT": {"individual": [], "joint": {"secondary": 0.6732517406539733, "primary": 0.8519814362205287}}, "GGC|GGG": {"individual": [], "joint": {"secondary": 0.7614966457250163, "primary": 0.9254228732457025}}, "GGC|GGT": {"individual": [], "joint": {"secondary": 0.7364626606536674, "primary": 0.9496785803460552}}, "GGG|GGT": {"individual": [], "joint": {"secondary": 2.163235700432166, "primary": 2.192683491599976}}, "GTA|GTC": {"individual": [], "joint": {"secondary": 0.6864646175401868, "primary": 0.9304697065702994}}, "GTA|GTG": {"individual": [], "joint": {"secondary": 1.990029736972947, "primary": 1.973437853048002}}, "GTA|GTT": {"individual": [], "joint": {"secondary": 0.4693914899685262, "primary": 0.7191468271986203}}, "GTC|GTG": {"individual": [], "joint": {"secondary": 0.9877328283349202, "primary": 0.8438092407250457}}, "GTC|GTT": {"individual": [], "joint": {"secondary": 0.9493626488588192, "primary": 0.8168454673486417}}, "GTG|GTT": {"individual": [], "joint": {"secondary": 1.03852217683781, "primary": 0.7764660242094732}}, "TAC|TAT": {"individual": [], "joint": {"secondary": 0.7175947858028298, "primary": 0.9253665698983953}}, "TCA|TCC": {"individual": [], "joint": {"secondary": 2.423212360303662, "primary": 2.069960004940355}}, "TCA|TCG": {"individual": [], "joint": {"secondary": 1.859403175966795, "primary": 2.399680870031687}}, "TCA|TCT": {"individual": [], "joint": {"secondary": 0.431744813635676, "primary": 0.8709422488738789}}, "TCC|TCG": {"individual": [], "joint": {"secondary": 0.709707431333677, "primary": 0.8642188690294181}}, "TCC|TCT": {"individual": [], "joint": {"secondary": 1.182728941101036, "primary": 1.049524769045105}}, "TCG|TCT": {"individual": [], "joint": {"secondary": 0.7839511684751951, "primary": 1.006422170035209}}, "TGC|TGT": {"individual": [], "joint": {"secondary": 1.10868034947221, "primary": 0.9236094521114416}}, "TTA|TTG": {"individual": [], "joint": {"secondary": 0.8732444832897704, "primary": 0.8478744921868742}}, "TTC|TTT": {"individual": [], "joint": {"secondary": 0.9579231472867876, "primary": 0.9010842000988507}}, "model_mixture_p": 0.8125478198429099}