{"baseline-AICc": {"individual": [], "joint": 337286.0140836847}, "baseline-loglikelihood": {"individual": [], "joint": -164461.0810629845}, "joint-AICc": {"individual": [], "joint": 337759.4779943473}, "joint-loglikelihood": {"individual": [], "joint": -163775.7667498621}, "AAA|AAG": {"individual": [], "joint": {"secondary": 1.018837382696654, "primary": 0.7878696922554337}}, "AAC|AAT": {"individual": [], "joint": {"secondary": 1.056580015508664, "primary": 0.7598219107779649}}, "ACA|ACC": {"individual": [], "joint": {"secondary": 1.060768525838343, "primary": 0.7828830174447886}}, "ACA|ACG": {"individual": [], "joint": {"secondary": 1.052774224281576, "primary": 0.8189530130265917}}, "ACA|ACT": {"individual": [], "joint": {"secondary": 1.12750634100378, "primary": 0.5311785494400977}}, "ACC|ACG": {"individual": [], "joint": {"secondary": 1.006079040017964, "primary": 0.6437286433694045}}, "ACC|ACT": {"individual": [], "joint": {"secondary": 0.8177691891872679, "primary": 0.8215479341748528}}, "ACG|ACT": {"individual": [], "joint": {"secondary": 1.054021789731672, "primary": 0.6969000472872419}}, "AGA|AGG": {"individual": [], "joint": {"secondary": 0.7714786430600269, "primary": 0.8571757412782781}}, "AGA|CGA": {"individual": [], "joint": {"secondary": 0.7157501710729834, "primary": 0.8522127263135454}}, "AGC|AGT": {"individual": [], "joint": {"secondary": 1.010054218842857, "primary": 0.8702852804270803}}, "AGG|CGG": {"individual": [], "joint": {"secondary": 1.073648960438425, "primary": 0.7003136514092922}}, "ATA|ATC": {"individual": [], "joint": {"secondary": 1.016728933171185, "primary": 0.6250763604463266}}, "ATA|ATT": {"individual": [], "joint": {"secondary": 1.179748677314743, "primary": 0.6329371000393754}}, "ATC|ATT": {"individual": [], "joint": {"secondary": 1.066062226830815, "primary": 0.7520890692861469}}, "CAA|CAG": {"individual": [], "joint": {"secondary": 0.8839545484047814, "primary": 0.829557728484004}}, "CAC|CAT": {"individual": [], "joint": {"secondary": 1.024560879064888, "primary": 0.6606389129871817}}, "CCA|CCC": {"individual": [], "joint": {"secondary": 1.108979124951067, "primary": 0.7115937167560226}}, "CCA|CCG": {"individual": [], "joint": {"secondary": 1.008910103666187, "primary": 0.8522428415461999}}, "CCA|CCT": {"individual": [], "joint": {"secondary": 0.7363474760736558, "primary": 0.5064792921126196}}, "CCC|CCG": {"individual": [], "joint": {"secondary": 0.9891520341704775, "primary": 0.592312387113151}}, "CCC|CCT": {"individual": [], "joint": {"secondary": 1.065968134394316, "primary": 0.8396039445264479}}, "CCG|CCT": {"individual": [], "joint": {"secondary": 1.341506922656879, "primary": 1.045523778649135}}, "CGA|CGC": {"individual": [], "joint": {"secondary": 0.8282585805270751, "primary": 0.7428908769992736}}, "CGA|CGG": {"individual": [], "joint": {"secondary": 0.9856472847097387, "primary": 0.7024309775476646}}, "CGA|CGT": {"individual": [], "joint": {"secondary": 1.535500000585208, "primary": 0.6185193786953787}}, "CGC|CGG": {"individual": [], "joint": {"secondary": 1.222946027592243, "primary": 1.656156806745462}}, "CGC|CGT": {"individual": [], "joint": {"secondary": 0.8442478778097771, "primary": 1.700391396165707}}, "CGG|CGT": {"individual": [], "joint": {"secondary": 1.118453578730215, "primary": 0.9774462853201858}}, "CTA|CTC": {"individual": [], "joint": {"secondary": 1.162995799973553, "primary": 0.6970407969765341}}, "CTA|CTG": {"individual": [], "joint": {"secondary": 0.9607979582772904, "primary": 0.9214252556616127}}, "CTA|CTT": {"individual": [], "joint": {"secondary": 0.8143676751870771, "primary": 0.6193850009639547}}, "CTA|TTA": {"individual": [], "joint": {"secondary": 1.049801440805899, "primary": 0.6519371546637185}}, "CTC|CTG": {"individual": [], "joint": {"secondary": 0.9549131971475178, "primary": 0.6233096031651388}}, "CTC|CTT": {"individual": [], "joint": {"secondary": 1.16073735646571, "primary": 0.6805834548218207}}, "CTG|CTT": {"individual": [], "joint": {"secondary": 0.884150687712564, "primary": 0.5796847071360269}}, "CTG|TTG": {"individual": [], "joint": {"secondary": 0.9133779385864956, "primary": 0.7896587109200562}}, "GAA|GAG": {"individual": [], "joint": {"secondary": 0.9289767686788963, "primary": 0.818182617676562}}, "GAC|GAT": {"individual": [], "joint": {"secondary": 1.042595479855856, "primary": 0.8320442387008885}}, "GCA|GCC": {"individual": [], "joint": {"secondary": 0.9721745640900714, "primary": 0.6160784744467228}}, "GCA|GCG": {"individual": [], "joint": {"secondary": 0.9593370761836356, "primary": 0.6939598803702641}}, "GCA|GCT": {"individual": [], "joint": {"secondary": 0.74886661600591, "primary": 0.8082447260739307}}, "GCC|GCG": {"individual": [], "joint": {"secondary": 1.070543739779603, "primary": 0.6356445611428059}}, "GCC|GCT": {"individual": [], "joint": {"secondary": 1.100175670579731, "primary": 0.9078962500151039}}, "GCG|GCT": {"individual": [], "joint": {"secondary": 0.8673434387579061, "primary": 0.7143908411779462}}, "GGA|GGC": {"individual": [], "joint": {"secondary": 0.6688996366809636, "primary": 0.7426416333365586}}, "GGA|GGG": {"individual": [], "joint": {"secondary": 1.109408858093047, "primary": 0.7951010802890043}}, "GGA|GGT": {"individual": [], "joint": {"secondary": 1.259737444532925, "primary": 0.8035541518282876}}, "GGC|GGG": {"individual": [], "joint": {"secondary": 1.01245522900513, "primary": 0.7501425548579035}}, "GGC|GGT": {"individual": [], "joint": {"secondary": 1.113472380691605, "primary": 2.112251350337578}}, "GGG|GGT": {"individual": [], "joint": {"secondary": 0.7266782114932451, "primary": 1.690665787118405}}, "GTA|GTC": {"individual": [], "joint": {"secondary": 0.9390533833768687, "primary": 2.254699604032924}}, "GTA|GTG": {"individual": [], "joint": {"secondary": 1.005573367610574, "primary": 1.712581806828004}}, "GTA|GTT": {"individual": [], "joint": {"secondary": 1.283218549339895, "primary": 2.352090556931274}}, "GTC|GTG": {"individual": [], "joint": {"secondary": 0.9822101113662963, "primary": 1.718219284175066}}, "GTC|GTT": {"individual": [], "joint": {"secondary": 0.9252480758481518, "primary": 2.077760388437971}}, "GTG|GTT": {"individual": [], "joint": {"secondary": 0.9471258131357331, "primary": 0.4326279024665468}}, "TAC|TAT": {"individual": [], "joint": {"secondary": 1.006119245669861, "primary": 0.6325241899387589}}, "TCA|TCC": {"individual": [], "joint": {"secondary": 1.038751097780542, "primary": 1.393476906262064}}, "TCA|TCG": {"individual": [], "joint": {"secondary": 1.050291541261466, "primary": 1.877589248151071}}, "TCA|TCT": {"individual": [], "joint": {"secondary": 0.7227524397341533, "primary": 1.532429161195512}}, "TCC|TCG": {"individual": [], "joint": {"secondary": 1.043892869056175, "primary": 1.664119587410056}}, "TCC|TCT": {"individual": [], "joint": {"secondary": 1.042186708203118, "primary": 1.801825961834864}}, "TCG|TCT": {"individual": [], "joint": {"secondary": 0.930320872327231, "primary": 2.094533403182915}}, "TGC|TGT": {"individual": [], "joint": {"secondary": 0.8851398844834869, "primary": 1.927085390897562}}, "TTA|TTG": {"individual": [], "joint": {"secondary": 1.032206285212797, "primary": 0.7407118559827697}}, "TTC|TTT": {"individual": [], "joint": {"secondary": 0.9618616746755372, "primary": 0.7351408599669464}}, "model_mixture_p": 0.4000092605011702}