{"baseline-AICc": {"individual": [], "joint": 287444.024093552}, "baseline-loglikelihood": {"individual": [], "joint": -139586.105253895}, "joint-AICc": {"individual": [], "joint": 288848.1748686528}, "joint-loglikelihood": {"individual": [], "joint": -139377.5761628992}, "AAA|AAG": {"individual": [], "joint": {"secondary": 1.040257049315456, "primary": 0.9323112622212407}}, "AAC|AAT": {"individual": [], "joint": {"secondary": 0.9760807639832675, "primary": 0.8992100822646222}}, "ACA|ACC": {"individual": [], "joint": {"secondary": 0.9611937308665123, "primary": 0.739266371443549}}, "ACA|ACG": {"individual": [], "joint": {"secondary": 0.987416330033161, "primary": 1.272996895217995}}, "ACA|ACT": {"individual": [], "joint": {"secondary": 0.8229240569950879, "primary": 0.4600082770704835}}, "ACC|ACG": {"individual": [], "joint": {"secondary": 1.112871774695807, "primary": 0.6286022982410614}}, "ACC|ACT": {"individual": [], "joint": {"secondary": 0.9479935976707697, "primary": 0.819572092150457}}, "ACG|ACT": {"individual": [], "joint": {"secondary": 1.092394558187455, "primary": 1.027399589567541}}, "AGA|AGG": {"individual": [], "joint": {"secondary": 0.9063970789497672, "primary": 0.5973745442035346}}, "AGA|CGA": {"individual": [], "joint": {"secondary": 1.043115874080984, "primary": 1.247986965022766}}, "AGC|AGT": {"individual": [], "joint": {"secondary": 0.8932787429524867, "primary": 1.035612976624583}}, "AGG|CGG": {"individual": [], "joint": {"secondary": 0.9556727276766261, "primary": 0.5662184847407916}}, "ATA|ATC": {"individual": [], "joint": {"secondary": 0.9716351251635837, "primary": 0.6122003202791966}}, "ATA|ATT": {"individual": [], "joint": {"secondary": 0.7915848709638644, "primary": 0.8102855998659624}}, "ATC|ATT": {"individual": [], "joint": {"secondary": 0.9779782453025925, "primary": 0.828978029668711}}, "CAA|CAG": {"individual": [], "joint": {"secondary": 0.9102845064141191, "primary": 0.8854868142263398}}, "CAC|CAT": {"individual": [], "joint": {"secondary": 1.08743038966325, "primary": 0.5913345191401579}}, "CCA|CCC": {"individual": [], "joint": {"secondary": 1.03799623645567, "primary": 0.3263082327195403}}, "CCA|CCG": {"individual": [], "joint": {"secondary": 1.067708941094161, "primary": 0.7644108274463782}}, "CCA|CCT": {"individual": [], "joint": {"secondary": 0.9876751159496469, "primary": 0.2987107405264172}}, "CCC|CCG": {"individual": [], "joint": {"secondary": 1.041225126311816, "primary": 0.819453156445348}}, "CCC|CCT": {"individual": [], "joint": {"secondary": 1.077086207918078, "primary": 0.5662126127749411}}, "CCG|CCT": {"individual": [], "joint": {"secondary": 1.007129594202957, "primary": 0.7104847389409769}}, "CGA|CGC": {"individual": [], "joint": {"secondary": 0.8010447105118846, "primary": 1.070401095686544}}, "CGA|CGG": {"individual": [], "joint": {"secondary": 0.9724090535858927, "primary": 1.021554931128153}}, "CGA|CGT": {"individual": [], "joint": {"secondary": 0.8908497226413598, "primary": 2.019215270070962}}, "CGC|CGG": {"individual": [], "joint": {"secondary": 0.9789178598583776, "primary": 1.331639845030118}}, "CGC|CGT": {"individual": [], "joint": {"secondary": 1.056963994559281, "primary": 1.601683221549403}}, "CGG|CGT": {"individual": [], "joint": {"secondary": 0.8944902069424416, "primary": 1.066639750482043}}, "CTA|CTC": {"individual": [], "joint": {"secondary": 1.154295420256173, "primary": 0.5783329344672783}}, "CTA|CTG": {"individual": [], "joint": {"secondary": 1.115891019474889, "primary": 0.8113559374512609}}, "CTA|CTT": {"individual": [], "joint": {"secondary": 1.016423680681391, "primary": 1.128483847703524}}, "CTA|TTA": {"individual": [], "joint": {"secondary": 0.8643201602410263, "primary": 0.7441124722644444}}, "CTC|CTG": {"individual": [], "joint": {"secondary": 0.9730816458972632, "primary": 0.5608179287150419}}, "CTC|CTT": {"individual": [], "joint": {"secondary": 1.02282516838401, "primary": 0.5078455176856658}}, "CTG|CTT": {"individual": [], "joint": {"secondary": 1.054035100917273, "primary": 0.5313662691245244}}, "CTG|TTG": {"individual": [], "joint": {"secondary": 1.064215872374429, "primary": 0.721975690497937}}, "GAA|GAG": {"individual": [], "joint": {"secondary": 1.010457951662985, "primary": 0.9411850052165217}}, "GAC|GAT": {"individual": [], "joint": {"secondary": 1.016179860600849, "primary": 0.7085080648470421}}, "GCA|GCC": {"individual": [], "joint": {"secondary": 1.002287900129306, "primary": 0.6126515859847694}}, "GCA|GCG": {"individual": [], "joint": {"secondary": 1.129282344223412, "primary": 0.7151169377362914}}, "GCA|GCT": {"individual": [], "joint": {"secondary": 1.225682111012834, "primary": 0.6895382158997515}}, "GCC|GCG": {"individual": [], "joint": {"secondary": 1.057955137396453, "primary": 0.6751559780587357}}, "GCC|GCT": {"individual": [], "joint": {"secondary": 0.9642238769071082, "primary": 0.5563726358702618}}, "GCG|GCT": {"individual": [], "joint": {"secondary": 1.050944541228658, "primary": 0.4222917025693677}}, "GGA|GGC": {"individual": [], "joint": {"secondary": 0.9869374114821646, "primary": 0.5628852890573429}}, "GGA|GGG": {"individual": [], "joint": {"secondary": 1.031232218543047, "primary": 0.7444365701730107}}, "GGA|GGT": {"individual": [], "joint": {"secondary": 1.267893502039533, "primary": 0.6949143163712781}}, "GGC|GGG": {"individual": [], "joint": {"secondary": 0.9521674447214878, "primary": 0.7890225242718538}}, "GGC|GGT": {"individual": [], "joint": {"secondary": 0.924710804655334, "primary": 2.055530840292449}}, "GGG|GGT": {"individual": [], "joint": {"secondary": 1.051089329249146, "primary": 1.005651650397897}}, "GTA|GTC": {"individual": [], "joint": {"secondary": 0.9358451853162204, "primary": 2.748505568104921}}, "GTA|GTG": {"individual": [], "joint": {"secondary": 0.9396423442614605, "primary": 1.872918331196253}}, "GTA|GTT": {"individual": [], "joint": {"secondary": 1.07248297016577, "primary": 0.8893316332872591}}, "GTC|GTG": {"individual": [], "joint": {"secondary": 0.9055914906263663, "primary": 1.622390148458007}}, "GTC|GTT": {"individual": [], "joint": {"secondary": 0.9413133272223164, "primary": 1.988640104994635}}, "GTG|GTT": {"individual": [], "joint": {"secondary": 1.089768542120444, "primary": 0.8820966666740685}}, "TAC|TAT": {"individual": [], "joint": {"secondary": 0.9459019260487885, "primary": 0.9829778760910952}}, "TCA|TCC": {"individual": [], "joint": {"secondary": 1.069561954991633, "primary": 1.365854265911351}}, "TCA|TCG": {"individual": [], "joint": {"secondary": 1.016133272917201, "primary": 1.992604326837595}}, "TCA|TCT": {"individual": [], "joint": {"secondary": 0.9437529214927743, "primary": 1.248147546068362}}, "TCC|TCG": {"individual": [], "joint": {"secondary": 1.05602858070913, "primary": 1.65886778714833}}, "TCC|TCT": {"individual": [], "joint": {"secondary": 1.007966187113614, "primary": 1.740655458343302}}, "TCG|TCT": {"individual": [], "joint": {"secondary": 1.045291536975739, "primary": 2.644328532939002}}, "TGC|TGT": {"individual": [], "joint": {"secondary": 0.9058163591863796, "primary": 1.676095648561131}}, "TTA|TTG": {"individual": [], "joint": {"secondary": 0.9221802477466718, "primary": 0.6805924300470365}}, "TTC|TTT": {"individual": [], "joint": {"secondary": 0.974584458080367, "primary": 0.6968822159315866}}, "model_mixture_p": 0.0999684205826109}