{"baseline-AICc": {"individual": [], "joint": 440624.3988165889}, "baseline-loglikelihood": {"individual": [], "joint": -216063.2229132355}, "joint-AICc": {"individual": [], "joint": 441010.4773994932}, "joint-loglikelihood": {"individual": [], "joint": -215315.4174093531}, "AAA|AAG": {"individual": [], "joint": {"secondary": 0.7503546288854629, "primary": 0.8616158353612801}}, "AAC|AAT": {"individual": [], "joint": {"secondary": 1.09920304007554, "primary": 0.9630898069082409}}, "ACA|ACC": {"individual": [], "joint": {"secondary": 0.894638974471693, "primary": 0.8197006616193621}}, "ACA|ACG": {"individual": [], "joint": {"secondary": 0.7746440536047785, "primary": 0.7972893495055453}}, "ACA|ACT": {"individual": [], "joint": {"secondary": 0.7551350552270963, "primary": 1.185657820047931}}, "ACC|ACG": {"individual": [], "joint": {"secondary": 0.9301124623575548, "primary": 0.8894104026918144}}, "ACC|ACT": {"individual": [], "joint": {"secondary": 1.026975753774515, "primary": 0.9727129868221633}}, "ACG|ACT": {"individual": [], "joint": {"secondary": 1.48728085788559, "primary": 0.5414219564871698}}, "AGA|AGG": {"individual": [], "joint": {"secondary": 1.198294577018574, "primary": 0.9036021882295365}}, "AGA|CGA": {"individual": [], "joint": {"secondary": 0.7414813827262076, "primary": 0.783414385612712}}, "AGC|AGT": {"individual": [], "joint": {"secondary": 0.945910577110481, "primary": 0.9938752358901237}}, "AGG|CGG": {"individual": [], "joint": {"secondary": 0.8845471176580105, "primary": 0.7435767134147938}}, "ATA|ATC": {"individual": [], "joint": {"secondary": 1.013976776683547, "primary": 0.8033249917147429}}, "ATA|ATT": {"individual": [], "joint": {"secondary": 0.2989298191953103, "primary": 0.7778123411638609}}, "ATC|ATT": {"individual": [], "joint": {"secondary": 1.01359524430734, "primary": 0.8387216650686813}}, "CAA|CAG": {"individual": [], "joint": {"secondary": 0.7229362832869309, "primary": 0.8775627492377637}}, "CAC|CAT": {"individual": [], "joint": {"secondary": 1.013120285114363, "primary": 0.8153258633410927}}, "CCA|CCC": {"individual": [], "joint": {"secondary": 1.109484353353262, "primary": 0.8925618211593265}}, "CCA|CCG": {"individual": [], "joint": {"secondary": 0.8600633455001899, "primary": 0.833660101833658}}, "CCA|CCT": {"individual": [], "joint": {"secondary": 0.8418633633251261, "primary": 0.6826823550200922}}, "CCC|CCG": {"individual": [], "joint": {"secondary": 0.9215005889373352, "primary": 0.8015094338086616}}, "CCC|CCT": {"individual": [], "joint": {"secondary": 1.174730169012573, "primary": 0.864596703524953}}, "CCG|CCT": {"individual": [], "joint": {"secondary": 0.8638370181781154, "primary": 0.7404688038483312}}, "CGA|CGC": {"individual": [], "joint": {"secondary": 1.097583246473116, "primary": 1.022312011849853}}, "CGA|CGG": {"individual": [], "joint": {"secondary": 1.02449403241526, "primary": 0.8662247985904618}}, "CGA|CGT": {"individual": [], "joint": {"secondary": 0.6725310497543133, "primary": 0.8450517398745914}}, "CGC|CGG": {"individual": [], "joint": {"secondary": 2.064466293566683, "primary": 2.063395843011083}}, "CGC|CGT": {"individual": [], "joint": {"secondary": 2.249346373359249, "primary": 2.746415706789522}}, "CGG|CGT": {"individual": [], "joint": {"secondary": 0.4638502165531773, "primary": 0.9380207278642175}}, "CTA|CTC": {"individual": [], "joint": {"secondary": 0.6568718943101896, "primary": 0.8045839567147582}}, "CTA|CTG": {"individual": [], "joint": {"secondary": 0.8952981162640933, "primary": 0.8165949237734816}}, "CTA|CTT": {"individual": [], "joint": {"secondary": 0.382608626037982, "primary": 0.7943801494913479}}, "CTA|TTA": {"individual": [], "joint": {"secondary": 0.7778635627129162, "primary": 0.9706875648736258}}, "CTC|CTG": {"individual": [], "joint": {"secondary": 0.969344511101786, "primary": 0.8772045607939161}}, "CTC|CTT": {"individual": [], "joint": {"secondary": 0.9012584756253709, "primary": 0.9964862225138156}}, "CTG|CTT": {"individual": [], "joint": {"secondary": 0.71164099035737, "primary": 0.7861730758553523}}, "CTG|TTG": {"individual": [], "joint": {"secondary": 0.9265152728530137, "primary": 0.8398083572894852}}, "GAA|GAG": {"individual": [], "joint": {"secondary": 0.9076561931906729, "primary": 0.7304997701814687}}, "GAC|GAT": {"individual": [], "joint": {"secondary": 0.8411594204668629, "primary": 0.8761807273661147}}, "GCA|GCC": {"individual": [], "joint": {"secondary": 0.7190513175506575, "primary": 0.9904358903468293}}, "GCA|GCG": {"individual": [], "joint": {"secondary": 0.8312056941202719, "primary": 0.7806314493451968}}, "GCA|GCT": {"individual": [], "joint": {"secondary": 1.759238548333504, "primary": 0.9793578533343029}}, "GCC|GCG": {"individual": [], "joint": {"secondary": 0.6973949776959929, "primary": 0.7921828608832419}}, "GCC|GCT": {"individual": [], "joint": {"secondary": 0.7932583667099938, "primary": 0.948602725641846}}, "GCG|GCT": {"individual": [], "joint": {"secondary": 0.6105238004920247, "primary": 0.8869499881170699}}, "GGA|GGC": {"individual": [], "joint": {"secondary": 0.9648915845459335, "primary": 0.9562278232551972}}, "GGA|GGG": {"individual": [], "joint": {"secondary": 0.8526601617942071, "primary": 0.8954282237303532}}, "GGA|GGT": {"individual": [], "joint": {"secondary": 0.7437382385848424, "primary": 0.880002398552729}}, "GGC|GGG": {"individual": [], "joint": {"secondary": 0.7916653571554009, "primary": 0.8562206630175652}}, "GGC|GGT": {"individual": [], "joint": {"secondary": 1.449657073511732, "primary": 1.066654981835056}}, "GGG|GGT": {"individual": [], "joint": {"secondary": 1.877387768339981, "primary": 2.276828667771259}}, "GTA|GTC": {"individual": [], "joint": {"secondary": 0.9948787303594229, "primary": 0.9463356962044027}}, "GTA|GTG": {"individual": [], "joint": {"secondary": 1.850080628526316, "primary": 2.096767321956908}}, "GTA|GTT": {"individual": [], "joint": {"secondary": 0.8400579040638627, "primary": 1.044197186191456}}, "GTC|GTG": {"individual": [], "joint": {"secondary": 0.7185998952978933, "primary": 1.060758328138402}}, "GTC|GTT": {"individual": [], "joint": {"secondary": 0.9910467493905709, "primary": 0.950543398836799}}, "GTG|GTT": {"individual": [], "joint": {"secondary": 1.266936016192158, "primary": 0.9144216191718528}}, "TAC|TAT": {"individual": [], "joint": {"secondary": 0.7934048294073099, "primary": 0.8645505762960889}}, "TCA|TCC": {"individual": [], "joint": {"secondary": 2.450672452458909, "primary": 2.032124410185531}}, "TCA|TCG": {"individual": [], "joint": {"secondary": 2.150929141332849, "primary": 2.016867957304682}}, "TCA|TCT": {"individual": [], "joint": {"secondary": 1.09747012239924, "primary": 0.6863821683485088}}, "TCC|TCG": {"individual": [], "joint": {"secondary": 0.6961479338856962, "primary": 0.9359797294478595}}, "TCC|TCT": {"individual": [], "joint": {"secondary": 0.5461362190394967, "primary": 1.0787447918286}}, "TCG|TCT": {"individual": [], "joint": {"secondary": 0.948293912344198, "primary": 0.8894934309346152}}, "TGC|TGT": {"individual": [], "joint": {"secondary": 0.9311614974959219, "primary": 1.006855664794376}}, "TTA|TTG": {"individual": [], "joint": {"secondary": 0.9001344436319904, "primary": 0.8721760530525604}}, "TTC|TTT": {"individual": [], "joint": {"secondary": 0.8682726326079447, "primary": 0.9366638323317602}}, "model_mixture_p": 0.8499999233628763}