{"baseline-AICc": {"individual": [], "joint": 350273.3395565051}, "baseline-loglikelihood": {"individual": [], "joint": -171799.9687765734}, "joint-AICc": {"individual": [], "joint": 351011.5567370977}, "joint-loglikelihood": {"individual": [], "joint": -171269.3597753455}, "AAA|AAG": {"individual": [], "joint": {"secondary": 0.8816956312295413, "primary": 0.9356925167670401}}, "AAC|AAT": {"individual": [], "joint": {"secondary": 0.951842700077849, "primary": 0.6733166870704782}}, "ACA|ACC": {"individual": [], "joint": {"secondary": 1.036614834277553, "primary": 0.7352576553713284}}, "ACA|ACG": {"individual": [], "joint": {"secondary": 0.8071661100336825, "primary": 0.9498239403909994}}, "ACA|ACT": {"individual": [], "joint": {"secondary": 0.6615524998387601, "primary": 0.9680982542892796}}, "ACC|ACG": {"individual": [], "joint": {"secondary": 0.8912759023785127, "primary": 0.8708399681722206}}, "ACC|ACT": {"individual": [], "joint": {"secondary": 0.9044274869026593, "primary": 1.041063114710794}}, "ACG|ACT": {"individual": [], "joint": {"secondary": 1.136572919927332, "primary": 0.7372094692333461}}, "AGA|AGG": {"individual": [], "joint": {"secondary": 0.9299380136761111, "primary": 0.9172089796163108}}, "AGA|CGA": {"individual": [], "joint": {"secondary": 0.8221044167130175, "primary": 0.7682391870446529}}, "AGC|AGT": {"individual": [], "joint": {"secondary": 0.9015020332103455, "primary": 0.9248220353628674}}, "AGG|CGG": {"individual": [], "joint": {"secondary": 0.7787600230901989, "primary": 0.9216882523364407}}, "ATA|ATC": {"individual": [], "joint": {"secondary": 0.940437927323312, "primary": 0.9808824145076838}}, "ATA|ATT": {"individual": [], "joint": {"secondary": 0.7311719071492677, "primary": 1.069460709302075}}, "ATC|ATT": {"individual": [], "joint": {"secondary": 0.8966875872265917, "primary": 0.9292391182435609}}, "CAA|CAG": {"individual": [], "joint": {"secondary": 0.8339506138828543, "primary": 0.7964273082683198}}, "CAC|CAT": {"individual": [], "joint": {"secondary": 0.9343990316746649, "primary": 1.035384949024125}}, "CCA|CCC": {"individual": [], "joint": {"secondary": 0.8122208259033565, "primary": 0.6755543154848511}}, "CCA|CCG": {"individual": [], "joint": {"secondary": 0.9191214917850246, "primary": 1.102381276631748}}, "CCA|CCT": {"individual": [], "joint": {"secondary": 0.8734766929514844, "primary": 0.6031338441827313}}, "CCC|CCG": {"individual": [], "joint": {"secondary": 0.9502483391985223, "primary": 0.8966841870124844}}, "CCC|CCT": {"individual": [], "joint": {"secondary": 0.7298566486023557, "primary": 1.238377191045229}}, "CCG|CCT": {"individual": [], "joint": {"secondary": 0.8560562265297584, "primary": 0.8933863650400871}}, "CGA|CGC": {"individual": [], "joint": {"secondary": 0.8087770714843672, "primary": 0.5708463451793238}}, "CGA|CGG": {"individual": [], "joint": {"secondary": 0.8110355412370562, "primary": 0.8713704276343717}}, "CGA|CGT": {"individual": [], "joint": {"secondary": 0.7157957009521493, "primary": 0.8986113558673556}}, "CGC|CGG": {"individual": [], "joint": {"secondary": 2.003918287737346, "primary": 2.011759247579803}}, "CGC|CGT": {"individual": [], "joint": {"secondary": 2.430202692552869, "primary": 2.060109156788955}}, "CGG|CGT": {"individual": [], "joint": {"secondary": 0.6048454817352653, "primary": 1.006635648048219}}, "CTA|CTC": {"individual": [], "joint": {"secondary": 0.8476514719133585, "primary": 0.8721835413371518}}, "CTA|CTG": {"individual": [], "joint": {"secondary": 0.9583020677766457, "primary": 0.8420776368576043}}, "CTA|CTT": {"individual": [], "joint": {"secondary": 1.156355268744949, "primary": 0.871785448468685}}, "CTA|TTA": {"individual": [], "joint": {"secondary": 0.8494495876570473, "primary": 0.8959777711353126}}, "CTC|CTG": {"individual": [], "joint": {"secondary": 0.7984493462387543, "primary": 0.9700511916620367}}, "CTC|CTT": {"individual": [], "joint": {"secondary": 1.054137915584799, "primary": 0.8830503693977846}}, "CTG|CTT": {"individual": [], "joint": {"secondary": 0.8095102847559718, "primary": 0.9058334157795065}}, "CTG|TTG": {"individual": [], "joint": {"secondary": 0.9195364940654912, "primary": 1.044094395009648}}, "GAA|GAG": {"individual": [], "joint": {"secondary": 0.7712116580832534, "primary": 0.829208923155465}}, "GAC|GAT": {"individual": [], "joint": {"secondary": 1.034220835930582, "primary": 0.9377403867095659}}, "GCA|GCC": {"individual": [], "joint": {"secondary": 0.7116870552411332, "primary": 1.024319462825369}}, "GCA|GCG": {"individual": [], "joint": {"secondary": 0.7978988229391977, "primary": 0.8083476821807715}}, "GCA|GCT": {"individual": [], "joint": {"secondary": 0.8308342144419036, "primary": 0.6324644595651745}}, "GCC|GCG": {"individual": [], "joint": {"secondary": 0.8241311431986253, "primary": 0.9462206704283224}}, "GCC|GCT": {"individual": [], "joint": {"secondary": 0.8337843539471402, "primary": 0.9987459883851427}}, "GCG|GCT": {"individual": [], "joint": {"secondary": 0.9244394453945052, "primary": 0.8225820548782465}}, "GGA|GGC": {"individual": [], "joint": {"secondary": 0.9482636952412127, "primary": 0.9016044674392952}}, "GGA|GGG": {"individual": [], "joint": {"secondary": 0.9746897693066168, "primary": 0.8091110284262886}}, "GGA|GGT": {"individual": [], "joint": {"secondary": 0.6516765035358475, "primary": 1.333532113089672}}, "GGC|GGG": {"individual": [], "joint": {"secondary": 0.9438617859406793, "primary": 0.8428660661561481}}, "GGC|GGT": {"individual": [], "joint": {"secondary": 0.7789595306172289, "primary": 0.7646156898707598}}, "GGG|GGT": {"individual": [], "joint": {"secondary": 2.064254695376832, "primary": 1.963049067707348}}, "GTA|GTC": {"individual": [], "joint": {"secondary": 0.8098520273010399, "primary": 0.9027465249807356}}, "GTA|GTG": {"individual": [], "joint": {"secondary": 2.236860557130474, "primary": 2.028980096760143}}, "GTA|GTT": {"individual": [], "joint": {"secondary": 1.017147881224485, "primary": 0.9734266832770917}}, "GTC|GTG": {"individual": [], "joint": {"secondary": 0.889717861529094, "primary": 0.8146299603577082}}, "GTC|GTT": {"individual": [], "joint": {"secondary": 0.8789360485144166, "primary": 0.8779796832526182}}, "GTG|GTT": {"individual": [], "joint": {"secondary": 0.6842686203358997, "primary": 0.9397169510396364}}, "TAC|TAT": {"individual": [], "joint": {"secondary": 0.9066613079014929, "primary": 0.8131137397761837}}, "TCA|TCC": {"individual": [], "joint": {"secondary": 2.331955910573793, "primary": 2.453327096364355}}, "TCA|TCG": {"individual": [], "joint": {"secondary": 2.293750762780719, "primary": 2.103733141180455}}, "TCA|TCT": {"individual": [], "joint": {"secondary": 0.985734022000198, "primary": 0.5970601206937282}}, "TCC|TCG": {"individual": [], "joint": {"secondary": 0.8400714493039033, "primary": 0.9189876903672903}}, "TCC|TCT": {"individual": [], "joint": {"secondary": 0.8362658326354455, "primary": 0.9383658171301237}}, "TCG|TCT": {"individual": [], "joint": {"secondary": 1.213682559754469, "primary": 0.9313909240199666}}, "TGC|TGT": {"individual": [], "joint": {"secondary": 1.082993254131996, "primary": 0.8964311321015014}}, "TTA|TTG": {"individual": [], "joint": {"secondary": 0.8932289369914046, "primary": 0.9385615037910973}}, "TTC|TTT": {"individual": [], "joint": {"secondary": 1.059912382677594, "primary": 0.8885831842353963}}, "model_mixture_p": 0.5621604452796138}