{"baseline-AICc": {"individual": [], "joint": 288208.998378067}, "baseline-loglikelihood": {"individual": [], "joint": -139968.5923961525}, "joint-AICc": {"individual": [], "joint": 289630.6092154552}, "joint-loglikelihood": {"individual": [], "joint": -139768.7933363004}, "AAA|AAG": {"individual": [], "joint": {"secondary": 0.9785216716653709, "primary": 0.7544717185167351}}, "AAC|AAT": {"individual": [], "joint": {"secondary": 1.000862173100408, "primary": 0.8447691792460581}}, "ACA|ACC": {"individual": [], "joint": {"secondary": 1.092636575523608, "primary": 0.8545780838793381}}, "ACA|ACG": {"individual": [], "joint": {"secondary": 0.9323388885948413, "primary": 0.8282356176606473}}, "ACA|ACT": {"individual": [], "joint": {"secondary": 1.055220514009015, "primary": 0.1508628403262456}}, "ACC|ACG": {"individual": [], "joint": {"secondary": 1.004087031635696, "primary": 0.7182240738198775}}, "ACC|ACT": {"individual": [], "joint": {"secondary": 0.8907125921476, "primary": 0.777075488060261}}, "ACG|ACT": {"individual": [], "joint": {"secondary": 1.054279224478655, "primary": 0.662673023235055}}, "AGA|AGG": {"individual": [], "joint": {"secondary": 0.9788538302579401, "primary": 1.116964237399786}}, "AGA|CGA": {"individual": [], "joint": {"secondary": 1.07823648957824, "primary": 0.7385608414291803}}, "AGC|AGT": {"individual": [], "joint": {"secondary": 0.928068812831323, "primary": 0.9964709087408332}}, "AGG|CGG": {"individual": [], "joint": {"secondary": 0.9305427074106436, "primary": 0.6260628551802354}}, "ATA|ATC": {"individual": [], "joint": {"secondary": 1.192719090772975, "primary": 0.821335163509078}}, "ATA|ATT": {"individual": [], "joint": {"secondary": 0.8810177269226355, "primary": 0.920614374936986}}, "ATC|ATT": {"individual": [], "joint": {"secondary": 0.928007814275757, "primary": 0.7970587788983305}}, "CAA|CAG": {"individual": [], "joint": {"secondary": 0.9935892548265948, "primary": 0.6344589626253615}}, "CAC|CAT": {"individual": [], "joint": {"secondary": 1.02051608049313, "primary": 0.6375609276328269}}, "CCA|CCC": {"individual": [], "joint": {"secondary": 1.04314615435663, "primary": 0.980710178757512}}, "CCA|CCG": {"individual": [], "joint": {"secondary": 1.042349614547636, "primary": 0.8000687405463548}}, "CCA|CCT": {"individual": [], "joint": {"secondary": 0.8292172267172082, "primary": 0.5396148661687651}}, "CCC|CCG": {"individual": [], "joint": {"secondary": 0.9135984654229514, "primary": 0.784598580373773}}, "CCC|CCT": {"individual": [], "joint": {"secondary": 1.035510985006164, "primary": 0.6549342217537054}}, "CCG|CCT": {"individual": [], "joint": {"secondary": 1.054868512337003, "primary": 0.3115893648454129}}, "CGA|CGC": {"individual": [], "joint": {"secondary": 1.07928319144074, "primary": 0.7733039750190044}}, "CGA|CGG": {"individual": [], "joint": {"secondary": 0.9411336537251783, "primary": 0.8207367318562658}}, "CGA|CGT": {"individual": [], "joint": {"secondary": 0.8768654235155505, "primary": 0.3370985832183621}}, "CGC|CGG": {"individual": [], "joint": {"secondary": 0.979073201073654, "primary": 1.720240831965783}}, "CGC|CGT": {"individual": [], "joint": {"secondary": 1.090789235314312, "primary": 1.36248096670523}}, "CGG|CGT": {"individual": [], "joint": {"secondary": 0.9995737653938631, "primary": 0.7524692763805129}}, "CTA|CTC": {"individual": [], "joint": {"secondary": 1.021197145540437, "primary": 0.5287288195046077}}, "CTA|CTG": {"individual": [], "joint": {"secondary": 1.161841275477044, "primary": 0.8751984241681613}}, "CTA|CTT": {"individual": [], "joint": {"secondary": 0.8390664779757264, "primary": 0.1878763247739559}}, "CTA|TTA": {"individual": [], "joint": {"secondary": 1.114461667952743, "primary": 0.640782945536024}}, "CTC|CTG": {"individual": [], "joint": {"secondary": 0.9906914393000262, "primary": 0.5124778283208157}}, "CTC|CTT": {"individual": [], "joint": {"secondary": 0.9630289499352513, "primary": 0.6829073219769152}}, "CTG|CTT": {"individual": [], "joint": {"secondary": 0.9829158342552397, "primary": 0.8317788473036547}}, "CTG|TTG": {"individual": [], "joint": {"secondary": 1.029722453549378, "primary": 0.6417098209363487}}, "GAA|GAG": {"individual": [], "joint": {"secondary": 1.008169239938802, "primary": 0.9166679417909069}}, "GAC|GAT": {"individual": [], "joint": {"secondary": 0.9843724952591068, "primary": 0.6888630612557085}}, "GCA|GCC": {"individual": [], "joint": {"secondary": 0.8705030647515557, "primary": 0.9371253673286729}}, "GCA|GCG": {"individual": [], "joint": {"secondary": 1.03166428794793, "primary": 0.7150421106251987}}, "GCA|GCT": {"individual": [], "joint": {"secondary": 1.022054368950876, "primary": 0.5828120072487611}}, "GCC|GCG": {"individual": [], "joint": {"secondary": 1.029372076720109, "primary": 0.7434292867004745}}, "GCC|GCT": {"individual": [], "joint": {"secondary": 0.9876005511851603, "primary": 0.8290888611416837}}, "GCG|GCT": {"individual": [], "joint": {"secondary": 0.9276251691755678, "primary": 0.5849330764590017}}, "GGA|GGC": {"individual": [], "joint": {"secondary": 0.9028837383147027, "primary": 1.084829354770465}}, "GGA|GGG": {"individual": [], "joint": {"secondary": 1.084366714291221, "primary": 0.8985453414447243}}, "GGA|GGT": {"individual": [], "joint": {"secondary": 0.7709229220981704, "primary": 0.9134593827504511}}, "GGC|GGG": {"individual": [], "joint": {"secondary": 1.098308558477678, "primary": 0.9064850087117452}}, "GGC|GGT": {"individual": [], "joint": {"secondary": 1.007822567728637, "primary": 2.275285560387541}}, "GGG|GGT": {"individual": [], "joint": {"secondary": 0.7850295186308058, "primary": 2.421727605868285}}, "GTA|GTC": {"individual": [], "joint": {"secondary": 0.8890121710050121, "primary": 1.818701032127773}}, "GTA|GTG": {"individual": [], "joint": {"secondary": 1.106873173995221, "primary": 1.59949414588411}}, "GTA|GTT": {"individual": [], "joint": {"secondary": 1.359028583125114, "primary": 1.626427787900918}}, "GTC|GTG": {"individual": [], "joint": {"secondary": 1.019689935457591, "primary": 1.639989974065094}}, "GTC|GTT": {"individual": [], "joint": {"secondary": 1.014284346441702, "primary": 1.888571109670555}}, "GTG|GTT": {"individual": [], "joint": {"secondary": 0.8826921344600523, "primary": 0.5553209970673552}}, "TAC|TAT": {"individual": [], "joint": {"secondary": 1.002233936713182, "primary": 0.9984948005695331}}, "TCA|TCC": {"individual": [], "joint": {"secondary": 0.9453278307351985, "primary": 1.90750030043184}}, "TCA|TCG": {"individual": [], "joint": {"secondary": 0.9394954648634364, "primary": 2.143894189119222}}, "TCA|TCT": {"individual": [], "joint": {"secondary": 1.167572201274695, "primary": 2.026306669057144}}, "TCC|TCG": {"individual": [], "joint": {"secondary": 1.069500465146598, "primary": 1.340550609119182}}, "TCC|TCT": {"individual": [], "joint": {"secondary": 1.020186798132285, "primary": 1.715500037397493}}, "TCG|TCT": {"individual": [], "joint": {"secondary": 1.111842555760889, "primary": 2.109849322656038}}, "TGC|TGT": {"individual": [], "joint": {"secondary": 0.9871154990907278, "primary": 2.035789400558154}}, "TTA|TTG": {"individual": [], "joint": {"secondary": 1.092598068660173, "primary": 0.5727827223053831}}, "TTC|TTT": {"individual": [], "joint": {"secondary": 0.9533064103065914, "primary": 0.9032492103785793}}, "model_mixture_p": 0.09999145280328305}