{"baseline-AICc": {"individual": [], "joint": 352492.2133688707}, "baseline-loglikelihood": {"individual": [], "joint": -172909.4056827561}, "joint-AICc": {"individual": [], "joint": 353582.6042766196}, "joint-loglikelihood": {"individual": [], "joint": -172554.8835451064}, "AAA|AAG": {"individual": [], "joint": {"secondary": 0.8621828510696509, "primary": 0.9583778021476794}}, "AAC|AAT": {"individual": [], "joint": {"secondary": 0.97929680714819, "primary": 0.9923597064487186}}, "ACA|ACC": {"individual": [], "joint": {"secondary": 1.007203583492263, "primary": 0.970191572801937}}, "ACA|ACG": {"individual": [], "joint": {"secondary": 0.845427706738428, "primary": 0.9958147591741959}}, "ACA|ACT": {"individual": [], "joint": {"secondary": 0.9242716829540827, "primary": 0.6748215293923955}}, "ACC|ACG": {"individual": [], "joint": {"secondary": 1.020693300947746, "primary": 0.8432330641549005}}, "ACC|ACT": {"individual": [], "joint": {"secondary": 1.087098094033123, "primary": 0.893996511170966}}, "ACG|ACT": {"individual": [], "joint": {"secondary": 0.8372220559114056, "primary": 0.9911053225136857}}, "AGA|AGG": {"individual": [], "joint": {"secondary": 0.9238175095725476, "primary": 0.9586209088835299}}, "AGA|CGA": {"individual": [], "joint": {"secondary": 1.085008921579928, "primary": 1.073954455672954}}, "AGC|AGT": {"individual": [], "joint": {"secondary": 1.004630509179986, "primary": 0.9765963160379504}}, "AGG|CGG": {"individual": [], "joint": {"secondary": 0.9213798317293705, "primary": 1.017713261365395}}, "ATA|ATC": {"individual": [], "joint": {"secondary": 0.9791455288450852, "primary": 0.9369104801453578}}, "ATA|ATT": {"individual": [], "joint": {"secondary": 0.8348193371153634, "primary": 0.9739164794192116}}, "ATC|ATT": {"individual": [], "joint": {"secondary": 0.9345798290822215, "primary": 0.9915541617511288}}, "CAA|CAG": {"individual": [], "joint": {"secondary": 0.9164685352526134, "primary": 1.000612145030779}}, "CAC|CAT": {"individual": [], "joint": {"secondary": 1.137494885716235, "primary": 0.9845831100901519}}, "CCA|CCC": {"individual": [], "joint": {"secondary": 0.9920608466774442, "primary": 0.9208580372594046}}, "CCA|CCG": {"individual": [], "joint": {"secondary": 0.9674130901800012, "primary": 0.978583550889843}}, "CCA|CCT": {"individual": [], "joint": {"secondary": 0.8808327882356588, "primary": 0.879210820000427}}, "CCC|CCG": {"individual": [], "joint": {"secondary": 0.9455202939098508, "primary": 0.8847714101495596}}, "CCC|CCT": {"individual": [], "joint": {"secondary": 0.8753664964639163, "primary": 0.9706148200441339}}, "CCG|CCT": {"individual": [], "joint": {"secondary": 1.215004010303708, "primary": 1.005078443687204}}, "CGA|CGC": {"individual": [], "joint": {"secondary": 1.17922492745663, "primary": 0.8070197665499906}}, "CGA|CGG": {"individual": [], "joint": {"secondary": 0.8223930782781267, "primary": 0.9160850220314687}}, "CGA|CGT": {"individual": [], "joint": {"secondary": 0.600897408569265, "primary": 1.178075656495518}}, "CGC|CGG": {"individual": [], "joint": {"secondary": 2.416745296521067, "primary": 2.230145411316741}}, "CGC|CGT": {"individual": [], "joint": {"secondary": 2.200453435341049, "primary": 2.891224100619838}}, "CGG|CGT": {"individual": [], "joint": {"secondary": 0.6874528722661596, "primary": 1.007754467356319}}, "CTA|CTC": {"individual": [], "joint": {"secondary": 0.946485784742697, "primary": 0.9774353298988759}}, "CTA|CTG": {"individual": [], "joint": {"secondary": 0.921286243840511, "primary": 0.8217187191829136}}, "CTA|CTT": {"individual": [], "joint": {"secondary": 0.795515620528246, "primary": 0.662723342518672}}, "CTA|TTA": {"individual": [], "joint": {"secondary": 0.9620336460498569, "primary": 0.8892146813508943}}, "CTC|CTG": {"individual": [], "joint": {"secondary": 0.7939240983218817, "primary": 0.9508884968085112}}, "CTC|CTT": {"individual": [], "joint": {"secondary": 0.9733340257335402, "primary": 0.9398190368057686}}, "CTG|CTT": {"individual": [], "joint": {"secondary": 1.146342487672334, "primary": 1.136334105525667}}, "CTG|TTG": {"individual": [], "joint": {"secondary": 1.01986178978926, "primary": 0.9034164499334494}}, "GAA|GAG": {"individual": [], "joint": {"secondary": 1.241639006410479, "primary": 0.8694476373063715}}, "GAC|GAT": {"individual": [], "joint": {"secondary": 0.9260044197906347, "primary": 0.9404005304627162}}, "GCA|GCC": {"individual": [], "joint": {"secondary": 1.337627091889928, "primary": 0.8455987047633224}}, "GCA|GCG": {"individual": [], "joint": {"secondary": 1.019188500288507, "primary": 0.9315429737343773}}, "GCA|GCT": {"individual": [], "joint": {"secondary": 0.4573305430305817, "primary": 1.350635045210288}}, "GCC|GCG": {"individual": [], "joint": {"secondary": 0.8628070921423693, "primary": 0.8458236402503772}}, "GCC|GCT": {"individual": [], "joint": {"secondary": 1.012595607642679, "primary": 0.9927043271910468}}, "GCG|GCT": {"individual": [], "joint": {"secondary": 1.158721398395955, "primary": 0.857512669742152}}, "GGA|GGC": {"individual": [], "joint": {"secondary": 0.6917930516155106, "primary": 0.906935093834792}}, "GGA|GGG": {"individual": [], "joint": {"secondary": 0.9115935884339795, "primary": 0.9627368188431271}}, "GGA|GGT": {"individual": [], "joint": {"secondary": 0.7855825718308476, "primary": 0.4883172131775654}}, "GGC|GGG": {"individual": [], "joint": {"secondary": 1.078093775086245, "primary": 0.9480200328727366}}, "GGC|GGT": {"individual": [], "joint": {"secondary": 1.099811239871578, "primary": 1.076267433189139}}, "GGG|GGT": {"individual": [], "joint": {"secondary": 0.892127868432451, "primary": 1.012263678919123}}, "GTA|GTC": {"individual": [], "joint": {"secondary": 1.077722231720454, "primary": 0.904923449028771}}, "GTA|GTG": {"individual": [], "joint": {"secondary": 0.8695704123967023, "primary": 0.8413128208578455}}, "GTA|GTT": {"individual": [], "joint": {"secondary": 1.165063009513134, "primary": 0.6398241447699267}}, "GTC|GTG": {"individual": [], "joint": {"secondary": 0.7855569863143071, "primary": 1.008820598328261}}, "GTC|GTT": {"individual": [], "joint": {"secondary": 0.8575172719339155, "primary": 0.8894321064914317}}, "GTG|GTT": {"individual": [], "joint": {"secondary": 0.9687736761716012, "primary": 0.9575990619967669}}, "TAC|TAT": {"individual": [], "joint": {"secondary": 0.9142295922201619, "primary": 0.918824810589281}}, "TCA|TCC": {"individual": [], "joint": {"secondary": 0.5473249041735245, "primary": 1.317248643525263}}, "TCA|TCG": {"individual": [], "joint": {"secondary": 2.041073286257987, "primary": 2.35379534627013}}, "TCA|TCT": {"individual": [], "joint": {"secondary": 0.9596211291311489, "primary": 0.343437118454421}}, "TCC|TCG": {"individual": [], "joint": {"secondary": 1.071302939582031, "primary": 0.9129694930729181}}, "TCC|TCT": {"individual": [], "joint": {"secondary": 0.7100667054643144, "primary": 0.7296818736178435}}, "TCG|TCT": {"individual": [], "joint": {"secondary": 0.9057568260227928, "primary": 0.9933340552900964}}, "TGC|TGT": {"individual": [], "joint": {"secondary": 1.130283698394635, "primary": 1.067774609634101}}, "TTA|TTG": {"individual": [], "joint": {"secondary": 0.9848634577284598, "primary": 0.9304488810685017}}, "TTC|TTT": {"individual": [], "joint": {"secondary": 0.8934689068636313, "primary": 0.9770339328811628}}, "model_mixture_p": 0.6872714350294244}