{"baseline-AICc": {"individual": [], "joint": 442902.2341851491}, "baseline-loglikelihood": {"individual": [], "joint": -217202.1405975156}, "joint-AICc": {"individual": [], "joint": 443286.7276710081}, "joint-loglikelihood": {"individual": [], "joint": -216453.5425451106}, "AAA|AAG": {"individual": [], "joint": {"secondary": 0.8785612624511049, "primary": 0.788537450759041}}, "AAC|AAT": {"individual": [], "joint": {"secondary": 0.9650360060512286, "primary": 0.8591380809033402}}, "ACA|ACC": {"individual": [], "joint": {"secondary": 0.9061636600357106, "primary": 0.831915891429835}}, "ACA|ACG": {"individual": [], "joint": {"secondary": 0.8801262098355719, "primary": 0.6200477279755768}}, "ACA|ACT": {"individual": [], "joint": {"secondary": 0.7755878619556191, "primary": 0.715915761739726}}, "ACC|ACG": {"individual": [], "joint": {"secondary": 0.8288091613909573, "primary": 0.8621959853328874}}, "ACC|ACT": {"individual": [], "joint": {"secondary": 0.9433432582513227, "primary": 0.8505052073155999}}, "ACG|ACT": {"individual": [], "joint": {"secondary": 0.7567093714856705, "primary": 0.6608329301471776}}, "AGA|AGG": {"individual": [], "joint": {"secondary": 0.8185079153746773, "primary": 0.843508132992605}}, "AGA|CGA": {"individual": [], "joint": {"secondary": 0.887328248047162, "primary": 0.6587486583338167}}, "AGC|AGT": {"individual": [], "joint": {"secondary": 0.9216208952157557, "primary": 0.5746991312439566}}, "AGG|CGG": {"individual": [], "joint": {"secondary": 0.8821180023266114, "primary": 0.6722100370654457}}, "ATA|ATC": {"individual": [], "joint": {"secondary": 0.8829462347976985, "primary": 0.9613013481926078}}, "ATA|ATT": {"individual": [], "joint": {"secondary": 0.833433031556289, "primary": 0.7691956621100607}}, "ATC|ATT": {"individual": [], "joint": {"secondary": 0.9320603835601153, "primary": 0.8593749835532732}}, "CAA|CAG": {"individual": [], "joint": {"secondary": 0.8248240750402426, "primary": 1.067784165919261}}, "CAC|CAT": {"individual": [], "joint": {"secondary": 0.8832160513126374, "primary": 0.7806023177418074}}, "CCA|CCC": {"individual": [], "joint": {"secondary": 0.8422357916115887, "primary": 1.411265748376093}}, "CCA|CCG": {"individual": [], "joint": {"secondary": 0.9147784879188052, "primary": 0.9814379627380965}}, "CCA|CCT": {"individual": [], "joint": {"secondary": 0.7997795861452179, "primary": 0.5604509445442624}}, "CCC|CCG": {"individual": [], "joint": {"secondary": 0.8983423724053109, "primary": 0.6506309157565775}}, "CCC|CCT": {"individual": [], "joint": {"secondary": 0.8912842085453595, "primary": 0.7689716599082624}}, "CCG|CCT": {"individual": [], "joint": {"secondary": 0.7840159241404521, "primary": 0.9028617839685563}}, "CGA|CGC": {"individual": [], "joint": {"secondary": 0.8845126632491339, "primary": 0.6195292253645264}}, "CGA|CGG": {"individual": [], "joint": {"secondary": 0.8491215215015546, "primary": 0.6584182393915008}}, "CGA|CGT": {"individual": [], "joint": {"secondary": 0.6928818099951684, "primary": 1.090264434185061}}, "CGC|CGG": {"individual": [], "joint": {"secondary": 2.240844506681159, "primary": 2.043910669491155}}, "CGC|CGT": {"individual": [], "joint": {"secondary": 2.390228851192217, "primary": 2.115268292635412}}, "CGG|CGT": {"individual": [], "joint": {"secondary": 0.9465549452856754, "primary": 1.1428301999606}}, "CTA|CTC": {"individual": [], "joint": {"secondary": 0.8032048399562636, "primary": 1.010744948340685}}, "CTA|CTG": {"individual": [], "joint": {"secondary": 0.9386134447490282, "primary": 0.7456639095331448}}, "CTA|CTT": {"individual": [], "joint": {"secondary": 0.979272281762342, "primary": 0.977587352654227}}, "CTA|TTA": {"individual": [], "joint": {"secondary": 0.9861038714976044, "primary": 1.039343398579559}}, "CTC|CTG": {"individual": [], "joint": {"secondary": 0.9281788979867784, "primary": 0.7720254809869433}}, "CTC|CTT": {"individual": [], "joint": {"secondary": 0.9660859388854035, "primary": 0.71231799002675}}, "CTG|CTT": {"individual": [], "joint": {"secondary": 0.927580258874744, "primary": 0.6918830289742885}}, "CTG|TTG": {"individual": [], "joint": {"secondary": 0.9228998947702863, "primary": 0.8795517991296076}}, "GAA|GAG": {"individual": [], "joint": {"secondary": 0.8348495514193149, "primary": 0.7397201617663187}}, "GAC|GAT": {"individual": [], "joint": {"secondary": 0.9292617673847504, "primary": 0.9313934367963322}}, "GCA|GCC": {"individual": [], "joint": {"secondary": 0.8005420303323492, "primary": 1.036435645570263}}, "GCA|GCG": {"individual": [], "joint": {"secondary": 0.8227419611815877, "primary": 0.8926666913790152}}, "GCA|GCT": {"individual": [], "joint": {"secondary": 0.7952532043200898, "primary": 0.5139310214212596}}, "GCC|GCG": {"individual": [], "joint": {"secondary": 1.00741880933589, "primary": 0.883332031954912}}, "GCC|GCT": {"individual": [], "joint": {"secondary": 1.070216916822673, "primary": 0.8720237602046998}}, "GCG|GCT": {"individual": [], "joint": {"secondary": 0.8391690872773705, "primary": 0.7464684764608983}}, "GGA|GGC": {"individual": [], "joint": {"secondary": 0.9395417734956604, "primary": 0.7706606912457332}}, "GGA|GGG": {"individual": [], "joint": {"secondary": 0.9554416858360245, "primary": 0.8922369161712621}}, "GGA|GGT": {"individual": [], "joint": {"secondary": 0.9624618536503715, "primary": 0.5537169679826256}}, "GGC|GGG": {"individual": [], "joint": {"secondary": 0.8420431488017502, "primary": 0.8124422578236313}}, "GGC|GGT": {"individual": [], "joint": {"secondary": 0.9849710375251443, "primary": 1.433749418445534}}, "GGG|GGT": {"individual": [], "joint": {"secondary": 2.19334678084748, "primary": 2.141594471963168}}, "GTA|GTC": {"individual": [], "joint": {"secondary": 1.003982652494812, "primary": 1.186649248855954}}, "GTA|GTG": {"individual": [], "joint": {"secondary": 2.22109823884776, "primary": 2.109936643711391}}, "GTA|GTT": {"individual": [], "joint": {"secondary": 0.9728177365292777, "primary": 1.224412600729489}}, "GTC|GTG": {"individual": [], "joint": {"secondary": 0.7931247581755316, "primary": 0.9044890901743111}}, "GTC|GTT": {"individual": [], "joint": {"secondary": 0.8819093647875135, "primary": 1.009302045349221}}, "GTG|GTT": {"individual": [], "joint": {"secondary": 0.8393677357269387, "primary": 1.019122948021916}}, "TAC|TAT": {"individual": [], "joint": {"secondary": 0.9452073817060997, "primary": 1.126704597609721}}, "TCA|TCC": {"individual": [], "joint": {"secondary": 1.894263180035252, "primary": 2.625026715071594}}, "TCA|TCG": {"individual": [], "joint": {"secondary": 1.923252259003869, "primary": 2.021637317910116}}, "TCA|TCT": {"individual": [], "joint": {"secondary": 0.6564743912310282, "primary": 1.242622744419107}}, "TCC|TCG": {"individual": [], "joint": {"secondary": 0.9790287859020891, "primary": 0.9591565533950949}}, "TCC|TCT": {"individual": [], "joint": {"secondary": 0.9115245336041758, "primary": 1.162562341404735}}, "TCG|TCT": {"individual": [], "joint": {"secondary": 0.9022018477486801, "primary": 1.218560142642991}}, "TGC|TGT": {"individual": [], "joint": {"secondary": 0.8713486929568215, "primary": 1.161283986082947}}, "TTA|TTG": {"individual": [], "joint": {"secondary": 0.7982952419212572, "primary": 0.8763638536250224}}, "TTC|TTT": {"individual": [], "joint": {"secondary": 1.041931865255958, "primary": 0.7803257645093794}}, "model_mixture_p": 0.2986285689896216}