{"baseline-AICc": {"individual": [], "joint": 440909.3107240543}, "baseline-loglikelihood": {"individual": [], "joint": -216205.6788669682}, "joint-AICc": {"individual": [], "joint": 439779.4188764652}, "joint-loglikelihood": {"individual": [], "joint": -214699.8881478392}, "AAA|AAG": {"individual": [], "joint": {"secondary": 0.8253622030103724, "primary": 0.8087186281449853}}, "AAC|AAT": {"individual": [], "joint": {"secondary": 0.772204623312324, "primary": 0.8028509275673766}}, "ACA|ACC": {"individual": [], "joint": {"secondary": 0.8079075945771518, "primary": 0.719181602858994}}, "ACA|ACG": {"individual": [], "joint": {"secondary": 0.7094258963254357, "primary": 0.864521749657935}}, "ACA|ACT": {"individual": [], "joint": {"secondary": 0.8742021791753191, "primary": 0.7756249860031464}}, "ACC|ACG": {"individual": [], "joint": {"secondary": 0.9725429000129183, "primary": 0.7038332084366784}}, "ACC|ACT": {"individual": [], "joint": {"secondary": 1.184959482996426, "primary": 0.7217823138396153}}, "ACG|ACT": {"individual": [], "joint": {"secondary": 0.9893605754572603, "primary": 0.5786199480461036}}, "AGA|AGG": {"individual": [], "joint": {"secondary": 0.8180420582703967, "primary": 0.8059367234508499}}, "AGA|CGA": {"individual": [], "joint": {"secondary": 0.295436646996461, "primary": 0.8636726127435848}}, "AGC|AGT": {"individual": [], "joint": {"secondary": 1.272556413487854, "primary": 0.6804600062724103}}, "AGG|CGG": {"individual": [], "joint": {"secondary": 0.8280018565212578, "primary": 0.668862884170759}}, "ATA|ATC": {"individual": [], "joint": {"secondary": 0.8545347845486448, "primary": 0.7850194147129458}}, "ATA|ATT": {"individual": [], "joint": {"secondary": 1.3340889218883, "primary": 0.7852292690857398}}, "ATC|ATT": {"individual": [], "joint": {"secondary": 0.6258037617134498, "primary": 0.7499311868847932}}, "CAA|CAG": {"individual": [], "joint": {"secondary": 0.7374559829486779, "primary": 0.7397178528314657}}, "CAC|CAT": {"individual": [], "joint": {"secondary": 1.045819277928302, "primary": 0.7800038733437842}}, "CCA|CCC": {"individual": [], "joint": {"secondary": 1.238497379536329, "primary": 0.8186482625182835}}, "CCA|CCG": {"individual": [], "joint": {"secondary": 0.7981634608077556, "primary": 0.7905698620390122}}, "CCA|CCT": {"individual": [], "joint": {"secondary": 0.4620482208844937, "primary": 0.715969064352172}}, "CCC|CCG": {"individual": [], "joint": {"secondary": 0.6808319568166185, "primary": 0.5993247133943896}}, "CCC|CCT": {"individual": [], "joint": {"secondary": 0.9614031171527625, "primary": 0.7248671616786131}}, "CCG|CCT": {"individual": [], "joint": {"secondary": 0.9043380070568191, "primary": 0.6174129760322964}}, "CGA|CGC": {"individual": [], "joint": {"secondary": 1.016538489493594, "primary": 0.7300091955882592}}, "CGA|CGG": {"individual": [], "joint": {"secondary": 1.025666980593327, "primary": 0.7475217399922168}}, "CGA|CGT": {"individual": [], "joint": {"secondary": 0.841293903828178, "primary": 0.7146830004964356}}, "CGC|CGG": {"individual": [], "joint": {"secondary": 2.211749786847918, "primary": 1.768159333945541}}, "CGC|CGT": {"individual": [], "joint": {"secondary": 1.887136511101188, "primary": 1.897072450247493}}, "CGG|CGT": {"individual": [], "joint": {"secondary": 0.6475426815324481, "primary": 0.6349415638410357}}, "CTA|CTC": {"individual": [], "joint": {"secondary": 0.8648315966898026, "primary": 0.7608164937656872}}, "CTA|CTG": {"individual": [], "joint": {"secondary": 0.8936185934740883, "primary": 0.7658703552115335}}, "CTA|CTT": {"individual": [], "joint": {"secondary": 0.6415142453469221, "primary": 0.8207965031961336}}, "CTA|TTA": {"individual": [], "joint": {"secondary": 0.6198094204637564, "primary": 0.7085666334835397}}, "CTC|CTG": {"individual": [], "joint": {"secondary": 0.7247694188427215, "primary": 0.6679708070250654}}, "CTC|CTT": {"individual": [], "joint": {"secondary": 0.9508576086348924, "primary": 0.7544461641808545}}, "CTG|CTT": {"individual": [], "joint": {"secondary": 1.187235257388148, "primary": 0.7139149160933377}}, "CTG|TTG": {"individual": [], "joint": {"secondary": 1.142196330738358, "primary": 0.7109389382879543}}, "GAA|GAG": {"individual": [], "joint": {"secondary": 0.9156040307511458, "primary": 0.8275324589602067}}, "GAC|GAT": {"individual": [], "joint": {"secondary": 1.276855141260513, "primary": 0.777659061443761}}, "GCA|GCC": {"individual": [], "joint": {"secondary": 0.9021684131529165, "primary": 0.7577685989586284}}, "GCA|GCG": {"individual": [], "joint": {"secondary": 1.043482787983306, "primary": 0.8762441050404075}}, "GCA|GCT": {"individual": [], "joint": {"secondary": 0.3795822680794751, "primary": 0.600207778593244}}, "GCC|GCG": {"individual": [], "joint": {"secondary": 0.7088582182677727, "primary": 0.6220548072449328}}, "GCC|GCT": {"individual": [], "joint": {"secondary": 0.833176966458981, "primary": 0.801841486035848}}, "GCG|GCT": {"individual": [], "joint": {"secondary": 0.9751398264114075, "primary": 0.6560361129684548}}, "GGA|GGC": {"individual": [], "joint": {"secondary": 1.192393642344327, "primary": 0.8215618168113292}}, "GGA|GGG": {"individual": [], "joint": {"secondary": 0.5593232262466217, "primary": 0.780527666512784}}, "GGA|GGT": {"individual": [], "joint": {"secondary": 1.303348315399183, "primary": 0.4932933067287213}}, "GGC|GGG": {"individual": [], "joint": {"secondary": 0.8881516491366068, "primary": 0.7771945129424364}}, "GGC|GGT": {"individual": [], "joint": {"secondary": 0.9606310189075579, "primary": 1.948657433323427}}, "GGG|GGT": {"individual": [], "joint": {"secondary": 2.100961378150129, "primary": 1.814067408749958}}, "GTA|GTC": {"individual": [], "joint": {"secondary": 0.8013771855551529, "primary": 1.891646778578524}}, "GTA|GTG": {"individual": [], "joint": {"secondary": 2.373577982966583, "primary": 1.7384857153953}}, "GTA|GTT": {"individual": [], "joint": {"secondary": 0.6877890750304737, "primary": 1.717794246145083}}, "GTC|GTG": {"individual": [], "joint": {"secondary": 0.7499227960371806, "primary": 1.689325506355718}}, "GTC|GTT": {"individual": [], "joint": {"secondary": 0.893409969036287, "primary": 1.977873700682496}}, "GTG|GTT": {"individual": [], "joint": {"secondary": 1.163645785489875, "primary": 0.8513212231162244}}, "TAC|TAT": {"individual": [], "joint": {"secondary": 0.8262265024624081, "primary": 0.6871722139068814}}, "TCA|TCC": {"individual": [], "joint": {"secondary": 2.322166027068601, "primary": 2.024777425903239}}, "TCA|TCG": {"individual": [], "joint": {"secondary": 1.524720952876696, "primary": 1.901653490340269}}, "TCA|TCT": {"individual": [], "joint": {"secondary": 1.100278786980584, "primary": 1.552730998062533}}, "TCC|TCG": {"individual": [], "joint": {"secondary": 1.129052938107193, "primary": 1.823383289223801}}, "TCC|TCT": {"individual": [], "joint": {"secondary": 1.024188785130193, "primary": 1.906162761796727}}, "TCG|TCT": {"individual": [], "joint": {"secondary": 0.7460841900056655, "primary": 1.740868145532981}}, "TGC|TGT": {"individual": [], "joint": {"secondary": 0.8246465945841743, "primary": 1.886644373805183}}, "TTA|TTG": {"individual": [], "joint": {"secondary": 1.158415029528878, "primary": 0.7765987719314492}}, "TTC|TTT": {"individual": [], "joint": {"secondary": 0.9870723901894317, "primary": 0.782447481488439}}, "model_mixture_p": 0.8999999999030481}