{"baseline-AICc": {"individual": [], "joint": 397142.6460247349}, "baseline-loglikelihood": {"individual": [], "joint": -194349.2336977387}, "joint-AICc": {"individual": [], "joint": 396550.8505097295}, "joint-loglikelihood": {"individual": [], "joint": -193119.7783884992}, "AAA|AAG": {"individual": [], "joint": {"secondary": 0.9275987331917301, "primary": 0.8002821783051235}}, "AAC|AAT": {"individual": [], "joint": {"secondary": 1.060738198858925, "primary": 0.8011027188131059}}, "ACA|ACC": {"individual": [], "joint": {"secondary": 0.8165645868735981, "primary": 0.7351090464669428}}, "ACA|ACG": {"individual": [], "joint": {"secondary": 0.8295892822643101, "primary": 0.7332535334049861}}, "ACA|ACT": {"individual": [], "joint": {"secondary": 1.036079520479486, "primary": 0.8084679201495565}}, "ACC|ACG": {"individual": [], "joint": {"secondary": 0.996592479526919, "primary": 0.6252928869636034}}, "ACC|ACT": {"individual": [], "joint": {"secondary": 1.259233571157165, "primary": 0.6429225969591322}}, "ACG|ACT": {"individual": [], "joint": {"secondary": 0.8372835672350332, "primary": 0.5964799582111415}}, "AGA|AGG": {"individual": [], "joint": {"secondary": 1.420430756062762, "primary": 0.6933097729009361}}, "AGA|CGA": {"individual": [], "joint": {"secondary": 0.7741808863308002, "primary": 0.6953585824880733}}, "AGC|AGT": {"individual": [], "joint": {"secondary": 1.04045551758787, "primary": 0.800231141043843}}, "AGG|CGG": {"individual": [], "joint": {"secondary": 1.078542333368444, "primary": 0.7855911836186549}}, "ATA|ATC": {"individual": [], "joint": {"secondary": 0.9624743000401431, "primary": 0.8427971585360293}}, "ATA|ATT": {"individual": [], "joint": {"secondary": 0.9697085202165163, "primary": 0.6839664416022925}}, "ATC|ATT": {"individual": [], "joint": {"secondary": 0.8336221131785013, "primary": 0.6694807867121322}}, "CAA|CAG": {"individual": [], "joint": {"secondary": 0.924186374712274, "primary": 0.7691970541560251}}, "CAC|CAT": {"individual": [], "joint": {"secondary": 0.9199565727820969, "primary": 0.7729230321421077}}, "CCA|CCC": {"individual": [], "joint": {"secondary": 0.8587016364881374, "primary": 0.7606974823306812}}, "CCA|CCG": {"individual": [], "joint": {"secondary": 1.502894851231934, "primary": 0.7234588894043373}}, "CCA|CCT": {"individual": [], "joint": {"secondary": 1.234952737265945, "primary": 0.5988676258455556}}, "CCC|CCG": {"individual": [], "joint": {"secondary": 0.9701216081003824, "primary": 0.6804445177257791}}, "CCC|CCT": {"individual": [], "joint": {"secondary": 0.8778944403877208, "primary": 0.7296594796621444}}, "CCG|CCT": {"individual": [], "joint": {"secondary": 0.8913990970053262, "primary": 0.8076391929076123}}, "CGA|CGC": {"individual": [], "joint": {"secondary": 0.8876774815730549, "primary": 0.6310499813656256}}, "CGA|CGG": {"individual": [], "joint": {"secondary": 1.05192811708742, "primary": 0.9999348966702347}}, "CGA|CGT": {"individual": [], "joint": {"secondary": 1.518280037733232, "primary": 0.8059858885308606}}, "CGC|CGG": {"individual": [], "joint": {"secondary": 1.153314367324102, "primary": 1.737230544562469}}, "CGC|CGT": {"individual": [], "joint": {"secondary": 1.121165669754417, "primary": 1.756903136260938}}, "CGG|CGT": {"individual": [], "joint": {"secondary": 0.8143504905667653, "primary": 0.9200946980709059}}, "CTA|CTC": {"individual": [], "joint": {"secondary": 0.7993733141670631, "primary": 0.65617903309408}}, "CTA|CTG": {"individual": [], "joint": {"secondary": 1.00572404756857, "primary": 0.7969832653694547}}, "CTA|CTT": {"individual": [], "joint": {"secondary": 0.9054495298417142, "primary": 0.7058269968538607}}, "CTA|TTA": {"individual": [], "joint": {"secondary": 1.088605749395552, "primary": 0.7906459817458342}}, "CTC|CTG": {"individual": [], "joint": {"secondary": 0.9543373305794992, "primary": 0.6455923140554299}}, "CTC|CTT": {"individual": [], "joint": {"secondary": 0.999148121075785, "primary": 0.6446083336508324}}, "CTG|CTT": {"individual": [], "joint": {"secondary": 0.887102625332519, "primary": 0.6796814079268798}}, "CTG|TTG": {"individual": [], "joint": {"secondary": 0.8932975759185096, "primary": 0.7123210209160197}}, "GAA|GAG": {"individual": [], "joint": {"secondary": 1.083312818468631, "primary": 0.8269502711826453}}, "GAC|GAT": {"individual": [], "joint": {"secondary": 0.829618776031998, "primary": 0.7107830295229935}}, "GCA|GCC": {"individual": [], "joint": {"secondary": 1.096750653393542, "primary": 0.6657906205880889}}, "GCA|GCG": {"individual": [], "joint": {"secondary": 0.9507200548042053, "primary": 0.7757077433066347}}, "GCA|GCT": {"individual": [], "joint": {"secondary": 1.355680580164103, "primary": 0.8590768766994505}}, "GCC|GCG": {"individual": [], "joint": {"secondary": 0.8874605332925848, "primary": 0.6845523772026066}}, "GCC|GCT": {"individual": [], "joint": {"secondary": 1.100492535861834, "primary": 0.734117360020396}}, "GCG|GCT": {"individual": [], "joint": {"secondary": 1.120090532658712, "primary": 0.6575504391745293}}, "GGA|GGC": {"individual": [], "joint": {"secondary": 0.6826682426221449, "primary": 0.716225611241736}}, "GGA|GGG": {"individual": [], "joint": {"secondary": 0.728475931702229, "primary": 0.7040091261157863}}, "GGA|GGT": {"individual": [], "joint": {"secondary": 0.9525452272623087, "primary": 0.740277518898038}}, "GGC|GGG": {"individual": [], "joint": {"secondary": 0.9417567015784294, "primary": 0.65300361054441}}, "GGC|GGT": {"individual": [], "joint": {"secondary": 0.7912201790821991, "primary": 2.009706346064795}}, "GGG|GGT": {"individual": [], "joint": {"secondary": 1.257573176983183, "primary": 2.207755254940326}}, "GTA|GTC": {"individual": [], "joint": {"secondary": 0.9736018459670104, "primary": 1.821289518601383}}, "GTA|GTG": {"individual": [], "joint": {"secondary": 0.903085671647619, "primary": 1.984019408957706}}, "GTA|GTT": {"individual": [], "joint": {"secondary": 0.910152211045394, "primary": 1.884985275298759}}, "GTC|GTG": {"individual": [], "joint": {"secondary": 1.06755634078835, "primary": 1.7028877288486}}, "GTC|GTT": {"individual": [], "joint": {"secondary": 0.9267856552358726, "primary": 1.852817959077067}}, "GTG|GTT": {"individual": [], "joint": {"secondary": 1.045655420362943, "primary": 0.6992575045734889}}, "TAC|TAT": {"individual": [], "joint": {"secondary": 1.014892792699379, "primary": 0.722729457859462}}, "TCA|TCC": {"individual": [], "joint": {"secondary": 1.616249103409681, "primary": 1.617691756066804}}, "TCA|TCG": {"individual": [], "joint": {"secondary": 1.068220883917087, "primary": 1.848811684997945}}, "TCA|TCT": {"individual": [], "joint": {"secondary": 1.028389586968511, "primary": 2.050079644446451}}, "TCC|TCG": {"individual": [], "joint": {"secondary": 1.129747532525489, "primary": 1.820395459967118}}, "TCC|TCT": {"individual": [], "joint": {"secondary": 0.8909991356843073, "primary": 1.823962432809753}}, "TCG|TCT": {"individual": [], "joint": {"secondary": 0.7352878595074587, "primary": 1.632864122171445}}, "TGC|TGT": {"individual": [], "joint": {"secondary": 0.962801769168177, "primary": 1.755114976505302}}, "TTA|TTG": {"individual": [], "joint": {"secondary": 0.8873536922431844, "primary": 0.8314460212590963}}, "TTC|TTT": {"individual": [], "joint": {"secondary": 0.9578984126592119, "primary": 0.7665701836339602}}, "model_mixture_p": 0.7498104748322066}