{"baseline-AICc": {"individual": [], "joint": 440180.8070891219}, "baseline-loglikelihood": {"individual": [], "joint": -215841.427049502}, "joint-AICc": {"individual": [], "joint": 439638.2895439627}, "joint-loglikelihood": {"individual": [], "joint": -214629.3234815879}, "AAA|AAG": {"individual": [], "joint": {"secondary": 0.8084381812042655, "primary": 0.8772880763570301}}, "AAC|AAT": {"individual": [], "joint": {"secondary": 1.127604349234305, "primary": 0.7660470869528828}}, "ACA|ACC": {"individual": [], "joint": {"secondary": 0.8350960622028067, "primary": 0.8006166428729578}}, "ACA|ACG": {"individual": [], "joint": {"secondary": 0.7890851086178937, "primary": 0.7161216048874919}}, "ACA|ACT": {"individual": [], "joint": {"secondary": 0.9309808205591207, "primary": 0.8560518254542193}}, "ACC|ACG": {"individual": [], "joint": {"secondary": 0.8388229961089734, "primary": 0.7637179481449656}}, "ACC|ACT": {"individual": [], "joint": {"secondary": 0.7547747637531776, "primary": 0.6568890213199536}}, "ACG|ACT": {"individual": [], "joint": {"secondary": 0.8892144948204845, "primary": 0.6149154020704612}}, "AGA|AGG": {"individual": [], "joint": {"secondary": 0.7463029561838557, "primary": 0.7700941247977704}}, "AGA|CGA": {"individual": [], "joint": {"secondary": 0.8417728313544558, "primary": 0.7124112593718916}}, "AGC|AGT": {"individual": [], "joint": {"secondary": 0.931056556004807, "primary": 0.7619974623346424}}, "AGG|CGG": {"individual": [], "joint": {"secondary": 0.9283316638043884, "primary": 0.6143546796990732}}, "ATA|ATC": {"individual": [], "joint": {"secondary": 0.8883220396243333, "primary": 0.8468096780765011}}, "ATA|ATT": {"individual": [], "joint": {"secondary": 0.8850730153715713, "primary": 0.6590256912665589}}, "ATC|ATT": {"individual": [], "joint": {"secondary": 1.003722814752536, "primary": 0.7364312866786485}}, "CAA|CAG": {"individual": [], "joint": {"secondary": 0.8226953213976295, "primary": 0.7751110281253656}}, "CAC|CAT": {"individual": [], "joint": {"secondary": 0.9135565769094959, "primary": 0.8791777605389117}}, "CCA|CCC": {"individual": [], "joint": {"secondary": 0.8022670527325829, "primary": 0.7273287320712729}}, "CCA|CCG": {"individual": [], "joint": {"secondary": 0.8724290099895023, "primary": 0.7590664120231356}}, "CCA|CCT": {"individual": [], "joint": {"secondary": 0.9421441719998949, "primary": 0.5884320318653443}}, "CCC|CCG": {"individual": [], "joint": {"secondary": 0.9085270368428701, "primary": 0.640947336100057}}, "CCC|CCT": {"individual": [], "joint": {"secondary": 0.7188068121567105, "primary": 0.695322639457537}}, "CCG|CCT": {"individual": [], "joint": {"secondary": 0.5785640965014004, "primary": 0.7447523287004915}}, "CGA|CGC": {"individual": [], "joint": {"secondary": 0.960179616992363, "primary": 0.8808440261116341}}, "CGA|CGG": {"individual": [], "joint": {"secondary": 0.8414562509225214, "primary": 0.8382814465990435}}, "CGA|CGT": {"individual": [], "joint": {"secondary": 0.864390741119255, "primary": 0.5157575650571897}}, "CGC|CGG": {"individual": [], "joint": {"secondary": 2.243271510647911, "primary": 1.697142312228568}}, "CGC|CGT": {"individual": [], "joint": {"secondary": 2.242560748439509, "primary": 1.735519876757067}}, "CGG|CGT": {"individual": [], "joint": {"secondary": 1.090500194191414, "primary": 0.5746398249835201}}, "CTA|CTC": {"individual": [], "joint": {"secondary": 0.8814800907350078, "primary": 0.7027035101666779}}, "CTA|CTG": {"individual": [], "joint": {"secondary": 0.8095233773303008, "primary": 0.7437373771634422}}, "CTA|CTT": {"individual": [], "joint": {"secondary": 0.8266325188435708, "primary": 0.8090849427820515}}, "CTA|TTA": {"individual": [], "joint": {"secondary": 0.8519215328387563, "primary": 0.7039630736371153}}, "CTC|CTG": {"individual": [], "joint": {"secondary": 0.8240575236161183, "primary": 0.6491574775299888}}, "CTC|CTT": {"individual": [], "joint": {"secondary": 0.9910267362047499, "primary": 0.7831219913726442}}, "CTG|CTT": {"individual": [], "joint": {"secondary": 0.9037794563069441, "primary": 0.6152033644106624}}, "CTG|TTG": {"individual": [], "joint": {"secondary": 1.000651256854555, "primary": 0.7181853639491705}}, "GAA|GAG": {"individual": [], "joint": {"secondary": 0.92258245710918, "primary": 0.7018620792833115}}, "GAC|GAT": {"individual": [], "joint": {"secondary": 0.8871974693718071, "primary": 0.735647481110523}}, "GCA|GCC": {"individual": [], "joint": {"secondary": 0.8566134277791545, "primary": 0.7504709018968592}}, "GCA|GCG": {"individual": [], "joint": {"secondary": 0.7472809787739965, "primary": 0.8128571767037222}}, "GCA|GCT": {"individual": [], "joint": {"secondary": 0.6590880401719409, "primary": 0.5368555399433523}}, "GCC|GCG": {"individual": [], "joint": {"secondary": 0.8582621946906517, "primary": 0.6760774801920125}}, "GCC|GCT": {"individual": [], "joint": {"secondary": 0.9623593113568512, "primary": 0.7125716095841916}}, "GCG|GCT": {"individual": [], "joint": {"secondary": 0.9054787198415716, "primary": 0.7642209850471265}}, "GGA|GGC": {"individual": [], "joint": {"secondary": 0.8847964479110543, "primary": 0.9766185877682624}}, "GGA|GGG": {"individual": [], "joint": {"secondary": 0.8194267292462598, "primary": 0.7585297562009669}}, "GGA|GGT": {"individual": [], "joint": {"secondary": 0.9367208304977537, "primary": 0.4143677614869946}}, "GGC|GGG": {"individual": [], "joint": {"secondary": 0.8359282164975668, "primary": 0.6140123013079313}}, "GGC|GGT": {"individual": [], "joint": {"secondary": 1.050790092919646, "primary": 1.607108751569253}}, "GGG|GGT": {"individual": [], "joint": {"secondary": 2.407437019382327, "primary": 1.52187989654024}}, "GTA|GTC": {"individual": [], "joint": {"secondary": 0.8430261084046758, "primary": 1.780750496370247}}, "GTA|GTG": {"individual": [], "joint": {"secondary": 2.262417124901006, "primary": 2.03457885765031}}, "GTA|GTT": {"individual": [], "joint": {"secondary": 0.7281841425037343, "primary": 2.077165586836507}}, "GTC|GTG": {"individual": [], "joint": {"secondary": 0.9626092066995164, "primary": 1.779430752003355}}, "GTC|GTT": {"individual": [], "joint": {"secondary": 0.9339882228934004, "primary": 2.028519162143672}}, "GTG|GTT": {"individual": [], "joint": {"secondary": 0.9748838960314378, "primary": 0.6890065062660664}}, "TAC|TAT": {"individual": [], "joint": {"secondary": 0.9949702529563917, "primary": 0.8020373552359883}}, "TCA|TCC": {"individual": [], "joint": {"secondary": 2.073512476806224, "primary": 2.063282389063776}}, "TCA|TCG": {"individual": [], "joint": {"secondary": 2.100633814846877, "primary": 2.188761303933438}}, "TCA|TCT": {"individual": [], "joint": {"secondary": 0.8722812410887956, "primary": 1.811175489004636}}, "TCC|TCG": {"individual": [], "joint": {"secondary": 0.9760005854213379, "primary": 1.529059414872171}}, "TCC|TCT": {"individual": [], "joint": {"secondary": 0.9719395405671002, "primary": 2.170940085913886}}, "TCG|TCT": {"individual": [], "joint": {"secondary": 0.9330051605451949, "primary": 1.825551571398085}}, "TGC|TGT": {"individual": [], "joint": {"secondary": 0.8469955520805911, "primary": 2.170609511572576}}, "TTA|TTG": {"individual": [], "joint": {"secondary": 0.8741355410000285, "primary": 0.8318044726764069}}, "TTC|TTT": {"individual": [], "joint": {"secondary": 0.8284349105339062, "primary": 0.7039945245081934}}, "model_mixture_p": 0.500000010334169}