{"baseline-AICc": {"individual": [], "joint": 439563.1798692789}, "baseline-loglikelihood": {"individual": [], "joint": -215532.6134395805}, "joint-AICc": {"individual": [], "joint": 439373.1341742922}, "joint-loglikelihood": {"individual": [], "joint": -214496.7457967527}, "AAA|AAG": {"individual": [], "joint": {"secondary": 0.8900192818132661, "primary": 0.7390584060478992}}, "AAC|AAT": {"individual": [], "joint": {"secondary": 0.9537795760106702, "primary": 0.8325293665729482}}, "ACA|ACC": {"individual": [], "joint": {"secondary": 1.001641529435473, "primary": 0.5009851736950891}}, "ACA|ACG": {"individual": [], "joint": {"secondary": 0.8441106593271287, "primary": 0.9335887025278297}}, "ACA|ACT": {"individual": [], "joint": {"secondary": 0.8383501434142524, "primary": 0.8646846147337461}}, "ACC|ACG": {"individual": [], "joint": {"secondary": 0.8504899605477837, "primary": 0.7277306492392901}}, "ACC|ACT": {"individual": [], "joint": {"secondary": 0.9378689508040334, "primary": 0.7420011314308037}}, "ACG|ACT": {"individual": [], "joint": {"secondary": 0.9021414169379733, "primary": 0.6020514970356432}}, "AGA|AGG": {"individual": [], "joint": {"secondary": 0.9389715558766271, "primary": 0.8070469569777244}}, "AGA|CGA": {"individual": [], "joint": {"secondary": 0.9989549382903885, "primary": 0.6675482507470384}}, "AGC|AGT": {"individual": [], "joint": {"secondary": 0.8428860047531374, "primary": 0.9138013440132575}}, "AGG|CGG": {"individual": [], "joint": {"secondary": 0.871147142543425, "primary": 0.9214421604357305}}, "ATA|ATC": {"individual": [], "joint": {"secondary": 0.8453696962719199, "primary": 0.8975361581558589}}, "ATA|ATT": {"individual": [], "joint": {"secondary": 1.060221306907778, "primary": 0.5491920704463822}}, "ATC|ATT": {"individual": [], "joint": {"secondary": 0.9691668651827745, "primary": 0.7612687136936518}}, "CAA|CAG": {"individual": [], "joint": {"secondary": 0.8927247148541488, "primary": 0.7856454535511335}}, "CAC|CAT": {"individual": [], "joint": {"secondary": 0.9632176898160272, "primary": 0.8035727897500048}}, "CCA|CCC": {"individual": [], "joint": {"secondary": 0.8342061807531519, "primary": 0.5269765373456039}}, "CCA|CCG": {"individual": [], "joint": {"secondary": 0.7367018543241034, "primary": 0.7544068119385994}}, "CCA|CCT": {"individual": [], "joint": {"secondary": 0.9968298468090578, "primary": 0.8157042914871617}}, "CCC|CCG": {"individual": [], "joint": {"secondary": 0.8358933986439757, "primary": 0.6899568535100221}}, "CCC|CCT": {"individual": [], "joint": {"secondary": 0.8409305323645, "primary": 0.893538170676424}}, "CCG|CCT": {"individual": [], "joint": {"secondary": 0.7730788457234173, "primary": 0.6960105225563946}}, "CGA|CGC": {"individual": [], "joint": {"secondary": 0.7915116351225026, "primary": 0.8998903156824022}}, "CGA|CGG": {"individual": [], "joint": {"secondary": 0.8242047349076725, "primary": 0.8647317694382749}}, "CGA|CGT": {"individual": [], "joint": {"secondary": 1.281172705462856, "primary": 0.4049194015314124}}, "CGC|CGG": {"individual": [], "joint": {"secondary": 2.302896414572356, "primary": 1.777453952701168}}, "CGC|CGT": {"individual": [], "joint": {"secondary": 2.23672901650765, "primary": 1.643697043165319}}, "CGG|CGT": {"individual": [], "joint": {"secondary": 0.8844560419351826, "primary": 0.6175272582638016}}, "CTA|CTC": {"individual": [], "joint": {"secondary": 0.993816439339804, "primary": 0.8683036414109547}}, "CTA|CTG": {"individual": [], "joint": {"secondary": 0.8488748106425059, "primary": 0.8457980183607096}}, "CTA|CTT": {"individual": [], "joint": {"secondary": 0.8781545391960418, "primary": 0.7860826394054288}}, "CTA|TTA": {"individual": [], "joint": {"secondary": 0.7656643397390869, "primary": 0.6532744825223886}}, "CTC|CTG": {"individual": [], "joint": {"secondary": 0.8696241550152563, "primary": 0.7370517661002071}}, "CTC|CTT": {"individual": [], "joint": {"secondary": 0.8721444350107446, "primary": 0.7905486030666916}}, "CTG|CTT": {"individual": [], "joint": {"secondary": 0.8946314051960926, "primary": 0.7961655318842413}}, "CTG|TTG": {"individual": [], "joint": {"secondary": 1.019595795676728, "primary": 0.6200383692756436}}, "GAA|GAG": {"individual": [], "joint": {"secondary": 0.897468771770142, "primary": 0.7137958739640903}}, "GAC|GAT": {"individual": [], "joint": {"secondary": 0.9440838210408373, "primary": 0.678620151728426}}, "GCA|GCC": {"individual": [], "joint": {"secondary": 0.9140785972094295, "primary": 0.7716716258512378}}, "GCA|GCG": {"individual": [], "joint": {"secondary": 0.761408746384139, "primary": 0.7206751925998975}}, "GCA|GCT": {"individual": [], "joint": {"secondary": 0.9298186372931543, "primary": 0.6039243435866324}}, "GCC|GCG": {"individual": [], "joint": {"secondary": 0.7963778059888061, "primary": 0.6762076062645364}}, "GCC|GCT": {"individual": [], "joint": {"secondary": 0.8378145847223043, "primary": 0.8848034832997382}}, "GCG|GCT": {"individual": [], "joint": {"secondary": 0.9342641678310232, "primary": 0.6066413379270096}}, "GGA|GGC": {"individual": [], "joint": {"secondary": 0.8555333392366222, "primary": 0.6232105719896185}}, "GGA|GGG": {"individual": [], "joint": {"secondary": 0.8228013986904348, "primary": 0.7652697180911754}}, "GGA|GGT": {"individual": [], "joint": {"secondary": 0.8801622451938441, "primary": 0.5555092850600628}}, "GGC|GGG": {"individual": [], "joint": {"secondary": 0.8968713307341692, "primary": 0.7285822761040207}}, "GGC|GGT": {"individual": [], "joint": {"secondary": 0.8261715397603787, "primary": 1.804262738096001}}, "GGG|GGT": {"individual": [], "joint": {"secondary": 2.123807773123128, "primary": 1.367982520998247}}, "GTA|GTC": {"individual": [], "joint": {"secondary": 0.8672450131239267, "primary": 2.308519970398527}}, "GTA|GTG": {"individual": [], "joint": {"secondary": 2.080939329212188, "primary": 1.832848600225367}}, "GTA|GTT": {"individual": [], "joint": {"secondary": 0.7870149331307188, "primary": 1.643678414767849}}, "GTC|GTG": {"individual": [], "joint": {"secondary": 0.8245743894208802, "primary": 1.719767947336936}}, "GTC|GTT": {"individual": [], "joint": {"secondary": 0.9509823599438432, "primary": 2.024839757114155}}, "GTG|GTT": {"individual": [], "joint": {"secondary": 0.7825924255431099, "primary": 0.7716353525920012}}, "TAC|TAT": {"individual": [], "joint": {"secondary": 0.7687615660593697, "primary": 0.7138163309365603}}, "TCA|TCC": {"individual": [], "joint": {"secondary": 2.096450509769776, "primary": 1.699227298099277}}, "TCA|TCG": {"individual": [], "joint": {"secondary": 1.830345331164025, "primary": 1.82931885319345}}, "TCA|TCT": {"individual": [], "joint": {"secondary": 1.163681998895379, "primary": 2.141285324744672}}, "TCC|TCG": {"individual": [], "joint": {"secondary": 0.9192970874046633, "primary": 1.759801013539714}}, "TCC|TCT": {"individual": [], "joint": {"secondary": 0.8602822258830138, "primary": 1.752958322342854}}, "TCG|TCT": {"individual": [], "joint": {"secondary": 0.7761261654336818, "primary": 1.809043879469528}}, "TGC|TGT": {"individual": [], "joint": {"secondary": 1.028948047230866, "primary": 2.221536371150983}}, "TTA|TTG": {"individual": [], "joint": {"secondary": 0.8667113394380731, "primary": 0.7922321161283514}}, "TTC|TTT": {"individual": [], "joint": {"secondary": 0.8932059596385905, "primary": 0.746574303022197}}, "model_mixture_p": 0.4000075086511701}