{"baseline-AICc": {"individual": [], "joint": 354571.0545076261}, "baseline-loglikelihood": {"individual": [], "joint": -173099.8187153697}, "joint-AICc": {"individual": [], "joint": 354770.6178887564}, "joint-loglikelihood": {"individual": [], "joint": -172274.0871057085}, "AAA|AAG": {"individual": [], "joint": {"secondary": 0.7564629606824913, "primary": 0.9442713510860042}}, "AAC|AAT": {"individual": [], "joint": {"secondary": 0.8000674909776292, "primary": 0.8702334812416425}}, "ACA|ACC": {"individual": [], "joint": {"secondary": 0.7095299932472652, "primary": 0.9028910310561217}}, "ACA|ACG": {"individual": [], "joint": {"secondary": 0.9442838721466358, "primary": 0.9834625536879563}}, "ACA|ACT": {"individual": [], "joint": {"secondary": 0.8827161270104446, "primary": 1.154324880951855}}, "ACC|ACG": {"individual": [], "joint": {"secondary": 0.6753506411276003, "primary": 0.8386483196488658}}, "ACC|ACT": {"individual": [], "joint": {"secondary": 0.7104536893500684, "primary": 0.7743992531082795}}, "ACG|ACT": {"individual": [], "joint": {"secondary": 0.4450400738870909, "primary": 1.083918542269557}}, "AGA|AGG": {"individual": [], "joint": {"secondary": 0.9619612505290674, "primary": 1.000450354292836}}, "AGA|CGA": {"individual": [], "joint": {"secondary": 0.7557677469647995, "primary": 0.8151939602265746}}, "AGC|AGT": {"individual": [], "joint": {"secondary": 0.7864593000017159, "primary": 1.068091557078261}}, "AGG|CGG": {"individual": [], "joint": {"secondary": 0.71032498809171, "primary": 1.110044034486311}}, "ATA|ATC": {"individual": [], "joint": {"secondary": 0.7913448704053438, "primary": 1.009522896806372}}, "ATA|ATT": {"individual": [], "joint": {"secondary": 0.821326460321726, "primary": 1.07425028033801}}, "ATC|ATT": {"individual": [], "joint": {"secondary": 0.6568375134011891, "primary": 0.9208709111501897}}, "CAA|CAG": {"individual": [], "joint": {"secondary": 0.7864764658298542, "primary": 0.8973894500234717}}, "CAC|CAT": {"individual": [], "joint": {"secondary": 0.8283370680164858, "primary": 1.022502487163502}}, "CCA|CCC": {"individual": [], "joint": {"secondary": 0.679923702426621, "primary": 1.451438277920568}}, "CCA|CCG": {"individual": [], "joint": {"secondary": 0.6699634721915259, "primary": 1.120261416871366}}, "CCA|CCT": {"individual": [], "joint": {"secondary": 0.6170855037787236, "primary": 0.7394709269535842}}, "CCC|CCG": {"individual": [], "joint": {"secondary": 0.6688252873188058, "primary": 0.9229184836835986}}, "CCC|CCT": {"individual": [], "joint": {"secondary": 0.6787589527608175, "primary": 1.079900461152787}}, "CCG|CCT": {"individual": [], "joint": {"secondary": 0.6671567584600274, "primary": 0.997843216534976}}, "CGA|CGC": {"individual": [], "joint": {"secondary": 0.7468496985562173, "primary": 1.011260979847731}}, "CGA|CGG": {"individual": [], "joint": {"secondary": 0.8791705905906413, "primary": 1.037280943643155}}, "CGA|CGT": {"individual": [], "joint": {"secondary": 0.6364800096161677, "primary": 0.993105479263694}}, "CGC|CGG": {"individual": [], "joint": {"secondary": 1.916342302445467, "primary": 1.174261313235166}}, "CGC|CGT": {"individual": [], "joint": {"secondary": 1.945697261885253, "primary": 0.8317205159531424}}, "CGG|CGT": {"individual": [], "joint": {"secondary": 0.7195112438233587, "primary": 1.060448455494458}}, "CTA|CTC": {"individual": [], "joint": {"secondary": 0.8103062176930349, "primary": 1.017642151845392}}, "CTA|CTG": {"individual": [], "joint": {"secondary": 0.8301063803123802, "primary": 0.7736056325321046}}, "CTA|CTT": {"individual": [], "joint": {"secondary": 0.6384214654643836, "primary": 0.9384027371613697}}, "CTA|TTA": {"individual": [], "joint": {"secondary": 0.5963266900872238, "primary": 1.089615385406352}}, "CTC|CTG": {"individual": [], "joint": {"secondary": 0.7025330499892196, "primary": 1.057759363472759}}, "CTC|CTT": {"individual": [], "joint": {"secondary": 0.7556233209324887, "primary": 1.032804423962595}}, "CTG|CTT": {"individual": [], "joint": {"secondary": 0.7442243213175965, "primary": 0.98009743925281}}, "CTG|TTG": {"individual": [], "joint": {"secondary": 0.7470410119120835, "primary": 0.8643827155366178}}, "GAA|GAG": {"individual": [], "joint": {"secondary": 0.7568894655233311, "primary": 0.9349097387918217}}, "GAC|GAT": {"individual": [], "joint": {"secondary": 0.7210851475685898, "primary": 1.073206772762895}}, "GCA|GCC": {"individual": [], "joint": {"secondary": 0.8554697411540427, "primary": 1.053195291483158}}, "GCA|GCG": {"individual": [], "joint": {"secondary": 0.7634284282875253, "primary": 1.136773456013941}}, "GCA|GCT": {"individual": [], "joint": {"secondary": 0.8232533076386107, "primary": 1.176055866057952}}, "GCC|GCG": {"individual": [], "joint": {"secondary": 0.5964031029464788, "primary": 0.8974307286070639}}, "GCC|GCT": {"individual": [], "joint": {"secondary": 0.7850470485025425, "primary": 0.866908223066965}}, "GCG|GCT": {"individual": [], "joint": {"secondary": 0.8054977557603964, "primary": 1.082844393623882}}, "GGA|GGC": {"individual": [], "joint": {"secondary": 0.6693021636457606, "primary": 0.774704535528611}}, "GGA|GGG": {"individual": [], "joint": {"secondary": 0.783082882743663, "primary": 0.8736893407808731}}, "GGA|GGT": {"individual": [], "joint": {"secondary": 0.5697990857871368, "primary": 1.402664066537063}}, "GGC|GGG": {"individual": [], "joint": {"secondary": 0.6984133746013743, "primary": 0.9929429742572334}}, "GGC|GGT": {"individual": [], "joint": {"secondary": 1.960557502124566, "primary": 0.8090024291169393}}, "GGG|GGT": {"individual": [], "joint": {"secondary": 1.640452076558431, "primary": 0.9918304004657881}}, "GTA|GTC": {"individual": [], "joint": {"secondary": 2.01567617117403, "primary": 0.8949994822352199}}, "GTA|GTG": {"individual": [], "joint": {"secondary": 2.07481448233466, "primary": 0.993494248851454}}, "GTA|GTT": {"individual": [], "joint": {"secondary": 1.805157303942028, "primary": 0.990727298659413}}, "GTC|GTG": {"individual": [], "joint": {"secondary": 1.649686819061956, "primary": 1.067233861790308}}, "GTC|GTT": {"individual": [], "joint": {"secondary": 2.158785081447999, "primary": 0.9901207259848159}}, "GTG|GTT": {"individual": [], "joint": {"secondary": 0.6810546099980833, "primary": 0.8446844623365597}}, "TAC|TAT": {"individual": [], "joint": {"secondary": 0.8351487245080179, "primary": 1.123848866978486}}, "TCA|TCC": {"individual": [], "joint": {"secondary": 1.876208514526581, "primary": 0.8458123965958747}}, "TCA|TCG": {"individual": [], "joint": {"secondary": 1.784054534251958, "primary": 0.8730477752737065}}, "TCA|TCT": {"individual": [], "joint": {"secondary": 1.591698874887497, "primary": 1.366795800391109}}, "TCC|TCG": {"individual": [], "joint": {"secondary": 1.708531183486963, "primary": 0.8692531026257018}}, "TCC|TCT": {"individual": [], "joint": {"secondary": 1.763061102132525, "primary": 1.078216496158005}}, "TCG|TCT": {"individual": [], "joint": {"secondary": 1.724462858938663, "primary": 0.9016924279404132}}, "TGC|TGT": {"individual": [], "joint": {"secondary": 1.70339576325092, "primary": 1.152471176679227}}, "TTA|TTG": {"individual": [], "joint": {"secondary": 0.7918894532671782, "primary": 1.160786481083668}}, "TTC|TTT": {"individual": [], "joint": {"secondary": 0.7346056863953228, "primary": 1.135971514981807}}, "model_mixture_p": 0.5000000179169074}