{"baseline-AICc": {"individual": [], "joint": 354967.1212695448}, "baseline-loglikelihood": {"individual": [], "joint": -174146.8596330932}, "joint-AICc": {"individual": [], "joint": 356031.6570891593}, "joint-loglikelihood": {"individual": [], "joint": -173779.4099513762}, "AAA|AAG": {"individual": [], "joint": {"secondary": 0.8082974500340822, "primary": 0.9104786930276233}}, "AAC|AAT": {"individual": [], "joint": {"secondary": 0.9384932206456016, "primary": 1.148386508616278}}, "ACA|ACC": {"individual": [], "joint": {"secondary": 0.7929479481414957, "primary": 1.146750930599996}}, "ACA|ACG": {"individual": [], "joint": {"secondary": 0.9534045687236369, "primary": 0.8839398038570295}}, "ACA|ACT": {"individual": [], "joint": {"secondary": 0.88508001153114, "primary": 0.9034992539762315}}, "ACC|ACG": {"individual": [], "joint": {"secondary": 0.8576446758025634, "primary": 0.9719248502619133}}, "ACC|ACT": {"individual": [], "joint": {"secondary": 1.007037581805033, "primary": 1.062636128121494}}, "ACG|ACT": {"individual": [], "joint": {"secondary": 1.014741797765266, "primary": 0.8715375803692584}}, "AGA|AGG": {"individual": [], "joint": {"secondary": 1.064991036467993, "primary": 0.9837240742884783}}, "AGA|CGA": {"individual": [], "joint": {"secondary": 1.027890773702633, "primary": 1.066522536120864}}, "AGC|AGT": {"individual": [], "joint": {"secondary": 0.7698765786458736, "primary": 1.06348357572859}}, "AGG|CGG": {"individual": [], "joint": {"secondary": 0.7626319077787498, "primary": 0.8594333293778447}}, "ATA|ATC": {"individual": [], "joint": {"secondary": 0.8165691880854024, "primary": 0.8752296162969435}}, "ATA|ATT": {"individual": [], "joint": {"secondary": 0.9632716677980618, "primary": 0.9960365930146627}}, "ATC|ATT": {"individual": [], "joint": {"secondary": 1.005713057103642, "primary": 0.8652009171691619}}, "CAA|CAG": {"individual": [], "joint": {"secondary": 0.979922513962599, "primary": 0.9045754166464267}}, "CAC|CAT": {"individual": [], "joint": {"secondary": 0.8036433677707665, "primary": 0.9757993299375429}}, "CCA|CCC": {"individual": [], "joint": {"secondary": 1.338600667714263, "primary": 0.8846210185694482}}, "CCA|CCG": {"individual": [], "joint": {"secondary": 0.9523493886319078, "primary": 0.9302878104061184}}, "CCA|CCT": {"individual": [], "joint": {"secondary": 0.6413255528378847, "primary": 0.7277446211397849}}, "CCC|CCG": {"individual": [], "joint": {"secondary": 0.8653995006378091, "primary": 0.8967164557405009}}, "CCC|CCT": {"individual": [], "joint": {"secondary": 0.9941497166308241, "primary": 1.029142016697952}}, "CCG|CCT": {"individual": [], "joint": {"secondary": 1.110221836419099, "primary": 0.9266065504672871}}, "CGA|CGC": {"individual": [], "joint": {"secondary": 1.282803382555847, "primary": 0.9349157688012191}}, "CGA|CGG": {"individual": [], "joint": {"secondary": 0.8627921267650774, "primary": 0.8733693152914446}}, "CGA|CGT": {"individual": [], "joint": {"secondary": 0.3572846390892142, "primary": 0.6312721657360462}}, "CGC|CGG": {"individual": [], "joint": {"secondary": 2.637315515863133, "primary": 2.353184746532079}}, "CGC|CGT": {"individual": [], "joint": {"secondary": 2.156678490873904, "primary": 2.257518439827192}}, "CGG|CGT": {"individual": [], "joint": {"secondary": 0.348373545575689, "primary": 1.090207739348368}}, "CTA|CTC": {"individual": [], "joint": {"secondary": 0.9760621408027543, "primary": 0.8357372562354258}}, "CTA|CTG": {"individual": [], "joint": {"secondary": 0.7805193898998873, "primary": 1.098700593113973}}, "CTA|CTT": {"individual": [], "joint": {"secondary": 1.031239664766492, "primary": 0.9678596143559742}}, "CTA|TTA": {"individual": [], "joint": {"secondary": 1.069885866226031, "primary": 1.039344034201659}}, "CTC|CTG": {"individual": [], "joint": {"secondary": 0.9488382496369492, "primary": 0.9009865421842522}}, "CTC|CTT": {"individual": [], "joint": {"secondary": 0.8758532379392903, "primary": 0.966245768631812}}, "CTG|CTT": {"individual": [], "joint": {"secondary": 1.096284829423284, "primary": 0.8922309617230875}}, "CTG|TTG": {"individual": [], "joint": {"secondary": 0.9731155299101438, "primary": 0.9064081569073296}}, "GAA|GAG": {"individual": [], "joint": {"secondary": 0.7970095598259404, "primary": 0.9255826186339986}}, "GAC|GAT": {"individual": [], "joint": {"secondary": 1.183592439541324, "primary": 0.7810892436361451}}, "GCA|GCC": {"individual": [], "joint": {"secondary": 1.098298853554819, "primary": 1.111970134361463}}, "GCA|GCG": {"individual": [], "joint": {"secondary": 0.835853573979271, "primary": 0.9273651755073383}}, "GCA|GCT": {"individual": [], "joint": {"secondary": 0.8207406007444521, "primary": 0.7114780055235691}}, "GCC|GCG": {"individual": [], "joint": {"secondary": 1.000102919929047, "primary": 0.8699373011755299}}, "GCC|GCT": {"individual": [], "joint": {"secondary": 1.033691642735372, "primary": 1.03440525724133}}, "GCG|GCT": {"individual": [], "joint": {"secondary": 0.7496532860936096, "primary": 1.103180898559505}}, "GGA|GGC": {"individual": [], "joint": {"secondary": 0.5662392127235838, "primary": 0.8306053120308213}}, "GGA|GGG": {"individual": [], "joint": {"secondary": 1.112321428496281, "primary": 1.068202426673014}}, "GGA|GGT": {"individual": [], "joint": {"secondary": 1.023831716141116, "primary": 0.383755348699541}}, "GGC|GGG": {"individual": [], "joint": {"secondary": 0.9656034929032064, "primary": 0.8973078797037085}}, "GGC|GGT": {"individual": [], "joint": {"secondary": 1.049686779329452, "primary": 0.8640961995931232}}, "GGG|GGT": {"individual": [], "joint": {"secondary": 1.195267610734883, "primary": 1.073373750743173}}, "GTA|GTC": {"individual": [], "joint": {"secondary": 0.904623689273065, "primary": 0.9594655360192695}}, "GTA|GTG": {"individual": [], "joint": {"secondary": 0.9217483065417741, "primary": 1.035814603930356}}, "GTA|GTT": {"individual": [], "joint": {"secondary": 1.279268327203736, "primary": 0.9263606434840681}}, "GTC|GTG": {"individual": [], "joint": {"secondary": 0.8479567417232426, "primary": 0.8845059953231684}}, "GTC|GTT": {"individual": [], "joint": {"secondary": 0.9361378576230955, "primary": 1.042927933648435}}, "GTG|GTT": {"individual": [], "joint": {"secondary": 1.189165014987178, "primary": 0.8560817706736221}}, "TAC|TAT": {"individual": [], "joint": {"secondary": 0.780641783560752, "primary": 0.9923816228044023}}, "TCA|TCC": {"individual": [], "joint": {"secondary": 0.7563648835342006, "primary": 0.9309629614645135}}, "TCA|TCG": {"individual": [], "joint": {"secondary": 2.306661638700129, "primary": 2.198649787150434}}, "TCA|TCT": {"individual": [], "joint": {"secondary": 1.019704261480695, "primary": 1.387302423026155}}, "TCC|TCG": {"individual": [], "joint": {"secondary": 0.835983858391554, "primary": 0.9703842206274038}}, "TCC|TCT": {"individual": [], "joint": {"secondary": 1.079325270900787, "primary": 0.9104664704816376}}, "TCG|TCT": {"individual": [], "joint": {"secondary": 0.8071816692419542, "primary": 1.013845566407714}}, "TGC|TGT": {"individual": [], "joint": {"secondary": 0.9553674208375543, "primary": 1.004346690757581}}, "TTA|TTG": {"individual": [], "joint": {"secondary": 1.042281462429007, "primary": 0.7994890229186519}}, "TTC|TTT": {"individual": [], "joint": {"secondary": 1.154444078874878, "primary": 0.8724064858790298}}, "model_mixture_p": 0.624860668570382}