{"baseline-AICc": {"individual": [], "joint": 348660.8410091563}, "baseline-loglikelihood": {"individual": [], "joint": -170993.719502899}, "joint-AICc": {"individual": [], "joint": 347502.2006411896}, "joint-loglikelihood": {"individual": [], "joint": -169514.6817273914}, "AAA|AAG": {"individual": [], "joint": {"secondary": 0.5689338627310582, "primary": 0.6833301635475474}}, "AAC|AAT": {"individual": [], "joint": {"secondary": 0.693269839605037, "primary": 0.5798612755052284}}, "ACA|ACC": {"individual": [], "joint": {"secondary": 0.7426982118813621, "primary": 0.5884878439650844}}, "ACA|ACG": {"individual": [], "joint": {"secondary": 0.6206063999060649, "primary": 0.6717485841749442}}, "ACA|ACT": {"individual": [], "joint": {"secondary": 0.37814332395919, "primary": 0.4861618164821763}}, "ACC|ACG": {"individual": [], "joint": {"secondary": 0.4724633059143509, "primary": 0.5823381844074668}}, "ACC|ACT": {"individual": [], "joint": {"secondary": 0.389724715413978, "primary": 0.6104273320286159}}, "ACG|ACT": {"individual": [], "joint": {"secondary": 0.5934249002448483, "primary": 0.4120295270230619}}, "AGA|AGG": {"individual": [], "joint": {"secondary": 0.6859830001847765, "primary": 0.603224246847593}}, "AGA|CGA": {"individual": [], "joint": {"secondary": 0.6416315440647891, "primary": 0.5885724048325215}}, "AGC|AGT": {"individual": [], "joint": {"secondary": 0.8576152539665584, "primary": 0.3959327496211167}}, "AGG|CGG": {"individual": [], "joint": {"secondary": 0.4473766073370674, "primary": 0.4620799683223806}}, "ATA|ATC": {"individual": [], "joint": {"secondary": 0.640247856502773, "primary": 0.6155793747013045}}, "ATA|ATT": {"individual": [], "joint": {"secondary": 0.7874272925189008, "primary": 0.5740734518275651}}, "ATC|ATT": {"individual": [], "joint": {"secondary": 0.5708937728200005, "primary": 0.639296666643663}}, "CAA|CAG": {"individual": [], "joint": {"secondary": 0.7054123900502458, "primary": 0.6505559908555337}}, "CAC|CAT": {"individual": [], "joint": {"secondary": 0.654117137277519, "primary": 0.6703811345551252}}, "CCA|CCC": {"individual": [], "joint": {"secondary": 1.322068330636803, "primary": 1.579329120869681}}, "CCA|CCG": {"individual": [], "joint": {"secondary": 0.6185588087967827, "primary": 0.6115786834180619}}, "CCA|CCT": {"individual": [], "joint": {"secondary": 1.351567312873505, "primary": 1.251216328850969}}, "CCC|CCG": {"individual": [], "joint": {"secondary": 1.334745210677126, "primary": 1.346855990358019}}, "CCC|CCT": {"individual": [], "joint": {"secondary": 1.637091041701318, "primary": 1.70506130386522}}, "CCG|CCT": {"individual": [], "joint": {"secondary": 0.5831613226249651, "primary": 0.6003502783173943}}, "CGA|CGC": {"individual": [], "joint": {"secondary": 0.6681246304674707, "primary": 1.457075447717153}}, "CGA|CGG": {"individual": [], "joint": {"secondary": 1.912513580001732, "primary": 1.645945311118301}}, "CGA|CGT": {"individual": [], "joint": {"secondary": 1.576504097093877, "primary": 1.322521802781846}}, "CGC|CGG": {"individual": [], "joint": {"secondary": 1.533856530649522, "primary": 1.22564332924384}}, "CGC|CGT": {"individual": [], "joint": {"secondary": 1.338267572901077, "primary": 1.649055708108556}}, "CGG|CGT": {"individual": [], "joint": {"secondary": 1.026028431158508, "primary": 1.096282141513295}}, "CTA|CTC": {"individual": [], "joint": {"secondary": 0.7603129907592069, "primary": 0.5647489620848588}}, "CTA|CTG": {"individual": [], "joint": {"secondary": 0.6321711902271013, "primary": 0.633318678254508}}, "CTA|CTT": {"individual": [], "joint": {"secondary": 0.3628755606659386, "primary": 0.4873124827783831}}, "CTA|TTA": {"individual": [], "joint": {"secondary": 0.795864317968769, "primary": 0.5376689135591342}}, "CTC|CTG": {"individual": [], "joint": {"secondary": 0.565054239922083, "primary": 0.4537004710422185}}, "CTC|CTT": {"individual": [], "joint": {"secondary": 0.5415390477099684, "primary": 0.4707130885386819}}, "CTG|CTT": {"individual": [], "joint": {"secondary": 0.5586400272534997, "primary": 0.5423742264517888}}, "CTG|TTG": {"individual": [], "joint": {"secondary": 0.5540566973441631, "primary": 0.6122685904620541}}, "GAA|GAG": {"individual": [], "joint": {"secondary": 0.6798663680729253, "primary": 0.6388098770466155}}, "GAC|GAT": {"individual": [], "joint": {"secondary": 0.5244566698893505, "primary": 0.5752070104059305}}, "GCA|GCC": {"individual": [], "joint": {"secondary": 0.761383437922805, "primary": 0.6054665801197789}}, "GCA|GCG": {"individual": [], "joint": {"secondary": 0.6227523653424025, "primary": 0.6170025758102148}}, "GCA|GCT": {"individual": [], "joint": {"secondary": 0.3231523888850841, "primary": 0.511820613854595}}, "GCC|GCG": {"individual": [], "joint": {"secondary": 1.121968459125674, "primary": 1.241019749095233}}, "GCC|GCT": {"individual": [], "joint": {"secondary": 1.926155403216128, "primary": 1.446507117316717}}, "GCG|GCT": {"individual": [], "joint": {"secondary": 1.000465677931828, "primary": 1.443576643263125}}, "GGA|GGC": {"individual": [], "joint": {"secondary": 1.490742227582892, "primary": 1.724019574551198}}, "GGA|GGG": {"individual": [], "joint": {"secondary": 1.951009651217647, "primary": 1.522621779340746}}, "GGA|GGT": {"individual": [], "joint": {"secondary": 0.9309307133364135, "primary": 1.338672485263066}}, "GGC|GGG": {"individual": [], "joint": {"secondary": 1.202498110171173, "primary": 1.184756174073981}}, "GGC|GGT": {"individual": [], "joint": {"secondary": 1.720224344300008, "primary": 1.501654907819787}}, "GGG|GGT": {"individual": [], "joint": {"secondary": 1.402387992881783, "primary": 1.597843145632148}}, "GTA|GTC": {"individual": [], "joint": {"secondary": 1.74110042120907, "primary": 1.528983825371432}}, "GTA|GTG": {"individual": [], "joint": {"secondary": 1.61172566161932, "primary": 1.696756500567362}}, "GTA|GTT": {"individual": [], "joint": {"secondary": 1.468543722017126, "primary": 1.14569942534141}}, "GTC|GTG": {"individual": [], "joint": {"secondary": 1.215213006192307, "primary": 1.285730139671381}}, "GTC|GTT": {"individual": [], "joint": {"secondary": 1.409677756635188, "primary": 1.553655395715039}}, "GTG|GTT": {"individual": [], "joint": {"secondary": 1.097428186952925, "primary": 1.249265134740423}}, "TAC|TAT": {"individual": [], "joint": {"secondary": 1.388649532743121, "primary": 1.57513064541781}}, "TCA|TCC": {"individual": [], "joint": {"secondary": 1.289040225734127, "primary": 2.016651848448021}}, "TCA|TCG": {"individual": [], "joint": {"secondary": 1.865864250590394, "primary": 1.518920614393091}}, "TCA|TCT": {"individual": [], "joint": {"secondary": 1.074523617246446, "primary": 1.43252444913726}}, "TCC|TCG": {"individual": [], "joint": {"secondary": 1.476202159703927, "primary": 1.196098488196701}}, "TCC|TCT": {"individual": [], "joint": {"secondary": 2.072547887312318, "primary": 1.47197709898585}}, "TCG|TCT": {"individual": [], "joint": {"secondary": 1.159858046383937, "primary": 0.9678428322002092}}, "TGC|TGT": {"individual": [], "joint": {"secondary": 1.296292341084218, "primary": 1.48376443163313}}, "TTA|TTG": {"individual": [], "joint": {"secondary": 0.5246773487481476, "primary": 0.7305272304926038}}, "TTC|TTT": {"individual": [], "joint": {"secondary": 0.5276916701394022, "primary": 0.5903921314202372}}, "model_mixture_p": 0.7499567669168066}