{"baseline-AICc": {"individual": [], "joint": 398632.6723280397}, "baseline-loglikelihood": {"individual": [], "joint": -195088.2238974444}, "joint-AICc": {"individual": [], "joint": 397930.8832587042}, "joint-loglikelihood": {"individual": [], "joint": -193803.7718110399}, "AAA|AAG": {"individual": [], "joint": {"secondary": 1.174567244297277, "primary": 0.9187127684063897}}, "AAC|AAT": {"individual": [], "joint": {"secondary": 1.140382672954434, "primary": 0.7441189439385598}}, "ACA|ACC": {"individual": [], "joint": {"secondary": 0.6744650389362646, "primary": 0.7587898768571217}}, "ACA|ACG": {"individual": [], "joint": {"secondary": 1.371330646270814, "primary": 0.8049426897411596}}, "ACA|ACT": {"individual": [], "joint": {"secondary": 0.892805956850502, "primary": 0.6556441826120384}}, "ACC|ACG": {"individual": [], "joint": {"secondary": 0.9989232080245835, "primary": 0.6026674010314574}}, "ACC|ACT": {"individual": [], "joint": {"secondary": 1.138248667720661, "primary": 0.7177548569748039}}, "ACG|ACT": {"individual": [], "joint": {"secondary": 0.821341937599063, "primary": 0.7089153295862957}}, "AGA|AGG": {"individual": [], "joint": {"secondary": 0.9980094862192458, "primary": 0.8605520034717602}}, "AGA|CGA": {"individual": [], "joint": {"secondary": 1.465810444617735, "primary": 0.7065423790455576}}, "AGC|AGT": {"individual": [], "joint": {"secondary": 1.131357969916812, "primary": 0.8827616878245943}}, "AGG|CGG": {"individual": [], "joint": {"secondary": 1.110131324434605, "primary": 0.7638865406306204}}, "ATA|ATC": {"individual": [], "joint": {"secondary": 0.9696194587938066, "primary": 0.7401080254932336}}, "ATA|ATT": {"individual": [], "joint": {"secondary": 1.102205481855832, "primary": 0.5741795489344499}}, "ATC|ATT": {"individual": [], "joint": {"secondary": 1.115787833243926, "primary": 0.6975455504343371}}, "CAA|CAG": {"individual": [], "joint": {"secondary": 0.9044700569307343, "primary": 0.7650665419806675}}, "CAC|CAT": {"individual": [], "joint": {"secondary": 0.9540890820796732, "primary": 0.7475022067195044}}, "CCA|CCC": {"individual": [], "joint": {"secondary": 0.9223468931639617, "primary": 0.7255625647544719}}, "CCA|CCG": {"individual": [], "joint": {"secondary": 0.8215605859397034, "primary": 0.7315060517608329}}, "CCA|CCT": {"individual": [], "joint": {"secondary": 0.6140188561679586, "primary": 0.7488115946013647}}, "CCC|CCG": {"individual": [], "joint": {"secondary": 0.7064923374110207, "primary": 0.5861119125742459}}, "CCC|CCT": {"individual": [], "joint": {"secondary": 0.8514925219010685, "primary": 0.7548166113554088}}, "CCG|CCT": {"individual": [], "joint": {"secondary": 1.61373364627787, "primary": 0.7851277624746008}}, "CGA|CGC": {"individual": [], "joint": {"secondary": 1.16354722047644, "primary": 0.5482242888326004}}, "CGA|CGG": {"individual": [], "joint": {"secondary": 1.00988988993303, "primary": 0.8617916069579846}}, "CGA|CGT": {"individual": [], "joint": {"secondary": 1.259951598055824, "primary": 1.032577411356565}}, "CGC|CGG": {"individual": [], "joint": {"secondary": 1.26773487585258, "primary": 1.83924994998715}}, "CGC|CGT": {"individual": [], "joint": {"secondary": 0.8955373128535365, "primary": 1.97607535521323}}, "CGG|CGT": {"individual": [], "joint": {"secondary": 0.8920437806729877, "primary": 0.5444533920484381}}, "CTA|CTC": {"individual": [], "joint": {"secondary": 0.9898259334771362, "primary": 0.7391980415153003}}, "CTA|CTG": {"individual": [], "joint": {"secondary": 0.9839225946160348, "primary": 0.7928687934610306}}, "CTA|CTT": {"individual": [], "joint": {"secondary": 0.6138493684743083, "primary": 0.7716738524104888}}, "CTA|TTA": {"individual": [], "joint": {"secondary": 0.9629250384449868, "primary": 0.7062355288054335}}, "CTC|CTG": {"individual": [], "joint": {"secondary": 1.004676267482526, "primary": 0.6808623600542294}}, "CTC|CTT": {"individual": [], "joint": {"secondary": 0.9487048683075554, "primary": 0.7127424453334322}}, "CTG|CTT": {"individual": [], "joint": {"secondary": 1.033313885890182, "primary": 0.6965391897685157}}, "CTG|TTG": {"individual": [], "joint": {"secondary": 1.283048247141168, "primary": 0.6933177789782837}}, "GAA|GAG": {"individual": [], "joint": {"secondary": 1.023284115775836, "primary": 0.7817749633809283}}, "GAC|GAT": {"individual": [], "joint": {"secondary": 0.9955801271823659, "primary": 0.7290636581986917}}, "GCA|GCC": {"individual": [], "joint": {"secondary": 0.8181826514958357, "primary": 0.6638085647279683}}, "GCA|GCG": {"individual": [], "joint": {"secondary": 0.9228910071563173, "primary": 0.7834193538163222}}, "GCA|GCT": {"individual": [], "joint": {"secondary": 1.409517328967212, "primary": 0.7799807691057816}}, "GCC|GCG": {"individual": [], "joint": {"secondary": 1.117652688510324, "primary": 0.6492191211322107}}, "GCC|GCT": {"individual": [], "joint": {"secondary": 0.8635507643596394, "primary": 0.7980021370077625}}, "GCG|GCT": {"individual": [], "joint": {"secondary": 1.029017092680047, "primary": 0.7148429696264572}}, "GGA|GGC": {"individual": [], "joint": {"secondary": 0.5663711872436057, "primary": 0.9624690015885763}}, "GGA|GGG": {"individual": [], "joint": {"secondary": 1.054481499506568, "primary": 0.8063735696941451}}, "GGA|GGT": {"individual": [], "joint": {"secondary": 0.9066856097779188, "primary": 0.4261344274170935}}, "GGC|GGG": {"individual": [], "joint": {"secondary": 1.204417256652481, "primary": 0.62888376681704}}, "GGC|GGT": {"individual": [], "joint": {"secondary": 0.8021266293428331, "primary": 2.181979036229237}}, "GGG|GGT": {"individual": [], "joint": {"secondary": 0.7936717081692344, "primary": 1.812827041935033}}, "GTA|GTC": {"individual": [], "joint": {"secondary": 1.016940781086782, "primary": 1.806096657397894}}, "GTA|GTG": {"individual": [], "joint": {"secondary": 1.104502056300802, "primary": 1.943580744110897}}, "GTA|GTT": {"individual": [], "joint": {"secondary": 0.8173520515320156, "primary": 1.746438680890702}}, "GTC|GTG": {"individual": [], "joint": {"secondary": 0.9664209770779867, "primary": 1.754235927855686}}, "GTC|GTT": {"individual": [], "joint": {"secondary": 1.050665469210623, "primary": 1.968442764357157}}, "GTG|GTT": {"individual": [], "joint": {"secondary": 1.149964252167327, "primary": 0.6877130156728196}}, "TAC|TAT": {"individual": [], "joint": {"secondary": 0.8950831748224819, "primary": 0.6858699196441862}}, "TCA|TCC": {"individual": [], "joint": {"secondary": 0.8478891396458055, "primary": 2.018635338400092}}, "TCA|TCG": {"individual": [], "joint": {"secondary": 1.084548108723695, "primary": 1.858043849933404}}, "TCA|TCT": {"individual": [], "joint": {"secondary": 0.8716211206319922, "primary": 1.551075324800712}}, "TCC|TCG": {"individual": [], "joint": {"secondary": 1.142731649419385, "primary": 1.696225070446105}}, "TCC|TCT": {"individual": [], "joint": {"secondary": 1.116847357239049, "primary": 1.869770504181576}}, "TCG|TCT": {"individual": [], "joint": {"secondary": 0.9283829451118172, "primary": 1.785883073390767}}, "TGC|TGT": {"individual": [], "joint": {"secondary": 0.9689566877569016, "primary": 1.805895851989355}}, "TTA|TTG": {"individual": [], "joint": {"secondary": 0.8592049092041051, "primary": 0.7775136850989849}}, "TTC|TTT": {"individual": [], "joint": {"secondary": 0.8692974199631707, "primary": 0.7483641852262676}}, "model_mixture_p": 0.7498213105642829}