{"baseline-AICc": {"individual": [], "joint": 440346.5639565416}, "baseline-loglikelihood": {"individual": [], "joint": -215924.3054832118}, "joint-AICc": {"individual": [], "joint": 439351.8557487155}, "joint-loglikelihood": {"individual": [], "joint": -214486.1065839643}, "AAA|AAG": {"individual": [], "joint": {"secondary": 0.8757968362148632, "primary": 0.7984282702884199}}, "AAC|AAT": {"individual": [], "joint": {"secondary": 0.7910282039722799, "primary": 0.7578707670391104}}, "ACA|ACC": {"individual": [], "joint": {"secondary": 0.7422711230350629, "primary": 0.8073986193475909}}, "ACA|ACG": {"individual": [], "joint": {"secondary": 0.9102181525616972, "primary": 0.7975783596572134}}, "ACA|ACT": {"individual": [], "joint": {"secondary": 0.9347198562272344, "primary": 0.5747208824542707}}, "ACC|ACG": {"individual": [], "joint": {"secondary": 0.9415410334974481, "primary": 0.6871797785294916}}, "ACC|ACT": {"individual": [], "joint": {"secondary": 0.6371006188556172, "primary": 0.7383689504528701}}, "ACG|ACT": {"individual": [], "joint": {"secondary": 1.217047208078906, "primary": 0.7111938826177036}}, "AGA|AGG": {"individual": [], "joint": {"secondary": 1.060173626775394, "primary": 0.734246533520013}}, "AGA|CGA": {"individual": [], "joint": {"secondary": 1.096308270635727, "primary": 0.6799020231125823}}, "AGC|AGT": {"individual": [], "joint": {"secondary": 0.9451310795530352, "primary": 0.7682135791330471}}, "AGG|CGG": {"individual": [], "joint": {"secondary": 0.8129538887792793, "primary": 0.8279607094779142}}, "ATA|ATC": {"individual": [], "joint": {"secondary": 0.8678069968288613, "primary": 0.738141036404093}}, "ATA|ATT": {"individual": [], "joint": {"secondary": 0.9637800547702918, "primary": 0.7663996696402319}}, "ATC|ATT": {"individual": [], "joint": {"secondary": 1.052219964656831, "primary": 0.7526519656699128}}, "CAA|CAG": {"individual": [], "joint": {"secondary": 0.8046577195111733, "primary": 0.8024605415000419}}, "CAC|CAT": {"individual": [], "joint": {"secondary": 0.5881208045243508, "primary": 0.7670726864764463}}, "CCA|CCC": {"individual": [], "joint": {"secondary": 1.428482462061246, "primary": 0.7526530411331055}}, "CCA|CCG": {"individual": [], "joint": {"secondary": 0.6971982766546567, "primary": 0.7761000745453479}}, "CCA|CCT": {"individual": [], "joint": {"secondary": 0.4625971287816101, "primary": 0.5681925055247832}}, "CCC|CCG": {"individual": [], "joint": {"secondary": 0.9332784231112479, "primary": 0.7016493656138975}}, "CCC|CCT": {"individual": [], "joint": {"secondary": 1.106821367878142, "primary": 0.7908881494364696}}, "CCG|CCT": {"individual": [], "joint": {"secondary": 0.7458956050790269, "primary": 0.73773195845963}}, "CGA|CGC": {"individual": [], "joint": {"secondary": 0.724995106643254, "primary": 0.7557494390807897}}, "CGA|CGG": {"individual": [], "joint": {"secondary": 0.854191334449243, "primary": 0.6170634337563092}}, "CGA|CGT": {"individual": [], "joint": {"secondary": 2.605287710759693, "primary": 0.6676227785014217}}, "CGC|CGG": {"individual": [], "joint": {"secondary": 1.631583775690839, "primary": 1.714151684905482}}, "CGC|CGT": {"individual": [], "joint": {"secondary": 2.197518897670683, "primary": 1.825376667912818}}, "CGG|CGT": {"individual": [], "joint": {"secondary": 1.419708197422031, "primary": 0.5781600738240159}}, "CTA|CTC": {"individual": [], "joint": {"secondary": 0.5243472574112583, "primary": 0.8160337436909486}}, "CTA|CTG": {"individual": [], "joint": {"secondary": 0.8460649369263861, "primary": 0.8051530013701161}}, "CTA|CTT": {"individual": [], "joint": {"secondary": 1.180197509393535, "primary": 0.6054472670064902}}, "CTA|TTA": {"individual": [], "joint": {"secondary": 0.9932254021048387, "primary": 0.8258426760138928}}, "CTC|CTG": {"individual": [], "joint": {"secondary": 0.7206235659749097, "primary": 0.6771853632794967}}, "CTC|CTT": {"individual": [], "joint": {"secondary": 0.9429354947480534, "primary": 0.6521929081636494}}, "CTG|CTT": {"individual": [], "joint": {"secondary": 0.7407319780803363, "primary": 0.7580563873027076}}, "CTG|TTG": {"individual": [], "joint": {"secondary": 1.052625520029239, "primary": 0.773893592298252}}, "GAA|GAG": {"individual": [], "joint": {"secondary": 0.8091465637456243, "primary": 0.8539256646647543}}, "GAC|GAT": {"individual": [], "joint": {"secondary": 0.8707536327787984, "primary": 0.7272007816988948}}, "GCA|GCC": {"individual": [], "joint": {"secondary": 0.7816863413882291, "primary": 0.6534918586715103}}, "GCA|GCG": {"individual": [], "joint": {"secondary": 0.5621646212187835, "primary": 0.7790354520595942}}, "GCA|GCT": {"individual": [], "joint": {"secondary": 0.7270082596240357, "primary": 0.7211068598929924}}, "GCC|GCG": {"individual": [], "joint": {"secondary": 0.9096252087683623, "primary": 0.6485564928641525}}, "GCC|GCT": {"individual": [], "joint": {"secondary": 0.8269506834590581, "primary": 0.8362465319639015}}, "GCG|GCT": {"individual": [], "joint": {"secondary": 0.5902149963736826, "primary": 0.6915075832068657}}, "GGA|GGC": {"individual": [], "joint": {"secondary": 1.111947396595181, "primary": 0.7080055313441522}}, "GGA|GGG": {"individual": [], "joint": {"secondary": 0.7884850618729551, "primary": 0.7971428795378606}}, "GGA|GGT": {"individual": [], "joint": {"secondary": 0.751017261762467, "primary": 0.5309161636344352}}, "GGC|GGG": {"individual": [], "joint": {"secondary": 0.7503013749308909, "primary": 0.7648086448582354}}, "GGC|GGT": {"individual": [], "joint": {"secondary": 0.8116392819584612, "primary": 1.848509833545094}}, "GGG|GGT": {"individual": [], "joint": {"secondary": 2.282078112547792, "primary": 1.794602121705408}}, "GTA|GTC": {"individual": [], "joint": {"secondary": 0.8015932154090465, "primary": 1.916147941358898}}, "GTA|GTG": {"individual": [], "joint": {"secondary": 1.802994181494918, "primary": 1.792351376718677}}, "GTA|GTT": {"individual": [], "joint": {"secondary": 0.5850385217657731, "primary": 1.618013303702474}}, "GTC|GTG": {"individual": [], "joint": {"secondary": 1.117849716443081, "primary": 1.619408642995158}}, "GTC|GTT": {"individual": [], "joint": {"secondary": 0.8806726589626448, "primary": 1.9141922036909}}, "GTG|GTT": {"individual": [], "joint": {"secondary": 0.7688007127639653, "primary": 0.8817551973166078}}, "TAC|TAT": {"individual": [], "joint": {"secondary": 1.097363505858952, "primary": 0.6875832583867798}}, "TCA|TCC": {"individual": [], "joint": {"secondary": 2.647167139000556, "primary": 2.214680577779932}}, "TCA|TCG": {"individual": [], "joint": {"secondary": 2.281293100679024, "primary": 1.942540434530827}}, "TCA|TCT": {"individual": [], "joint": {"secondary": 0, "primary": 2.217918001122378}}, "TCC|TCG": {"individual": [], "joint": {"secondary": 0.829418614248264, "primary": 1.630309133100612}}, "TCC|TCT": {"individual": [], "joint": {"secondary": 1.034880308632395, "primary": 1.700257482600405}}, "TCG|TCT": {"individual": [], "joint": {"secondary": 0.7974357021909477, "primary": 1.867165449776967}}, "TGC|TGT": {"individual": [], "joint": {"secondary": 0.8495454850236988, "primary": 1.966502870702314}}, "TTA|TTG": {"individual": [], "joint": {"secondary": 0.9059457792990429, "primary": 0.8113848422212702}}, "TTC|TTT": {"individual": [], "joint": {"secondary": 0.9777971718550963, "primary": 0.7558005172073747}}, "model_mixture_p": 0.8996033699755279}