{"baseline-AICc": {"individual": [], "joint": 348304.3463384935}, "baseline-loglikelihood": {"individual": [], "joint": -170815.4721675676}, "joint-AICc": {"individual": [], "joint": 347265.7304621112}, "joint-loglikelihood": {"individual": [], "joint": -169396.4466378522}, "AAA|AAG": {"individual": [], "joint": {"secondary": 0.6138926824411414, "primary": 0.667092117784969}}, "AAC|AAT": {"individual": [], "joint": {"secondary": 0.7271966735968366, "primary": 0.7586478317391225}}, "ACA|ACC": {"individual": [], "joint": {"secondary": 0.6101329538109619, "primary": 0.4716366506300041}}, "ACA|ACG": {"individual": [], "joint": {"secondary": 0.7269109887101534, "primary": 0.6291149530600524}}, "ACA|ACT": {"individual": [], "joint": {"secondary": 0.6331955929800424, "primary": 0.2327913356117225}}, "ACC|ACG": {"individual": [], "joint": {"secondary": 0.5481825211682166, "primary": 0.4822745767872856}}, "ACC|ACT": {"individual": [], "joint": {"secondary": 0.459770561907539, "primary": 0.6168060235100665}}, "ACG|ACT": {"individual": [], "joint": {"secondary": 0.4842995899150811, "primary": 0.5435720327280292}}, "AGA|AGG": {"individual": [], "joint": {"secondary": 0.6215097644346758, "primary": 0.6907376320080774}}, "AGA|CGA": {"individual": [], "joint": {"secondary": 0.8417730018253122, "primary": 0.5163009528121294}}, "AGC|AGT": {"individual": [], "joint": {"secondary": 0.626852268044237, "primary": 0.5801176264787814}}, "AGG|CGG": {"individual": [], "joint": {"secondary": 0.740413766292737, "primary": 0.5741491187684367}}, "ATA|ATC": {"individual": [], "joint": {"secondary": 0.5485878007143907, "primary": 0.639718816194428}}, "ATA|ATT": {"individual": [], "joint": {"secondary": 0.6214502468489795, "primary": 0.5354886648369537}}, "ATC|ATT": {"individual": [], "joint": {"secondary": 0.6434881730166041, "primary": 0.6314550776105501}}, "CAA|CAG": {"individual": [], "joint": {"secondary": 0.6120882441723108, "primary": 0.7028769038772802}}, "CAC|CAT": {"individual": [], "joint": {"secondary": 0.6648302530862708, "primary": 0.4552234498747214}}, "CCA|CCC": {"individual": [], "joint": {"secondary": 1.284518600797747, "primary": 1.827678911828374}}, "CCA|CCG": {"individual": [], "joint": {"secondary": 0.738126250816886, "primary": 0.5967704226384071}}, "CCA|CCT": {"individual": [], "joint": {"secondary": 1.489772575769973, "primary": 1.051149025569191}}, "CCC|CCG": {"individual": [], "joint": {"secondary": 1.185166246852822, "primary": 1.444161595500683}}, "CCC|CCT": {"individual": [], "joint": {"secondary": 1.811256808816346, "primary": 1.572571969442302}}, "CCG|CCT": {"individual": [], "joint": {"secondary": 0.2735428592862783, "primary": 0.3376571432204357}}, "CGA|CGC": {"individual": [], "joint": {"secondary": 1.635756300951782, "primary": 1.352123994787026}}, "CGA|CGG": {"individual": [], "joint": {"secondary": 1.375927725975304, "primary": 1.514087167542097}}, "CGA|CGT": {"individual": [], "joint": {"secondary": 1.196186135221924, "primary": 1.469280897251099}}, "CGC|CGG": {"individual": [], "joint": {"secondary": 0.919082267028974, "primary": 1.25534468868065}}, "CGC|CGT": {"individual": [], "joint": {"secondary": 0.9863013779844296, "primary": 1.712168819135269}}, "CGG|CGT": {"individual": [], "joint": {"secondary": 1.969633616751802, "primary": 1.119880125008414}}, "CTA|CTC": {"individual": [], "joint": {"secondary": 0.3826521065339478, "primary": 0.7366998023904691}}, "CTA|CTG": {"individual": [], "joint": {"secondary": 0.6317442033584474, "primary": 0.6116857310756916}}, "CTA|CTT": {"individual": [], "joint": {"secondary": 0.5509343024622703, "primary": 0.3715001535929161}}, "CTA|TTA": {"individual": [], "joint": {"secondary": 0.6269241486767775, "primary": 0.5763381888021165}}, "CTC|CTG": {"individual": [], "joint": {"secondary": 0.5661298521040212, "primary": 0.4634066702535573}}, "CTC|CTT": {"individual": [], "joint": {"secondary": 0.7114785091007885, "primary": 0.5801478733142131}}, "CTG|CTT": {"individual": [], "joint": {"secondary": 0.4713404102318234, "primary": 0.398664450867316}}, "CTG|TTG": {"individual": [], "joint": {"secondary": 0.6354994985919857, "primary": 0.6544183425061771}}, "GAA|GAG": {"individual": [], "joint": {"secondary": 0.6711944288356011, "primary": 0.7179280012983504}}, "GAC|GAT": {"individual": [], "joint": {"secondary": 0.4568882743828738, "primary": 0.637907785418234}}, "GCA|GCC": {"individual": [], "joint": {"secondary": 0.4985165632550382, "primary": 0.446233879403219}}, "GCA|GCG": {"individual": [], "joint": {"secondary": 0.8015832343981872, "primary": 0.6604382624775221}}, "GCA|GCT": {"individual": [], "joint": {"secondary": 0.3919873969891358, "primary": 0.6963221922930654}}, "GCC|GCG": {"individual": [], "joint": {"secondary": 1.275766819525555, "primary": 1.330590414211597}}, "GCC|GCT": {"individual": [], "joint": {"secondary": 1.594421747448078, "primary": 1.664966369189275}}, "GCG|GCT": {"individual": [], "joint": {"secondary": 1.369042694112598, "primary": 1.181131743223351}}, "GGA|GGC": {"individual": [], "joint": {"secondary": 1.504902293674071, "primary": 1.282533613329171}}, "GGA|GGG": {"individual": [], "joint": {"secondary": 1.755664520379217, "primary": 1.588291216754228}}, "GGA|GGT": {"individual": [], "joint": {"secondary": 1.128421586401397, "primary": 1.409695702902308}}, "GGC|GGG": {"individual": [], "joint": {"secondary": 1.318607103857744, "primary": 1.31698817494171}}, "GGC|GGT": {"individual": [], "joint": {"secondary": 1.59809645482651, "primary": 1.621320056074902}}, "GGG|GGT": {"individual": [], "joint": {"secondary": 1.100702990287296, "primary": 1.340814745335535}}, "GTA|GTC": {"individual": [], "joint": {"secondary": 1.347081870910612, "primary": 1.493985310299388}}, "GTA|GTG": {"individual": [], "joint": {"secondary": 1.663941584851075, "primary": 1.642018477849168}}, "GTA|GTT": {"individual": [], "joint": {"secondary": 1.265599450507911, "primary": 1.294366781604502}}, "GTC|GTG": {"individual": [], "joint": {"secondary": 1.234026566136413, "primary": 1.314831120489259}}, "GTC|GTT": {"individual": [], "joint": {"secondary": 1.650137434832989, "primary": 1.427698725175772}}, "GTG|GTT": {"individual": [], "joint": {"secondary": 1.429418524503449, "primary": 1.553924199774611}}, "TAC|TAT": {"individual": [], "joint": {"secondary": 1.348712724201932, "primary": 1.631052457362268}}, "TCA|TCC": {"individual": [], "joint": {"secondary": 1.579266655262402, "primary": 1.73920603178809}}, "TCA|TCG": {"individual": [], "joint": {"secondary": 1.493977258781831, "primary": 1.56108724832007}}, "TCA|TCT": {"individual": [], "joint": {"secondary": 1.392451729927808, "primary": 1.244616451890773}}, "TCC|TCG": {"individual": [], "joint": {"secondary": 1.458058315569532, "primary": 1.121226925952461}}, "TCC|TCT": {"individual": [], "joint": {"secondary": 1.708118735201853, "primary": 1.456484989920251}}, "TCG|TCT": {"individual": [], "joint": {"secondary": 1.187309833007147, "primary": 1.609253308723331}}, "TGC|TGT": {"individual": [], "joint": {"secondary": 1.347240274227921, "primary": 1.364323571934194}}, "TTA|TTG": {"individual": [], "joint": {"secondary": 0.7768307149690641, "primary": 0.6450921692976276}}, "TTC|TTT": {"individual": [], "joint": {"secondary": 0.4854833384549303, "primary": 0.631930335046759}}, "model_mixture_p": 0.5624999415290312}