{"baseline-AICc": {"individual": [], "joint": 353523.3665610682}, "baseline-loglikelihood": {"individual": [], "joint": -173424.9822788549}, "joint-AICc": {"individual": [], "joint": 354476.4611765154}, "joint-loglikelihood": {"individual": [], "joint": -173001.8119950543}, "AAA|AAG": {"individual": [], "joint": {"secondary": 1.218619758254043, "primary": 0.8068471439008164}}, "AAC|AAT": {"individual": [], "joint": {"secondary": 1.046285606734908, "primary": 1.0074178119743}}, "ACA|ACC": {"individual": [], "joint": {"secondary": 0.8266053877202518, "primary": 0.9071365649605874}}, "ACA|ACG": {"individual": [], "joint": {"secondary": 0.7235900903836288, "primary": 0.9890527217843308}}, "ACA|ACT": {"individual": [], "joint": {"secondary": 0.8482505029750954, "primary": 0.6888755457209298}}, "ACC|ACG": {"individual": [], "joint": {"secondary": 0.7752553294375477, "primary": 0.9655933364938889}}, "ACC|ACT": {"individual": [], "joint": {"secondary": 0.8920023514376639, "primary": 0.6648630255730474}}, "ACG|ACT": {"individual": [], "joint": {"secondary": 0.7108030762374314, "primary": 1.038558910788409}}, "AGA|AGG": {"individual": [], "joint": {"secondary": 1.47759326377274, "primary": 0.9799730041954787}}, "AGA|CGA": {"individual": [], "joint": {"secondary": 0.7148813745731045, "primary": 0.8045439252925887}}, "AGC|AGT": {"individual": [], "joint": {"secondary": 0.7632081494014299, "primary": 0.8949041805012934}}, "AGG|CGG": {"individual": [], "joint": {"secondary": 0.9925556689377921, "primary": 0.7547737222061823}}, "ATA|ATC": {"individual": [], "joint": {"secondary": 1.021642274334135, "primary": 0.9893968624750896}}, "ATA|ATT": {"individual": [], "joint": {"secondary": 0.6851727334088671, "primary": 1.11235570135732}}, "ATC|ATT": {"individual": [], "joint": {"secondary": 1.016903940615362, "primary": 0.9740470603697555}}, "CAA|CAG": {"individual": [], "joint": {"secondary": 0.8810602038284893, "primary": 1.011215268739404}}, "CAC|CAT": {"individual": [], "joint": {"secondary": 1.043454358241917, "primary": 0.8965759021287165}}, "CCA|CCC": {"individual": [], "joint": {"secondary": 0.8737565497534466, "primary": 0.9782115309470992}}, "CCA|CCG": {"individual": [], "joint": {"secondary": 1.195089489177183, "primary": 0.9072292257232053}}, "CCA|CCT": {"individual": [], "joint": {"secondary": 1.139504670273709, "primary": 0.6609315251547568}}, "CCC|CCG": {"individual": [], "joint": {"secondary": 0.9585884780064317, "primary": 0.8938939433108103}}, "CCC|CCT": {"individual": [], "joint": {"secondary": 0.8181094454749593, "primary": 0.9259092322937177}}, "CCG|CCT": {"individual": [], "joint": {"secondary": 0.7715652875572161, "primary": 0.915062455156205}}, "CGA|CGC": {"individual": [], "joint": {"secondary": 1.047833415090946, "primary": 1.0464800746806}}, "CGA|CGG": {"individual": [], "joint": {"secondary": 0.5749524613431982, "primary": 0.9925103205350381}}, "CGA|CGT": {"individual": [], "joint": {"secondary": 0.4159776197196335, "primary": 0.8528078449177977}}, "CGC|CGG": {"individual": [], "joint": {"secondary": 2.362082954662654, "primary": 2.426640465499869}}, "CGC|CGT": {"individual": [], "joint": {"secondary": 2.115098521259068, "primary": 2.730103871812586}}, "CGG|CGT": {"individual": [], "joint": {"secondary": 1.219859282032458, "primary": 0.9343319185276211}}, "CTA|CTC": {"individual": [], "joint": {"secondary": 1.08285919870203, "primary": 0.9303936498069095}}, "CTA|CTG": {"individual": [], "joint": {"secondary": 0.643803466383951, "primary": 0.9356881890950796}}, "CTA|CTT": {"individual": [], "joint": {"secondary": 1.372365988186328, "primary": 1.11789116850723}}, "CTA|TTA": {"individual": [], "joint": {"secondary": 1.028690931787309, "primary": 0.8306146411526967}}, "CTC|CTG": {"individual": [], "joint": {"secondary": 0.8275740289812875, "primary": 0.824270758285515}}, "CTC|CTT": {"individual": [], "joint": {"secondary": 1.003716611877609, "primary": 0.8697184735009391}}, "CTG|CTT": {"individual": [], "joint": {"secondary": 0.9242733887999532, "primary": 0.8990854672307322}}, "CTG|TTG": {"individual": [], "joint": {"secondary": 1.083611415536201, "primary": 0.9275344994036541}}, "GAA|GAG": {"individual": [], "joint": {"secondary": 0.8783411935266948, "primary": 0.9052664227469935}}, "GAC|GAT": {"individual": [], "joint": {"secondary": 0.7004492474940684, "primary": 1.035424436520359}}, "GCA|GCC": {"individual": [], "joint": {"secondary": 1.268261930724514, "primary": 0.9189829330514832}}, "GCA|GCG": {"individual": [], "joint": {"secondary": 0.8643034769802125, "primary": 0.939704940600289}}, "GCA|GCT": {"individual": [], "joint": {"secondary": 0.7875577224577379, "primary": 1.187651078669244}}, "GCC|GCG": {"individual": [], "joint": {"secondary": 0.8002857516023602, "primary": 0.8996029763468694}}, "GCC|GCT": {"individual": [], "joint": {"secondary": 1.022919095197632, "primary": 0.8064759118519215}}, "GCG|GCT": {"individual": [], "joint": {"secondary": 0.9610948775554335, "primary": 1.037316669626987}}, "GGA|GGC": {"individual": [], "joint": {"secondary": 0.8915047229110432, "primary": 0.8238555644038522}}, "GGA|GGG": {"individual": [], "joint": {"secondary": 0.7099998468851646, "primary": 0.8398425142247803}}, "GGA|GGT": {"individual": [], "joint": {"secondary": 1.085587957021487, "primary": 0.7762566550551533}}, "GGC|GGG": {"individual": [], "joint": {"secondary": 0.8034810847017301, "primary": 0.897718898109765}}, "GGC|GGT": {"individual": [], "joint": {"secondary": 1.114494790821811, "primary": 0.9560949052077836}}, "GGG|GGT": {"individual": [], "joint": {"secondary": 1.118779845780849, "primary": 0.9947704345511678}}, "GTA|GTC": {"individual": [], "joint": {"secondary": 1.031028562950235, "primary": 1.129218349941821}}, "GTA|GTG": {"individual": [], "joint": {"secondary": 1.100242519248522, "primary": 1.017973269672491}}, "GTA|GTT": {"individual": [], "joint": {"secondary": 1.178868518255342, "primary": 0.64385495344952}}, "GTC|GTG": {"individual": [], "joint": {"secondary": 0.8796704705953885, "primary": 0.8789279114994184}}, "GTC|GTT": {"individual": [], "joint": {"secondary": 0.8532822444724119, "primary": 1.112710671265721}}, "GTG|GTT": {"individual": [], "joint": {"secondary": 0.8391524056689462, "primary": 0.9193019787303205}}, "TAC|TAT": {"individual": [], "joint": {"secondary": 0.9840551367978905, "primary": 0.9078412962576131}}, "TCA|TCC": {"individual": [], "joint": {"secondary": 0.639343751250971, "primary": 1.244827718038375}}, "TCA|TCG": {"individual": [], "joint": {"secondary": 2.30423374576004, "primary": 2.295139951398767}}, "TCA|TCT": {"individual": [], "joint": {"secondary": 1.586155578707529, "primary": 0.8341347301990312}}, "TCC|TCG": {"individual": [], "joint": {"secondary": 0.995871830264527, "primary": 0.7884099100564512}}, "TCC|TCT": {"individual": [], "joint": {"secondary": 0.8095124458276808, "primary": 1.100923686432125}}, "TCG|TCT": {"individual": [], "joint": {"secondary": 0.6920066136889158, "primary": 1.303713631440329}}, "TGC|TGT": {"individual": [], "joint": {"secondary": 1.180964472425449, "primary": 0.8899654886799022}}, "TTA|TTG": {"individual": [], "joint": {"secondary": 0.8384729258240219, "primary": 1.002208316893712}}, "TTC|TTT": {"individual": [], "joint": {"secondary": 0.9828799597014256, "primary": 0.8264438510735744}}, "model_mixture_p": 0.7497924912476306}