{"baseline-AICc": {"individual": [], "joint": 349699.6908497143}, "baseline-loglikelihood": {"individual": [], "joint": -171513.1444231779}, "joint-AICc": {"individual": [], "joint": 348619.4699917078}, "joint-loglikelihood": {"individual": [], "joint": -170073.3164026505}, "AAA|AAG": {"individual": [], "joint": {"secondary": 0.5951177662172035, "primary": 0.623802257091827}}, "AAC|AAT": {"individual": [], "joint": {"secondary": 0.6459842618915824, "primary": 0.6462017243027705}}, "ACA|ACC": {"individual": [], "joint": {"secondary": 0.618529481915037, "primary": 0.6345663669569164}}, "ACA|ACG": {"individual": [], "joint": {"secondary": 0.7186676622216567, "primary": 0.5774651653771105}}, "ACA|ACT": {"individual": [], "joint": {"secondary": 0.7943246336423643, "primary": 0.2682802544236399}}, "ACC|ACG": {"individual": [], "joint": {"secondary": 0.5030811516841501, "primary": 0.5046015987571029}}, "ACC|ACT": {"individual": [], "joint": {"secondary": 0.5767152651042949, "primary": 0.5963343780809784}}, "ACG|ACT": {"individual": [], "joint": {"secondary": 0.3770000091550876, "primary": 0.6138257484521388}}, "AGA|AGG": {"individual": [], "joint": {"secondary": 0.6800837609777274, "primary": 0.650189265958871}}, "AGA|CGA": {"individual": [], "joint": {"secondary": 0.787343427900387, "primary": 0.4387646121231201}}, "AGC|AGT": {"individual": [], "joint": {"secondary": 0.5980121723030648, "primary": 0.5740333956302333}}, "AGG|CGG": {"individual": [], "joint": {"secondary": 0.5573412894002868, "primary": 0.5348696580218278}}, "ATA|ATC": {"individual": [], "joint": {"secondary": 0.6413432300546154, "primary": 0.5162198109001631}}, "ATA|ATT": {"individual": [], "joint": {"secondary": 0.4402812903563932, "primary": 0.7613687610906306}}, "ATC|ATT": {"individual": [], "joint": {"secondary": 0.6615848734593767, "primary": 0.5768003202872432}}, "CAA|CAG": {"individual": [], "joint": {"secondary": 0.6002728125087178, "primary": 0.5850533322234243}}, "CAC|CAT": {"individual": [], "joint": {"secondary": 0.5599123418824187, "primary": 0.6075925484755826}}, "CCA|CCC": {"individual": [], "joint": {"secondary": 1.571882832198842, "primary": 1.528637967876286}}, "CCA|CCG": {"individual": [], "joint": {"secondary": 0.6187566770131345, "primary": 0.7210374782665357}}, "CCA|CCT": {"individual": [], "joint": {"secondary": 0.8420297152022708, "primary": 1.994166370726993}}, "CCC|CCG": {"individual": [], "joint": {"secondary": 1.264684142086397, "primary": 1.349045558922859}}, "CCC|CCT": {"individual": [], "joint": {"secondary": 1.482071059345, "primary": 1.840569415175643}}, "CCG|CCT": {"individual": [], "joint": {"secondary": 0.6277536413441073, "primary": 0.1495378767847632}}, "CGA|CGC": {"individual": [], "joint": {"secondary": 1.941698972184028, "primary": 1.185524504054086}}, "CGA|CGG": {"individual": [], "joint": {"secondary": 1.51258951600985, "primary": 1.735750516423224}}, "CGA|CGT": {"individual": [], "joint": {"secondary": 1.21955675932387, "primary": 1.156323524294613}}, "CGC|CGG": {"individual": [], "joint": {"secondary": 1.319173999725919, "primary": 1.244961555505885}}, "CGC|CGT": {"individual": [], "joint": {"secondary": 1.606692728654356, "primary": 1.513645358128817}}, "CGG|CGT": {"individual": [], "joint": {"secondary": 1.395759566166268, "primary": 1.037692913165691}}, "CTA|CTC": {"individual": [], "joint": {"secondary": 0.585065785167021, "primary": 0.6378316175058152}}, "CTA|CTG": {"individual": [], "joint": {"secondary": 0.6780040812931268, "primary": 0.6864871906914383}}, "CTA|CTT": {"individual": [], "joint": {"secondary": 0.578966307839207, "primary": 0.5064841204854155}}, "CTA|TTA": {"individual": [], "joint": {"secondary": 0.6488255374665334, "primary": 0.5024288243444204}}, "CTC|CTG": {"individual": [], "joint": {"secondary": 0.4456492032360777, "primary": 0.535409554649119}}, "CTC|CTT": {"individual": [], "joint": {"secondary": 0.5734346944280693, "primary": 0.4755592269462338}}, "CTG|CTT": {"individual": [], "joint": {"secondary": 0.357366665911342, "primary": 0.5214976723881555}}, "CTG|TTG": {"individual": [], "joint": {"secondary": 0.5848986810261253, "primary": 0.7209217080555379}}, "GAA|GAG": {"individual": [], "joint": {"secondary": 0.6456360839506697, "primary": 0.7731370954185273}}, "GAC|GAT": {"individual": [], "joint": {"secondary": 0.6227327791642835, "primary": 0.5490416023036283}}, "GCA|GCC": {"individual": [], "joint": {"secondary": 0.6550398640685738, "primary": 0.4862879020188189}}, "GCA|GCG": {"individual": [], "joint": {"secondary": 0.5811568851739456, "primary": 0.7449002318787903}}, "GCA|GCT": {"individual": [], "joint": {"secondary": 0.5107246211741634, "primary": 0.4326471124982684}}, "GCC|GCG": {"individual": [], "joint": {"secondary": 1.188809502920426, "primary": 1.217822083935497}}, "GCC|GCT": {"individual": [], "joint": {"secondary": 1.376471889074595, "primary": 1.271446121600683}}, "GCG|GCT": {"individual": [], "joint": {"secondary": 1.43998033744749, "primary": 1.050006439855471}}, "GGA|GGC": {"individual": [], "joint": {"secondary": 1.528474132538193, "primary": 1.741142807064503}}, "GGA|GGG": {"individual": [], "joint": {"secondary": 1.478438981799421, "primary": 1.532898837651491}}, "GGA|GGT": {"individual": [], "joint": {"secondary": 1.106096539765014, "primary": 1.102441916004315}}, "GGC|GGG": {"individual": [], "joint": {"secondary": 1.322336972171865, "primary": 1.213263137755678}}, "GGC|GGT": {"individual": [], "joint": {"secondary": 1.744785148659502, "primary": 1.729310955897242}}, "GGG|GGT": {"individual": [], "joint": {"secondary": 1.525318538405245, "primary": 1.121751953397138}}, "GTA|GTC": {"individual": [], "joint": {"secondary": 1.180705474910561, "primary": 1.713407704752716}}, "GTA|GTG": {"individual": [], "joint": {"secondary": 1.511669231419835, "primary": 1.793213958451693}}, "GTA|GTT": {"individual": [], "joint": {"secondary": 1.677130150733922, "primary": 1.115386293567345}}, "GTC|GTG": {"individual": [], "joint": {"secondary": 1.215854017996633, "primary": 1.297057457094215}}, "GTC|GTT": {"individual": [], "joint": {"secondary": 1.555668869205742, "primary": 1.530074665967492}}, "GTG|GTT": {"individual": [], "joint": {"secondary": 1.203399012537287, "primary": 1.450249117930743}}, "TAC|TAT": {"individual": [], "joint": {"secondary": 1.354904775948889, "primary": 1.688580299428343}}, "TCA|TCC": {"individual": [], "joint": {"secondary": 1.717480430438786, "primary": 1.249989293177236}}, "TCA|TCG": {"individual": [], "joint": {"secondary": 1.570328535334753, "primary": 1.693777874269879}}, "TCA|TCT": {"individual": [], "joint": {"secondary": 0.9301497043392685, "primary": 1.205603866621304}}, "TCC|TCG": {"individual": [], "joint": {"secondary": 1.295991303625428, "primary": 1.183034199695622}}, "TCC|TCT": {"individual": [], "joint": {"secondary": 1.732493746146005, "primary": 1.895870479521701}}, "TCG|TCT": {"individual": [], "joint": {"secondary": 1.520850379342326, "primary": 1.522265074037524}}, "TGC|TGT": {"individual": [], "joint": {"secondary": 1.395520671347573, "primary": 1.613187658311691}}, "TTA|TTG": {"individual": [], "joint": {"secondary": 0.6195801198568344, "primary": 0.7505926065806876}}, "TTC|TTT": {"individual": [], "joint": {"secondary": 0.5818153042068599, "primary": 0.5781291007666417}}, "model_mixture_p": 0.4999992238650187}