{"baseline-AICc": {"individual": [], "joint": 352552.1254809938}, "baseline-loglikelihood": {"individual": [], "joint": -172939.3617388177}, "joint-AICc": {"individual": [], "joint": 352365.3496664057}, "joint-loglikelihood": {"individual": [], "joint": -171946.2562399994}, "AAA|AAG": {"individual": [], "joint": {"secondary": 0.4952121879882636, "primary": 0.487653447145419}}, "AAC|AAT": {"individual": [], "joint": {"secondary": 0.368637602841453, "primary": 0.4555180420356529}}, "ACA|ACC": {"individual": [], "joint": {"secondary": 0.4967201859913166, "primary": 0.451325939162466}}, "ACA|ACG": {"individual": [], "joint": {"secondary": 0.4581308078772298, "primary": 0.4514690154899999}}, "ACA|ACT": {"individual": [], "joint": {"secondary": 0.4481075217481975, "primary": 0.4678389912603431}}, "ACC|ACG": {"individual": [], "joint": {"secondary": 0.405671185589575, "primary": 0.4368159709776024}}, "ACC|ACT": {"individual": [], "joint": {"secondary": 0.5672444767183481, "primary": 0.4214053169609792}}, "ACG|ACT": {"individual": [], "joint": {"secondary": 0.6599614625984165, "primary": 0.2604624159675931}}, "AGA|AGG": {"individual": [], "joint": {"secondary": 0.5607453421786855, "primary": 0.4553660721298938}}, "AGA|CGA": {"individual": [], "joint": {"secondary": 0.7667357246362635, "primary": 0.5192464445928818}}, "AGC|AGT": {"individual": [], "joint": {"secondary": 0.4647432701755985, "primary": 0.4144673494082407}}, "AGG|CGG": {"individual": [], "joint": {"secondary": 1.294016446440208, "primary": 1.096529816061791}}, "ATA|ATC": {"individual": [], "joint": {"secondary": 0.573146995180891, "primary": 0.4687472109126173}}, "ATA|ATT": {"individual": [], "joint": {"secondary": 0.7138929068198948, "primary": 0.3481903339255352}}, "ATC|ATT": {"individual": [], "joint": {"secondary": 0.5537211979306542, "primary": 0.5560608332693633}}, "CAA|CAG": {"individual": [], "joint": {"secondary": 0.4220822780632301, "primary": 0.4330085416993467}}, "CAC|CAT": {"individual": [], "joint": {"secondary": 0.4335899131283873, "primary": 0.5365975834675959}}, "CCA|CCC": {"individual": [], "joint": {"secondary": 1.817320785395346, "primary": 1.079734072824946}}, "CCA|CCG": {"individual": [], "joint": {"secondary": 1.275307659863425, "primary": 1.042163581910879}}, "CCA|CCT": {"individual": [], "joint": {"secondary": 0.4760826844618937, "primary": 1.402338541877465}}, "CCC|CCG": {"individual": [], "joint": {"secondary": 0.8744687463528295, "primary": 1.138153367530212}}, "CCC|CCT": {"individual": [], "joint": {"secondary": 1.523844634704395, "primary": 1.251635121070549}}, "CCG|CCT": {"individual": [], "joint": {"secondary": 0.923310793455331, "primary": 1.272078842127859}}, "CGA|CGC": {"individual": [], "joint": {"secondary": 1.26724583242116, "primary": 1.251289764590817}}, "CGA|CGG": {"individual": [], "joint": {"secondary": 1.23480557501238, "primary": 1.08523265568058}}, "CGA|CGT": {"individual": [], "joint": {"secondary": 1.295917949432893, "primary": 1.224537334198553}}, "CGC|CGG": {"individual": [], "joint": {"secondary": 1.197489006741394, "primary": 1.170654742272347}}, "CGC|CGT": {"individual": [], "joint": {"secondary": 1.337115501624048, "primary": 1.254928746539002}}, "CGG|CGT": {"individual": [], "joint": {"secondary": 0.8025022951670691, "primary": 1.233487199747155}}, "CTA|CTC": {"individual": [], "joint": {"secondary": 1.020057745668403, "primary": 1.202622277735371}}, "CTA|CTG": {"individual": [], "joint": {"secondary": 1.123579613418066, "primary": 1.314142652035487}}, "CTA|CTT": {"individual": [], "joint": {"secondary": 0.7075871175246401, "primary": 1.297303836674819}}, "CTA|TTA": {"individual": [], "joint": {"secondary": 1.038105805108634, "primary": 1.05974149785083}}, "CTC|CTG": {"individual": [], "joint": {"secondary": 1.186836161846435, "primary": 1.027063476178895}}, "CTC|CTT": {"individual": [], "joint": {"secondary": 1.081903749311899, "primary": 1.173114104487706}}, "CTG|CTT": {"individual": [], "joint": {"secondary": 1.342811192972978, "primary": 1.365143016826227}}, "CTG|TTG": {"individual": [], "joint": {"secondary": 1.296895188276898, "primary": 1.193543751904346}}, "GAA|GAG": {"individual": [], "joint": {"secondary": 1.365182576923032, "primary": 1.313720943070273}}, "GAC|GAT": {"individual": [], "joint": {"secondary": 1.225668596627276, "primary": 1.187208430305925}}, "GCA|GCC": {"individual": [], "joint": {"secondary": 0.7628795076859983, "primary": 1.370941096811797}}, "GCA|GCG": {"individual": [], "joint": {"secondary": 1.342159662284292, "primary": 1.239247119574036}}, "GCA|GCT": {"individual": [], "joint": {"secondary": 0.5778262114259125, "primary": 0.4012374774260337}}, "GCC|GCG": {"individual": [], "joint": {"secondary": 1.198789277766412, "primary": 1.086078832175315}}, "GCC|GCT": {"individual": [], "joint": {"secondary": 1.328199404000332, "primary": 1.178649033313372}}, "GCG|GCT": {"individual": [], "joint": {"secondary": 1.011296918333499, "primary": 1.166623186916151}}, "GGA|GGC": {"individual": [], "joint": {"secondary": 1.377250826704931, "primary": 1.49338825396936}}, "GGA|GGG": {"individual": [], "joint": {"secondary": 1.106743565575489, "primary": 1.170151056900677}}, "GGA|GGT": {"individual": [], "joint": {"secondary": 0.6670963780380622, "primary": 0.853125765011945}}, "GGC|GGG": {"individual": [], "joint": {"secondary": 1.057607728430644, "primary": 1.160144255891724}}, "GGC|GGT": {"individual": [], "joint": {"secondary": 1.147707813019301, "primary": 1.265379765785185}}, "GGG|GGT": {"individual": [], "joint": {"secondary": 1.222902929094276, "primary": 1.272189956197566}}, "GTA|GTC": {"individual": [], "joint": {"secondary": 1.313682137061981, "primary": 1.283110032898665}}, "GTA|GTG": {"individual": [], "joint": {"secondary": 1.203362962649963, "primary": 1.347421956168417}}, "GTA|GTT": {"individual": [], "joint": {"secondary": 1.192997708205192, "primary": 1.248481575374474}}, "GTC|GTG": {"individual": [], "joint": {"secondary": 1.059766728382927, "primary": 1.056332747997092}}, "GTC|GTT": {"individual": [], "joint": {"secondary": 1.140535329021729, "primary": 1.155918649306422}}, "GTG|GTT": {"individual": [], "joint": {"secondary": 1.235039006255218, "primary": 0.9686012727413973}}, "TAC|TAT": {"individual": [], "joint": {"secondary": 1.061128800904074, "primary": 1.189686273473308}}, "TCA|TCC": {"individual": [], "joint": {"secondary": 1.117734705087174, "primary": 1.106402435902442}}, "TCA|TCG": {"individual": [], "joint": {"secondary": 1.114478744960543, "primary": 1.113889370449477}}, "TCA|TCT": {"individual": [], "joint": {"secondary": 1.137846495178648, "primary": 1.077461394545479}}, "TCC|TCG": {"individual": [], "joint": {"secondary": 1.209847817941988, "primary": 1.118987766970856}}, "TCC|TCT": {"individual": [], "joint": {"secondary": 1.208283211593295, "primary": 1.251470516396647}}, "TCG|TCT": {"individual": [], "joint": {"secondary": 1.27939025634903, "primary": 1.103290159130826}}, "TGC|TGT": {"individual": [], "joint": {"secondary": 1.121367016116261, "primary": 1.012093574729909}}, "TTA|TTG": {"individual": [], "joint": {"secondary": 1.516213372241187, "primary": 1.193189736811977}}, "TTC|TTT": {"individual": [], "joint": {"secondary": 1.191466767474592, "primary": 1.315965455221869}}, "model_mixture_p": 0.6890452691679502}