{"baseline-AICc": {"individual": [], "joint": 350811.6442735724}, "baseline-loglikelihood": {"individual": [], "joint": -172069.121135107}, "joint-AICc": {"individual": [], "joint": 350064.9653925968}, "joint-loglikelihood": {"individual": [], "joint": -170796.064103095}, "AAA|AAG": {"individual": [], "joint": {"secondary": 0.8329105687478723, "primary": 0.8095369297294662}}, "AAC|AAT": {"individual": [], "joint": {"secondary": 0.7330081983796086, "primary": 0.7384698804315095}}, "ACA|ACC": {"individual": [], "joint": {"secondary": 0.8267458822774715, "primary": 0.6588837138774096}}, "ACA|ACG": {"individual": [], "joint": {"secondary": 1.041110516784407, "primary": 0.8046404915968032}}, "ACA|ACT": {"individual": [], "joint": {"secondary": 0.6120051161719967, "primary": 0.8045920291417619}}, "ACC|ACG": {"individual": [], "joint": {"secondary": 0.6941153121566465, "primary": 0.7443086822686649}}, "ACC|ACT": {"individual": [], "joint": {"secondary": 0.6680266510143337, "primary": 0.6599924447972362}}, "ACG|ACT": {"individual": [], "joint": {"secondary": 0.9095420572810404, "primary": 0.5758447940741714}}, "AGA|AGG": {"individual": [], "joint": {"secondary": 0.6341518009717791, "primary": 0.7204323763653452}}, "AGA|CGA": {"individual": [], "joint": {"secondary": 0.9973315423599373, "primary": 0.7180461489962262}}, "AGC|AGT": {"individual": [], "joint": {"secondary": 0.929884876707028, "primary": 0.7813442715769388}}, "AGG|CGG": {"individual": [], "joint": {"secondary": 0.6529946435767616, "primary": 0.6986712002114455}}, "ATA|ATC": {"individual": [], "joint": {"secondary": 0.8462988729523541, "primary": 0.708601717866906}}, "ATA|ATT": {"individual": [], "joint": {"secondary": 1.256575675132996, "primary": 0.6762713410901938}}, "ATC|ATT": {"individual": [], "joint": {"secondary": 0.759760356228907, "primary": 0.6600121678741269}}, "CAA|CAG": {"individual": [], "joint": {"secondary": 0.7599639499073582, "primary": 0.8395003542086993}}, "CAC|CAT": {"individual": [], "joint": {"secondary": 0.954592081040975, "primary": 0.8306434205918963}}, "CCA|CCC": {"individual": [], "joint": {"secondary": 0.6097192332491473, "primary": 0.6973588957477822}}, "CCA|CCG": {"individual": [], "joint": {"secondary": 0.8631627553910136, "primary": 0.7748650701472078}}, "CCA|CCT": {"individual": [], "joint": {"secondary": 0.6774790184324047, "primary": 0.6937692823515039}}, "CCC|CCG": {"individual": [], "joint": {"secondary": 0.6167269411217159, "primary": 0.640292162955883}}, "CCC|CCT": {"individual": [], "joint": {"secondary": 0.6749221824224857, "primary": 0.685260269779088}}, "CCG|CCT": {"individual": [], "joint": {"secondary": 0.8587150575543945, "primary": 0.630986741225105}}, "CGA|CGC": {"individual": [], "joint": {"secondary": 0.6529881733275009, "primary": 0.6095900729692778}}, "CGA|CGG": {"individual": [], "joint": {"secondary": 0.9432740321312462, "primary": 0.8753485336920152}}, "CGA|CGT": {"individual": [], "joint": {"secondary": 1.031643721536434, "primary": 0.6845529877133959}}, "CGC|CGG": {"individual": [], "joint": {"secondary": 1.812637745298812, "primary": 1.851697801492139}}, "CGC|CGT": {"individual": [], "joint": {"secondary": 1.339762219285613, "primary": 2.12585062126756}}, "CGG|CGT": {"individual": [], "joint": {"secondary": 1.100745865696238, "primary": 0.5890409552832585}}, "CTA|CTC": {"individual": [], "joint": {"secondary": 0.7078328784928419, "primary": 0.81543906633012}}, "CTA|CTG": {"individual": [], "joint": {"secondary": 0.8651449727930389, "primary": 0.9132240445791471}}, "CTA|CTT": {"individual": [], "joint": {"secondary": 0.7772757081576774, "primary": 0.7649927887141481}}, "CTA|TTA": {"individual": [], "joint": {"secondary": 0.5338470588886796, "primary": 0.7983789447142641}}, "CTC|CTG": {"individual": [], "joint": {"secondary": 0.6595210307177355, "primary": 0.7100343329950436}}, "CTC|CTT": {"individual": [], "joint": {"secondary": 0.7751544339332408, "primary": 0.7453660973847864}}, "CTG|CTT": {"individual": [], "joint": {"secondary": 0.681274978071316, "primary": 0.7205963945778457}}, "CTG|TTG": {"individual": [], "joint": {"secondary": 0.737545654589614, "primary": 0.7213811841660929}}, "GAA|GAG": {"individual": [], "joint": {"secondary": 0.7731899874991954, "primary": 0.7728008653373298}}, "GAC|GAT": {"individual": [], "joint": {"secondary": 0.8093603852573463, "primary": 0.7623711791394379}}, "GCA|GCC": {"individual": [], "joint": {"secondary": 0.9772737051785628, "primary": 0.81807889964396}}, "GCA|GCG": {"individual": [], "joint": {"secondary": 0.7624234067239453, "primary": 0.7913209037196011}}, "GCA|GCT": {"individual": [], "joint": {"secondary": 0.4532929548024883, "primary": 0.4671519114767785}}, "GCC|GCG": {"individual": [], "joint": {"secondary": 0.6422582628642853, "primary": 0.640405638166486}}, "GCC|GCT": {"individual": [], "joint": {"secondary": 0.8996044630177962, "primary": 0.689680031972615}}, "GCG|GCT": {"individual": [], "joint": {"secondary": 0.5676585235541449, "primary": 0.7566396189828526}}, "GGA|GGC": {"individual": [], "joint": {"secondary": 0.5257824058128616, "primary": 0.6371462342769492}}, "GGA|GGG": {"individual": [], "joint": {"secondary": 0.5839122297568776, "primary": 0.70515752495902}}, "GGA|GGT": {"individual": [], "joint": {"secondary": 0.970562883547425, "primary": 0.7996548667723717}}, "GGC|GGG": {"individual": [], "joint": {"secondary": 0.7433645960042718, "primary": 0.7295630400618239}}, "GGC|GGT": {"individual": [], "joint": {"secondary": 1.925288573484195, "primary": 1.864338764511019}}, "GGG|GGT": {"individual": [], "joint": {"secondary": 1.538640565402167, "primary": 1.794196408069268}}, "GTA|GTC": {"individual": [], "joint": {"secondary": 1.643698597881392, "primary": 1.976085337137278}}, "GTA|GTG": {"individual": [], "joint": {"secondary": 1.834531487466808, "primary": 2.090468500295287}}, "GTA|GTT": {"individual": [], "joint": {"secondary": 1.958270671199272, "primary": 1.576957005152378}}, "GTC|GTG": {"individual": [], "joint": {"secondary": 1.633249987046576, "primary": 1.790937955121256}}, "GTC|GTT": {"individual": [], "joint": {"secondary": 2.124261966335399, "primary": 1.937693617323614}}, "GTG|GTT": {"individual": [], "joint": {"secondary": 0.4221007491817867, "primary": 0.7722768243949355}}, "TAC|TAT": {"individual": [], "joint": {"secondary": 0.8201434804004544, "primary": 0.6983657598644314}}, "TCA|TCC": {"individual": [], "joint": {"secondary": 1.725214018049916, "primary": 2.092014494525876}}, "TCA|TCG": {"individual": [], "joint": {"secondary": 2.04651016508523, "primary": 1.70594094800682}}, "TCA|TCT": {"individual": [], "joint": {"secondary": 1.085784129583334, "primary": 1.860899015133408}}, "TCC|TCG": {"individual": [], "joint": {"secondary": 1.741547572789819, "primary": 1.704676483570555}}, "TCC|TCT": {"individual": [], "joint": {"secondary": 1.723483866774025, "primary": 1.796244341815086}}, "TCG|TCT": {"individual": [], "joint": {"secondary": 1.702002052526354, "primary": 1.784440028340504}}, "TGC|TGT": {"individual": [], "joint": {"secondary": 1.748844259531483, "primary": 1.935963342387265}}, "TTA|TTG": {"individual": [], "joint": {"secondary": 0.8377759019701033, "primary": 0.724309815927262}}, "TTC|TTT": {"individual": [], "joint": {"secondary": 0.7515763884898454, "primary": 0.8464024311300637}}, "model_mixture_p": 0.6872070302534818}