{"baseline-AICc": {"individual": [], "joint": 348778.2434624814}, "baseline-loglikelihood": {"individual": [], "joint": -171052.4207295615}, "joint-AICc": {"individual": [], "joint": 347710.8676647596}, "joint-loglikelihood": {"individual": [], "joint": -169619.0152391764}, "AAA|AAG": {"individual": [], "joint": {"secondary": 0.869778260823892, "primary": 0.6161622008364473}}, "AAC|AAT": {"individual": [], "joint": {"secondary": 0.7535486674838007, "primary": 0.6421277506039836}}, "ACA|ACC": {"individual": [], "joint": {"secondary": 0.6475894532010122, "primary": 0.6397584236732367}}, "ACA|ACG": {"individual": [], "joint": {"secondary": 0.6093169206990555, "primary": 0.6558188069372363}}, "ACA|ACT": {"individual": [], "joint": {"secondary": 0.466429142313239, "primary": 0.4215729708256178}}, "ACC|ACG": {"individual": [], "joint": {"secondary": 0.5794966705069429, "primary": 0.5160617199101843}}, "ACC|ACT": {"individual": [], "joint": {"secondary": 0.408633086359259, "primary": 0.5539636817601651}}, "ACG|ACT": {"individual": [], "joint": {"secondary": 0.8496574791520434, "primary": 0.4801522044412965}}, "AGA|AGG": {"individual": [], "joint": {"secondary": 0.6030583929974778, "primary": 0.5971414319059363}}, "AGA|CGA": {"individual": [], "joint": {"secondary": 0.6605000562434407, "primary": 0.5306658622560391}}, "AGC|AGT": {"individual": [], "joint": {"secondary": 0.6611610286342087, "primary": 0.6631539809767991}}, "AGG|CGG": {"individual": [], "joint": {"secondary": 0.5846734091674164, "primary": 0.5429972714143964}}, "ATA|ATC": {"individual": [], "joint": {"secondary": 0.9605887868672859, "primary": 0.5339228354056657}}, "ATA|ATT": {"individual": [], "joint": {"secondary": 0.5654147940415264, "primary": 0.5482106591428765}}, "ATC|ATT": {"individual": [], "joint": {"secondary": 0.5837619252586576, "primary": 0.5777408560890103}}, "CAA|CAG": {"individual": [], "joint": {"secondary": 0.812175283309666, "primary": 0.6240799522126343}}, "CAC|CAT": {"individual": [], "joint": {"secondary": 0.4741338425116685, "primary": 0.6297396756634348}}, "CCA|CCC": {"individual": [], "joint": {"secondary": 2.005427849411617, "primary": 1.580862680240787}}, "CCA|CCG": {"individual": [], "joint": {"secondary": 0.6432777851200536, "primary": 0.6351038185818239}}, "CCA|CCT": {"individual": [], "joint": {"secondary": 1.09305903193364, "primary": 1.428409951058798}}, "CCC|CCG": {"individual": [], "joint": {"secondary": 1.416781039999658, "primary": 1.223904367384534}}, "CCC|CCT": {"individual": [], "joint": {"secondary": 1.805122084233074, "primary": 1.389553460408317}}, "CCG|CCT": {"individual": [], "joint": {"secondary": 0.3897633837758605, "primary": 0.4925684537223208}}, "CGA|CGC": {"individual": [], "joint": {"secondary": 1.245163784437872, "primary": 1.446085008826226}}, "CGA|CGG": {"individual": [], "joint": {"secondary": 1.429495074648885, "primary": 1.82106956010029}}, "CGA|CGT": {"individual": [], "joint": {"secondary": 1.066780249648826, "primary": 1.899815277836131}}, "CGC|CGG": {"individual": [], "joint": {"secondary": 1.453969196367582, "primary": 1.406114318339307}}, "CGC|CGT": {"individual": [], "joint": {"secondary": 1.413144152953692, "primary": 1.648475142602155}}, "CGG|CGT": {"individual": [], "joint": {"secondary": 1.204159198903804, "primary": 0.9509144859711994}}, "CTA|CTC": {"individual": [], "joint": {"secondary": 0.682886231268171, "primary": 0.5891612050348822}}, "CTA|CTG": {"individual": [], "joint": {"secondary": 0.7126746561900429, "primary": 0.7387601391045778}}, "CTA|CTT": {"individual": [], "joint": {"secondary": 0.95103491201021, "primary": 0.4203081344576422}}, "CTA|TTA": {"individual": [], "joint": {"secondary": 0.5472187574938604, "primary": 0.524662473924835}}, "CTC|CTG": {"individual": [], "joint": {"secondary": 0.4736674896800621, "primary": 0.4868943277467571}}, "CTC|CTT": {"individual": [], "joint": {"secondary": 0.5329269141410329, "primary": 0.5956879691405513}}, "CTG|CTT": {"individual": [], "joint": {"secondary": 0.5292518729409208, "primary": 0.460109990808705}}, "CTG|TTG": {"individual": [], "joint": {"secondary": 0.6103540480879438, "primary": 0.5312881405511493}}, "GAA|GAG": {"individual": [], "joint": {"secondary": 0.7237336772388904, "primary": 0.6185094453245406}}, "GAC|GAT": {"individual": [], "joint": {"secondary": 0.7305579663849626, "primary": 0.6515731473849989}}, "GCA|GCC": {"individual": [], "joint": {"secondary": 0.8434802063908615, "primary": 0.63148304299379}}, "GCA|GCG": {"individual": [], "joint": {"secondary": 0.484065744479491, "primary": 0.6102899210988019}}, "GCA|GCT": {"individual": [], "joint": {"secondary": 0.549065133550058, "primary": 0.4661050955239968}}, "GCC|GCG": {"individual": [], "joint": {"secondary": 1.173706419342929, "primary": 1.265731171533994}}, "GCC|GCT": {"individual": [], "joint": {"secondary": 1.529684633460558, "primary": 1.670096209713815}}, "GCG|GCT": {"individual": [], "joint": {"secondary": 1.091212067924277, "primary": 1.461736779507442}}, "GGA|GGC": {"individual": [], "joint": {"secondary": 1.212562465356019, "primary": 1.278860881155936}}, "GGA|GGG": {"individual": [], "joint": {"secondary": 1.607077866581642, "primary": 1.637822848558946}}, "GGA|GGT": {"individual": [], "joint": {"secondary": 1.526114686395964, "primary": 1.254338426593456}}, "GGC|GGG": {"individual": [], "joint": {"secondary": 0.9007191618985028, "primary": 1.173166209022378}}, "GGC|GGT": {"individual": [], "joint": {"secondary": 1.762313258773673, "primary": 1.469654157744752}}, "GGG|GGT": {"individual": [], "joint": {"secondary": 1.065582615138588, "primary": 1.328498084420462}}, "GTA|GTC": {"individual": [], "joint": {"secondary": 1.416343009993514, "primary": 1.477176760859361}}, "GTA|GTG": {"individual": [], "joint": {"secondary": 1.442102561129479, "primary": 1.738590301094457}}, "GTA|GTT": {"individual": [], "joint": {"secondary": 1.042389216480206, "primary": 1.252761607189341}}, "GTC|GTG": {"individual": [], "joint": {"secondary": 1.349495413449807, "primary": 1.19751131705331}}, "GTC|GTT": {"individual": [], "joint": {"secondary": 1.462655471752079, "primary": 1.624807797275246}}, "GTG|GTT": {"individual": [], "joint": {"secondary": 1.656096484513766, "primary": 1.404778809115498}}, "TAC|TAT": {"individual": [], "joint": {"secondary": 1.457125647900176, "primary": 1.59611816638343}}, "TCA|TCC": {"individual": [], "joint": {"secondary": 0.9275443491287841, "primary": 1.396056020847602}}, "TCA|TCG": {"individual": [], "joint": {"secondary": 1.679312918153293, "primary": 1.596292969630252}}, "TCA|TCT": {"individual": [], "joint": {"secondary": 0.9621713000814208, "primary": 1.295875951745063}}, "TCC|TCG": {"individual": [], "joint": {"secondary": 1.433172439432488, "primary": 1.267303481893078}}, "TCC|TCT": {"individual": [], "joint": {"secondary": 1.626561306123216, "primary": 1.568300851429689}}, "TCG|TCT": {"individual": [], "joint": {"secondary": 1.409021373827823, "primary": 1.28132936654286}}, "TGC|TGT": {"individual": [], "joint": {"secondary": 1.08476242139082, "primary": 1.526361005132049}}, "TTA|TTG": {"individual": [], "joint": {"secondary": 0.8665942868029299, "primary": 0.656579307514791}}, "TTC|TTT": {"individual": [], "joint": {"secondary": 0.6887009841063817, "primary": 0.5592716758206997}}, "model_mixture_p": 0.8121050407236303}