{"baseline-AICc": {"individual": [], "joint": 286489.2046471471}, "baseline-loglikelihood": {"individual": [], "joint": -139096.9457954855}, "joint-AICc": {"individual": [], "joint": 287896.7371664782}, "joint-loglikelihood": {"individual": [], "joint": -138890.1075766048}, "AAA|AAG": {"individual": [], "joint": {"secondary": 1.078783523242321, "primary": 0.7252104744695396}}, "AAC|AAT": {"individual": [], "joint": {"secondary": 0.9878408958677942, "primary": 0.5655313932761786}}, "ACA|ACC": {"individual": [], "joint": {"secondary": 0.9553859581980686, "primary": 0.6431405957948151}}, "ACA|ACG": {"individual": [], "joint": {"secondary": 0.9939806623694728, "primary": 0.9160219223313374}}, "ACA|ACT": {"individual": [], "joint": {"secondary": 1.020959940213048, "primary": 0.3930642940088897}}, "ACC|ACG": {"individual": [], "joint": {"secondary": 1.00401341881427, "primary": 0.7211973948469269}}, "ACC|ACT": {"individual": [], "joint": {"secondary": 1.013046556317243, "primary": 0.662307765129818}}, "ACG|ACT": {"individual": [], "joint": {"secondary": 0.7778924590076244, "primary": 0.5887201819879162}}, "AGA|AGG": {"individual": [], "joint": {"secondary": 1.078407384205946, "primary": 0.6530148249668297}}, "AGA|CGA": {"individual": [], "joint": {"secondary": 1.132392327936692, "primary": 0.6698212629770586}}, "AGC|AGT": {"individual": [], "joint": {"secondary": 1.031368556508161, "primary": 0.7743362107177029}}, "AGG|CGG": {"individual": [], "joint": {"secondary": 0.8947153973261334, "primary": 0.8300273295707485}}, "ATA|ATC": {"individual": [], "joint": {"secondary": 0.9978141383211857, "primary": 0.9492353130532744}}, "ATA|ATT": {"individual": [], "joint": {"secondary": 1.142944277757459, "primary": 1.140588367931746}}, "ATC|ATT": {"individual": [], "joint": {"secondary": 0.9266007833169656, "primary": 0.5492568863227772}}, "CAA|CAG": {"individual": [], "joint": {"secondary": 1.169848576603336, "primary": 0.7574756808175697}}, "CAC|CAT": {"individual": [], "joint": {"secondary": 0.9592403132703894, "primary": 0.7855435214566312}}, "CCA|CCC": {"individual": [], "joint": {"secondary": 1.113275094851865, "primary": 0.7117176835393236}}, "CCA|CCG": {"individual": [], "joint": {"secondary": 0.9033139142034331, "primary": 0.8847521311863584}}, "CCA|CCT": {"individual": [], "joint": {"secondary": 1.059534563305667, "primary": 0.1905541818589273}}, "CCC|CCG": {"individual": [], "joint": {"secondary": 0.8937806463982189, "primary": 0.6090375423379444}}, "CCC|CCT": {"individual": [], "joint": {"secondary": 1.053302334120834, "primary": 0.8910656742750651}}, "CCG|CCT": {"individual": [], "joint": {"secondary": 1.061626863911626, "primary": 0.5577746776542064}}, "CGA|CGC": {"individual": [], "joint": {"secondary": 0.8293142255669305, "primary": 0.9460856054361005}}, "CGA|CGG": {"individual": [], "joint": {"secondary": 1.066046660896717, "primary": 0.6096282433908214}}, "CGA|CGT": {"individual": [], "joint": {"secondary": 1.298538797400543, "primary": 1.043089405680714}}, "CGC|CGG": {"individual": [], "joint": {"secondary": 1.041386475821357, "primary": 2.059201473033949}}, "CGC|CGT": {"individual": [], "joint": {"secondary": 1.047487451695974, "primary": 2.276869536158135}}, "CGG|CGT": {"individual": [], "joint": {"secondary": 1.076180650108111, "primary": 0.972361696795291}}, "CTA|CTC": {"individual": [], "joint": {"secondary": 0.9725039447966197, "primary": 0.8341407626349715}}, "CTA|CTG": {"individual": [], "joint": {"secondary": 1.017109297296904, "primary": 0.7540342575111546}}, "CTA|CTT": {"individual": [], "joint": {"secondary": 0.961538093309758, "primary": 1.065486002258749}}, "CTA|TTA": {"individual": [], "joint": {"secondary": 0.8724207202683621, "primary": 0.7084530398945885}}, "CTC|CTG": {"individual": [], "joint": {"secondary": 1.044945106711646, "primary": 0.7547543615192938}}, "CTC|CTT": {"individual": [], "joint": {"secondary": 0.9081231941784111, "primary": 0.7328286816866285}}, "CTG|CTT": {"individual": [], "joint": {"secondary": 1.060058539010167, "primary": 0.561935590708049}}, "CTG|TTG": {"individual": [], "joint": {"secondary": 0.9757926978763695, "primary": 0.5807600551287665}}, "GAA|GAG": {"individual": [], "joint": {"secondary": 1.027953184376605, "primary": 0.8545147881771518}}, "GAC|GAT": {"individual": [], "joint": {"secondary": 1.035270127824391, "primary": 0.7108933632619744}}, "GCA|GCC": {"individual": [], "joint": {"secondary": 0.8390087569596616, "primary": 0.6350270056932141}}, "GCA|GCG": {"individual": [], "joint": {"secondary": 1.021936057399309, "primary": 0.6691772429478349}}, "GCA|GCT": {"individual": [], "joint": {"secondary": 1.014223742492117, "primary": 0.6253805551836334}}, "GCC|GCG": {"individual": [], "joint": {"secondary": 0.9543379305488272, "primary": 0.8287938918035862}}, "GCC|GCT": {"individual": [], "joint": {"secondary": 1.085130570645407, "primary": 0.7335839176876808}}, "GCG|GCT": {"individual": [], "joint": {"secondary": 0.9277231793956561, "primary": 0.8708114433216338}}, "GGA|GGC": {"individual": [], "joint": {"secondary": 1.079210205100782, "primary": 0.9852316123414068}}, "GGA|GGG": {"individual": [], "joint": {"secondary": 0.8890196084672838, "primary": 0.5637935688312747}}, "GGA|GGT": {"individual": [], "joint": {"secondary": 0.7511851382763016, "primary": 0.240936379801715}}, "GGC|GGG": {"individual": [], "joint": {"secondary": 1.106643105340532, "primary": 0.6302141897364978}}, "GGC|GGT": {"individual": [], "joint": {"secondary": 0.938891368224389, "primary": 1.91528196280324}}, "GGG|GGT": {"individual": [], "joint": {"secondary": 1.133528892286854, "primary": 1.273905968288637}}, "GTA|GTC": {"individual": [], "joint": {"secondary": 0.9623042879290449, "primary": 1.81982883657507}}, "GTA|GTG": {"individual": [], "joint": {"secondary": 1.003779008439852, "primary": 1.796686957167867}}, "GTA|GTT": {"individual": [], "joint": {"secondary": 0.9051799713808567, "primary": 2.605965257771979}}, "GTC|GTG": {"individual": [], "joint": {"secondary": 0.9196425265426048, "primary": 1.803521560328632}}, "GTC|GTT": {"individual": [], "joint": {"secondary": 0.9108441265573778, "primary": 1.561655916150636}}, "GTG|GTT": {"individual": [], "joint": {"secondary": 1.127763834481826, "primary": 0.6747507232358965}}, "TAC|TAT": {"individual": [], "joint": {"secondary": 0.8967669000104748, "primary": 0.7419298455984523}}, "TCA|TCC": {"individual": [], "joint": {"secondary": 1.093508260814518, "primary": 1.717179302707502}}, "TCA|TCG": {"individual": [], "joint": {"secondary": 0.9968929446267558, "primary": 1.895506433448333}}, "TCA|TCT": {"individual": [], "joint": {"secondary": 0.8313958777007182, "primary": 1.932776183539827}}, "TCC|TCG": {"individual": [], "joint": {"secondary": 0.981340775401979, "primary": 1.772905861640826}}, "TCC|TCT": {"individual": [], "joint": {"secondary": 1.020765088321571, "primary": 1.53175644063698}}, "TCG|TCT": {"individual": [], "joint": {"secondary": 0.8214768868216309, "primary": 1.677568626631027}}, "TGC|TGT": {"individual": [], "joint": {"secondary": 1.074134443462728, "primary": 2.315042421930754}}, "TTA|TTG": {"individual": [], "joint": {"secondary": 1.194127392995539, "primary": 0.8759805216537808}}, "TTC|TTT": {"individual": [], "joint": {"secondary": 1.034501366168787, "primary": 0.6703751987541865}}, "model_mixture_p": 0.09999998381415279}