{"baseline-AICc": {"individual": [], "joint": 353259.033476625}, "baseline-loglikelihood": {"individual": [], "joint": -173292.8157366333}, "joint-AICc": {"individual": [], "joint": 353894.3325199621}, "joint-loglikelihood": {"individual": [], "joint": -172710.7476667776}, "AAA|AAG": {"individual": [], "joint": {"secondary": 0.8443844314193703, "primary": 0.8954526904421464}}, "AAC|AAT": {"individual": [], "joint": {"secondary": 0.8797940530631053, "primary": 0.8581466527675841}}, "ACA|ACC": {"individual": [], "joint": {"secondary": 0.9764431118376925, "primary": 1.029911643537782}}, "ACA|ACG": {"individual": [], "joint": {"secondary": 0.7906081271386326, "primary": 0.973020389287126}}, "ACA|ACT": {"individual": [], "joint": {"secondary": 1.268780014539319, "primary": 0.7489489939206786}}, "ACC|ACG": {"individual": [], "joint": {"secondary": 0.8523441508887902, "primary": 0.8815654097163017}}, "ACC|ACT": {"individual": [], "joint": {"secondary": 0.9363622725410815, "primary": 1.05765179556027}}, "ACG|ACT": {"individual": [], "joint": {"secondary": 0.7914692239734763, "primary": 0.8082342718876162}}, "AGA|AGG": {"individual": [], "joint": {"secondary": 0.8289367168578091, "primary": 0.9685942159434883}}, "AGA|CGA": {"individual": [], "joint": {"secondary": 1.001204287883034, "primary": 0.86635957289672}}, "AGC|AGT": {"individual": [], "joint": {"secondary": 1.076630987202591, "primary": 0.8744354791336253}}, "AGG|CGG": {"individual": [], "joint": {"secondary": 0.8002918568484088, "primary": 0.8857030055216443}}, "ATA|ATC": {"individual": [], "joint": {"secondary": 0.8896881442178531, "primary": 1.02687051666409}}, "ATA|ATT": {"individual": [], "joint": {"secondary": 0.8348548236159341, "primary": 0.6663940523033671}}, "ATC|ATT": {"individual": [], "joint": {"secondary": 0.9670044004276633, "primary": 0.9119558905004772}}, "CAA|CAG": {"individual": [], "joint": {"secondary": 0.7631823471240435, "primary": 0.8343867442911257}}, "CAC|CAT": {"individual": [], "joint": {"secondary": 0.569590397944458, "primary": 0.8774398174785091}}, "CCA|CCC": {"individual": [], "joint": {"secondary": 0.8941220205354887, "primary": 0.7117885811715309}}, "CCA|CCG": {"individual": [], "joint": {"secondary": 0.83141834382173, "primary": 0.820578596147649}}, "CCA|CCT": {"individual": [], "joint": {"secondary": 1.087572552993608, "primary": 0.7793973224053015}}, "CCC|CCG": {"individual": [], "joint": {"secondary": 0.761947700546983, "primary": 0.8458493876223757}}, "CCC|CCT": {"individual": [], "joint": {"secondary": 0.8865658255683704, "primary": 0.9353646291904553}}, "CCG|CCT": {"individual": [], "joint": {"secondary": 0.7924305960592049, "primary": 0.8053421371031552}}, "CGA|CGC": {"individual": [], "joint": {"secondary": 1.347679694582907, "primary": 0.5756611776945152}}, "CGA|CGG": {"individual": [], "joint": {"secondary": 0.7952883832122002, "primary": 0.9339418092896133}}, "CGA|CGT": {"individual": [], "joint": {"secondary": 0.6389640180961456, "primary": 0.9411175160413675}}, "CGC|CGG": {"individual": [], "joint": {"secondary": 2.072028814016087, "primary": 2.271095855377487}}, "CGC|CGT": {"individual": [], "joint": {"secondary": 2.158291339653895, "primary": 2.643492245244555}}, "CGG|CGT": {"individual": [], "joint": {"secondary": 0.4579248886500141, "primary": 0.8678232462085155}}, "CTA|CTC": {"individual": [], "joint": {"secondary": 0.756189939342443, "primary": 1.037653243030839}}, "CTA|CTG": {"individual": [], "joint": {"secondary": 0.9511746178637576, "primary": 0.8417167780000268}}, "CTA|CTT": {"individual": [], "joint": {"secondary": 1.187721364300538, "primary": 1.099681915873355}}, "CTA|TTA": {"individual": [], "joint": {"secondary": 0.844897948928811, "primary": 0.8045913241003414}}, "CTC|CTG": {"individual": [], "joint": {"secondary": 0.8311298809400003, "primary": 0.880069091274779}}, "CTC|CTT": {"individual": [], "joint": {"secondary": 0.7794700655979581, "primary": 0.8773206173927667}}, "CTG|CTT": {"individual": [], "joint": {"secondary": 0.716534374296012, "primary": 0.7786899514797037}}, "CTG|TTG": {"individual": [], "joint": {"secondary": 1.008165523485738, "primary": 0.9676803228346081}}, "GAA|GAG": {"individual": [], "joint": {"secondary": 0.8545758258449189, "primary": 0.9169440855794393}}, "GAC|GAT": {"individual": [], "joint": {"secondary": 0.8484683492653857, "primary": 0.9663117035672371}}, "GCA|GCC": {"individual": [], "joint": {"secondary": 0.5583677467870356, "primary": 0.8776642651366086}}, "GCA|GCG": {"individual": [], "joint": {"secondary": 0.9819364645037016, "primary": 0.7430087048488548}}, "GCA|GCT": {"individual": [], "joint": {"secondary": 1.090361836375547, "primary": 0.8466901542096189}}, "GCC|GCG": {"individual": [], "joint": {"secondary": 0.8560791296482191, "primary": 0.8913031945294139}}, "GCC|GCT": {"individual": [], "joint": {"secondary": 1.067857512919943, "primary": 0.865195585756313}}, "GCG|GCT": {"individual": [], "joint": {"secondary": 1.299025202032588, "primary": 0.942795068561104}}, "GGA|GGC": {"individual": [], "joint": {"secondary": 0.9329353871478193, "primary": 0.9076094683673458}}, "GGA|GGG": {"individual": [], "joint": {"secondary": 0.6852535598671818, "primary": 0.7700731378647084}}, "GGA|GGT": {"individual": [], "joint": {"secondary": 0.6238460796758394, "primary": 0.9975972317854737}}, "GGC|GGG": {"individual": [], "joint": {"secondary": 0.9696273016741813, "primary": 0.842845178076917}}, "GGC|GGT": {"individual": [], "joint": {"secondary": 0.9944469869511383, "primary": 0.8884591087051433}}, "GGG|GGT": {"individual": [], "joint": {"secondary": 2.504393471153388, "primary": 2.279441440727652}}, "GTA|GTC": {"individual": [], "joint": {"secondary": 0.6978535248535305, "primary": 1.007573982315573}}, "GTA|GTG": {"individual": [], "joint": {"secondary": 2.172865020025303, "primary": 1.949739288797201}}, "GTA|GTT": {"individual": [], "joint": {"secondary": 1.041639777223436, "primary": 0.7595329894981846}}, "GTC|GTG": {"individual": [], "joint": {"secondary": 0.9289436457975494, "primary": 0.8443389621438431}}, "GTC|GTT": {"individual": [], "joint": {"secondary": 0.8919698207675564, "primary": 0.8851201182728052}}, "GTG|GTT": {"individual": [], "joint": {"secondary": 0.6101557658785471, "primary": 0.9714377470021432}}, "TAC|TAT": {"individual": [], "joint": {"secondary": 0.8467944839012309, "primary": 0.8140892948249202}}, "TCA|TCC": {"individual": [], "joint": {"secondary": 2.106645454623959, "primary": 2.083882295382991}}, "TCA|TCG": {"individual": [], "joint": {"secondary": 1.890536108901191, "primary": 2.231758925152799}}, "TCA|TCT": {"individual": [], "joint": {"secondary": 0.7327634495851475, "primary": 0.6908018657088445}}, "TCC|TCG": {"individual": [], "joint": {"secondary": 0.9485511108073258, "primary": 0.9194485475604256}}, "TCC|TCT": {"individual": [], "joint": {"secondary": 0.9789449319174283, "primary": 0.8726198819821771}}, "TCG|TCT": {"individual": [], "joint": {"secondary": 1.252558360354636, "primary": 1.027567846055582}}, "TGC|TGT": {"individual": [], "joint": {"secondary": 0.9887307777845715, "primary": 0.840687438080566}}, "TTA|TTG": {"individual": [], "joint": {"secondary": 0.9487954836155029, "primary": 0.7930090218754859}}, "TTC|TTT": {"individual": [], "joint": {"secondary": 0.8239901901010539, "primary": 0.988526578295129}}, "model_mixture_p": 0.6876990015752922}