{"baseline-AICc": {"individual": [], "joint": 372426.9959265173}, "baseline-loglikelihood": {"individual": [], "joint": -182000.7960887058}, "joint-AICc": {"individual": [], "joint": 372297.7802510528}, "joint-loglikelihood": {"individual": [], "joint": -181007.3564009655}, "AAA|AAG": {"individual": [], "joint": {"secondary": 0.8911001933015325, "primary": 0.7390290315144876}}, "AAC|AAT": {"individual": [], "joint": {"secondary": 1.009247979204376, "primary": 0.7636804510689383}}, "ACA|ACC": {"individual": [], "joint": {"secondary": 0.989488503819177, "primary": 0.6948525065417785}}, "ACA|ACG": {"individual": [], "joint": {"secondary": 1.105207427847554, "primary": 0.6693731712982292}}, "ACA|ACT": {"individual": [], "joint": {"secondary": 0.8050169408038347, "primary": 0.8959694403085292}}, "ACC|ACG": {"individual": [], "joint": {"secondary": 0.9018279188377709, "primary": 0.7163931618913553}}, "ACC|ACT": {"individual": [], "joint": {"secondary": 0.9578981160839974, "primary": 0.7052213683339507}}, "ACG|ACT": {"individual": [], "joint": {"secondary": 1.006490548072818, "primary": 0.7277273410848528}}, "AGA|AGG": {"individual": [], "joint": {"secondary": 0.9405227819907997, "primary": 0.690976530998191}}, "AGA|CGA": {"individual": [], "joint": {"secondary": 0.8164909862163656, "primary": 0.5113234654320279}}, "AGC|AGT": {"individual": [], "joint": {"secondary": 1.128573365320101, "primary": 0.7622308454448827}}, "AGG|CGG": {"individual": [], "joint": {"secondary": 0.9661460428791347, "primary": 0.6692276188325037}}, "ATA|ATC": {"individual": [], "joint": {"secondary": 0.6714136838417031, "primary": 0.8969755434775735}}, "ATA|ATT": {"individual": [], "joint": {"secondary": 1.296056206757509, "primary": 0.7814714729223818}}, "ATC|ATT": {"individual": [], "joint": {"secondary": 0.929838577756846, "primary": 0.8201335987874477}}, "CAA|CAG": {"individual": [], "joint": {"secondary": 1.064215118792996, "primary": 0.8389556698881838}}, "CAC|CAT": {"individual": [], "joint": {"secondary": 1.071057397223249, "primary": 0.6852602206381976}}, "CCA|CCC": {"individual": [], "joint": {"secondary": 0.9311972278956678, "primary": 0.7853139019342841}}, "CCA|CCG": {"individual": [], "joint": {"secondary": 1.132760140131714, "primary": 0.8964342526469488}}, "CCA|CCT": {"individual": [], "joint": {"secondary": 0.6949241519544211, "primary": 0.6649846211102911}}, "CCC|CCG": {"individual": [], "joint": {"secondary": 1.057344706203885, "primary": 0.6454219987112932}}, "CCC|CCT": {"individual": [], "joint": {"secondary": 0.9391753902919697, "primary": 0.7678330577056367}}, "CCG|CCT": {"individual": [], "joint": {"secondary": 0.9208143550852491, "primary": 0.7294954199706677}}, "CGA|CGC": {"individual": [], "joint": {"secondary": 0.8941978251505894, "primary": 0.7581572309544212}}, "CGA|CGG": {"individual": [], "joint": {"secondary": 1.076690219497032, "primary": 0.7824750430086459}}, "CGA|CGT": {"individual": [], "joint": {"secondary": 1.282651685543009, "primary": 0.4842058868684215}}, "CGC|CGG": {"individual": [], "joint": {"secondary": 0.9560273065365689, "primary": 1.755308049929961}}, "CGC|CGT": {"individual": [], "joint": {"secondary": 1.08992116640674, "primary": 1.918052599451187}}, "CGG|CGT": {"individual": [], "joint": {"secondary": 1.391769422244199, "primary": 0.7321702359743012}}, "CTA|CTC": {"individual": [], "joint": {"secondary": 1.084278568218652, "primary": 0.7270414784910844}}, "CTA|CTG": {"individual": [], "joint": {"secondary": 0.8748455884392555, "primary": 0.8881191285345683}}, "CTA|CTT": {"individual": [], "joint": {"secondary": 0.9446201430269829, "primary": 0.7358795390444182}}, "CTA|TTA": {"individual": [], "joint": {"secondary": 1.105433429606455, "primary": 0.8074198560166723}}, "CTC|CTG": {"individual": [], "joint": {"secondary": 1.022431370455492, "primary": 0.6510390307025049}}, "CTC|CTT": {"individual": [], "joint": {"secondary": 1.043985267960937, "primary": 0.8226613367792605}}, "CTG|CTT": {"individual": [], "joint": {"secondary": 0.8440944249940694, "primary": 0.7482258418203798}}, "CTG|TTG": {"individual": [], "joint": {"secondary": 0.9533613786041328, "primary": 0.7358672735507295}}, "GAA|GAG": {"individual": [], "joint": {"secondary": 0.8023493807244695, "primary": 0.7498196606273559}}, "GAC|GAT": {"individual": [], "joint": {"secondary": 0.8915077621976428, "primary": 0.7518939013502416}}, "GCA|GCC": {"individual": [], "joint": {"secondary": 1.262419069176917, "primary": 0.6889249906981125}}, "GCA|GCG": {"individual": [], "joint": {"secondary": 0.988545572142889, "primary": 0.7247541467409797}}, "GCA|GCT": {"individual": [], "joint": {"secondary": 1.077611935030354, "primary": 0.690753770373417}}, "GCC|GCG": {"individual": [], "joint": {"secondary": 1.080716248404302, "primary": 0.7126126331348552}}, "GCC|GCT": {"individual": [], "joint": {"secondary": 1.14718811167441, "primary": 0.713416970451863}}, "GCG|GCT": {"individual": [], "joint": {"secondary": 0.8835845628897844, "primary": 0.5680611838877412}}, "GGA|GGC": {"individual": [], "joint": {"secondary": 0.8617842795505769, "primary": 0.5380373667123902}}, "GGA|GGG": {"individual": [], "joint": {"secondary": 1.12084439170196, "primary": 0.7606772709949751}}, "GGA|GGT": {"individual": [], "joint": {"secondary": 1.035804592546933, "primary": 0.6816614436302671}}, "GGC|GGG": {"individual": [], "joint": {"secondary": 1.004134560391015, "primary": 0.7546434051135251}}, "GGC|GGT": {"individual": [], "joint": {"secondary": 0.9762105782726824, "primary": 1.783945675067947}}, "GGG|GGT": {"individual": [], "joint": {"secondary": 0.8290308354050041, "primary": 1.655622886522554}}, "GTA|GTC": {"individual": [], "joint": {"secondary": 1.009032173338288, "primary": 1.890361418267009}}, "GTA|GTG": {"individual": [], "joint": {"secondary": 0.9992791428437225, "primary": 2.115121383425911}}, "GTA|GTT": {"individual": [], "joint": {"secondary": 1.017778209686873, "primary": 2.129301467823407}}, "GTC|GTG": {"individual": [], "joint": {"secondary": 1.013373249445654, "primary": 1.818049412665276}}, "GTC|GTT": {"individual": [], "joint": {"secondary": 0.9837641051515986, "primary": 1.999533114418628}}, "GTG|GTT": {"individual": [], "joint": {"secondary": 1.023302355033712, "primary": 0.77738364560102}}, "TAC|TAT": {"individual": [], "joint": {"secondary": 0.9689583302807854, "primary": 0.8604170275523505}}, "TCA|TCC": {"individual": [], "joint": {"secondary": 1.370929906671442, "primary": 1.466861994746974}}, "TCA|TCG": {"individual": [], "joint": {"secondary": 0.9905585816854482, "primary": 2.006525142420337}}, "TCA|TCT": {"individual": [], "joint": {"secondary": 0.9019958652919023, "primary": 1.878023029046883}}, "TCC|TCG": {"individual": [], "joint": {"secondary": 0.8528130293165926, "primary": 1.84834829990801}}, "TCC|TCT": {"individual": [], "joint": {"secondary": 0.9662464939007316, "primary": 1.773951777041016}}, "TCG|TCT": {"individual": [], "joint": {"secondary": 0.8455312072331437, "primary": 1.700245808528311}}, "TGC|TGT": {"individual": [], "joint": {"secondary": 1.137287156492564, "primary": 1.852542581452708}}, "TTA|TTG": {"individual": [], "joint": {"secondary": 1.087301330917282, "primary": 0.7865564868440601}}, "TTC|TTT": {"individual": [], "joint": {"secondary": 1.079001425604537, "primary": 0.7170448832826773}}, "model_mixture_p": 0.5999659928974574}