{"baseline-AICc": {"individual": [], "joint": 353124.7681222222}, "baseline-loglikelihood": {"individual": [], "joint": -173225.6830594319}, "joint-AICc": {"individual": [], "joint": 352436.1867208966}, "joint-loglikelihood": {"individual": [], "joint": -171981.6747672449}, "AAA|AAG": {"individual": [], "joint": {"secondary": 0.7379821741356607, "primary": 0.8231991870234121}}, "AAC|AAT": {"individual": [], "joint": {"secondary": 0.8532735254475937, "primary": 0.6636388300039889}}, "ACA|ACC": {"individual": [], "joint": {"secondary": 0.8608955719981197, "primary": 0.760119840681743}}, "ACA|ACG": {"individual": [], "joint": {"secondary": 0.7580136249758482, "primary": 0.8219478323615553}}, "ACA|ACT": {"individual": [], "joint": {"secondary": 0.904490630238715, "primary": 0.4194251142557426}}, "ACC|ACG": {"individual": [], "joint": {"secondary": 0.6402853692284177, "primary": 0.7505871233004728}}, "ACC|ACT": {"individual": [], "joint": {"secondary": 0.774774982556686, "primary": 0.870581854796434}}, "ACG|ACT": {"individual": [], "joint": {"secondary": 0.8526580567774383, "primary": 0.6219649333592637}}, "AGA|AGG": {"individual": [], "joint": {"secondary": 0.9402886810721179, "primary": 0.9021680425442372}}, "AGA|CGA": {"individual": [], "joint": {"secondary": 0.4489535510878119, "primary": 0.6062833154152234}}, "AGC|AGT": {"individual": [], "joint": {"secondary": 0.7801992206517492, "primary": 0.6398162077747042}}, "AGG|CGG": {"individual": [], "joint": {"secondary": 0.9325316814548414, "primary": 0.7261393446526359}}, "ATA|ATC": {"individual": [], "joint": {"secondary": 0.8797619976623581, "primary": 0.7355814292461286}}, "ATA|ATT": {"individual": [], "joint": {"secondary": 0.7865025316821659, "primary": 0.5599497398854265}}, "ATC|ATT": {"individual": [], "joint": {"secondary": 0.8566349643206951, "primary": 0.7602763496301886}}, "CAA|CAG": {"individual": [], "joint": {"secondary": 0.8742300675560799, "primary": 0.7498603095606099}}, "CAC|CAT": {"individual": [], "joint": {"secondary": 0.7700915612157864, "primary": 0.712826320708625}}, "CCA|CCC": {"individual": [], "joint": {"secondary": 0.4779380977821275, "primary": 0.7077739014578962}}, "CCA|CCG": {"individual": [], "joint": {"secondary": 0.9541558413448357, "primary": 0.7049611638708413}}, "CCA|CCT": {"individual": [], "joint": {"secondary": 0.8233903482619579, "primary": 0.7965324331815943}}, "CCC|CCG": {"individual": [], "joint": {"secondary": 0.7365787039841285, "primary": 0.6824054489782879}}, "CCC|CCT": {"individual": [], "joint": {"secondary": 0.6781879839004792, "primary": 0.767314082441396}}, "CCG|CCT": {"individual": [], "joint": {"secondary": 0.8778937326704076, "primary": 0.5242957375595543}}, "CGA|CGC": {"individual": [], "joint": {"secondary": 0.5246267548895052, "primary": 0.7338021089173223}}, "CGA|CGG": {"individual": [], "joint": {"secondary": 0.963147189033791, "primary": 0.6860216016298334}}, "CGA|CGT": {"individual": [], "joint": {"secondary": 0.8535579065012483, "primary": 0.5771426186984802}}, "CGC|CGG": {"individual": [], "joint": {"secondary": 1.875619512241345, "primary": 1.681271497236806}}, "CGC|CGT": {"individual": [], "joint": {"secondary": 1.354841061843224, "primary": 1.862379415479923}}, "CGG|CGT": {"individual": [], "joint": {"secondary": 0.503016692104889, "primary": 0.66356260124069}}, "CTA|CTC": {"individual": [], "joint": {"secondary": 0.5881642591317211, "primary": 0.6263833862322962}}, "CTA|CTG": {"individual": [], "joint": {"secondary": 0.7600108033955301, "primary": 0.8009770826286252}}, "CTA|CTT": {"individual": [], "joint": {"secondary": 0.5248355261950861, "primary": 0.9468237457322972}}, "CTA|TTA": {"individual": [], "joint": {"secondary": 0.7245062294030509, "primary": 0.7630109379031107}}, "CTC|CTG": {"individual": [], "joint": {"secondary": 0.7486479862707583, "primary": 0.7079795542739284}}, "CTC|CTT": {"individual": [], "joint": {"secondary": 0.7437604435312527, "primary": 0.7421613143990711}}, "CTG|CTT": {"individual": [], "joint": {"secondary": 0.7584408263330559, "primary": 0.6273606111682426}}, "CTG|TTG": {"individual": [], "joint": {"secondary": 0.700974012847765, "primary": 0.8927311440415284}}, "GAA|GAG": {"individual": [], "joint": {"secondary": 0.5934693727936413, "primary": 0.8140158765725103}}, "GAC|GAT": {"individual": [], "joint": {"secondary": 0.7821314803362427, "primary": 0.7220760281177833}}, "GCA|GCC": {"individual": [], "joint": {"secondary": 0.9305587663746708, "primary": 0.7443781635370557}}, "GCA|GCG": {"individual": [], "joint": {"secondary": 0.8678468776376208, "primary": 0.8001617195074096}}, "GCA|GCT": {"individual": [], "joint": {"secondary": 0.7172281083470451, "primary": 0.8246227720689341}}, "GCC|GCG": {"individual": [], "joint": {"secondary": 0.7022300665249105, "primary": 0.7006959496558293}}, "GCC|GCT": {"individual": [], "joint": {"secondary": 0.7507026014327777, "primary": 0.6591984415717607}}, "GCG|GCT": {"individual": [], "joint": {"secondary": 0.8013117750898112, "primary": 0.5850013154336289}}, "GGA|GGC": {"individual": [], "joint": {"secondary": 0.6118002977299172, "primary": 0.7283865295486561}}, "GGA|GGG": {"individual": [], "joint": {"secondary": 0.8184278128946211, "primary": 0.641028777728973}}, "GGA|GGT": {"individual": [], "joint": {"secondary": 0.8230132677545065, "primary": 0.737778782694311}}, "GGC|GGG": {"individual": [], "joint": {"secondary": 0.665106153162895, "primary": 0.7316649107071633}}, "GGC|GGT": {"individual": [], "joint": {"secondary": 1.525202873925523, "primary": 1.999360106289319}}, "GGG|GGT": {"individual": [], "joint": {"secondary": 1.377455304328827, "primary": 1.975441120646359}}, "GTA|GTC": {"individual": [], "joint": {"secondary": 1.87984450376517, "primary": 1.908843026742615}}, "GTA|GTG": {"individual": [], "joint": {"secondary": 2.024418899575376, "primary": 1.935385158402965}}, "GTA|GTT": {"individual": [], "joint": {"secondary": 1.740148179750028, "primary": 2.335033765718498}}, "GTC|GTG": {"individual": [], "joint": {"secondary": 1.540479930833478, "primary": 1.733081048973207}}, "GTC|GTT": {"individual": [], "joint": {"secondary": 1.857538805199827, "primary": 1.901677129911752}}, "GTG|GTT": {"individual": [], "joint": {"secondary": 0.9353585318526585, "primary": 0.55072557078227}}, "TAC|TAT": {"individual": [], "joint": {"secondary": 0.6993193575002461, "primary": 0.7488863896145875}}, "TCA|TCC": {"individual": [], "joint": {"secondary": 1.49405118445131, "primary": 1.882313030786622}}, "TCA|TCG": {"individual": [], "joint": {"secondary": 1.777946429227292, "primary": 1.906186037885551}}, "TCA|TCT": {"individual": [], "joint": {"secondary": 2.399173297296803, "primary": 2.253084518416346}}, "TCC|TCG": {"individual": [], "joint": {"secondary": 1.918103289916041, "primary": 1.569335167117601}}, "TCC|TCT": {"individual": [], "joint": {"secondary": 1.972466420685389, "primary": 1.742092488472578}}, "TCG|TCT": {"individual": [], "joint": {"secondary": 2.031956283067869, "primary": 1.704250139941727}}, "TGC|TGT": {"individual": [], "joint": {"secondary": 1.542742387698721, "primary": 1.952963395747874}}, "TTA|TTG": {"individual": [], "joint": {"secondary": 0.7579769921903413, "primary": 0.8422487501738588}}, "TTC|TTT": {"individual": [], "joint": {"secondary": 0.6381286449281947, "primary": 0.7508277249601395}}, "model_mixture_p": 0.7504808553219575}