{"baseline-AICc": {"individual": [], "joint": 242013.8913866967}, "baseline-loglikelihood": {"individual": [], "joint": -117789.0206698871}, "joint-AICc": {"individual": [], "joint": 243612.8312159427}, "joint-loglikelihood": {"individual": [], "joint": -117722.3467724911}, "AAA|AAG": {"individual": [], "joint": {"secondary": 0.9834232829500364, "primary": 1.170132251602241}}, "AAC|AAT": {"individual": [], "joint": {"secondary": 1.025430181050884, "primary": 0.9447063975757767}}, "ACA|ACC": {"individual": [], "joint": {"secondary": 1.321157104409888, "primary": 0.529353286344056}}, "ACA|ACG": {"individual": [], "joint": {"secondary": 0.7005761716141458, "primary": 1.203651981420296}}, "ACA|ACT": {"individual": [], "joint": {"secondary": 0.6608833680207374, "primary": 1.180650575195524}}, "ACC|ACG": {"individual": [], "joint": {"secondary": 0.9675833554152685, "primary": 0.8061359096261063}}, "ACC|ACT": {"individual": [], "joint": {"secondary": 1.250486962197521, "primary": 1.140330236201874}}, "ACG|ACT": {"individual": [], "joint": {"secondary": 0.9463782007154012, "primary": 0.7514040246667318}}, "AGA|AGG": {"individual": [], "joint": {"secondary": 1.107772838769445, "primary": 0.9065159547203061}}, "AGA|CGA": {"individual": [], "joint": {"secondary": 0.966493765563251, "primary": 0.7743835584229628}}, "AGC|AGT": {"individual": [], "joint": {"secondary": 0.8621553115469387, "primary": 0.8619171251553613}}, "AGG|CGG": {"individual": [], "joint": {"secondary": 0.7988922507079413, "primary": 1.296525714674571}}, "ATA|ATC": {"individual": [], "joint": {"secondary": 0.8324477986415522, "primary": 1.254738662390855}}, "ATA|ATT": {"individual": [], "joint": {"secondary": 0.8974378149482497, "primary": 1.495045092613447}}, "ATC|ATT": {"individual": [], "joint": {"secondary": 1.032466376307111, "primary": 0.6659450794153898}}, "CAA|CAG": {"individual": [], "joint": {"secondary": 0.884029633544582, "primary": 0.8386263865337481}}, "CAC|CAT": {"individual": [], "joint": {"secondary": 0.7659568353078665, "primary": 1.027503771710067}}, "CCA|CCC": {"individual": [], "joint": {"secondary": 0.8753853529287123, "primary": 0.9838923694634707}}, "CCA|CCG": {"individual": [], "joint": {"secondary": 1.047087129675887, "primary": 0.8204883489663591}}, "CCA|CCT": {"individual": [], "joint": {"secondary": 1.093612392871528, "primary": 2.001587861954624}}, "CCC|CCG": {"individual": [], "joint": {"secondary": 0.9569700313437105, "primary": 0.9487042253449666}}, "CCC|CCT": {"individual": [], "joint": {"secondary": 0.8567041981665552, "primary": 0.9508596762910145}}, "CCG|CCT": {"individual": [], "joint": {"secondary": 1.057244225463907, "primary": 0.8525339325507048}}, "CGA|CGC": {"individual": [], "joint": {"secondary": 1.233617573054399, "primary": 0.9475028008386631}}, "CGA|CGG": {"individual": [], "joint": {"secondary": 1.193712148619815, "primary": 0.6750513609143274}}, "CGA|CGT": {"individual": [], "joint": {"secondary": 0.9652524231139096, "primary": 0.5169175260195412}}, "CGC|CGG": {"individual": [], "joint": {"secondary": 0.8328992424928765, "primary": 1.180092620016265}}, "CGC|CGT": {"individual": [], "joint": {"secondary": 0.9274121779511945, "primary": 1.129923028592028}}, "CGG|CGT": {"individual": [], "joint": {"secondary": 1.070757842597352, "primary": 0.889846698071402}}, "CTA|CTC": {"individual": [], "joint": {"secondary": 1.090457680027705, "primary": 1.118763379638217}}, "CTA|CTG": {"individual": [], "joint": {"secondary": 1.297987960016011, "primary": 1.252738823163134}}, "CTA|CTT": {"individual": [], "joint": {"secondary": 0.8611259740010647, "primary": 0.8749602640237356}}, "CTA|TTA": {"individual": [], "joint": {"secondary": 1.079328497120172, "primary": 0.9791225941261034}}, "CTC|CTG": {"individual": [], "joint": {"secondary": 0.9792708314080777, "primary": 0.774677750401905}}, "CTC|CTT": {"individual": [], "joint": {"secondary": 1.076497910109225, "primary": 0.8838952583375039}}, "CTG|CTT": {"individual": [], "joint": {"secondary": 0.8824337717576851, "primary": 1.682342087989923}}, "CTG|TTG": {"individual": [], "joint": {"secondary": 0.9156471113332689, "primary": 1.038940574911168}}, "GAA|GAG": {"individual": [], "joint": {"secondary": 0.9990229462462225, "primary": 1.106817407978494}}, "GAC|GAT": {"individual": [], "joint": {"secondary": 1.037126887147994, "primary": 0.856339771589948}}, "GCA|GCC": {"individual": [], "joint": {"secondary": 1.186864751939696, "primary": 0.8659151995001464}}, "GCA|GCG": {"individual": [], "joint": {"secondary": 0.9383350511366695, "primary": 1.225898345616165}}, "GCA|GCT": {"individual": [], "joint": {"secondary": 0.6224431787576283, "primary": 0.8946148234059521}}, "GCC|GCG": {"individual": [], "joint": {"secondary": 0.9948210173259827, "primary": 0.9502675741771309}}, "GCC|GCT": {"individual": [], "joint": {"secondary": 1.024660565825193, "primary": 1.332092748155582}}, "GCG|GCT": {"individual": [], "joint": {"secondary": 1.233750684500586, "primary": 1.020271745445868}}, "GGA|GGC": {"individual": [], "joint": {"secondary": 1.046480772158412, "primary": 0.9012555819929299}}, "GGA|GGG": {"individual": [], "joint": {"secondary": 1.115707489746544, "primary": 0.9268441396960347}}, "GGA|GGT": {"individual": [], "joint": {"secondary": 1.175607167588981, "primary": 0.2348269220915045}}, "GGC|GGG": {"individual": [], "joint": {"secondary": 1.109744591666059, "primary": 0.9959447856993993}}, "GGC|GGT": {"individual": [], "joint": {"secondary": 1.058666353935509, "primary": 1.163698263471639}}, "GGG|GGT": {"individual": [], "joint": {"secondary": 1.220006643166967, "primary": 1.067127407464292}}, "GTA|GTC": {"individual": [], "joint": {"secondary": 0.8371156022870773, "primary": 0.9556386055504844}}, "GTA|GTG": {"individual": [], "joint": {"secondary": 1.012625237138041, "primary": 0.9795901277494508}}, "GTA|GTT": {"individual": [], "joint": {"secondary": 1.011087363712538, "primary": 0.3886523868734323}}, "GTC|GTG": {"individual": [], "joint": {"secondary": 1.089137225827209, "primary": 1.136175411005782}}, "GTC|GTT": {"individual": [], "joint": {"secondary": 0.902265094292257, "primary": 1.043653106743115}}, "GTG|GTT": {"individual": [], "joint": {"secondary": 0.9111800328972313, "primary": 1.146521292897584}}, "TAC|TAT": {"individual": [], "joint": {"secondary": 1.180660860423568, "primary": 1.092182924748265}}, "TCA|TCC": {"individual": [], "joint": {"secondary": 0.9899404175492512, "primary": 1.452802766024177}}, "TCA|TCG": {"individual": [], "joint": {"secondary": 1.388442266239949, "primary": 0.7829218302972595}}, "TCA|TCT": {"individual": [], "joint": {"secondary": 1.182276615550015, "primary": 1.162949524126293}}, "TCC|TCG": {"individual": [], "joint": {"secondary": 1.081491352064428, "primary": 1.218103197131811}}, "TCC|TCT": {"individual": [], "joint": {"secondary": 0.8150122403536969, "primary": 1.073133178208247}}, "TCG|TCT": {"individual": [], "joint": {"secondary": 0.6980621963401046, "primary": 0.927502644266812}}, "TGC|TGT": {"individual": [], "joint": {"secondary": 0.8389550848191053, "primary": 0.7713789167107236}}, "TTA|TTG": {"individual": [], "joint": {"secondary": 1.021494200375173, "primary": 0.9571944073420531}}, "TTC|TTT": {"individual": [], "joint": {"secondary": 0.980040383224029, "primary": 1.019277774155015}}, "model_mixture_p": 0.3751492504492367}