{"baseline-AICc": {"individual": [], "joint": 355043.8836574586}, "baseline-loglikelihood": {"individual": [], "joint": -173324.2911831863}, "joint-AICc": {"individual": [], "joint": 355261.2419488878}, "joint-loglikelihood": {"individual": [], "joint": -172507.4570286744}, "AAA|AAG": {"individual": [], "joint": {"secondary": 0.8445261411865865, "primary": 1.028304848377157}}, "AAC|AAT": {"individual": [], "joint": {"secondary": 0.794629193600959, "primary": 0.980751834288822}}, "ACA|ACC": {"individual": [], "joint": {"secondary": 0.7881315015538565, "primary": 0.9596013957665863}}, "ACA|ACG": {"individual": [], "joint": {"secondary": 0.7430581323084312, "primary": 0.9765620000328289}}, "ACA|ACT": {"individual": [], "joint": {"secondary": 0.8612900160491962, "primary": 0.7958990052025892}}, "ACC|ACG": {"individual": [], "joint": {"secondary": 0.6488858110040483, "primary": 0.9774639331898406}}, "ACC|ACT": {"individual": [], "joint": {"secondary": 0.7631485488452808, "primary": 0.9795776129304714}}, "ACG|ACT": {"individual": [], "joint": {"secondary": 0.7026003283712551, "primary": 1.121241941619301}}, "AGA|AGG": {"individual": [], "joint": {"secondary": 0.7186084734052184, "primary": 1.114752998009564}}, "AGA|CGA": {"individual": [], "joint": {"secondary": 0.7672970930876664, "primary": 1.185725899438668}}, "AGC|AGT": {"individual": [], "joint": {"secondary": 0.804109007971216, "primary": 0.8156930828385143}}, "AGG|CGG": {"individual": [], "joint": {"secondary": 0.7202926843903431, "primary": 1.021859317892647}}, "ATA|ATC": {"individual": [], "joint": {"secondary": 0.6486578498314637, "primary": 1.007693035340755}}, "ATA|ATT": {"individual": [], "joint": {"secondary": 0.7397099172238789, "primary": 1.208950763690583}}, "ATC|ATT": {"individual": [], "joint": {"secondary": 0.8753396477099841, "primary": 0.93923158295469}}, "CAA|CAG": {"individual": [], "joint": {"secondary": 0.8157215591278821, "primary": 0.915943157430466}}, "CAC|CAT": {"individual": [], "joint": {"secondary": 0.6756781855045874, "primary": 1.084794894530413}}, "CCA|CCC": {"individual": [], "joint": {"secondary": 0.670060108971074, "primary": 0.9676244190618507}}, "CCA|CCG": {"individual": [], "joint": {"secondary": 0.7709299419955105, "primary": 0.9990206953969669}}, "CCA|CCT": {"individual": [], "joint": {"secondary": 0.6352713409770612, "primary": 1.035369197017679}}, "CCC|CCG": {"individual": [], "joint": {"secondary": 0.6882546225083517, "primary": 1.0567072401561}}, "CCC|CCT": {"individual": [], "joint": {"secondary": 0.6751484108323208, "primary": 1.130730955317691}}, "CCG|CCT": {"individual": [], "joint": {"secondary": 0.7372842470037865, "primary": 0.5727965694949939}}, "CGA|CGC": {"individual": [], "joint": {"secondary": 0.5540487121747644, "primary": 1.001048252032204}}, "CGA|CGG": {"individual": [], "joint": {"secondary": 0.6905987447696369, "primary": 1.263996243584172}}, "CGA|CGT": {"individual": [], "joint": {"secondary": 0.9407380532971293, "primary": 0.8826859764670046}}, "CGC|CGG": {"individual": [], "joint": {"secondary": 1.789834511779622, "primary": 0.9590710573192662}}, "CGC|CGT": {"individual": [], "joint": {"secondary": 1.891450786185245, "primary": 0.9104343927975184}}, "CGG|CGT": {"individual": [], "joint": {"secondary": 0.888042818620339, "primary": 1.165137252829056}}, "CTA|CTC": {"individual": [], "joint": {"secondary": 0.752439139643813, "primary": 0.9907320928108012}}, "CTA|CTG": {"individual": [], "joint": {"secondary": 0.7539191645487575, "primary": 0.8434488223161055}}, "CTA|CTT": {"individual": [], "joint": {"secondary": 0.5702506123494648, "primary": 0.9709526059979735}}, "CTA|TTA": {"individual": [], "joint": {"secondary": 0.6466115408694831, "primary": 1.048430404943457}}, "CTC|CTG": {"individual": [], "joint": {"secondary": 0.7052623155946138, "primary": 0.9090826775458434}}, "CTC|CTT": {"individual": [], "joint": {"secondary": 0.7495194693718672, "primary": 1.025050216178605}}, "CTG|CTT": {"individual": [], "joint": {"secondary": 0.5961839462703509, "primary": 1.075628532486108}}, "CTG|TTG": {"individual": [], "joint": {"secondary": 0.7358519694106999, "primary": 0.9972229864041059}}, "GAA|GAG": {"individual": [], "joint": {"secondary": 0.8010027556794416, "primary": 0.9452464229102665}}, "GAC|GAT": {"individual": [], "joint": {"secondary": 0.7476812135570591, "primary": 0.9381254619694939}}, "GCA|GCC": {"individual": [], "joint": {"secondary": 0.7478902700213659, "primary": 1.040545557142849}}, "GCA|GCG": {"individual": [], "joint": {"secondary": 0.7900646151421308, "primary": 1.051585587302238}}, "GCA|GCT": {"individual": [], "joint": {"secondary": 0.6907939278374888, "primary": 1.134979123206117}}, "GCC|GCG": {"individual": [], "joint": {"secondary": 0.782903599611653, "primary": 1.165896612759886}}, "GCC|GCT": {"individual": [], "joint": {"secondary": 0.7432920482149651, "primary": 1.192514328512441}}, "GCG|GCT": {"individual": [], "joint": {"secondary": 0.7704561135965627, "primary": 1.059574494335366}}, "GGA|GGC": {"individual": [], "joint": {"secondary": 0.6936574794409688, "primary": 1.076994921314554}}, "GGA|GGG": {"individual": [], "joint": {"secondary": 0.8166011409615626, "primary": 0.8472937372795947}}, "GGA|GGT": {"individual": [], "joint": {"secondary": 0.5798019846140582, "primary": 0.8394598622744102}}, "GGC|GGG": {"individual": [], "joint": {"secondary": 0.6384545674192957, "primary": 0.7849005069409851}}, "GGC|GGT": {"individual": [], "joint": {"secondary": 2.015786500720586, "primary": 0.9618445046977908}}, "GGG|GGT": {"individual": [], "joint": {"secondary": 1.804299441871701, "primary": 1.160203471476239}}, "GTA|GTC": {"individual": [], "joint": {"secondary": 2.018422345998287, "primary": 1.148090511792636}}, "GTA|GTG": {"individual": [], "joint": {"secondary": 2.062468453269204, "primary": 1.028695268214818}}, "GTA|GTT": {"individual": [], "joint": {"secondary": 1.672687655986986, "primary": 1.321740416969969}}, "GTC|GTG": {"individual": [], "joint": {"secondary": 1.673619163191848, "primary": 1.027214888562784}}, "GTC|GTT": {"individual": [], "joint": {"secondary": 1.879614598629687, "primary": 0.9675688224489682}}, "GTG|GTT": {"individual": [], "joint": {"secondary": 0.8768875522611325, "primary": 0.9767807033292432}}, "TAC|TAT": {"individual": [], "joint": {"secondary": 0.6828055718333, "primary": 0.8627266959819617}}, "TCA|TCC": {"individual": [], "joint": {"secondary": 2.064292239469424, "primary": 0.8738107334543298}}, "TCA|TCG": {"individual": [], "joint": {"secondary": 2.076216782668322, "primary": 1.190100196239137}}, "TCA|TCT": {"individual": [], "joint": {"secondary": 1.5257083152944, "primary": 1.074964484106374}}, "TCC|TCG": {"individual": [], "joint": {"secondary": 1.700080839571585, "primary": 1.04013756040731}}, "TCC|TCT": {"individual": [], "joint": {"secondary": 1.896670441014674, "primary": 0.8086594624831556}}, "TCG|TCT": {"individual": [], "joint": {"secondary": 1.570795626315987, "primary": 0.803333871855473}}, "TGC|TGT": {"individual": [], "joint": {"secondary": 1.865667547808607, "primary": 0.8868108545067506}}, "TTA|TTG": {"individual": [], "joint": {"secondary": 0.8732884842481295, "primary": 0.9316657524544862}}, "TTC|TTT": {"individual": [], "joint": {"secondary": 0.5847041754038401, "primary": 0.9393172913789312}}, "model_mixture_p": 0.4999999838277822}