{"baseline-AICc": {"individual": [], "joint": 440481.178058796}, "baseline-loglikelihood": {"individual": [], "joint": -215991.612534339}, "joint-AICc": {"individual": [], "joint": 440854.8017908723}, "joint-loglikelihood": {"individual": [], "joint": -215237.5796050427}, "AAA|AAG": {"individual": [], "joint": {"secondary": 0.9667541836418897, "primary": 0.7562462221682371}}, "AAC|AAT": {"individual": [], "joint": {"secondary": 1.152766729541758, "primary": 0.8820003791804744}}, "ACA|ACC": {"individual": [], "joint": {"secondary": 0.9266658856813043, "primary": 0.920418864370101}}, "ACA|ACG": {"individual": [], "joint": {"secondary": 0.8150318997864213, "primary": 0.8011712215836024}}, "ACA|ACT": {"individual": [], "joint": {"secondary": 1.020500131389234, "primary": 0.8104659172297004}}, "ACC|ACG": {"individual": [], "joint": {"secondary": 0.9265837339458658, "primary": 0.8741760648277604}}, "ACC|ACT": {"individual": [], "joint": {"secondary": 0.922520032104667, "primary": 0.802778489189875}}, "ACG|ACT": {"individual": [], "joint": {"secondary": 0.9398339264067869, "primary": 0.6677725842806366}}, "AGA|AGG": {"individual": [], "joint": {"secondary": 0.847418401532073, "primary": 0.8287665476466353}}, "AGA|CGA": {"individual": [], "joint": {"secondary": 0.9620728714646625, "primary": 0.8064085655811207}}, "AGC|AGT": {"individual": [], "joint": {"secondary": 0.9411720594801626, "primary": 0.820845706805041}}, "AGG|CGG": {"individual": [], "joint": {"secondary": 0.7958546758786459, "primary": 0.720008701985855}}, "ATA|ATC": {"individual": [], "joint": {"secondary": 1.030527304804902, "primary": 0.9204787615359045}}, "ATA|ATT": {"individual": [], "joint": {"secondary": 0.9323531194370134, "primary": 0.85194544297661}}, "ATC|ATT": {"individual": [], "joint": {"secondary": 1.007419087911134, "primary": 1.026292402400934}}, "CAA|CAG": {"individual": [], "joint": {"secondary": 0.8388038876016571, "primary": 0.8990269229734835}}, "CAC|CAT": {"individual": [], "joint": {"secondary": 0.8985515740009461, "primary": 0.8539475510595882}}, "CCA|CCC": {"individual": [], "joint": {"secondary": 1.057099191149947, "primary": 0.6514337203682178}}, "CCA|CCG": {"individual": [], "joint": {"secondary": 0.8073996049186438, "primary": 0.7538922375293741}}, "CCA|CCT": {"individual": [], "joint": {"secondary": 0.4120099080934924, "primary": 0.7534712105251927}}, "CCC|CCG": {"individual": [], "joint": {"secondary": 0.7620237622775491, "primary": 0.8088339173819354}}, "CCC|CCT": {"individual": [], "joint": {"secondary": 0.8811525354998153, "primary": 1.032240037691102}}, "CCG|CCT": {"individual": [], "joint": {"secondary": 1.145979303168914, "primary": 0.7942649309528899}}, "CGA|CGC": {"individual": [], "joint": {"secondary": 0.8392035362020172, "primary": 0.9204987321960342}}, "CGA|CGG": {"individual": [], "joint": {"secondary": 0.8118180568561978, "primary": 0.9117132715825874}}, "CGA|CGT": {"individual": [], "joint": {"secondary": 1.216310539944211, "primary": 0.7635013046762783}}, "CGC|CGG": {"individual": [], "joint": {"secondary": 2.233941739371497, "primary": 2.127703486644859}}, "CGC|CGT": {"individual": [], "joint": {"secondary": 1.587270923814385, "primary": 2.70078190543664}}, "CGG|CGT": {"individual": [], "joint": {"secondary": 0.9322056131223717, "primary": 0.9040813220892063}}, "CTA|CTC": {"individual": [], "joint": {"secondary": 0.7985555244654443, "primary": 0.8327212358079603}}, "CTA|CTG": {"individual": [], "joint": {"secondary": 0.7609625447813971, "primary": 0.7943993277536633}}, "CTA|CTT": {"individual": [], "joint": {"secondary": 1.077017394800329, "primary": 1.084296189045713}}, "CTA|TTA": {"individual": [], "joint": {"secondary": 0.9733934558827303, "primary": 0.9353056985032271}}, "CTC|CTG": {"individual": [], "joint": {"secondary": 0.9396428227288197, "primary": 0.8897737162761123}}, "CTC|CTT": {"individual": [], "joint": {"secondary": 0.9488106173225476, "primary": 0.9082510532897693}}, "CTG|CTT": {"individual": [], "joint": {"secondary": 0.7509544570090297, "primary": 0.8691222159767023}}, "CTG|TTG": {"individual": [], "joint": {"secondary": 0.8528844827757862, "primary": 0.8848319301284452}}, "GAA|GAG": {"individual": [], "joint": {"secondary": 0.888138873055748, "primary": 0.8395378228613342}}, "GAC|GAT": {"individual": [], "joint": {"secondary": 0.8097507850138839, "primary": 0.9070579428465759}}, "GCA|GCC": {"individual": [], "joint": {"secondary": 0.8155213664090365, "primary": 0.904156839658785}}, "GCA|GCG": {"individual": [], "joint": {"secondary": 0.7211729137578395, "primary": 0.8626312413138322}}, "GCA|GCT": {"individual": [], "joint": {"secondary": 0.9032576747682157, "primary": 1.08435782422033}}, "GCC|GCG": {"individual": [], "joint": {"secondary": 0.7897699028568169, "primary": 0.9270933304948401}}, "GCC|GCT": {"individual": [], "joint": {"secondary": 1.004256972052903, "primary": 0.8255538229826074}}, "GCG|GCT": {"individual": [], "joint": {"secondary": 0.9953774747186901, "primary": 0.8057683368793638}}, "GGA|GGC": {"individual": [], "joint": {"secondary": 0.7121099094649145, "primary": 0.9091404264018336}}, "GGA|GGG": {"individual": [], "joint": {"secondary": 0.8778932344935094, "primary": 0.7578688262840609}}, "GGA|GGT": {"individual": [], "joint": {"secondary": 0.7355576331157384, "primary": 1.031427169217603}}, "GGC|GGG": {"individual": [], "joint": {"secondary": 0.8651708340220768, "primary": 0.8275931909912966}}, "GGC|GGT": {"individual": [], "joint": {"secondary": 0.9221207082615094, "primary": 1.036455216012789}}, "GGG|GGT": {"individual": [], "joint": {"secondary": 1.632389549918722, "primary": 2.196211113252512}}, "GTA|GTC": {"individual": [], "joint": {"secondary": 0.8444957316308067, "primary": 0.9030999945912644}}, "GTA|GTG": {"individual": [], "joint": {"secondary": 2.149018675488853, "primary": 2.17332935972312}}, "GTA|GTT": {"individual": [], "joint": {"secondary": 0.4994930030795033, "primary": 1.069285345770068}}, "GTC|GTG": {"individual": [], "joint": {"secondary": 0.8074578938948859, "primary": 0.9680047713654413}}, "GTC|GTT": {"individual": [], "joint": {"secondary": 0.970585145605065, "primary": 0.9153504315343178}}, "GTG|GTT": {"individual": [], "joint": {"secondary": 0.9894287619231071, "primary": 0.7907998690005863}}, "TAC|TAT": {"individual": [], "joint": {"secondary": 0.9644529099203024, "primary": 0.8378699322317029}}, "TCA|TCC": {"individual": [], "joint": {"secondary": 2.118297356096561, "primary": 2.344249901404597}}, "TCA|TCG": {"individual": [], "joint": {"secondary": 2.159551279029112, "primary": 2.07942198781}}, "TCA|TCT": {"individual": [], "joint": {"secondary": 1.767320227747576, "primary": 0.8426680827245436}}, "TCC|TCG": {"individual": [], "joint": {"secondary": 0.9003333737328639, "primary": 0.9513207562066037}}, "TCC|TCT": {"individual": [], "joint": {"secondary": 0.9168766176475933, "primary": 1.050083792565284}}, "TCG|TCT": {"individual": [], "joint": {"secondary": 0.874958872621371, "primary": 0.8912835192671095}}, "TGC|TGT": {"individual": [], "joint": {"secondary": 1.019896672205253, "primary": 1.032473666951008}}, "TTA|TTG": {"individual": [], "joint": {"secondary": 0.8920854282949865, "primary": 0.7970407204303374}}, "TTC|TTT": {"individual": [], "joint": {"secondary": 0.7397947003782982, "primary": 0.8749969753547542}}, "model_mixture_p": 0.7504000232698772}