{"baseline-AICc": {"individual": [], "joint": 442168.6769320247}, "baseline-loglikelihood": {"individual": [], "joint": -216835.3619709534}, "joint-AICc": {"individual": [], "joint": 441531.0421517148}, "joint-loglikelihood": {"individual": [], "joint": -215575.6997854639}, "AAA|AAG": {"individual": [], "joint": {"secondary": 0.8909257593210709, "primary": 0.7892062341359375}}, "AAC|AAT": {"individual": [], "joint": {"secondary": 0.9145999998757828, "primary": 0.7929818807409657}}, "ACA|ACC": {"individual": [], "joint": {"secondary": 0.8024627583242533, "primary": 0.7252661396265562}}, "ACA|ACG": {"individual": [], "joint": {"secondary": 0.9646189122164555, "primary": 0.8171445487308929}}, "ACA|ACT": {"individual": [], "joint": {"secondary": 0.6706315923534307, "primary": 0.8035198263938503}}, "ACC|ACG": {"individual": [], "joint": {"secondary": 0.7908632467439817, "primary": 0.6929423764235685}}, "ACC|ACT": {"individual": [], "joint": {"secondary": 0.872293410825388, "primary": 0.7447092097079623}}, "ACG|ACT": {"individual": [], "joint": {"secondary": 1.028469763573232, "primary": 0.6863179350949835}}, "AGA|AGG": {"individual": [], "joint": {"secondary": 0.7671822674175245, "primary": 0.7693100329535714}}, "AGA|CGA": {"individual": [], "joint": {"secondary": 0.8599132821668379, "primary": 0.7843066995058882}}, "AGC|AGT": {"individual": [], "joint": {"secondary": 0.9202887058734783, "primary": 0.6752016333949334}}, "AGG|CGG": {"individual": [], "joint": {"secondary": 0.9588345434392391, "primary": 0.781440694603502}}, "ATA|ATC": {"individual": [], "joint": {"secondary": 0.9264686834536492, "primary": 0.7718750039035818}}, "ATA|ATT": {"individual": [], "joint": {"secondary": 1.266844291981994, "primary": 0.5403341992517912}}, "ATC|ATT": {"individual": [], "joint": {"secondary": 0.8824213991224962, "primary": 0.7983755987408726}}, "CAA|CAG": {"individual": [], "joint": {"secondary": 0.8270310086772454, "primary": 0.7777479140123119}}, "CAC|CAT": {"individual": [], "joint": {"secondary": 0.9506308873975258, "primary": 0.720451186474734}}, "CCA|CCC": {"individual": [], "joint": {"secondary": 0.6668594377424713, "primary": 0.702446376901322}}, "CCA|CCG": {"individual": [], "joint": {"secondary": 0.822200757769489, "primary": 0.8135545926093753}}, "CCA|CCT": {"individual": [], "joint": {"secondary": 0.8059574465371252, "primary": 0.5415303247450208}}, "CCC|CCG": {"individual": [], "joint": {"secondary": 0.7806660401731268, "primary": 0.7075770226945872}}, "CCC|CCT": {"individual": [], "joint": {"secondary": 0.8128955233707976, "primary": 0.7569618355758138}}, "CCG|CCT": {"individual": [], "joint": {"secondary": 0.9873984751430337, "primary": 0.717075868340377}}, "CGA|CGC": {"individual": [], "joint": {"secondary": 0.9571029057903161, "primary": 0.7129441117041962}}, "CGA|CGG": {"individual": [], "joint": {"secondary": 0.7968118162808127, "primary": 0.7290824593909248}}, "CGA|CGT": {"individual": [], "joint": {"secondary": 0.862587354918305, "primary": 0.7907023272329669}}, "CGC|CGG": {"individual": [], "joint": {"secondary": 2.093035773127724, "primary": 1.692845953020436}}, "CGC|CGT": {"individual": [], "joint": {"secondary": 2.5290592717384, "primary": 2.104142638999343}}, "CGG|CGT": {"individual": [], "joint": {"secondary": 0.7479487140291252, "primary": 0.4980627155371194}}, "CTA|CTC": {"individual": [], "joint": {"secondary": 0.8240211478619123, "primary": 0.8830093962108566}}, "CTA|CTG": {"individual": [], "joint": {"secondary": 0.8324152580791768, "primary": 0.7015368326668873}}, "CTA|CTT": {"individual": [], "joint": {"secondary": 0.8232692072237927, "primary": 0.6853118477714373}}, "CTA|TTA": {"individual": [], "joint": {"secondary": 0.8190528074692432, "primary": 0.6257534509422231}}, "CTC|CTG": {"individual": [], "joint": {"secondary": 0.8502244615946725, "primary": 0.6686953897101627}}, "CTC|CTT": {"individual": [], "joint": {"secondary": 0.9109852750058698, "primary": 0.7483070765510942}}, "CTG|CTT": {"individual": [], "joint": {"secondary": 0.6552961130459146, "primary": 0.7360767673166285}}, "CTG|TTG": {"individual": [], "joint": {"secondary": 0.8625074078681415, "primary": 0.7122314922637838}}, "GAA|GAG": {"individual": [], "joint": {"secondary": 0.8997988861479447, "primary": 0.8250680668007324}}, "GAC|GAT": {"individual": [], "joint": {"secondary": 1.04046482736983, "primary": 0.623385608631752}}, "GCA|GCC": {"individual": [], "joint": {"secondary": 0.8766881011149548, "primary": 0.7124048024303756}}, "GCA|GCG": {"individual": [], "joint": {"secondary": 0.810105349000726, "primary": 0.923583964917086}}, "GCA|GCT": {"individual": [], "joint": {"secondary": 0.8636171700948472, "primary": 0.7512105545318308}}, "GCC|GCG": {"individual": [], "joint": {"secondary": 0.8159006022390102, "primary": 0.6810942079621892}}, "GCC|GCT": {"individual": [], "joint": {"secondary": 1.002514090558387, "primary": 0.8572145041357189}}, "GCG|GCT": {"individual": [], "joint": {"secondary": 0.8964846395038705, "primary": 0.5919133253399257}}, "GGA|GGC": {"individual": [], "joint": {"secondary": 0.8972056813453673, "primary": 0.6915430651978988}}, "GGA|GGG": {"individual": [], "joint": {"secondary": 0.812852714745151, "primary": 0.8151181405315635}}, "GGA|GGT": {"individual": [], "joint": {"secondary": 0.9183974732093841, "primary": 0.6968929689878073}}, "GGC|GGG": {"individual": [], "joint": {"secondary": 0.8560972922004464, "primary": 0.7843670093441216}}, "GGC|GGT": {"individual": [], "joint": {"secondary": 0.9508239089120646, "primary": 2.127394627005607}}, "GGG|GGT": {"individual": [], "joint": {"secondary": 2.697761390807072, "primary": 1.641715040636311}}, "GTA|GTC": {"individual": [], "joint": {"secondary": 0.8535387544816698, "primary": 1.972430448766665}}, "GTA|GTG": {"individual": [], "joint": {"secondary": 2.156272291292477, "primary": 2.10405522089012}}, "GTA|GTT": {"individual": [], "joint": {"secondary": 0.8243000181279352, "primary": 1.312911182421541}}, "GTC|GTG": {"individual": [], "joint": {"secondary": 0.9438618785494545, "primary": 1.595550966929379}}, "GTC|GTT": {"individual": [], "joint": {"secondary": 0.926301530898528, "primary": 2.114473075191349}}, "GTG|GTT": {"individual": [], "joint": {"secondary": 0.764726508010491, "primary": 0.8622253757425725}}, "TAC|TAT": {"individual": [], "joint": {"secondary": 0.9812605585151347, "primary": 0.7199023962279554}}, "TCA|TCC": {"individual": [], "joint": {"secondary": 1.917435005774314, "primary": 1.650920006639687}}, "TCA|TCG": {"individual": [], "joint": {"secondary": 2.088225695395799, "primary": 1.925375911620762}}, "TCA|TCT": {"individual": [], "joint": {"secondary": 1.013394690000808, "primary": 1.965291172132532}}, "TCC|TCG": {"individual": [], "joint": {"secondary": 1.035447535055084, "primary": 1.663567120800553}}, "TCC|TCT": {"individual": [], "joint": {"secondary": 0.792826890478932, "primary": 2.019287973558724}}, "TCG|TCT": {"individual": [], "joint": {"secondary": 0.7799938969003448, "primary": 1.766576406228475}}, "TGC|TGT": {"individual": [], "joint": {"secondary": 0.9490106954989436, "primary": 1.887384523158994}}, "TTA|TTG": {"individual": [], "joint": {"secondary": 0.8941923608106052, "primary": 0.815469807945916}}, "TTC|TTT": {"individual": [], "joint": {"secondary": 1.005723855427367, "primary": 0.7026929314113887}}, "model_mixture_p": 0.600067799490395}