{"baseline-AICc": {"individual": [], "joint": 352569.2266120519}, "baseline-loglikelihood": {"individual": [], "joint": -172947.9123043467}, "joint-AICc": {"individual": [], "joint": 351333.5943395449}, "joint-loglikelihood": {"individual": [], "joint": -171430.3785765691}, "AAA|AAG": {"individual": [], "joint": {"secondary": 0.6029999837485761, "primary": 0.6776820941977025}}, "AAC|AAT": {"individual": [], "joint": {"secondary": 0.6676323424874846, "primary": 0.5173686710521113}}, "ACA|ACC": {"individual": [], "joint": {"secondary": 0.7886776297318512, "primary": 0.6665229955790841}}, "ACA|ACG": {"individual": [], "joint": {"secondary": 0.5850844727198253, "primary": 0.7192762919647161}}, "ACA|ACT": {"individual": [], "joint": {"secondary": 0.6880558800021572, "primary": 0.3124088759169681}}, "ACC|ACG": {"individual": [], "joint": {"secondary": 0.399356645841978, "primary": 0.4861253056430475}}, "ACC|ACT": {"individual": [], "joint": {"secondary": 0.4629949126137046, "primary": 0.7485636905839884}}, "ACG|ACT": {"individual": [], "joint": {"secondary": 0.7495330476699704, "primary": 0.4395382252886071}}, "AGA|AGG": {"individual": [], "joint": {"secondary": 0.6470348047065495, "primary": 0.7470129997174318}}, "AGA|CGA": {"individual": [], "joint": {"secondary": 0.55586943439724, "primary": 0.6556866310776491}}, "AGC|AGT": {"individual": [], "joint": {"secondary": 0.5298426936295231, "primary": 0.5578099908997235}}, "AGG|CGG": {"individual": [], "joint": {"secondary": 0.5302758767824811, "primary": 0.5553259275041815}}, "ATA|ATC": {"individual": [], "joint": {"secondary": 0.7144201730698682, "primary": 0.6282124051854094}}, "ATA|ATT": {"individual": [], "joint": {"secondary": 0.6113783986794491, "primary": 0.5410791539916633}}, "ATC|ATT": {"individual": [], "joint": {"secondary": 0.5727719897763213, "primary": 0.5781519873071805}}, "CAA|CAG": {"individual": [], "joint": {"secondary": 0.6446151231565354, "primary": 0.6534881404812676}}, "CAC|CAT": {"individual": [], "joint": {"secondary": 0.5602685748969243, "primary": 0.5854910604322842}}, "CCA|CCC": {"individual": [], "joint": {"secondary": 1.292910356981843, "primary": 1.732716293464384}}, "CCA|CCG": {"individual": [], "joint": {"secondary": 0.8126267012568583, "primary": 0.5602882725746596}}, "CCA|CCT": {"individual": [], "joint": {"secondary": 1.714071760150626, "primary": 1.062292349180439}}, "CCC|CCG": {"individual": [], "joint": {"secondary": 1.433604434854997, "primary": 1.332281571079174}}, "CCC|CCT": {"individual": [], "joint": {"secondary": 1.502139161232429, "primary": 1.730825167854482}}, "CCG|CCT": {"individual": [], "joint": {"secondary": 0.2330897157494616, "primary": 0.4209832814989281}}, "CGA|CGC": {"individual": [], "joint": {"secondary": 1.840698123568228, "primary": 1.32815547454268}}, "CGA|CGG": {"individual": [], "joint": {"secondary": 1.113564298548151, "primary": 1.849467579054002}}, "CGA|CGT": {"individual": [], "joint": {"secondary": 1.78003022823528, "primary": 1.179783126739417}}, "CGC|CGG": {"individual": [], "joint": {"secondary": 1.045003493123544, "primary": 1.255512658125642}}, "CGC|CGT": {"individual": [], "joint": {"secondary": 1.838446903022658, "primary": 1.495562961569791}}, "CGG|CGT": {"individual": [], "joint": {"secondary": 0.8124526288738104, "primary": 1.396300951141543}}, "CTA|CTC": {"individual": [], "joint": {"secondary": 0.4963976783660436, "primary": 0.4808850849334086}}, "CTA|CTG": {"individual": [], "joint": {"secondary": 0.7789094525831856, "primary": 0.6040740072828022}}, "CTA|CTT": {"individual": [], "joint": {"secondary": 0.8095488927278333, "primary": 0.555927906797477}}, "CTA|TTA": {"individual": [], "joint": {"secondary": 0.467136809451453, "primary": 0.5590124928610352}}, "CTC|CTG": {"individual": [], "joint": {"secondary": 0.4911594507403167, "primary": 0.4854671231192287}}, "CTC|CTT": {"individual": [], "joint": {"secondary": 0.6403384726758206, "primary": 0.5644702542851393}}, "CTG|CTT": {"individual": [], "joint": {"secondary": 0.4588833318160452, "primary": 0.4053437353174065}}, "CTG|TTG": {"individual": [], "joint": {"secondary": 0.5937818265291751, "primary": 0.5810039128820625}}, "GAA|GAG": {"individual": [], "joint": {"secondary": 0.5953539824102165, "primary": 0.6868365923890878}}, "GAC|GAT": {"individual": [], "joint": {"secondary": 0.662077514661497, "primary": 0.5750922919424195}}, "GCA|GCC": {"individual": [], "joint": {"secondary": 0.5968373468704643, "primary": 0.4823768982977701}}, "GCA|GCG": {"individual": [], "joint": {"secondary": 0.6164063681734372, "primary": 0.6788737662220109}}, "GCA|GCT": {"individual": [], "joint": {"secondary": 0.6086568505457746, "primary": 0.6123993245617693}}, "GCC|GCG": {"individual": [], "joint": {"secondary": 1.078885288842393, "primary": 1.28015234272798}}, "GCC|GCT": {"individual": [], "joint": {"secondary": 1.263409173717963, "primary": 1.584432218985898}}, "GCG|GCT": {"individual": [], "joint": {"secondary": 1.360475702087942, "primary": 1.629223151670687}}, "GGA|GGC": {"individual": [], "joint": {"secondary": 1.749381491356256, "primary": 1.428279765079267}}, "GGA|GGG": {"individual": [], "joint": {"secondary": 1.605778457225945, "primary": 1.700465635198891}}, "GGA|GGT": {"individual": [], "joint": {"secondary": 0.6860210700072283, "primary": 1.005286413122108}}, "GGC|GGG": {"individual": [], "joint": {"secondary": 1.385757254936804, "primary": 1.206521957848687}}, "GGC|GGT": {"individual": [], "joint": {"secondary": 1.408076108375281, "primary": 1.64066836874393}}, "GGG|GGT": {"individual": [], "joint": {"secondary": 2.000856455338636, "primary": 1.313983766335905}}, "GTA|GTC": {"individual": [], "joint": {"secondary": 1.523103746095556, "primary": 1.44786181392595}}, "GTA|GTG": {"individual": [], "joint": {"secondary": 1.625080313751597, "primary": 1.604440140133131}}, "GTA|GTT": {"individual": [], "joint": {"secondary": 1.314419943970599, "primary": 1.342225061392575}}, "GTC|GTG": {"individual": [], "joint": {"secondary": 1.096202607830724, "primary": 1.288876404422426}}, "GTC|GTT": {"individual": [], "joint": {"secondary": 1.534086250303972, "primary": 1.582000682332108}}, "GTG|GTT": {"individual": [], "joint": {"secondary": 1.160129394563632, "primary": 1.33646617753703}}, "TAC|TAT": {"individual": [], "joint": {"secondary": 1.325129964280269, "primary": 1.711388219359654}}, "TCA|TCC": {"individual": [], "joint": {"secondary": 1.235360795820038, "primary": 1.568659947925422}}, "TCA|TCG": {"individual": [], "joint": {"secondary": 1.787949953731473, "primary": 1.533938551220979}}, "TCA|TCT": {"individual": [], "joint": {"secondary": 1.518374416865882, "primary": 1.25946477799978}}, "TCC|TCG": {"individual": [], "joint": {"secondary": 1.045040922002139, "primary": 1.197018448364914}}, "TCC|TCT": {"individual": [], "joint": {"secondary": 1.732069939822384, "primary": 1.50425240157431}}, "TCG|TCT": {"individual": [], "joint": {"secondary": 1.366406360806532, "primary": 1.359005851033209}}, "TGC|TGT": {"individual": [], "joint": {"secondary": 1.476166946062409, "primary": 1.636215012581021}}, "TTA|TTG": {"individual": [], "joint": {"secondary": 0.6904163876289616, "primary": 0.6109668313677495}}, "TTC|TTT": {"individual": [], "joint": {"secondary": 0.4864832875157885, "primary": 0.542528534576604}}, "model_mixture_p": 0.7503532500351594}