{"baseline-AICc": {"individual": [], "joint": 442262.5458549458}, "baseline-loglikelihood": {"individual": [], "joint": -216882.2964324139}, "joint-AICc": {"individual": [], "joint": 442247.7076781353}, "joint-loglikelihood": {"individual": [], "joint": -215934.0325486742}, "AAA|AAG": {"individual": [], "joint": {"secondary": 0.8593171379031076, "primary": 0.7105493136160742}}, "AAC|AAT": {"individual": [], "joint": {"secondary": 0.8635370526526325, "primary": 0.5953030999931893}}, "ACA|ACC": {"individual": [], "joint": {"secondary": 0.9624963515131858, "primary": 0.6243527458049829}}, "ACA|ACG": {"individual": [], "joint": {"secondary": 0.935404221218047, "primary": 0.8848811043163278}}, "ACA|ACT": {"individual": [], "joint": {"secondary": 0.7720512306762326, "primary": 0.4131728722576393}}, "ACC|ACG": {"individual": [], "joint": {"secondary": 0.8294066918039119, "primary": 0.6834849460058826}}, "ACC|ACT": {"individual": [], "joint": {"secondary": 0.8683768742590539, "primary": 0.6564788160578771}}, "ACG|ACT": {"individual": [], "joint": {"secondary": 0.6823475961727095, "primary": 0.7255917469956122}}, "AGA|AGG": {"individual": [], "joint": {"secondary": 0.8894211288140585, "primary": 0.6448212796898001}}, "AGA|CGA": {"individual": [], "joint": {"secondary": 0.9385015162563448, "primary": 1.025937767076792}}, "AGC|AGT": {"individual": [], "joint": {"secondary": 0.87211851557919, "primary": 0.711492976366807}}, "AGG|CGG": {"individual": [], "joint": {"secondary": 0.8506886283754128, "primary": 0.8314729965239301}}, "ATA|ATC": {"individual": [], "joint": {"secondary": 0.8553085778303746, "primary": 0.8572953136403706}}, "ATA|ATT": {"individual": [], "joint": {"secondary": 1.126959769268534, "primary": 0.6755951641997378}}, "ATC|ATT": {"individual": [], "joint": {"secondary": 1.055663671882129, "primary": 0.755083501290424}}, "CAA|CAG": {"individual": [], "joint": {"secondary": 0.8494730147106657, "primary": 0.7417811743720688}}, "CAC|CAT": {"individual": [], "joint": {"secondary": 0.9736601769554457, "primary": 0.5788948186669445}}, "CCA|CCC": {"individual": [], "joint": {"secondary": 0.9150076984710445, "primary": 0.7034987045400117}}, "CCA|CCG": {"individual": [], "joint": {"secondary": 0.8746224112583509, "primary": 0.7681245654760078}}, "CCA|CCT": {"individual": [], "joint": {"secondary": 1.018866600950743, "primary": 0.4999577109329909}}, "CCC|CCG": {"individual": [], "joint": {"secondary": 0.8161998533562718, "primary": 0.678752534015858}}, "CCC|CCT": {"individual": [], "joint": {"secondary": 0.9418999147577211, "primary": 0.741931216398075}}, "CCG|CCT": {"individual": [], "joint": {"secondary": 1.03972058352385, "primary": 0.7676890596430941}}, "CGA|CGC": {"individual": [], "joint": {"secondary": 1.095712659340876, "primary": 1.031170383267151}}, "CGA|CGG": {"individual": [], "joint": {"secondary": 0.8634940719363969, "primary": 0.8010509692457584}}, "CGA|CGT": {"individual": [], "joint": {"secondary": 0.8389738855818026, "primary": 0.3492384845088967}}, "CGC|CGG": {"individual": [], "joint": {"secondary": 2.438735009282107, "primary": 1.62761652253899}}, "CGC|CGT": {"individual": [], "joint": {"secondary": 2.477403274807103, "primary": 2.003349729736076}}, "CGG|CGT": {"individual": [], "joint": {"secondary": 0.916931656709782, "primary": 0.5998030119770799}}, "CTA|CTC": {"individual": [], "joint": {"secondary": 0.8769497999081254, "primary": 0.6985584368272776}}, "CTA|CTG": {"individual": [], "joint": {"secondary": 0.8667248617513389, "primary": 0.9830507259035538}}, "CTA|CTT": {"individual": [], "joint": {"secondary": 0.661422031972892, "primary": 0.6147676248726891}}, "CTA|TTA": {"individual": [], "joint": {"secondary": 0.914661137496881, "primary": 0.8213539244480873}}, "CTC|CTG": {"individual": [], "joint": {"secondary": 0.9006728778293762, "primary": 0.7893341529106771}}, "CTC|CTT": {"individual": [], "joint": {"secondary": 0.8338165661882434, "primary": 0.7621192799606701}}, "CTG|CTT": {"individual": [], "joint": {"secondary": 0.9316442424341559, "primary": 0.6968814276177621}}, "CTG|TTG": {"individual": [], "joint": {"secondary": 0.9100778716487751, "primary": 0.8465911373510187}}, "GAA|GAG": {"individual": [], "joint": {"secondary": 0.8808726876382369, "primary": 0.7948292762090186}}, "GAC|GAT": {"individual": [], "joint": {"secondary": 0.921073204847908, "primary": 0.7712274444534921}}, "GCA|GCC": {"individual": [], "joint": {"secondary": 0.8648793783893584, "primary": 0.6937277532509373}}, "GCA|GCG": {"individual": [], "joint": {"secondary": 0.7387984239530265, "primary": 0.7784537196552602}}, "GCA|GCT": {"individual": [], "joint": {"secondary": 0.7619665953210332, "primary": 0.5296962719355821}}, "GCC|GCG": {"individual": [], "joint": {"secondary": 0.8991216895447193, "primary": 0.5811012849397234}}, "GCC|GCT": {"individual": [], "joint": {"secondary": 0.9723442108466283, "primary": 0.8192521998958975}}, "GCG|GCT": {"individual": [], "joint": {"secondary": 0.878322754415975, "primary": 0.9404101120036378}}, "GGA|GGC": {"individual": [], "joint": {"secondary": 0.8690112177954291, "primary": 0.9595292209355099}}, "GGA|GGG": {"individual": [], "joint": {"secondary": 0.9247566554195402, "primary": 0.8000721059541829}}, "GGA|GGT": {"individual": [], "joint": {"secondary": 0.409571477612985, "primary": 0.8605263285847343}}, "GGC|GGG": {"individual": [], "joint": {"secondary": 0.9303467986087376, "primary": 0.650212618821407}}, "GGC|GGT": {"individual": [], "joint": {"secondary": 1.001229498483781, "primary": 1.787074577951914}}, "GGG|GGT": {"individual": [], "joint": {"secondary": 2.148031134306634, "primary": 1.773340077042502}}, "GTA|GTC": {"individual": [], "joint": {"secondary": 0.9560687862518824, "primary": 2.070409312988593}}, "GTA|GTG": {"individual": [], "joint": {"secondary": 2.008165722044901, "primary": 2.117199224915776}}, "GTA|GTT": {"individual": [], "joint": {"secondary": 0.9390929449753077, "primary": 1.788939939172872}}, "GTC|GTG": {"individual": [], "joint": {"secondary": 0.8333446909810895, "primary": 1.66698991491291}}, "GTC|GTT": {"individual": [], "joint": {"secondary": 0.897378201020856, "primary": 1.991175767221063}}, "GTG|GTT": {"individual": [], "joint": {"secondary": 0.7897830264742727, "primary": 0.7173788926258773}}, "TAC|TAT": {"individual": [], "joint": {"secondary": 0.9107608124656054, "primary": 0.7693443066303605}}, "TCA|TCC": {"individual": [], "joint": {"secondary": 2.279030559189765, "primary": 1.728048118944174}}, "TCA|TCG": {"individual": [], "joint": {"secondary": 1.926004262017929, "primary": 1.722798980460322}}, "TCA|TCT": {"individual": [], "joint": {"secondary": 0.7929169670184949, "primary": 2.241500042117169}}, "TCC|TCG": {"individual": [], "joint": {"secondary": 0.8437632963072847, "primary": 1.777417947422479}}, "TCC|TCT": {"individual": [], "joint": {"secondary": 0.9192129071738057, "primary": 1.885846939998955}}, "TCG|TCT": {"individual": [], "joint": {"secondary": 0.7458438198395857, "primary": 1.286077292968441}}, "TGC|TGT": {"individual": [], "joint": {"secondary": 0.9385361590176744, "primary": 1.96288550277545}}, "TTA|TTG": {"individual": [], "joint": {"secondary": 0.7966985763479976, "primary": 0.7879639371753239}}, "TTC|TTT": {"individual": [], "joint": {"secondary": 0.9048043766126905, "primary": 0.8455416489902602}}, "model_mixture_p": 0.2500219426100665}