{"baseline-AICc": {"individual": [], "joint": 353382.8717758119}, "baseline-loglikelihood": {"individual": [], "joint": -172487.8141888131}, "joint-AICc": {"individual": [], "joint": 353811.7481494158}, "joint-loglikelihood": {"individual": [], "joint": -171776.7390753886}, "AAA|AAG": {"individual": [], "joint": {"secondary": 1.097102972150274, "primary": 0.8300273809094535}}, "AAC|AAT": {"individual": [], "joint": {"secondary": 1.04008876676125, "primary": 0.7433103088987548}}, "ACA|ACC": {"individual": [], "joint": {"secondary": 0.887469230563967, "primary": 0.7396137619581431}}, "ACA|ACG": {"individual": [], "joint": {"secondary": 1.02181278549953, "primary": 0.8369952111557868}}, "ACA|ACT": {"individual": [], "joint": {"secondary": 1.436229047827802, "primary": 0.6257691240979565}}, "ACC|ACG": {"individual": [], "joint": {"secondary": 1.080063766005035, "primary": 0.68706797991447}}, "ACC|ACT": {"individual": [], "joint": {"secondary": 1.175313574024828, "primary": 0.7195028076422454}}, "ACG|ACT": {"individual": [], "joint": {"secondary": 0.7489020040404175, "primary": 0.7967657465123051}}, "AGA|AGG": {"individual": [], "joint": {"secondary": 1.034979473439315, "primary": 0.8510845484988723}}, "AGA|CGA": {"individual": [], "joint": {"secondary": 0.9062214906453149, "primary": 0.8264706756435458}}, "AGC|AGT": {"individual": [], "joint": {"secondary": 1.044843092186301, "primary": 0.6532756727741909}}, "AGG|CGG": {"individual": [], "joint": {"secondary": 0.8576895511453068, "primary": 0.829679284492893}}, "ATA|ATC": {"individual": [], "joint": {"secondary": 1.028975122154537, "primary": 0.8127632824950517}}, "ATA|ATT": {"individual": [], "joint": {"secondary": 1.125243233593815, "primary": 0.6377543427051318}}, "ATC|ATT": {"individual": [], "joint": {"secondary": 1.039321986432193, "primary": 0.8842325263210464}}, "CAA|CAG": {"individual": [], "joint": {"secondary": 0.8529150560416637, "primary": 0.7141135529709859}}, "CAC|CAT": {"individual": [], "joint": {"secondary": 0.9163640367200451, "primary": 0.844944334304647}}, "CCA|CCC": {"individual": [], "joint": {"secondary": 1.011803893044862, "primary": 0.8854832942743879}}, "CCA|CCG": {"individual": [], "joint": {"secondary": 1.020391214521528, "primary": 0.8142388445289386}}, "CCA|CCT": {"individual": [], "joint": {"secondary": 1.128126048845788, "primary": 0.6632459979064188}}, "CCC|CCG": {"individual": [], "joint": {"secondary": 0.9620821856876219, "primary": 0.6620190299260179}}, "CCC|CCT": {"individual": [], "joint": {"secondary": 0.9370313552660253, "primary": 0.882619503698809}}, "CCG|CCT": {"individual": [], "joint": {"secondary": 1.129104084021004, "primary": 0.5914602203251788}}, "CGA|CGC": {"individual": [], "joint": {"secondary": 0.9438862799482598, "primary": 0.8130531897856377}}, "CGA|CGG": {"individual": [], "joint": {"secondary": 0.9302521631628518, "primary": 0.7008276628474011}}, "CGA|CGT": {"individual": [], "joint": {"secondary": 1.150718588662421, "primary": 0.811622536212718}}, "CGC|CGG": {"individual": [], "joint": {"secondary": 1.105503706064613, "primary": 1.69766207656444}}, "CGC|CGT": {"individual": [], "joint": {"secondary": 0.8139068741186465, "primary": 1.546227598185907}}, "CGG|CGT": {"individual": [], "joint": {"secondary": 1.277574339099038, "primary": 0.8854183271756546}}, "CTA|CTC": {"individual": [], "joint": {"secondary": 1.075197308079616, "primary": 0.7507445918506321}}, "CTA|CTG": {"individual": [], "joint": {"secondary": 0.908944394813092, "primary": 0.7795635460396101}}, "CTA|CTT": {"individual": [], "joint": {"secondary": 0.8636780834401003, "primary": 0.7491257235152434}}, "CTA|TTA": {"individual": [], "joint": {"secondary": 0.9535209184955403, "primary": 0.5707273245840006}}, "CTC|CTG": {"individual": [], "joint": {"secondary": 0.940141717566145, "primary": 0.7119942431897526}}, "CTC|CTT": {"individual": [], "joint": {"secondary": 1.012106288118637, "primary": 0.8226322329755588}}, "CTG|CTT": {"individual": [], "joint": {"secondary": 0.7420206486802352, "primary": 0.5104878388248294}}, "CTG|TTG": {"individual": [], "joint": {"secondary": 1.079505362980491, "primary": 0.7468246096926222}}, "GAA|GAG": {"individual": [], "joint": {"secondary": 0.9120737236728855, "primary": 0.7636770925219801}}, "GAC|GAT": {"individual": [], "joint": {"secondary": 1.070672595470716, "primary": 0.9210420197375436}}, "GCA|GCC": {"individual": [], "joint": {"secondary": 0.9109707001269863, "primary": 0.8337879750940408}}, "GCA|GCG": {"individual": [], "joint": {"secondary": 0.8412515550660348, "primary": 0.8291130274010879}}, "GCA|GCT": {"individual": [], "joint": {"secondary": 0.7467247787632275, "primary": 0.4469672733658241}}, "GCC|GCG": {"individual": [], "joint": {"secondary": 1.060167930156892, "primary": 0.7935702261330536}}, "GCC|GCT": {"individual": [], "joint": {"secondary": 1.151865216946778, "primary": 0.8466435666630429}}, "GCG|GCT": {"individual": [], "joint": {"secondary": 1.016284100243044, "primary": 0.6991476872814797}}, "GGA|GGC": {"individual": [], "joint": {"secondary": 0.7040373709623566, "primary": 0.7182028393297154}}, "GGA|GGG": {"individual": [], "joint": {"secondary": 0.9953733733921237, "primary": 0.8855854272266265}}, "GGA|GGT": {"individual": [], "joint": {"secondary": 1.021463713321161, "primary": 0.8068407415474259}}, "GGC|GGG": {"individual": [], "joint": {"secondary": 1.019822955579453, "primary": 0.7317480806808669}}, "GGC|GGT": {"individual": [], "joint": {"secondary": 1.085953536432323, "primary": 1.526508521444811}}, "GGG|GGT": {"individual": [], "joint": {"secondary": 1.123651726727491, "primary": 1.859095876363239}}, "GTA|GTC": {"individual": [], "joint": {"secondary": 0.9127656839436614, "primary": 1.682459468290893}}, "GTA|GTG": {"individual": [], "joint": {"secondary": 1.091397613534282, "primary": 2.053318954667085}}, "GTA|GTT": {"individual": [], "joint": {"secondary": 1.326201482182315, "primary": 2.230927300991438}}, "GTC|GTG": {"individual": [], "joint": {"secondary": 1.061095456071567, "primary": 1.766827901113563}}, "GTC|GTT": {"individual": [], "joint": {"secondary": 1.009517581566525, "primary": 2.03708607056776}}, "GTG|GTT": {"individual": [], "joint": {"secondary": 0.969221308831252, "primary": 0.5908206994962542}}, "TAC|TAT": {"individual": [], "joint": {"secondary": 1.047432174339751, "primary": 0.6683664250475728}}, "TCA|TCC": {"individual": [], "joint": {"secondary": 0.8319157324842793, "primary": 1.86989690362719}}, "TCA|TCG": {"individual": [], "joint": {"secondary": 1.006720545750667, "primary": 1.736274978824683}}, "TCA|TCT": {"individual": [], "joint": {"secondary": 0.8398338679077246, "primary": 1.764069987003601}}, "TCC|TCG": {"individual": [], "joint": {"secondary": 1.124764065651357, "primary": 1.490793716279128}}, "TCC|TCT": {"individual": [], "joint": {"secondary": 0.9614507348252679, "primary": 1.787106076089793}}, "TCG|TCT": {"individual": [], "joint": {"secondary": 0.7859750213866983, "primary": 1.780555861516815}}, "TGC|TGT": {"individual": [], "joint": {"secondary": 1.020533893133389, "primary": 1.817913511822998}}, "TTA|TTG": {"individual": [], "joint": {"secondary": 1.036850284470647, "primary": 0.7394095195261383}}, "TTC|TTT": {"individual": [], "joint": {"secondary": 1.034980633210996, "primary": 0.6928933369450868}}, "model_mixture_p": 0.4999999976144978}