{"baseline-AICc": {"individual": [], "joint": 310103.9181115329}, "baseline-loglikelihood": {"individual": [], "joint": -150900.9364310226}, "joint-AICc": {"individual": [], "joint": 311011.9363266213}, "joint-loglikelihood": {"individual": [], "joint": -150438.4092040436}, "AAA|AAG": {"individual": [], "joint": {"secondary": 0.8404687537195783, "primary": 0.8786620217492637}}, "AAC|AAT": {"individual": [], "joint": {"secondary": 0.7925025574203575, "primary": 0.8775073573263029}}, "ACA|ACC": {"individual": [], "joint": {"secondary": 0.9742513217099908, "primary": 1.130959391403557}}, "ACA|ACG": {"individual": [], "joint": {"secondary": 0.7490770708522941, "primary": 1.10119757493469}}, "ACA|ACT": {"individual": [], "joint": {"secondary": 1.012212311442249, "primary": 0.7061160387821794}}, "ACC|ACG": {"individual": [], "joint": {"secondary": 0.5886650862117101, "primary": 1.101068598236956}}, "ACC|ACT": {"individual": [], "joint": {"secondary": 0.6722752462237274, "primary": 0.8864880985724402}}, "ACG|ACT": {"individual": [], "joint": {"secondary": 0.755756054526478, "primary": 0.9635230193702351}}, "AGA|AGG": {"individual": [], "joint": {"secondary": 0.8081597793696015, "primary": 0.980656795865384}}, "AGA|CGA": {"individual": [], "joint": {"secondary": 0.5861316368341858, "primary": 1.147512326457939}}, "AGC|AGT": {"individual": [], "joint": {"secondary": 0.6942041263335587, "primary": 0.9338537686845259}}, "AGG|CGG": {"individual": [], "joint": {"secondary": 0.693731685046488, "primary": 0.95829262137301}}, "ATA|ATC": {"individual": [], "joint": {"secondary": 0.7057876926955857, "primary": 1.064659245421976}}, "ATA|ATT": {"individual": [], "joint": {"secondary": 0.6451984912930199, "primary": 0.9939870042712484}}, "ATC|ATT": {"individual": [], "joint": {"secondary": 0.7009106779527682, "primary": 0.9762445325365293}}, "CAA|CAG": {"individual": [], "joint": {"secondary": 0.7734349293658885, "primary": 0.8899691802015139}}, "CAC|CAT": {"individual": [], "joint": {"secondary": 0.660732632581309, "primary": 1.080113865938148}}, "CCA|CCC": {"individual": [], "joint": {"secondary": 0.7341069176461615, "primary": 1.125552386170442}}, "CCA|CCG": {"individual": [], "joint": {"secondary": 0.7699571566602286, "primary": 0.9749456544327814}}, "CCA|CCT": {"individual": [], "joint": {"secondary": 1.089382610550442, "primary": 0.9199826095914325}}, "CCC|CCG": {"individual": [], "joint": {"secondary": 0.6569049855828591, "primary": 0.998904358471288}}, "CCC|CCT": {"individual": [], "joint": {"secondary": 0.7861273807041265, "primary": 1.075266919262756}}, "CCG|CCT": {"individual": [], "joint": {"secondary": 0.6042936019291011, "primary": 0.8226424485630994}}, "CGA|CGC": {"individual": [], "joint": {"secondary": 0.7488260852971454, "primary": 0.9698635412268299}}, "CGA|CGG": {"individual": [], "joint": {"secondary": 0.6782450459314587, "primary": 0.9190377763719206}}, "CGA|CGT": {"individual": [], "joint": {"secondary": 0.5433865339074091, "primary": 1.668136970336887}}, "CGC|CGG": {"individual": [], "joint": {"secondary": 1.694793407784909, "primary": 0.9959250383283313}}, "CGC|CGT": {"individual": [], "joint": {"secondary": 2.064690236421135, "primary": 1.022507935436373}}, "CGG|CGT": {"individual": [], "joint": {"secondary": 0.9129191666166813, "primary": 1.087168239386786}}, "CTA|CTC": {"individual": [], "joint": {"secondary": 0.8292460622274241, "primary": 0.9531740640692133}}, "CTA|CTG": {"individual": [], "joint": {"secondary": 0.8163032399164698, "primary": 0.9833296010101633}}, "CTA|CTT": {"individual": [], "joint": {"secondary": 0.5054582327589876, "primary": 1.04423195200672}}, "CTA|TTA": {"individual": [], "joint": {"secondary": 0.6722258159169052, "primary": 0.9605211908039608}}, "CTC|CTG": {"individual": [], "joint": {"secondary": 0.6808011694923771, "primary": 1.090636832010149}}, "CTC|CTT": {"individual": [], "joint": {"secondary": 0.7189668752972287, "primary": 0.9435163396319316}}, "CTG|CTT": {"individual": [], "joint": {"secondary": 0.8010991846204568, "primary": 0.9342173730544183}}, "CTG|TTG": {"individual": [], "joint": {"secondary": 0.7102120318338365, "primary": 1.009116421033478}}, "GAA|GAG": {"individual": [], "joint": {"secondary": 0.7339757584440022, "primary": 1.07448467373412}}, "GAC|GAT": {"individual": [], "joint": {"secondary": 0.8035233258683562, "primary": 0.9423070770274027}}, "GCA|GCC": {"individual": [], "joint": {"secondary": 0.5191735799732224, "primary": 1.086679311800095}}, "GCA|GCG": {"individual": [], "joint": {"secondary": 0.7056792588310855, "primary": 1.081879108808347}}, "GCA|GCT": {"individual": [], "joint": {"secondary": 0.4096798005871042, "primary": 0.8483965623466114}}, "GCC|GCG": {"individual": [], "joint": {"secondary": 0.5066416443091147, "primary": 1.057517885613622}}, "GCC|GCT": {"individual": [], "joint": {"secondary": 0.8101047387466309, "primary": 1.058275907680697}}, "GCG|GCT": {"individual": [], "joint": {"secondary": 0.6189565116183364, "primary": 0.9375179800997756}}, "GGA|GGC": {"individual": [], "joint": {"secondary": 0.7455731164594687, "primary": 1.09586853030075}}, "GGA|GGG": {"individual": [], "joint": {"secondary": 0.9942408415920642, "primary": 0.9817063601536242}}, "GGA|GGT": {"individual": [], "joint": {"secondary": 0.6280380935771606, "primary": 0.7329854213909117}}, "GGC|GGG": {"individual": [], "joint": {"secondary": 0.6068938153313692, "primary": 1.02092164191088}}, "GGC|GGT": {"individual": [], "joint": {"secondary": 1.843977293244772, "primary": 0.9632734580039469}}, "GGG|GGT": {"individual": [], "joint": {"secondary": 1.544485228174191, "primary": 0.9497207523803751}}, "GTA|GTC": {"individual": [], "joint": {"secondary": 1.878916957237403, "primary": 0.879075754491173}}, "GTA|GTG": {"individual": [], "joint": {"secondary": 1.705599150348593, "primary": 1.031734485519017}}, "GTA|GTT": {"individual": [], "joint": {"secondary": 1.506200430158981, "primary": 1.179175556032887}}, "GTC|GTG": {"individual": [], "joint": {"secondary": 1.743721984205796, "primary": 0.9035371519141795}}, "GTC|GTT": {"individual": [], "joint": {"secondary": 1.881882065124056, "primary": 0.9897063001087132}}, "GTG|GTT": {"individual": [], "joint": {"secondary": 0.5439973669644725, "primary": 0.984931644980563}}, "TAC|TAT": {"individual": [], "joint": {"secondary": 0.7569767162779156, "primary": 1.053808573950219}}, "TCA|TCC": {"individual": [], "joint": {"secondary": 1.65560093307965, "primary": 1.047633881712102}}, "TCA|TCG": {"individual": [], "joint": {"secondary": 1.890119965836642, "primary": 1.050499802477265}}, "TCA|TCT": {"individual": [], "joint": {"secondary": 2.836075749673197, "primary": 1.092206683537005}}, "TCC|TCG": {"individual": [], "joint": {"secondary": 1.844710327182606, "primary": 0.8813443832716948}}, "TCC|TCT": {"individual": [], "joint": {"secondary": 1.655387516274158, "primary": 0.9882336738770674}}, "TCG|TCT": {"individual": [], "joint": {"secondary": 2.532235394494136, "primary": 1.076821140454265}}, "TGC|TGT": {"individual": [], "joint": {"secondary": 1.963209262695635, "primary": 0.8468676746630258}}, "TTA|TTG": {"individual": [], "joint": {"secondary": 0.7162354741421596, "primary": 1.02225164966157}}, "TTC|TTT": {"individual": [], "joint": {"secondary": 0.7467419048735561, "primary": 0.971147879773229}}, "model_mixture_p": 0.7497827079282576}