{"baseline-AICc": {"individual": [], "joint": 311868.3856348615}, "baseline-loglikelihood": {"individual": [], "joint": -151777.2570550448}, "joint-AICc": {"individual": [], "joint": 312707.9075256819}, "joint-loglikelihood": {"individual": [], "joint": -151280.4816659318}, "AAA|AAG": {"individual": [], "joint": {"secondary": 0.9239637961237923, "primary": 0.7339186604094097}}, "AAC|AAT": {"individual": [], "joint": {"secondary": 1.01176123410649, "primary": 0.7373859317758965}}, "ACA|ACC": {"individual": [], "joint": {"secondary": 1.047371801844312, "primary": 0.6513319431200751}}, "ACA|ACG": {"individual": [], "joint": {"secondary": 1.012419285751949, "primary": 0.8249159386026311}}, "ACA|ACT": {"individual": [], "joint": {"secondary": 0.8897904362113456, "primary": 0.780791529485141}}, "ACC|ACG": {"individual": [], "joint": {"secondary": 1.107989527636951, "primary": 0.7325374714748163}}, "ACC|ACT": {"individual": [], "joint": {"secondary": 0.9760678844127689, "primary": 0.5478706513879702}}, "ACG|ACT": {"individual": [], "joint": {"secondary": 1.081857003754299, "primary": 0.645758774991169}}, "AGA|AGG": {"individual": [], "joint": {"secondary": 0.930797741949509, "primary": 0.7707423127778622}}, "AGA|CGA": {"individual": [], "joint": {"secondary": 1.077464515993993, "primary": 0.5763222368272773}}, "AGC|AGT": {"individual": [], "joint": {"secondary": 1.022358693970581, "primary": 0.889383409461838}}, "AGG|CGG": {"individual": [], "joint": {"secondary": 1.039202343895271, "primary": 0.8947303456463914}}, "ATA|ATC": {"individual": [], "joint": {"secondary": 1.114427365916331, "primary": 0.8003114333643394}}, "ATA|ATT": {"individual": [], "joint": {"secondary": 1.141848271774123, "primary": 0.9970047844184002}}, "ATC|ATT": {"individual": [], "joint": {"secondary": 0.9784459926275143, "primary": 0.4706077258168982}}, "CAA|CAG": {"individual": [], "joint": {"secondary": 1.020339563720581, "primary": 0.6918811699686411}}, "CAC|CAT": {"individual": [], "joint": {"secondary": 0.9730648600171791, "primary": 0.6948743127501898}}, "CCA|CCC": {"individual": [], "joint": {"secondary": 1.04865878858961, "primary": 0.7681721135133093}}, "CCA|CCG": {"individual": [], "joint": {"secondary": 0.9028880845840589, "primary": 0.9572407596511554}}, "CCA|CCT": {"individual": [], "joint": {"secondary": 1.261857126715831, "primary": 0.6469953188026556}}, "CCC|CCG": {"individual": [], "joint": {"secondary": 1.033605575675551, "primary": 0.6923315720363888}}, "CCC|CCT": {"individual": [], "joint": {"secondary": 1.105931676072557, "primary": 0.7379064241200538}}, "CCG|CCT": {"individual": [], "joint": {"secondary": 0.765313545038468, "primary": 0.5922909920815643}}, "CGA|CGC": {"individual": [], "joint": {"secondary": 0.773393964965145, "primary": 0.7762854538432593}}, "CGA|CGG": {"individual": [], "joint": {"secondary": 0.8812362691089677, "primary": 0.97125936262283}}, "CGA|CGT": {"individual": [], "joint": {"secondary": 0.4880650757301204, "primary": 1.059425595589221}}, "CGC|CGG": {"individual": [], "joint": {"secondary": 0.9570989538744261, "primary": 1.775210211632105}}, "CGC|CGT": {"individual": [], "joint": {"secondary": 0.9576691366218505, "primary": 1.903557895634217}}, "CGG|CGT": {"individual": [], "joint": {"secondary": 1.06641932542432, "primary": 0.7136735175619061}}, "CTA|CTC": {"individual": [], "joint": {"secondary": 1.010042220754059, "primary": 0.6832489827279415}}, "CTA|CTG": {"individual": [], "joint": {"secondary": 0.9813403179050683, "primary": 0.7024036497268549}}, "CTA|CTT": {"individual": [], "joint": {"secondary": 0.9005953037090251, "primary": 0.6566643053197669}}, "CTA|TTA": {"individual": [], "joint": {"secondary": 0.9894442557629616, "primary": 0.6834365329797445}}, "CTC|CTG": {"individual": [], "joint": {"secondary": 0.9164140292461614, "primary": 0.6174170463213267}}, "CTC|CTT": {"individual": [], "joint": {"secondary": 1.027475618774413, "primary": 0.8954871129320715}}, "CTG|CTT": {"individual": [], "joint": {"secondary": 0.9220449403802714, "primary": 0.6351242981641331}}, "CTG|TTG": {"individual": [], "joint": {"secondary": 1.037001857300534, "primary": 0.7003113446358283}}, "GAA|GAG": {"individual": [], "joint": {"secondary": 1.042116499467246, "primary": 0.743967710051609}}, "GAC|GAT": {"individual": [], "joint": {"secondary": 1.01957230658526, "primary": 0.7915719223472778}}, "GCA|GCC": {"individual": [], "joint": {"secondary": 1.329771542479924, "primary": 0.6166101914077717}}, "GCA|GCG": {"individual": [], "joint": {"secondary": 1.020755334570635, "primary": 0.8198967041770705}}, "GCA|GCT": {"individual": [], "joint": {"secondary": 0.9934392664165436, "primary": 0.4790794468836687}}, "GCC|GCG": {"individual": [], "joint": {"secondary": 1.080391522742457, "primary": 0.6079873305665823}}, "GCC|GCT": {"individual": [], "joint": {"secondary": 1.105616539549005, "primary": 0.9390055428649028}}, "GCG|GCT": {"individual": [], "joint": {"secondary": 0.9257124816424425, "primary": 0.4485609888277897}}, "GGA|GGC": {"individual": [], "joint": {"secondary": 0.9069040406594083, "primary": 0.560263984311643}}, "GGA|GGG": {"individual": [], "joint": {"secondary": 0.9938494345094677, "primary": 0.780119373061218}}, "GGA|GGT": {"individual": [], "joint": {"secondary": 1.510081260234311, "primary": 0.5397516648914132}}, "GGC|GGG": {"individual": [], "joint": {"secondary": 0.8985955903675998, "primary": 0.5717554945557962}}, "GGC|GGT": {"individual": [], "joint": {"secondary": 0.9907476452657276, "primary": 1.634967971148037}}, "GGG|GGT": {"individual": [], "joint": {"secondary": 0.7668779207911, "primary": 1.688787155651481}}, "GTA|GTC": {"individual": [], "joint": {"secondary": 1.034184381647327, "primary": 2.20074152033405}}, "GTA|GTG": {"individual": [], "joint": {"secondary": 1.114568384877475, "primary": 2.421796719102424}}, "GTA|GTT": {"individual": [], "joint": {"secondary": 0.9926491888160601, "primary": 2.165836233866727}}, "GTC|GTG": {"individual": [], "joint": {"secondary": 1.02811908993068, "primary": 1.849229588042415}}, "GTC|GTT": {"individual": [], "joint": {"secondary": 0.9490535849175444, "primary": 1.832157167457707}}, "GTG|GTT": {"individual": [], "joint": {"secondary": 0.950896323705878, "primary": 0.5732577603669651}}, "TAC|TAT": {"individual": [], "joint": {"secondary": 1.113239308293794, "primary": 0.9021506144210171}}, "TCA|TCC": {"individual": [], "joint": {"secondary": 0.9809118369559202, "primary": 2.073423441849775}}, "TCA|TCG": {"individual": [], "joint": {"secondary": 0.9566883744737601, "primary": 1.797706808732075}}, "TCA|TCT": {"individual": [], "joint": {"secondary": 0.9295822543029234, "primary": 1.291911465355407}}, "TCC|TCG": {"individual": [], "joint": {"secondary": 0.9602793674648604, "primary": 1.684101814923753}}, "TCC|TCT": {"individual": [], "joint": {"secondary": 0.91532292631243, "primary": 1.815859437722763}}, "TCG|TCT": {"individual": [], "joint": {"secondary": 1.241026875163305, "primary": 1.686184668855547}}, "TGC|TGT": {"individual": [], "joint": {"secondary": 0.8973542100798101, "primary": 2.207023440310921}}, "TTA|TTG": {"individual": [], "joint": {"secondary": 0.9075455016259864, "primary": 0.7862342240513858}}, "TTC|TTT": {"individual": [], "joint": {"secondary": 1.068480620210711, "primary": 0.8812484916855119}}, "model_mixture_p": 0.2500002597534452}