{"baseline-AICc": {"individual": [], "joint": 439829.8722981947}, "baseline-loglikelihood": {"individual": [], "joint": -215665.9596540384}, "joint-AICc": {"individual": [], "joint": 439339.0553486774}, "joint-loglikelihood": {"individual": [], "joint": -214479.7063839452}, "AAA|AAG": {"individual": [], "joint": {"secondary": 0.7891302830303736, "primary": 0.8041618718477004}}, "AAC|AAT": {"individual": [], "joint": {"secondary": 0.8957638463766909, "primary": 0.885841694323328}}, "ACA|ACC": {"individual": [], "joint": {"secondary": 0.8694227480769321, "primary": 1.042230684783447}}, "ACA|ACG": {"individual": [], "joint": {"secondary": 0.8097821042086435, "primary": 0.8811951363230206}}, "ACA|ACT": {"individual": [], "joint": {"secondary": 0.7331257173034655, "primary": 0.9273474726283039}}, "ACC|ACG": {"individual": [], "joint": {"secondary": 0.5523497654813845, "primary": 0.9488163058773411}}, "ACC|ACT": {"individual": [], "joint": {"secondary": 0.700926785021821, "primary": 0.8128417711823142}}, "ACG|ACT": {"individual": [], "joint": {"secondary": 0.6124720157828937, "primary": 0.9895232728651082}}, "AGA|AGG": {"individual": [], "joint": {"secondary": 0.6626464045848436, "primary": 0.8513020139088332}}, "AGA|CGA": {"individual": [], "joint": {"secondary": 0.6377822908168973, "primary": 0.6941522771261001}}, "AGC|AGT": {"individual": [], "joint": {"secondary": 0.6796258057509882, "primary": 1.19175472442489}}, "AGG|CGG": {"individual": [], "joint": {"secondary": 0.6923166044344005, "primary": 0.9157406152777737}}, "ATA|ATC": {"individual": [], "joint": {"secondary": 0.7907065240760837, "primary": 0.9334764270318124}}, "ATA|ATT": {"individual": [], "joint": {"secondary": 0.598123485025259, "primary": 0.840377366571666}}, "ATC|ATT": {"individual": [], "joint": {"secondary": 0.7004609514607677, "primary": 0.9963553207171778}}, "CAA|CAG": {"individual": [], "joint": {"secondary": 0.8568920523579471, "primary": 0.7720502176902565}}, "CAC|CAT": {"individual": [], "joint": {"secondary": 0.59736929473003, "primary": 1.025717661177395}}, "CCA|CCC": {"individual": [], "joint": {"secondary": 0.695134634390251, "primary": 0.9648868660016053}}, "CCA|CCG": {"individual": [], "joint": {"secondary": 0.7919129625230478, "primary": 0.8249921577301023}}, "CCA|CCT": {"individual": [], "joint": {"secondary": 0.6905352450240327, "primary": 0.6914731135465244}}, "CCC|CCG": {"individual": [], "joint": {"secondary": 0.72478765808586, "primary": 0.8848420436280071}}, "CCC|CCT": {"individual": [], "joint": {"secondary": 0.8793350843913519, "primary": 0.9491973053424324}}, "CCG|CCT": {"individual": [], "joint": {"secondary": 0.6936391511779726, "primary": 1.003379526541037}}, "CGA|CGC": {"individual": [], "joint": {"secondary": 0.549896471647034, "primary": 0.7159463167902766}}, "CGA|CGG": {"individual": [], "joint": {"secondary": 0.8749993161743053, "primary": 0.7710274992103913}}, "CGA|CGT": {"individual": [], "joint": {"secondary": 0.6781644249189808, "primary": 0.9318336841287166}}, "CGC|CGG": {"individual": [], "joint": {"secondary": 1.654961566066119, "primary": 2.325023888246657}}, "CGC|CGT": {"individual": [], "joint": {"secondary": 2.121966857471544, "primary": 2.091936281793322}}, "CGG|CGT": {"individual": [], "joint": {"secondary": 1.014357152856008, "primary": 0.9702368827168986}}, "CTA|CTC": {"individual": [], "joint": {"secondary": 0.8745127962613854, "primary": 0.9670606672135437}}, "CTA|CTG": {"individual": [], "joint": {"secondary": 0.7778666684432503, "primary": 0.9190241537604195}}, "CTA|CTT": {"individual": [], "joint": {"secondary": 0.775219501202961, "primary": 0.8837463272549535}}, "CTA|TTA": {"individual": [], "joint": {"secondary": 0.5531601317221556, "primary": 0.7784496034314835}}, "CTC|CTG": {"individual": [], "joint": {"secondary": 0.6713360125557333, "primary": 0.8797095958288619}}, "CTC|CTT": {"individual": [], "joint": {"secondary": 0.6598343513466349, "primary": 0.756623491804683}}, "CTG|CTT": {"individual": [], "joint": {"secondary": 0.5663145028727599, "primary": 0.8338451197265956}}, "CTG|TTG": {"individual": [], "joint": {"secondary": 0.8719382083885089, "primary": 0.9780430003735207}}, "GAA|GAG": {"individual": [], "joint": {"secondary": 0.7695380197483876, "primary": 0.9324325734182791}}, "GAC|GAT": {"individual": [], "joint": {"secondary": 0.8530119013140931, "primary": 0.9375953726867052}}, "GCA|GCC": {"individual": [], "joint": {"secondary": 0.8810410990479536, "primary": 0.9535369519984199}}, "GCA|GCG": {"individual": [], "joint": {"secondary": 0.8020308946759553, "primary": 0.8876439591604999}}, "GCA|GCT": {"individual": [], "joint": {"secondary": 0.4865695379180585, "primary": 0.8149639490283953}}, "GCC|GCG": {"individual": [], "joint": {"secondary": 0.6464898910275257, "primary": 0.8406441563728316}}, "GCC|GCT": {"individual": [], "joint": {"secondary": 0.7031267885582299, "primary": 0.8840487175243853}}, "GCG|GCT": {"individual": [], "joint": {"secondary": 0.7415512947491716, "primary": 0.8078617393115427}}, "GGA|GGC": {"individual": [], "joint": {"secondary": 0.99160351984716, "primary": 0.8619288767208092}}, "GGA|GGG": {"individual": [], "joint": {"secondary": 0.8177993354479248, "primary": 0.9382031405547318}}, "GGA|GGT": {"individual": [], "joint": {"secondary": 0.7648963613283359, "primary": 0.7541231552188863}}, "GGC|GGG": {"individual": [], "joint": {"secondary": 0.6109480415130126, "primary": 1.006299203601739}}, "GGC|GGT": {"individual": [], "joint": {"secondary": 1.918582470382719, "primary": 1.00775978243041}}, "GGG|GGT": {"individual": [], "joint": {"secondary": 1.954853366233368, "primary": 2.117685413875927}}, "GTA|GTC": {"individual": [], "joint": {"secondary": 1.935042635280673, "primary": 0.8161466332915519}}, "GTA|GTG": {"individual": [], "joint": {"secondary": 2.206788736697886, "primary": 2.194906902687345}}, "GTA|GTT": {"individual": [], "joint": {"secondary": 1.470292226143193, "primary": 0.6427486349175283}}, "GTC|GTG": {"individual": [], "joint": {"secondary": 1.851667859877996, "primary": 0.9945642804006916}}, "GTC|GTT": {"individual": [], "joint": {"secondary": 1.884840879432035, "primary": 1.100104631464063}}, "GTG|GTT": {"individual": [], "joint": {"secondary": 1.006167720399457, "primary": 0.8115196526762462}}, "TAC|TAT": {"individual": [], "joint": {"secondary": 0.6184657304627331, "primary": 0.9533948050293605}}, "TCA|TCC": {"individual": [], "joint": {"secondary": 1.621802389131832, "primary": 2.245547394279495}}, "TCA|TCG": {"individual": [], "joint": {"secondary": 1.851275190064955, "primary": 1.802609147549556}}, "TCA|TCT": {"individual": [], "joint": {"secondary": 1.518076046409854, "primary": 0.4594696428708511}}, "TCC|TCG": {"individual": [], "joint": {"secondary": 1.70528287504902, "primary": 0.8344053518718209}}, "TCC|TCT": {"individual": [], "joint": {"secondary": 1.898989158485056, "primary": 1.031508183626204}}, "TCG|TCT": {"individual": [], "joint": {"secondary": 1.961398315968144, "primary": 0.8263609245633766}}, "TGC|TGT": {"individual": [], "joint": {"secondary": 1.698181351208087, "primary": 1.033505236623231}}, "TTA|TTG": {"individual": [], "joint": {"secondary": 0.7633643749153894, "primary": 0.9008436754507185}}, "TTC|TTT": {"individual": [], "joint": {"secondary": 0.7675526126424622, "primary": 0.9734755519678944}}, "model_mixture_p": 0.4999999057907363}