{"baseline-AICc": {"individual": [], "joint": 396997.4279129524}, "baseline-loglikelihood": {"individual": [], "joint": -194276.6246418474}, "joint-AICc": {"individual": [], "joint": 396452.1241254176}, "joint-loglikelihood": {"individual": [], "joint": -193070.4151963433}, "AAA|AAG": {"individual": [], "joint": {"secondary": 0.9690904422630913, "primary": 0.8359480874029446}}, "AAC|AAT": {"individual": [], "joint": {"secondary": 0.9303680434089171, "primary": 0.7071971844918736}}, "ACA|ACC": {"individual": [], "joint": {"secondary": 0.9508742696569308, "primary": 0.7914297067078352}}, "ACA|ACG": {"individual": [], "joint": {"secondary": 1.002427649055273, "primary": 0.7772546052652652}}, "ACA|ACT": {"individual": [], "joint": {"secondary": 1.827817865165218, "primary": 0.691991656733651}}, "ACC|ACG": {"individual": [], "joint": {"secondary": 1.013629222383553, "primary": 0.6798893641438749}}, "ACC|ACT": {"individual": [], "joint": {"secondary": 0.8329904998888348, "primary": 0.6637313344465844}}, "ACG|ACT": {"individual": [], "joint": {"secondary": 0.7728010963676103, "primary": 0.6563794441274833}}, "AGA|AGG": {"individual": [], "joint": {"secondary": 1.092042959785834, "primary": 0.7795300294884918}}, "AGA|CGA": {"individual": [], "joint": {"secondary": 1.104047115298727, "primary": 0.8032006314699268}}, "AGC|AGT": {"individual": [], "joint": {"secondary": 1.230557913596641, "primary": 0.7774144996694732}}, "AGG|CGG": {"individual": [], "joint": {"secondary": 0.7693504560148112, "primary": 0.9387415287772081}}, "ATA|ATC": {"individual": [], "joint": {"secondary": 1.118460197407415, "primary": 0.733925746895291}}, "ATA|ATT": {"individual": [], "joint": {"secondary": 1.097497347891642, "primary": 0.7466653635026379}}, "ATC|ATT": {"individual": [], "joint": {"secondary": 1.041580332934956, "primary": 0.7390542200935721}}, "CAA|CAG": {"individual": [], "joint": {"secondary": 0.9779164699946169, "primary": 0.7836046208158683}}, "CAC|CAT": {"individual": [], "joint": {"secondary": 0.9940361422024269, "primary": 0.7489827532598676}}, "CCA|CCC": {"individual": [], "joint": {"secondary": 1.037956680949989, "primary": 0.7825788833687165}}, "CCA|CCG": {"individual": [], "joint": {"secondary": 1.194839239993265, "primary": 0.8413698239576489}}, "CCA|CCT": {"individual": [], "joint": {"secondary": 0.5371382091382442, "primary": 0.5675907265345594}}, "CCC|CCG": {"individual": [], "joint": {"secondary": 1.036101531914667, "primary": 0.6036590649503515}}, "CCC|CCT": {"individual": [], "joint": {"secondary": 1.116202519216064, "primary": 0.6922802692528819}}, "CCG|CCT": {"individual": [], "joint": {"secondary": 0.7278243660367931, "primary": 0.7260649534627243}}, "CGA|CGC": {"individual": [], "joint": {"secondary": 1.091576092868907, "primary": 0.6346548499489508}}, "CGA|CGG": {"individual": [], "joint": {"secondary": 0.891953133045566, "primary": 0.7641812765004099}}, "CGA|CGT": {"individual": [], "joint": {"secondary": 0.2627930123903079, "primary": 0.7898298532023685}}, "CGC|CGG": {"individual": [], "joint": {"secondary": 0.9985091457407813, "primary": 1.686707688464014}}, "CGC|CGT": {"individual": [], "joint": {"secondary": 1.327136919706295, "primary": 1.970645142345661}}, "CGG|CGT": {"individual": [], "joint": {"secondary": 1.085532117632125, "primary": 0.6946678671958627}}, "CTA|CTC": {"individual": [], "joint": {"secondary": 1.136991452677632, "primary": 0.7170222628630775}}, "CTA|CTG": {"individual": [], "joint": {"secondary": 1.035712168651421, "primary": 0.7594868224795327}}, "CTA|CTT": {"individual": [], "joint": {"secondary": 1.094043517082932, "primary": 0.6285706951084041}}, "CTA|TTA": {"individual": [], "joint": {"secondary": 0.7541817965581673, "primary": 0.5905973654141204}}, "CTC|CTG": {"individual": [], "joint": {"secondary": 0.9108861468226859, "primary": 0.6979523917917728}}, "CTC|CTT": {"individual": [], "joint": {"secondary": 1.006442008116401, "primary": 0.8152221655760399}}, "CTG|CTT": {"individual": [], "joint": {"secondary": 1.176746491612093, "primary": 0.7518934413193361}}, "CTG|TTG": {"individual": [], "joint": {"secondary": 0.8806482203902554, "primary": 0.7187723701656333}}, "GAA|GAG": {"individual": [], "joint": {"secondary": 0.8452979929322993, "primary": 0.847441103740767}}, "GAC|GAT": {"individual": [], "joint": {"secondary": 0.9521532440150255, "primary": 0.7886050106294753}}, "GCA|GCC": {"individual": [], "joint": {"secondary": 0.788427349198526, "primary": 0.7781784939581059}}, "GCA|GCG": {"individual": [], "joint": {"secondary": 0.745709116659439, "primary": 0.7400103470556393}}, "GCA|GCT": {"individual": [], "joint": {"secondary": 0.9232185444525977, "primary": 0.8596890446799879}}, "GCC|GCG": {"individual": [], "joint": {"secondary": 0.9428428501671632, "primary": 0.7063466640920584}}, "GCC|GCT": {"individual": [], "joint": {"secondary": 1.047252345298415, "primary": 0.7011910031964835}}, "GCG|GCT": {"individual": [], "joint": {"secondary": 0.7575269226062826, "primary": 0.669852755747801}}, "GGA|GGC": {"individual": [], "joint": {"secondary": 1.405014268016516, "primary": 0.6140132698346259}}, "GGA|GGG": {"individual": [], "joint": {"secondary": 0.9191153138514598, "primary": 0.8037402013444772}}, "GGA|GGT": {"individual": [], "joint": {"secondary": 1.361749456351838, "primary": 0.5882715964907124}}, "GGC|GGG": {"individual": [], "joint": {"secondary": 1.203242991974793, "primary": 0.6869156191526179}}, "GGC|GGT": {"individual": [], "joint": {"secondary": 0.9806629053281456, "primary": 1.729079642360801}}, "GGG|GGT": {"individual": [], "joint": {"secondary": 1.220850322191041, "primary": 1.830153729350926}}, "GTA|GTC": {"individual": [], "joint": {"secondary": 1.043025214065219, "primary": 1.924448429287245}}, "GTA|GTG": {"individual": [], "joint": {"secondary": 1.029452802505356, "primary": 1.780571618296142}}, "GTA|GTT": {"individual": [], "joint": {"secondary": 1.29815377039196, "primary": 1.846627318449106}}, "GTC|GTG": {"individual": [], "joint": {"secondary": 0.9517560521680382, "primary": 1.648977338840201}}, "GTC|GTT": {"individual": [], "joint": {"secondary": 0.6928666114335266, "primary": 1.95629114288791}}, "GTG|GTT": {"individual": [], "joint": {"secondary": 1.043320492674983, "primary": 0.8355511400965799}}, "TAC|TAT": {"individual": [], "joint": {"secondary": 1.028238464040788, "primary": 0.7586452204847265}}, "TCA|TCC": {"individual": [], "joint": {"secondary": 0.7752144328909935, "primary": 1.918809611261379}}, "TCA|TCG": {"individual": [], "joint": {"secondary": 1.327533638037054, "primary": 1.931675810443632}}, "TCA|TCT": {"individual": [], "joint": {"secondary": 0.2264602330532512, "primary": 1.555241571869249}}, "TCC|TCG": {"individual": [], "joint": {"secondary": 0.9613515951245759, "primary": 1.829190998678293}}, "TCC|TCT": {"individual": [], "joint": {"secondary": 1.112474116922951, "primary": 2.142481123624372}}, "TCG|TCT": {"individual": [], "joint": {"secondary": 1.263268916630931, "primary": 1.55102931878249}}, "TGC|TGT": {"individual": [], "joint": {"secondary": 1.164249254545259, "primary": 2.124277340362579}}, "TTA|TTG": {"individual": [], "joint": {"secondary": 0.9888557826729848, "primary": 0.806579793979257}}, "TTC|TTT": {"individual": [], "joint": {"secondary": 0.972012205937488, "primary": 0.7574250498284456}}, "model_mixture_p": 0.749815963074261}