{"baseline-AICc": {"individual": [], "joint": 442300.8506817434}, "baseline-loglikelihood": {"individual": [], "joint": -216901.4488458127}, "joint-AICc": {"individual": [], "joint": 441656.709388538}, "joint-loglikelihood": {"individual": [], "joint": -215638.5334038756}, "AAA|AAG": {"individual": [], "joint": {"secondary": 0.7954465643961549, "primary": 0.8465571957275652}}, "AAC|AAT": {"individual": [], "joint": {"secondary": 0.8658402118020828, "primary": 0.8748024588332589}}, "ACA|ACC": {"individual": [], "joint": {"secondary": 0.8103905628675114, "primary": 0.9703358119337724}}, "ACA|ACG": {"individual": [], "joint": {"secondary": 0.624790596893423, "primary": 0.8734904772569883}}, "ACA|ACT": {"individual": [], "joint": {"secondary": 0.4818481827019202, "primary": 0.831181891753005}}, "ACC|ACG": {"individual": [], "joint": {"secondary": 0.6335121162031265, "primary": 0.9336806139440523}}, "ACC|ACT": {"individual": [], "joint": {"secondary": 0.742299444689985, "primary": 0.8180971608152341}}, "ACG|ACT": {"individual": [], "joint": {"secondary": 0.688131019799578, "primary": 0.666922909677601}}, "AGA|AGG": {"individual": [], "joint": {"secondary": 0.827988038061555, "primary": 0.8543713850522602}}, "AGA|CGA": {"individual": [], "joint": {"secondary": 0.7205883950904096, "primary": 0.6286440781639933}}, "AGC|AGT": {"individual": [], "joint": {"secondary": 0.735534325226533, "primary": 0.9444485266303992}}, "AGG|CGG": {"individual": [], "joint": {"secondary": 0.8545438332645006, "primary": 0.840589538696683}}, "ATA|ATC": {"individual": [], "joint": {"secondary": 0.7731351659110365, "primary": 0.8595082266799815}}, "ATA|ATT": {"individual": [], "joint": {"secondary": 0.6654964127092757, "primary": 1.006862699239236}}, "ATC|ATT": {"individual": [], "joint": {"secondary": 0.8328655026626858, "primary": 0.9709381154343424}}, "CAA|CAG": {"individual": [], "joint": {"secondary": 0.7179736972428115, "primary": 0.8875017578774493}}, "CAC|CAT": {"individual": [], "joint": {"secondary": 0.7546679488801471, "primary": 0.9234086559779214}}, "CCA|CCC": {"individual": [], "joint": {"secondary": 0.7057505668035943, "primary": 0.9338894480527945}}, "CCA|CCG": {"individual": [], "joint": {"secondary": 0.7842206062478067, "primary": 0.8863596396678552}}, "CCA|CCT": {"individual": [], "joint": {"secondary": 0.8655622488704803, "primary": 0.8619349307677008}}, "CCC|CCG": {"individual": [], "joint": {"secondary": 0.6135358856469173, "primary": 0.8706734738534007}}, "CCC|CCT": {"individual": [], "joint": {"secondary": 0.6847475993805122, "primary": 0.7380778999804621}}, "CCG|CCT": {"individual": [], "joint": {"secondary": 0.5471803672940303, "primary": 0.8344613967601685}}, "CGA|CGC": {"individual": [], "joint": {"secondary": 0.7838847499722389, "primary": 0.9446208520559485}}, "CGA|CGG": {"individual": [], "joint": {"secondary": 0.6830159587203034, "primary": 0.8096895848829478}}, "CGA|CGT": {"individual": [], "joint": {"secondary": 0.5519364662048061, "primary": 0.6709019291832711}}, "CGC|CGG": {"individual": [], "joint": {"secondary": 1.845139048332541, "primary": 2.352239166064794}}, "CGC|CGT": {"individual": [], "joint": {"secondary": 1.568870462930045, "primary": 2.646878071043078}}, "CGG|CGT": {"individual": [], "joint": {"secondary": 0.8925454193503237, "primary": 0.9994739982202933}}, "CTA|CTC": {"individual": [], "joint": {"secondary": 0.7764908677736149, "primary": 0.9410607027819404}}, "CTA|CTG": {"individual": [], "joint": {"secondary": 0.8090262309365269, "primary": 0.8884964382855249}}, "CTA|CTT": {"individual": [], "joint": {"secondary": 0.6621975002464205, "primary": 1.074247063409979}}, "CTA|TTA": {"individual": [], "joint": {"secondary": 0.7464976715022151, "primary": 0.9100249432203338}}, "CTC|CTG": {"individual": [], "joint": {"secondary": 0.7122239987281409, "primary": 0.8819085365930802}}, "CTC|CTT": {"individual": [], "joint": {"secondary": 0.7604782078105796, "primary": 0.950317020283842}}, "CTG|CTT": {"individual": [], "joint": {"secondary": 0.6615680763785173, "primary": 0.8473705455724561}}, "CTG|TTG": {"individual": [], "joint": {"secondary": 0.7409909981448163, "primary": 0.8652980542802007}}, "GAA|GAG": {"individual": [], "joint": {"secondary": 0.7044928066978725, "primary": 0.7669401431974254}}, "GAC|GAT": {"individual": [], "joint": {"secondary": 0.7744245989707988, "primary": 1.033183289116432}}, "GCA|GCC": {"individual": [], "joint": {"secondary": 0.6488714006835093, "primary": 1.040186506358581}}, "GCA|GCG": {"individual": [], "joint": {"secondary": 0.7887653163843608, "primary": 0.8586035537990945}}, "GCA|GCT": {"individual": [], "joint": {"secondary": 0.5868290112591033, "primary": 0.9548277326291962}}, "GCC|GCG": {"individual": [], "joint": {"secondary": 0.6585684572124418, "primary": 0.8197105217759618}}, "GCC|GCT": {"individual": [], "joint": {"secondary": 0.8365929918152916, "primary": 0.8206644349101434}}, "GCG|GCT": {"individual": [], "joint": {"secondary": 0.774098991041739, "primary": 0.9494705486817818}}, "GGA|GGC": {"individual": [], "joint": {"secondary": 0.5955410106501879, "primary": 0.8962957694242442}}, "GGA|GGG": {"individual": [], "joint": {"secondary": 0.7279793282297055, "primary": 0.9615330391750687}}, "GGA|GGT": {"individual": [], "joint": {"secondary": 0.7908321539784351, "primary": 0.6590195838894464}}, "GGC|GGG": {"individual": [], "joint": {"secondary": 0.7339127541323055, "primary": 0.9313758564908124}}, "GGC|GGT": {"individual": [], "joint": {"secondary": 2.015505607426614, "primary": 0.9036080353137493}}, "GGG|GGT": {"individual": [], "joint": {"secondary": 1.51437068374159, "primary": 2.14256461946802}}, "GTA|GTC": {"individual": [], "joint": {"secondary": 1.883252607943094, "primary": 0.9742798566544061}}, "GTA|GTG": {"individual": [], "joint": {"secondary": 1.994659850249353, "primary": 2.037623437250889}}, "GTA|GTT": {"individual": [], "joint": {"secondary": 2.258029699665282, "primary": 0.7407190799515727}}, "GTC|GTG": {"individual": [], "joint": {"secondary": 1.863438650883338, "primary": 0.8197470564082441}}, "GTC|GTT": {"individual": [], "joint": {"secondary": 2.086933470470856, "primary": 0.9009314315807662}}, "GTG|GTT": {"individual": [], "joint": {"secondary": 0.511602787014663, "primary": 0.9089804915043966}}, "TAC|TAT": {"individual": [], "joint": {"secondary": 0.7342742713830362, "primary": 0.8481175218894201}}, "TCA|TCC": {"individual": [], "joint": {"secondary": 2.083965671725102, "primary": 2.102265570280358}}, "TCA|TCG": {"individual": [], "joint": {"secondary": 2.082829542984434, "primary": 2.084569595972247}}, "TCA|TCT": {"individual": [], "joint": {"secondary": 1.194021480413597, "primary": 0.9499847836990206}}, "TCC|TCG": {"individual": [], "joint": {"secondary": 1.808060865161192, "primary": 0.8233423960892106}}, "TCC|TCT": {"individual": [], "joint": {"secondary": 1.686446540822936, "primary": 1.011098618662916}}, "TCG|TCT": {"individual": [], "joint": {"secondary": 2.051152711285684, "primary": 0.5584141270959088}}, "TGC|TGT": {"individual": [], "joint": {"secondary": 2.167608808083498, "primary": 0.9634723783200818}}, "TTA|TTG": {"individual": [], "joint": {"secondary": 0.8305572078153048, "primary": 0.9652679053193323}}, "TTC|TTT": {"individual": [], "joint": {"secondary": 0.6914657721975032, "primary": 0.9339369164374296}}, "model_mixture_p": 0.5000000441654081}