{"baseline-AICc": {"individual": [], "joint": 440020.2822035971}, "baseline-loglikelihood": {"individual": [], "joint": -215761.1646067396}, "joint-AICc": {"individual": [], "joint": 439781.0391538884}, "joint-loglikelihood": {"individual": [], "joint": -214700.6982865508}, "AAA|AAG": {"individual": [], "joint": {"secondary": 0.7947516846825672, "primary": 0.750691925336482}}, "AAC|AAT": {"individual": [], "joint": {"secondary": 0.9257940517693596, "primary": 0.6841112039100431}}, "ACA|ACC": {"individual": [], "joint": {"secondary": 1.013930870495705, "primary": 0.6483844238829968}}, "ACA|ACG": {"individual": [], "joint": {"secondary": 0.9585665257360548, "primary": 0.8230878378641044}}, "ACA|ACT": {"individual": [], "joint": {"secondary": 0.6609724796429527, "primary": 0.6512757429734178}}, "ACC|ACG": {"individual": [], "joint": {"secondary": 0.8274670430516506, "primary": 0.7275409513540317}}, "ACC|ACT": {"individual": [], "joint": {"secondary": 0.8586691924819175, "primary": 0.734919315056954}}, "ACG|ACT": {"individual": [], "joint": {"secondary": 0.8372494145370863, "primary": 0.6358604975304301}}, "AGA|AGG": {"individual": [], "joint": {"secondary": 0.9157629774675334, "primary": 0.7795756367068664}}, "AGA|CGA": {"individual": [], "joint": {"secondary": 0.8345906122020692, "primary": 0.6440278866158289}}, "AGC|AGT": {"individual": [], "joint": {"secondary": 0.9471352597687485, "primary": 0.8624302459451039}}, "AGG|CGG": {"individual": [], "joint": {"secondary": 0.9378987280065267, "primary": 0.6890726873990041}}, "ATA|ATC": {"individual": [], "joint": {"secondary": 0.9078014868301826, "primary": 0.7305088282656109}}, "ATA|ATT": {"individual": [], "joint": {"secondary": 0.7437199601032313, "primary": 0.8795591988179505}}, "ATC|ATT": {"individual": [], "joint": {"secondary": 0.9494903381824784, "primary": 0.7210518098554715}}, "CAA|CAG": {"individual": [], "joint": {"secondary": 0.8435272564827663, "primary": 0.6959243051851565}}, "CAC|CAT": {"individual": [], "joint": {"secondary": 0.9562432764144719, "primary": 0.6302049200112338}}, "CCA|CCC": {"individual": [], "joint": {"secondary": 0.9762376845266004, "primary": 0.581239958083523}}, "CCA|CCG": {"individual": [], "joint": {"secondary": 0.7671717177469477, "primary": 0.8153951301358894}}, "CCA|CCT": {"individual": [], "joint": {"secondary": 0.8220778599314836, "primary": 0.8438157043241916}}, "CCC|CCG": {"individual": [], "joint": {"secondary": 0.8096589258534704, "primary": 0.83262222140088}}, "CCC|CCT": {"individual": [], "joint": {"secondary": 0.9853055873521822, "primary": 0.913569657566421}}, "CCG|CCT": {"individual": [], "joint": {"secondary": 0.894890499917288, "primary": 0.6627318235067786}}, "CGA|CGC": {"individual": [], "joint": {"secondary": 0.6598699756013898, "primary": 1.038937526543656}}, "CGA|CGG": {"individual": [], "joint": {"secondary": 0.8744072945155956, "primary": 0.797040984691867}}, "CGA|CGT": {"individual": [], "joint": {"secondary": 0.9734872084861841, "primary": 0.647908648690084}}, "CGC|CGG": {"individual": [], "joint": {"secondary": 2.38996378388252, "primary": 1.886085253636804}}, "CGC|CGT": {"individual": [], "joint": {"secondary": 2.472725899727742, "primary": 1.95059060086426}}, "CGG|CGT": {"individual": [], "joint": {"secondary": 1.010326755172919, "primary": 0.9663997440343877}}, "CTA|CTC": {"individual": [], "joint": {"secondary": 0.9074272659242959, "primary": 0.6792408840667091}}, "CTA|CTG": {"individual": [], "joint": {"secondary": 0.8938801749743873, "primary": 0.8304462111209516}}, "CTA|CTT": {"individual": [], "joint": {"secondary": 0.6359948037565151, "primary": 0.8494258484938279}}, "CTA|TTA": {"individual": [], "joint": {"secondary": 0.8531111510787247, "primary": 0.6547317344644805}}, "CTC|CTG": {"individual": [], "joint": {"secondary": 0.8580513174348846, "primary": 0.7105416746489558}}, "CTC|CTT": {"individual": [], "joint": {"secondary": 0.9389663149504397, "primary": 0.7578645984097315}}, "CTG|CTT": {"individual": [], "joint": {"secondary": 0.8700322722840402, "primary": 0.5032492614841968}}, "CTG|TTG": {"individual": [], "joint": {"secondary": 0.9014447629966338, "primary": 0.7430353261157082}}, "GAA|GAG": {"individual": [], "joint": {"secondary": 0.8897630417848977, "primary": 0.7573679471925211}}, "GAC|GAT": {"individual": [], "joint": {"secondary": 0.9682525037099627, "primary": 0.741713549289291}}, "GCA|GCC": {"individual": [], "joint": {"secondary": 0.7816341136346421, "primary": 0.7769451568895677}}, "GCA|GCG": {"individual": [], "joint": {"secondary": 0.8207631163475922, "primary": 0.7511041902107128}}, "GCA|GCT": {"individual": [], "joint": {"secondary": 0.921302931170679, "primary": 0.7837608349953782}}, "GCC|GCG": {"individual": [], "joint": {"secondary": 0.8418146896221711, "primary": 0.6597765914917598}}, "GCC|GCT": {"individual": [], "joint": {"secondary": 0.9242975670847093, "primary": 0.6638566050866155}}, "GCG|GCT": {"individual": [], "joint": {"secondary": 0.8492930993429209, "primary": 0.6914425860082574}}, "GGA|GGC": {"individual": [], "joint": {"secondary": 0.969694931864025, "primary": 0.7819391871086551}}, "GGA|GGG": {"individual": [], "joint": {"secondary": 0.8788134878866023, "primary": 0.8631535846221505}}, "GGA|GGT": {"individual": [], "joint": {"secondary": 0.7944324803897029, "primary": 0.4496397718329442}}, "GGC|GGG": {"individual": [], "joint": {"secondary": 0.9565900053603336, "primary": 0.639620145725898}}, "GGC|GGT": {"individual": [], "joint": {"secondary": 0.8986860717063699, "primary": 1.780427453666107}}, "GGG|GGT": {"individual": [], "joint": {"secondary": 2.101228997888871, "primary": 1.96175275564927}}, "GTA|GTC": {"individual": [], "joint": {"secondary": 0.943064095253842, "primary": 1.86384198426385}}, "GTA|GTG": {"individual": [], "joint": {"secondary": 1.99863842573455, "primary": 1.842163513597566}}, "GTA|GTT": {"individual": [], "joint": {"secondary": 1.116507293066054, "primary": 1.766609339872608}}, "GTC|GTG": {"individual": [], "joint": {"secondary": 0.7988426751291093, "primary": 1.707666994009816}}, "GTC|GTT": {"individual": [], "joint": {"secondary": 0.8250932280645576, "primary": 1.928989018185053}}, "GTG|GTT": {"individual": [], "joint": {"secondary": 0.9979280714594138, "primary": 0.8142539395895828}}, "TAC|TAT": {"individual": [], "joint": {"secondary": 0.9623360707727756, "primary": 0.720209151279476}}, "TCA|TCC": {"individual": [], "joint": {"secondary": 1.943597777803447, "primary": 2.142409526573132}}, "TCA|TCG": {"individual": [], "joint": {"secondary": 2.089119062628353, "primary": 1.586037383941065}}, "TCA|TCT": {"individual": [], "joint": {"secondary": 0.8849676811451814, "primary": 1.569708874892124}}, "TCC|TCG": {"individual": [], "joint": {"secondary": 1.026291110175169, "primary": 1.69711071281591}}, "TCC|TCT": {"individual": [], "joint": {"secondary": 1.041888383296066, "primary": 2.091625769980302}}, "TCG|TCT": {"individual": [], "joint": {"secondary": 0.7280462590718786, "primary": 1.91648395976529}}, "TGC|TGT": {"individual": [], "joint": {"secondary": 0.9716775976523745, "primary": 1.77243448744926}}, "TTA|TTG": {"individual": [], "joint": {"secondary": 0.8290957368543475, "primary": 0.7689364537955042}}, "TTC|TTT": {"individual": [], "joint": {"secondary": 0.8377370801298366, "primary": 0.5559183212263216}}, "model_mixture_p": 0.400013296341207}