{"baseline-AICc": {"individual": [], "joint": 286686.2630878973}, "baseline-loglikelihood": {"individual": [], "joint": -139213.0996186712}, "joint-AICc": {"individual": [], "joint": 288084.1713894866}, "joint-loglikelihood": {"individual": [], "joint": -139001.4492909196}, "AAA|AAG": {"individual": [], "joint": {"secondary": 1.008969031886494, "primary": 0.8107731159917082}}, "AAC|AAT": {"individual": [], "joint": {"secondary": 0.970853279922952, "primary": 1.222569868790281}}, "ACA|ACC": {"individual": [], "joint": {"secondary": 1.097598145131826, "primary": 0.57550683398493}}, "ACA|ACG": {"individual": [], "joint": {"secondary": 0.8695080578532074, "primary": 0.7107725645257621}}, "ACA|ACT": {"individual": [], "joint": {"secondary": 1.218490130395183, "primary": 0.2631797800275195}}, "ACC|ACG": {"individual": [], "joint": {"secondary": 1.016091647623255, "primary": 0.7082271190318096}}, "ACC|ACT": {"individual": [], "joint": {"secondary": 1.059905144136553, "primary": 0.6281489820754356}}, "ACG|ACT": {"individual": [], "joint": {"secondary": 1.039827508357562, "primary": 0.7759878937718885}}, "AGA|AGG": {"individual": [], "joint": {"secondary": 1.009549676962058, "primary": 0.6986955727815574}}, "AGA|CGA": {"individual": [], "joint": {"secondary": 0.9070705667923972, "primary": 0.6973619995676174}}, "AGC|AGT": {"individual": [], "joint": {"secondary": 1.047894792163316, "primary": 0.8088592389424409}}, "AGG|CGG": {"individual": [], "joint": {"secondary": 0.9767477020195727, "primary": 0.8122649210708621}}, "ATA|ATC": {"individual": [], "joint": {"secondary": 1.077882161103947, "primary": 0.6130321832062752}}, "ATA|ATT": {"individual": [], "joint": {"secondary": 0.9940292882333157, "primary": 0.6447223333502872}}, "ATC|ATT": {"individual": [], "joint": {"secondary": 1.013606809671865, "primary": 0.6514674474701524}}, "CAA|CAG": {"individual": [], "joint": {"secondary": 0.9731193351321084, "primary": 0.8353442136121373}}, "CAC|CAT": {"individual": [], "joint": {"secondary": 0.9551850753405957, "primary": 0.7236356584703127}}, "CCA|CCC": {"individual": [], "joint": {"secondary": 1.058996995709167, "primary": 0.899936038670888}}, "CCA|CCG": {"individual": [], "joint": {"secondary": 0.9118719293906282, "primary": 1.002646868019581}}, "CCA|CCT": {"individual": [], "joint": {"secondary": 0.8862955728587864, "primary": 1.487196584118735}}, "CCC|CCG": {"individual": [], "joint": {"secondary": 0.9991986510499203, "primary": 0.6816244189920807}}, "CCC|CCT": {"individual": [], "joint": {"secondary": 0.9561116878638898, "primary": 0.6644446009618733}}, "CCG|CCT": {"individual": [], "joint": {"secondary": 0.8961452554081124, "primary": 0}}, "CGA|CGC": {"individual": [], "joint": {"secondary": 1.281536536565392, "primary": 0.934186430616671}}, "CGA|CGG": {"individual": [], "joint": {"secondary": 1.156024829591769, "primary": 1.160883170926064}}, "CGA|CGT": {"individual": [], "joint": {"secondary": 1.247363205870061, "primary": 0.5856507943571402}}, "CGC|CGG": {"individual": [], "joint": {"secondary": 0.9452786633201875, "primary": 1.608999202681992}}, "CGC|CGT": {"individual": [], "joint": {"secondary": 1.055787661387233, "primary": 2.484285754582872}}, "CGG|CGT": {"individual": [], "joint": {"secondary": 1.311453358610093, "primary": 0.9585998656881775}}, "CTA|CTC": {"individual": [], "joint": {"secondary": 0.843461469856879, "primary": 0.7153668020245011}}, "CTA|CTG": {"individual": [], "joint": {"secondary": 1.146159428412847, "primary": 0.7063098382955957}}, "CTA|CTT": {"individual": [], "joint": {"secondary": 0.7850018265418616, "primary": 0.6090421803401245}}, "CTA|TTA": {"individual": [], "joint": {"secondary": 0.910746379232574, "primary": 0.6867028636573819}}, "CTC|CTG": {"individual": [], "joint": {"secondary": 0.9717522111983651, "primary": 0.8163418476225375}}, "CTC|CTT": {"individual": [], "joint": {"secondary": 1.070161866260321, "primary": 0.7553617409804192}}, "CTG|CTT": {"individual": [], "joint": {"secondary": 1.039273128078178, "primary": 1.080434927187743}}, "CTG|TTG": {"individual": [], "joint": {"secondary": 1.022575383328037, "primary": 0.7238238539533938}}, "GAA|GAG": {"individual": [], "joint": {"secondary": 1.134415281819328, "primary": 0.9158246848713991}}, "GAC|GAT": {"individual": [], "joint": {"secondary": 1.008122701774608, "primary": 0.5218749911614003}}, "GCA|GCC": {"individual": [], "joint": {"secondary": 0.8686264337312983, "primary": 0.8843380754520712}}, "GCA|GCG": {"individual": [], "joint": {"secondary": 0.9703411867543295, "primary": 0.8634404857179179}}, "GCA|GCT": {"individual": [], "joint": {"secondary": 0.7990239545570696, "primary": 0.6423155190710622}}, "GCC|GCG": {"individual": [], "joint": {"secondary": 0.9568846319084484, "primary": 0.5924305741950907}}, "GCC|GCT": {"individual": [], "joint": {"secondary": 0.9201121523465681, "primary": 0.730124561388729}}, "GCG|GCT": {"individual": [], "joint": {"secondary": 1.096136761227228, "primary": 0.4474565737461769}}, "GGA|GGC": {"individual": [], "joint": {"secondary": 0.7932501757946038, "primary": 0.4613950986912447}}, "GGA|GGG": {"individual": [], "joint": {"secondary": 0.8620881985342682, "primary": 0.6744732999189792}}, "GGA|GGT": {"individual": [], "joint": {"secondary": 1.128308524864451, "primary": 0.8205291354177122}}, "GGC|GGG": {"individual": [], "joint": {"secondary": 0.9521846350216917, "primary": 0.767614581912217}}, "GGC|GGT": {"individual": [], "joint": {"secondary": 1.001300472922147, "primary": 2.273543077994842}}, "GGG|GGT": {"individual": [], "joint": {"secondary": 1.081263401639746, "primary": 1.999274608782145}}, "GTA|GTC": {"individual": [], "joint": {"secondary": 1.013229544085637, "primary": 1.580722725289037}}, "GTA|GTG": {"individual": [], "joint": {"secondary": 0.9585473556537945, "primary": 1.673907297370245}}, "GTA|GTT": {"individual": [], "joint": {"secondary": 1.033946669128626, "primary": 1.069743029906525}}, "GTC|GTG": {"individual": [], "joint": {"secondary": 1.044686115401118, "primary": 2.112827410810727}}, "GTC|GTT": {"individual": [], "joint": {"secondary": 0.9926203665710623, "primary": 1.869251344382653}}, "GTG|GTT": {"individual": [], "joint": {"secondary": 0.8876339548716684, "primary": 0.8601677644432516}}, "TAC|TAT": {"individual": [], "joint": {"secondary": 0.9464361980987889, "primary": 0.418036186534155}}, "TCA|TCC": {"individual": [], "joint": {"secondary": 0.9643392330928711, "primary": 1.984169818199075}}, "TCA|TCG": {"individual": [], "joint": {"secondary": 1.070967361775111, "primary": 1.662927351193981}}, "TCA|TCT": {"individual": [], "joint": {"secondary": 1.08086988359998, "primary": 0.9551460020144513}}, "TCC|TCG": {"individual": [], "joint": {"secondary": 0.990580645442891, "primary": 1.899652158948802}}, "TCC|TCT": {"individual": [], "joint": {"secondary": 0.9527855254144595, "primary": 2.28759114399017}}, "TCG|TCT": {"individual": [], "joint": {"secondary": 0.8737910795248693, "primary": 1.904417202628269}}, "TGC|TGT": {"individual": [], "joint": {"secondary": 0.9323439403417739, "primary": 1.78089561363967}}, "TTA|TTG": {"individual": [], "joint": {"secondary": 1.023133088519683, "primary": 0.9780935594105472}}, "TTC|TTT": {"individual": [], "joint": {"secondary": 0.9305061323213387, "primary": 0.6254286125687134}}, "model_mixture_p": 0.09999567521015541}