{"baseline-AICc": {"individual": [], "joint": 439909.3076569685}, "baseline-loglikelihood": {"individual": [], "joint": -215705.6773334253}, "joint-AICc": {"individual": [], "joint": 439208.9272006999}, "joint-loglikelihood": {"individual": [], "joint": -214414.6423099565}, "AAA|AAG": {"individual": [], "joint": {"secondary": 0.9408016558211898, "primary": 0.8411515602588587}}, "AAC|AAT": {"individual": [], "joint": {"secondary": 0.9050122250113124, "primary": 0.7265915545600535}}, "ACA|ACC": {"individual": [], "joint": {"secondary": 0.8695768410192498, "primary": 0.6662314754052017}}, "ACA|ACG": {"individual": [], "joint": {"secondary": 0.7570952814484909, "primary": 0.8580774828407197}}, "ACA|ACT": {"individual": [], "joint": {"secondary": 0.8040175160654275, "primary": 0.7857452417847883}}, "ACC|ACG": {"individual": [], "joint": {"secondary": 0.9851985110873288, "primary": 0.6057059562773724}}, "ACC|ACT": {"individual": [], "joint": {"secondary": 0.7841026508496615, "primary": 0.7505481355447152}}, "ACG|ACT": {"individual": [], "joint": {"secondary": 0.9736161378491383, "primary": 0.5726099098280966}}, "AGA|AGG": {"individual": [], "joint": {"secondary": 0.9883838640511087, "primary": 0.7270757569464851}}, "AGA|CGA": {"individual": [], "joint": {"secondary": 0.8716927621631445, "primary": 0.5968592211178828}}, "AGC|AGT": {"individual": [], "joint": {"secondary": 0.8407329579423064, "primary": 0.8033461658114782}}, "AGG|CGG": {"individual": [], "joint": {"secondary": 0.9181948666437888, "primary": 0.7733066062134429}}, "ATA|ATC": {"individual": [], "joint": {"secondary": 0.8724346195229384, "primary": 0.7376335854512501}}, "ATA|ATT": {"individual": [], "joint": {"secondary": 0.8368327172202145, "primary": 0.7494549900387495}}, "ATC|ATT": {"individual": [], "joint": {"secondary": 0.9375433661075724, "primary": 0.6884380224776293}}, "CAA|CAG": {"individual": [], "joint": {"secondary": 0.7436443104756564, "primary": 0.7778484805282343}}, "CAC|CAT": {"individual": [], "joint": {"secondary": 1.057797970881789, "primary": 0.7531123802868951}}, "CCA|CCC": {"individual": [], "joint": {"secondary": 0.8586219569437296, "primary": 0.8961921289326246}}, "CCA|CCG": {"individual": [], "joint": {"secondary": 0.8664856649289208, "primary": 0.7601848825757508}}, "CCA|CCT": {"individual": [], "joint": {"secondary": 1.030086635561386, "primary": 0.7655012766078478}}, "CCC|CCG": {"individual": [], "joint": {"secondary": 0.8999293250602722, "primary": 0.6520366094215115}}, "CCC|CCT": {"individual": [], "joint": {"secondary": 0.8158136329893119, "primary": 0.7693100813148431}}, "CCG|CCT": {"individual": [], "joint": {"secondary": 0.7030306015661436, "primary": 0.7120197008511283}}, "CGA|CGC": {"individual": [], "joint": {"secondary": 1.136205087830906, "primary": 1.011016445561909}}, "CGA|CGG": {"individual": [], "joint": {"secondary": 0.800380762572594, "primary": 0.7090289289267983}}, "CGA|CGT": {"individual": [], "joint": {"secondary": 0.9190202521964512, "primary": 0.5940999054973761}}, "CGC|CGG": {"individual": [], "joint": {"secondary": 2.269108907512268, "primary": 1.844540054646696}}, "CGC|CGT": {"individual": [], "joint": {"secondary": 2.649732245759565, "primary": 2.106163214370043}}, "CGG|CGT": {"individual": [], "joint": {"secondary": 0.8610504614080162, "primary": 0.4843235097974017}}, "CTA|CTC": {"individual": [], "joint": {"secondary": 0.7627924131679275, "primary": 0.6883439213051221}}, "CTA|CTG": {"individual": [], "joint": {"secondary": 0.860675915575036, "primary": 0.6860626055441063}}, "CTA|CTT": {"individual": [], "joint": {"secondary": 0.892532159610011, "primary": 0.7682253411551082}}, "CTA|TTA": {"individual": [], "joint": {"secondary": 1.019348923089031, "primary": 0.7656176021532857}}, "CTC|CTG": {"individual": [], "joint": {"secondary": 0.8123228821306305, "primary": 0.6928258015024827}}, "CTC|CTT": {"individual": [], "joint": {"secondary": 1.013356462540725, "primary": 0.7044788449660745}}, "CTG|CTT": {"individual": [], "joint": {"secondary": 1.034444723728426, "primary": 0.7202332325789189}}, "CTG|TTG": {"individual": [], "joint": {"secondary": 0.8999302553368879, "primary": 0.766556127586599}}, "GAA|GAG": {"individual": [], "joint": {"secondary": 0.894366771247308, "primary": 0.8203826413060196}}, "GAC|GAT": {"individual": [], "joint": {"secondary": 0.8454241010258274, "primary": 0.7215692822179465}}, "GCA|GCC": {"individual": [], "joint": {"secondary": 0.8459152621575701, "primary": 0.8330395181891175}}, "GCA|GCG": {"individual": [], "joint": {"secondary": 0.8523663110091412, "primary": 0.8254594934746455}}, "GCA|GCT": {"individual": [], "joint": {"secondary": 0.8606359655550087, "primary": 0.8419838826772924}}, "GCC|GCG": {"individual": [], "joint": {"secondary": 0.9011202476216056, "primary": 0.5948443780919012}}, "GCC|GCT": {"individual": [], "joint": {"secondary": 0.808008532235687, "primary": 0.7751418370342219}}, "GCG|GCT": {"individual": [], "joint": {"secondary": 0.761462551633764, "primary": 0.7039975303150068}}, "GGA|GGC": {"individual": [], "joint": {"secondary": 0.850492131536492, "primary": 0.765340380479634}}, "GGA|GGG": {"individual": [], "joint": {"secondary": 0.8046283574547662, "primary": 0.7771975635313463}}, "GGA|GGT": {"individual": [], "joint": {"secondary": 1.083548384224103, "primary": 0.3103314773184945}}, "GGC|GGG": {"individual": [], "joint": {"secondary": 0.8009613811636693, "primary": 0.6639717891556313}}, "GGC|GGT": {"individual": [], "joint": {"secondary": 0.9142931601760317, "primary": 1.986357851738767}}, "GGG|GGT": {"individual": [], "joint": {"secondary": 2.162018985087264, "primary": 1.513084059142157}}, "GTA|GTC": {"individual": [], "joint": {"secondary": 0.8732033519499631, "primary": 2.002490654980138}}, "GTA|GTG": {"individual": [], "joint": {"secondary": 2.10492432123077, "primary": 2.212736816411973}}, "GTA|GTT": {"individual": [], "joint": {"secondary": 0.7821973611122411, "primary": 1.646288206784641}}, "GTC|GTG": {"individual": [], "joint": {"secondary": 0.943210273059245, "primary": 1.715920647424042}}, "GTC|GTT": {"individual": [], "joint": {"secondary": 0.9057147938395512, "primary": 1.803130931237934}}, "GTG|GTT": {"individual": [], "joint": {"secondary": 0.835280299926717, "primary": 0.8251597698850529}}, "TAC|TAT": {"individual": [], "joint": {"secondary": 0.8533187590995012, "primary": 0.6777053810703972}}, "TCA|TCC": {"individual": [], "joint": {"secondary": 1.833604818059072, "primary": 1.780381965408555}}, "TCA|TCG": {"individual": [], "joint": {"secondary": 2.129117351163686, "primary": 1.945859934250977}}, "TCA|TCT": {"individual": [], "joint": {"secondary": 0.6441802091384398, "primary": 2.019814025576806}}, "TCC|TCG": {"individual": [], "joint": {"secondary": 1.032283946051337, "primary": 1.808102156402186}}, "TCC|TCT": {"individual": [], "joint": {"secondary": 1.108125605451635, "primary": 1.788926943582844}}, "TCG|TCT": {"individual": [], "joint": {"secondary": 0.7926140116322872, "primary": 1.533256890249242}}, "TGC|TGT": {"individual": [], "joint": {"secondary": 0.7471445127192519, "primary": 2.080176960202133}}, "TTA|TTG": {"individual": [], "joint": {"secondary": 0.7932886580468188, "primary": 0.7853993809359527}}, "TTC|TTT": {"individual": [], "joint": {"secondary": 1.045002061722676, "primary": 0.7314509102574566}}, "model_mixture_p": 0.5999634468512481}