{"baseline-AICc": {"individual": [], "joint": 443003.3739520161}, "baseline-loglikelihood": {"individual": [], "joint": -217252.7104809491}, "joint-AICc": {"individual": [], "joint": 442005.3406847454}, "joint-loglikelihood": {"individual": [], "joint": -215812.8490519793}, "AAA|AAG": {"individual": [], "joint": {"secondary": 0.8598594511419863, "primary": 1.005230824137054}}, "AAC|AAT": {"individual": [], "joint": {"secondary": 0.7911376059525915, "primary": 1.099593485689953}}, "ACA|ACC": {"individual": [], "joint": {"secondary": 0.6424815699967278, "primary": 0.7965699241283566}}, "ACA|ACG": {"individual": [], "joint": {"secondary": 0.7043580709718039, "primary": 0.8669279144813691}}, "ACA|ACT": {"individual": [], "joint": {"secondary": 0.7513770147361529, "primary": 1.18476926007164}}, "ACC|ACG": {"individual": [], "joint": {"secondary": 0.6663288226572595, "primary": 0.8256092863957318}}, "ACC|ACT": {"individual": [], "joint": {"secondary": 0.8185663199104114, "primary": 0.7902549947879793}}, "ACG|ACT": {"individual": [], "joint": {"secondary": 0.6230161962384965, "primary": 0.571555704268138}}, "AGA|AGG": {"individual": [], "joint": {"secondary": 0.7938309107795685, "primary": 0.7766290970563762}}, "AGA|CGA": {"individual": [], "joint": {"secondary": 0.7563145813943505, "primary": 0.8414498218228229}}, "AGC|AGT": {"individual": [], "joint": {"secondary": 0.6907362657859097, "primary": 0.9335158402609195}}, "AGG|CGG": {"individual": [], "joint": {"secondary": 0.6837026848345564, "primary": 0.9510144389832621}}, "ATA|ATC": {"individual": [], "joint": {"secondary": 0.6989068041560225, "primary": 0.7235074795562223}}, "ATA|ATT": {"individual": [], "joint": {"secondary": 0.782319877540648, "primary": 1.024909709115696}}, "ATC|ATT": {"individual": [], "joint": {"secondary": 0.6507220115367204, "primary": 0.9788941120717363}}, "CAA|CAG": {"individual": [], "joint": {"secondary": 0.80550877842646, "primary": 0.8107690856595501}}, "CAC|CAT": {"individual": [], "joint": {"secondary": 0.7854654500787009, "primary": 0.765899817283506}}, "CCA|CCC": {"individual": [], "joint": {"secondary": 0.6504045481989855, "primary": 0.8219095969970386}}, "CCA|CCG": {"individual": [], "joint": {"secondary": 0.7875310563301534, "primary": 0.9060455202906937}}, "CCA|CCT": {"individual": [], "joint": {"secondary": 0.7589298870285145, "primary": 0.9209056612143132}}, "CCC|CCG": {"individual": [], "joint": {"secondary": 0.7401594707455821, "primary": 0.8119251853942921}}, "CCC|CCT": {"individual": [], "joint": {"secondary": 0.6473911659212923, "primary": 0.862887430924811}}, "CCG|CCT": {"individual": [], "joint": {"secondary": 0.7060934854233897, "primary": 1.205600153916514}}, "CGA|CGC": {"individual": [], "joint": {"secondary": 0.6250503049689251, "primary": 1.034225100842713}}, "CGA|CGG": {"individual": [], "joint": {"secondary": 0.6971919590361415, "primary": 0.8210398844737047}}, "CGA|CGT": {"individual": [], "joint": {"secondary": 0.9383632120157104, "primary": 0.3695745421217343}}, "CGC|CGG": {"individual": [], "joint": {"secondary": 1.910295735040956, "primary": 2.109829663327516}}, "CGC|CGT": {"individual": [], "joint": {"secondary": 1.881584805478323, "primary": 2.363421069311466}}, "CGG|CGT": {"individual": [], "joint": {"secondary": 0.4751508145124985, "primary": 0.8563702402494959}}, "CTA|CTC": {"individual": [], "joint": {"secondary": 0.7001784559822646, "primary": 1.013542394369937}}, "CTA|CTG": {"individual": [], "joint": {"secondary": 0.7703221808472762, "primary": 0.9022776876722185}}, "CTA|CTT": {"individual": [], "joint": {"secondary": 0.7367143042916865, "primary": 0.6790138887083155}}, "CTA|TTA": {"individual": [], "joint": {"secondary": 0.6187354186213333, "primary": 0.8698023654360143}}, "CTC|CTG": {"individual": [], "joint": {"secondary": 0.6988360254557691, "primary": 0.7752108445474779}}, "CTC|CTT": {"individual": [], "joint": {"secondary": 0.8536076316770828, "primary": 0.7520491590073906}}, "CTG|CTT": {"individual": [], "joint": {"secondary": 0.6619913469609765, "primary": 0.9910267732077785}}, "CTG|TTG": {"individual": [], "joint": {"secondary": 0.7861722825431878, "primary": 0.9574954446152737}}, "GAA|GAG": {"individual": [], "joint": {"secondary": 0.7543890894373944, "primary": 0.8919363913940308}}, "GAC|GAT": {"individual": [], "joint": {"secondary": 0.6599532127260238, "primary": 0.9421795449415266}}, "GCA|GCC": {"individual": [], "joint": {"secondary": 0.8498787222256903, "primary": 1.009615220266387}}, "GCA|GCG": {"individual": [], "joint": {"secondary": 0.7771093475115346, "primary": 0.7171846119693712}}, "GCA|GCT": {"individual": [], "joint": {"secondary": 0.6302930844305001, "primary": 0.5779303865341042}}, "GCC|GCG": {"individual": [], "joint": {"secondary": 0.6383365339186693, "primary": 1.03420898339141}}, "GCC|GCT": {"individual": [], "joint": {"secondary": 0.7105999955598165, "primary": 0.9019255313136647}}, "GCG|GCT": {"individual": [], "joint": {"secondary": 0.7023583847380717, "primary": 0.9726740915567109}}, "GGA|GGC": {"individual": [], "joint": {"secondary": 0.8246929060078972, "primary": 0.7793548863656841}}, "GGA|GGG": {"individual": [], "joint": {"secondary": 0.7842878951943791, "primary": 0.8064816352343545}}, "GGA|GGT": {"individual": [], "joint": {"secondary": 0.647169331409697, "primary": 1.102198007771844}}, "GGC|GGG": {"individual": [], "joint": {"secondary": 0.6477021617086598, "primary": 0.8033997196878621}}, "GGC|GGT": {"individual": [], "joint": {"secondary": 1.811936130483109, "primary": 0.9050143013437437}}, "GGG|GGT": {"individual": [], "joint": {"secondary": 1.908912558404089, "primary": 2.140297258407017}}, "GTA|GTC": {"individual": [], "joint": {"secondary": 2.021001519079956, "primary": 1.048054039520351}}, "GTA|GTG": {"individual": [], "joint": {"secondary": 1.984922203975212, "primary": 2.150211022268541}}, "GTA|GTT": {"individual": [], "joint": {"secondary": 1.955541966742351, "primary": 0.8898347408811977}}, "GTC|GTG": {"individual": [], "joint": {"secondary": 1.747264048299469, "primary": 0.8409742070813047}}, "GTC|GTT": {"individual": [], "joint": {"secondary": 1.856338737676367, "primary": 1.12847219140982}}, "GTG|GTT": {"individual": [], "joint": {"secondary": 0.6455384031472298, "primary": 0.8747613611521696}}, "TAC|TAT": {"individual": [], "joint": {"secondary": 0.7940182947115556, "primary": 0.9129036329008017}}, "TCA|TCC": {"individual": [], "joint": {"secondary": 1.81982286702008, "primary": 2.283518939389149}}, "TCA|TCG": {"individual": [], "joint": {"secondary": 1.88883688001232, "primary": 2.019003670247452}}, "TCA|TCT": {"individual": [], "joint": {"secondary": 1.698038235642821, "primary": 0.9689772870650502}}, "TCC|TCG": {"individual": [], "joint": {"secondary": 1.676220656509976, "primary": 0.7649096654297664}}, "TCC|TCT": {"individual": [], "joint": {"secondary": 2.094200424461927, "primary": 0.9737598238921981}}, "TCG|TCT": {"individual": [], "joint": {"secondary": 1.748873802648716, "primary": 0.8067266725249423}}, "TGC|TGT": {"individual": [], "joint": {"secondary": 1.956750756638928, "primary": 1.081489247985487}}, "TTA|TTG": {"individual": [], "joint": {"secondary": 0.794774802814185, "primary": 0.7723642313113354}}, "TTC|TTT": {"individual": [], "joint": {"secondary": 0.8209005396449275, "primary": 0.9283852943637028}}, "model_mixture_p": 0.24999660711521}