{"baseline-AICc": {"individual": [], "joint": 398918.8199162273}, "baseline-loglikelihood": {"individual": [], "joint": -195237.3206434849}, "joint-AICc": {"individual": [], "joint": 398508.3536799948}, "joint-loglikelihood": {"individual": [], "joint": -194098.5299736319}, "AAA|AAG": {"individual": [], "joint": {"secondary": 1.188659444424269, "primary": 0.8382395441130266}}, "AAC|AAT": {"individual": [], "joint": {"secondary": 0.9938730406852437, "primary": 0.747984589241712}}, "ACA|ACC": {"individual": [], "joint": {"secondary": 0.8340615496045488, "primary": 0.8012123134923332}}, "ACA|ACG": {"individual": [], "joint": {"secondary": 0.7674339950961524, "primary": 0.798151834090479}}, "ACA|ACT": {"individual": [], "joint": {"secondary": 1.351568931032469, "primary": 0.6228719400271063}}, "ACC|ACG": {"individual": [], "joint": {"secondary": 1.005439349575915, "primary": 0.6455903939889935}}, "ACC|ACT": {"individual": [], "joint": {"secondary": 0.9857338504825758, "primary": 0.7791337207921902}}, "ACG|ACT": {"individual": [], "joint": {"secondary": 1.339966859026402, "primary": 0.9650209102581375}}, "AGA|AGG": {"individual": [], "joint": {"secondary": 0.8602429598676234, "primary": 0.8349103688476108}}, "AGA|CGA": {"individual": [], "joint": {"secondary": 1.020828524909648, "primary": 0.6536555466440207}}, "AGC|AGT": {"individual": [], "joint": {"secondary": 0.900936123384213, "primary": 0.7215703123829265}}, "AGG|CGG": {"individual": [], "joint": {"secondary": 0.7915782166244254, "primary": 0.762710115087504}}, "ATA|ATC": {"individual": [], "joint": {"secondary": 1.060096803357315, "primary": 0.7412461409219753}}, "ATA|ATT": {"individual": [], "joint": {"secondary": 0.8686859360612271, "primary": 0.6378141918670669}}, "ATC|ATT": {"individual": [], "joint": {"secondary": 0.9184896894300733, "primary": 0.726839032839601}}, "CAA|CAG": {"individual": [], "joint": {"secondary": 0.9964105139435865, "primary": 0.7584332348334148}}, "CAC|CAT": {"individual": [], "joint": {"secondary": 0.9910150984957232, "primary": 0.7814902403594834}}, "CCA|CCC": {"individual": [], "joint": {"secondary": 0.9778047688372331, "primary": 0.6623220822210029}}, "CCA|CCG": {"individual": [], "joint": {"secondary": 0.9345481093221153, "primary": 0.8234783126151206}}, "CCA|CCT": {"individual": [], "joint": {"secondary": 1.221103409458998, "primary": 0.5547081338243279}}, "CCC|CCG": {"individual": [], "joint": {"secondary": 1.060837142199198, "primary": 0.6817984438023866}}, "CCC|CCT": {"individual": [], "joint": {"secondary": 0.7791704108455424, "primary": 0.7339086526153283}}, "CCG|CCT": {"individual": [], "joint": {"secondary": 1.031065904362531, "primary": 0.7144885139115583}}, "CGA|CGC": {"individual": [], "joint": {"secondary": 1.332429207052974, "primary": 0.6308199389299851}}, "CGA|CGG": {"individual": [], "joint": {"secondary": 1.054200071946081, "primary": 0.7052696680795819}}, "CGA|CGT": {"individual": [], "joint": {"secondary": 0.7194521379333133, "primary": 0.6886673515213645}}, "CGC|CGG": {"individual": [], "joint": {"secondary": 1.195962711604632, "primary": 1.680231334134699}}, "CGC|CGT": {"individual": [], "joint": {"secondary": 1.128810270786454, "primary": 1.807636278923402}}, "CGG|CGT": {"individual": [], "joint": {"secondary": 1.363044885213767, "primary": 0.5355078576988683}}, "CTA|CTC": {"individual": [], "joint": {"secondary": 0.6668377104669913, "primary": 0.7256108096129222}}, "CTA|CTG": {"individual": [], "joint": {"secondary": 1.007893100861316, "primary": 0.9081469127222712}}, "CTA|CTT": {"individual": [], "joint": {"secondary": 1.264684579901229, "primary": 0.9711207487461769}}, "CTA|TTA": {"individual": [], "joint": {"secondary": 0.887339397987645, "primary": 0.7324167146661689}}, "CTC|CTG": {"individual": [], "joint": {"secondary": 0.8477805340596604, "primary": 0.6838526534766377}}, "CTC|CTT": {"individual": [], "joint": {"secondary": 0.7786831910750018, "primary": 0.7839328849130259}}, "CTG|CTT": {"individual": [], "joint": {"secondary": 0.9707692726901944, "primary": 0.6975016930930714}}, "CTG|TTG": {"individual": [], "joint": {"secondary": 0.9575709174699747, "primary": 0.7666913221097558}}, "GAA|GAG": {"individual": [], "joint": {"secondary": 1.000185987382717, "primary": 0.7514414102274982}}, "GAC|GAT": {"individual": [], "joint": {"secondary": 1.111113871506469, "primary": 0.7762341646803416}}, "GCA|GCC": {"individual": [], "joint": {"secondary": 1.079122254504513, "primary": 0.7868416764040056}}, "GCA|GCG": {"individual": [], "joint": {"secondary": 0.9118376949715431, "primary": 0.7522376172822486}}, "GCA|GCT": {"individual": [], "joint": {"secondary": 0.7354591183906489, "primary": 0.7051405152831067}}, "GCC|GCG": {"individual": [], "joint": {"secondary": 1.006855961824116, "primary": 0.6868875132963624}}, "GCC|GCT": {"individual": [], "joint": {"secondary": 0.965521344327389, "primary": 0.6878407884957249}}, "GCG|GCT": {"individual": [], "joint": {"secondary": 1.269059077713826, "primary": 0.7027282450017448}}, "GGA|GGC": {"individual": [], "joint": {"secondary": 0.7699395877680228, "primary": 0.7185735158302147}}, "GGA|GGG": {"individual": [], "joint": {"secondary": 0.9353514334016559, "primary": 0.8417280523969327}}, "GGA|GGT": {"individual": [], "joint": {"secondary": 1.353375205938756, "primary": 0.872036938530425}}, "GGC|GGG": {"individual": [], "joint": {"secondary": 0.8850352134006437, "primary": 0.6585424134240699}}, "GGC|GGT": {"individual": [], "joint": {"secondary": 1.132089184081219, "primary": 1.799995662294329}}, "GGG|GGT": {"individual": [], "joint": {"secondary": 0.9784471365868086, "primary": 1.836665752495512}}, "GTA|GTC": {"individual": [], "joint": {"secondary": 1.243781188491788, "primary": 1.932504141883873}}, "GTA|GTG": {"individual": [], "joint": {"secondary": 1.026372907285442, "primary": 1.911859581472501}}, "GTA|GTT": {"individual": [], "joint": {"secondary": 0.785144467739299, "primary": 1.799537433451864}}, "GTC|GTG": {"individual": [], "joint": {"secondary": 0.8767928614174683, "primary": 1.714904097218194}}, "GTC|GTT": {"individual": [], "joint": {"secondary": 1.07059967425701, "primary": 2.059702297101423}}, "GTG|GTT": {"individual": [], "joint": {"secondary": 0.8203629381130988, "primary": 0.8711500169545903}}, "TAC|TAT": {"individual": [], "joint": {"secondary": 0.956735790845181, "primary": 0.8087351072989244}}, "TCA|TCC": {"individual": [], "joint": {"secondary": 0.599337284954616, "primary": 1.989735663017913}}, "TCA|TCG": {"individual": [], "joint": {"secondary": 0.9166554198531287, "primary": 1.622877666939688}}, "TCA|TCT": {"individual": [], "joint": {"secondary": 1.270067076659648, "primary": 1.767093578340163}}, "TCC|TCG": {"individual": [], "joint": {"secondary": 1.267544883220898, "primary": 1.83560121277358}}, "TCC|TCT": {"individual": [], "joint": {"secondary": 1.029865506042734, "primary": 1.803745515996549}}, "TCG|TCT": {"individual": [], "joint": {"secondary": 0.8070071275953123, "primary": 1.61648741576407}}, "TGC|TGT": {"individual": [], "joint": {"secondary": 1.140136517552824, "primary": 1.750734609181077}}, "TTA|TTG": {"individual": [], "joint": {"secondary": 0.8939740576708166, "primary": 0.8701680730551662}}, "TTC|TTT": {"individual": [], "joint": {"secondary": 1.107220606426148, "primary": 0.7632845865026616}}, "model_mixture_p": 0.7498838162301302}