{"baseline-AICc": {"individual": [], "joint": 356080.191986015}, "baseline-loglikelihood": {"individual": [], "joint": -174703.3949913283}, "joint-AICc": {"individual": [], "joint": 355861.2052469975}, "joint-loglikelihood": {"individual": [], "joint": -173694.1840302953}, "AAA|AAG": {"individual": [], "joint": {"secondary": 0.485953003297713, "primary": 0.5502055184859783}}, "AAC|AAT": {"individual": [], "joint": {"secondary": 0.4098819489803345, "primary": 0.4918654949364564}}, "ACA|ACC": {"individual": [], "joint": {"secondary": 0.5095860130489838, "primary": 0.4318608502518865}}, "ACA|ACG": {"individual": [], "joint": {"secondary": 0.467485329509954, "primary": 0.4455249366494675}}, "ACA|ACT": {"individual": [], "joint": {"secondary": 0.235812956545436, "primary": 0.4568043780354245}}, "ACC|ACG": {"individual": [], "joint": {"secondary": 0.3257733066575123, "primary": 0.528952811222388}}, "ACC|ACT": {"individual": [], "joint": {"secondary": 0.3682016170497467, "primary": 0.4350850782909064}}, "ACG|ACT": {"individual": [], "joint": {"secondary": 0.5498422701550751, "primary": 0.4015992397376195}}, "AGA|AGG": {"individual": [], "joint": {"secondary": 0.522170035240502, "primary": 0.5130636329350966}}, "AGA|CGA": {"individual": [], "joint": {"secondary": 0.5067483013545379, "primary": 0.4160287546913363}}, "AGC|AGT": {"individual": [], "joint": {"secondary": 0.4944349836854885, "primary": 0.3424691282828144}}, "AGG|CGG": {"individual": [], "joint": {"secondary": 1.226211716502498, "primary": 1.147551138186099}}, "ATA|ATC": {"individual": [], "joint": {"secondary": 0.5616108118387193, "primary": 0.4220952950075491}}, "ATA|ATT": {"individual": [], "joint": {"secondary": 0.7101074727024644, "primary": 0.2597357889672415}}, "ATC|ATT": {"individual": [], "joint": {"secondary": 0.4970100773126824, "primary": 0.4741190379017832}}, "CAA|CAG": {"individual": [], "joint": {"secondary": 0.5246090452793241, "primary": 0.496132374825362}}, "CAC|CAT": {"individual": [], "joint": {"secondary": 0.3814596041833337, "primary": 0.47697719452352}}, "CCA|CCC": {"individual": [], "joint": {"secondary": 1.348190626895978, "primary": 1.651799153674542}}, "CCA|CCG": {"individual": [], "joint": {"secondary": 1.258895546320354, "primary": 1.191286065864885}}, "CCA|CCT": {"individual": [], "joint": {"secondary": 0.936777667002033, "primary": 1.035736773518744}}, "CCC|CCG": {"individual": [], "joint": {"secondary": 1.151517044348698, "primary": 1.107068572671967}}, "CCC|CCT": {"individual": [], "joint": {"secondary": 1.521701762727798, "primary": 1.06285639735293}}, "CCG|CCT": {"individual": [], "joint": {"secondary": 1.079425346082942, "primary": 1.001073839929471}}, "CGA|CGC": {"individual": [], "joint": {"secondary": 1.114154968169082, "primary": 1.299911263852547}}, "CGA|CGG": {"individual": [], "joint": {"secondary": 1.171633527202303, "primary": 1.13303432603039}}, "CGA|CGT": {"individual": [], "joint": {"secondary": 1.142578564261682, "primary": 0.6301122312958484}}, "CGC|CGG": {"individual": [], "joint": {"secondary": 1.232499987423206, "primary": 0.9787987140014665}}, "CGC|CGT": {"individual": [], "joint": {"secondary": 1.253634967390469, "primary": 1.280855924692677}}, "CGG|CGT": {"individual": [], "joint": {"secondary": 0.9901540059931617, "primary": 1.333585375987869}}, "CTA|CTC": {"individual": [], "joint": {"secondary": 1.078215858782862, "primary": 1.278403962537598}}, "CTA|CTG": {"individual": [], "joint": {"secondary": 1.146560577795171, "primary": 1.130764267187655}}, "CTA|CTT": {"individual": [], "joint": {"secondary": 0.9641363806927189, "primary": 1.438097890989196}}, "CTA|TTA": {"individual": [], "joint": {"secondary": 1.310970707176646, "primary": 1.283551899468866}}, "CTC|CTG": {"individual": [], "joint": {"secondary": 1.077789060532838, "primary": 1.148399983619085}}, "CTC|CTT": {"individual": [], "joint": {"secondary": 1.243137222478029, "primary": 1.049436589592478}}, "CTG|CTT": {"individual": [], "joint": {"secondary": 1.1384515649323, "primary": 1.110013812770777}}, "CTG|TTG": {"individual": [], "joint": {"secondary": 1.174828925747851, "primary": 1.346564921476395}}, "GAA|GAG": {"individual": [], "joint": {"secondary": 1.162073218654003, "primary": 1.331420620046102}}, "GAC|GAT": {"individual": [], "joint": {"secondary": 1.026804274952679, "primary": 1.233562793633596}}, "GCA|GCC": {"individual": [], "joint": {"secondary": 1.103417634911564, "primary": 1.22195197352014}}, "GCA|GCG": {"individual": [], "joint": {"secondary": 1.205854829393617, "primary": 1.171962050045217}}, "GCA|GCT": {"individual": [], "joint": {"secondary": 0.3679703462075521, "primary": 0.6178325951340057}}, "GCC|GCG": {"individual": [], "joint": {"secondary": 1.288860918994021, "primary": 0.9772366385643618}}, "GCC|GCT": {"individual": [], "joint": {"secondary": 1.402777061418221, "primary": 1.086798819442133}}, "GCG|GCT": {"individual": [], "joint": {"secondary": 1.091540112191324, "primary": 1.061758740570497}}, "GGA|GGC": {"individual": [], "joint": {"secondary": 1.209668384554415, "primary": 1.173639579829737}}, "GGA|GGG": {"individual": [], "joint": {"secondary": 1.278295344480801, "primary": 1.395348958129538}}, "GGA|GGT": {"individual": [], "joint": {"secondary": 1.437479585021723, "primary": 0.9266854303624149}}, "GGC|GGG": {"individual": [], "joint": {"secondary": 1.171656245412711, "primary": 1.269902073970052}}, "GGC|GGT": {"individual": [], "joint": {"secondary": 1.261423332842595, "primary": 1.073425662080838}}, "GGG|GGT": {"individual": [], "joint": {"secondary": 1.181136169163459, "primary": 1.244899654547792}}, "GTA|GTC": {"individual": [], "joint": {"secondary": 1.156628380348184, "primary": 1.118549498369687}}, "GTA|GTG": {"individual": [], "joint": {"secondary": 1.159647594665691, "primary": 1.183374573820296}}, "GTA|GTT": {"individual": [], "joint": {"secondary": 1.205846978297863, "primary": 1.854122911826446}}, "GTC|GTG": {"individual": [], "joint": {"secondary": 1.197738361584827, "primary": 1.04079725664286}}, "GTC|GTT": {"individual": [], "joint": {"secondary": 1.142324576594568, "primary": 1.363810814380713}}, "GTG|GTT": {"individual": [], "joint": {"secondary": 0.9559997785222734, "primary": 1.110151041419441}}, "TAC|TAT": {"individual": [], "joint": {"secondary": 1.259051667437465, "primary": 1.043966613554223}}, "TCA|TCC": {"individual": [], "joint": {"secondary": 1.224244450622765, "primary": 1.195392649058307}}, "TCA|TCG": {"individual": [], "joint": {"secondary": 1.119098932062952, "primary": 1.311655783642522}}, "TCA|TCT": {"individual": [], "joint": {"secondary": 0.8762764852358821, "primary": 0.7897939946433051}}, "TCC|TCG": {"individual": [], "joint": {"secondary": 1.015985945313588, "primary": 1.193905523231305}}, "TCC|TCT": {"individual": [], "joint": {"secondary": 1.376283080213601, "primary": 1.188372293930122}}, "TCG|TCT": {"individual": [], "joint": {"secondary": 1.250388731057098, "primary": 1.098413582777843}}, "TGC|TGT": {"individual": [], "joint": {"secondary": 1.150916907581591, "primary": 1.341768110618723}}, "TTA|TTG": {"individual": [], "joint": {"secondary": 1.300238398556013, "primary": 1.130900931657757}}, "TTC|TTT": {"individual": [], "joint": {"secondary": 1.308219468406539, "primary": 1.467176211103704}}, "model_mixture_p": 0.4999993024876626}