{"baseline-AICc": {"individual": [], "joint": 420910.535537971}, "baseline-loglikelihood": {"individual": [], "joint": -206219.0864324333}, "joint-AICc": {"individual": [], "joint": 419892.5952854522}, "joint-loglikelihood": {"individual": [], "joint": -204772.1047245089}, "AAA|AAG": {"individual": [], "joint": {"secondary": 1.146439195987081, "primary": 0.8363722529588482}}, "AAC|AAT": {"individual": [], "joint": {"secondary": 0.9188025269165455, "primary": 0.7660973514304823}}, "ACA|ACC": {"individual": [], "joint": {"secondary": 1.759872318182586, "primary": 0.7640146690010935}}, "ACA|ACG": {"individual": [], "joint": {"secondary": 1.392301960471664, "primary": 0.7775057708679817}}, "ACA|ACT": {"individual": [], "joint": {"secondary": 1.286762360693418, "primary": 0.6192044765630792}}, "ACC|ACG": {"individual": [], "joint": {"secondary": 1.327512103759021, "primary": 0.6924921093290519}}, "ACC|ACT": {"individual": [], "joint": {"secondary": 1.119747039884847, "primary": 0.7202852940786827}}, "ACG|ACT": {"individual": [], "joint": {"secondary": 0.9087986956708282, "primary": 0.7560036315199598}}, "AGA|AGG": {"individual": [], "joint": {"secondary": 0.8730893925779424, "primary": 0.7697027016510363}}, "AGA|CGA": {"individual": [], "joint": {"secondary": 0.8174287040660299, "primary": 0.656975133198997}}, "AGC|AGT": {"individual": [], "joint": {"secondary": 0.9499489203211581, "primary": 0.7395591096958892}}, "AGG|CGG": {"individual": [], "joint": {"secondary": 0.8451824927822277, "primary": 0.6863298808050696}}, "ATA|ATC": {"individual": [], "joint": {"secondary": 0.844311803229688, "primary": 0.7716323785921494}}, "ATA|ATT": {"individual": [], "joint": {"secondary": 0.6946850286612504, "primary": 0.8908848734202625}}, "ATC|ATT": {"individual": [], "joint": {"secondary": 1.092093545173411, "primary": 0.7894035779379366}}, "CAA|CAG": {"individual": [], "joint": {"secondary": 1.152135935583319, "primary": 0.794263426764153}}, "CAC|CAT": {"individual": [], "joint": {"secondary": 1.183698375225821, "primary": 0.6765637197223366}}, "CCA|CCC": {"individual": [], "joint": {"secondary": 1.110205344480335, "primary": 0.7130205139193299}}, "CCA|CCG": {"individual": [], "joint": {"secondary": 1.080918162004339, "primary": 0.7609796601155764}}, "CCA|CCT": {"individual": [], "joint": {"secondary": 1.184656634897501, "primary": 0.7455275182308071}}, "CCC|CCG": {"individual": [], "joint": {"secondary": 0.9078491499384594, "primary": 0.6770509841551776}}, "CCC|CCT": {"individual": [], "joint": {"secondary": 1.254135169715719, "primary": 0.7985952438784715}}, "CCG|CCT": {"individual": [], "joint": {"secondary": 0.6684688751917126, "primary": 0.6395428842095833}}, "CGA|CGC": {"individual": [], "joint": {"secondary": 1.043490898967009, "primary": 0.7761664802316616}}, "CGA|CGG": {"individual": [], "joint": {"secondary": 1.05604509757795, "primary": 0.774069112537246}}, "CGA|CGT": {"individual": [], "joint": {"secondary": 1.000863566177501, "primary": 0.6444613138213915}}, "CGC|CGG": {"individual": [], "joint": {"secondary": 0.6253112209751468, "primary": 1.686881567817278}}, "CGC|CGT": {"individual": [], "joint": {"secondary": 1.007216559199187, "primary": 1.826937435938115}}, "CGG|CGT": {"individual": [], "joint": {"secondary": 1.715903780936587, "primary": 0.7698413542981405}}, "CTA|CTC": {"individual": [], "joint": {"secondary": 0.8750443999620153, "primary": 0.8474360496548133}}, "CTA|CTG": {"individual": [], "joint": {"secondary": 0.7091798337063141, "primary": 0.7494610962116061}}, "CTA|CTT": {"individual": [], "joint": {"secondary": 0.9272853860684847, "primary": 0.7227363485402805}}, "CTA|TTA": {"individual": [], "joint": {"secondary": 0.8608494338046186, "primary": 0.7154890865216554}}, "CTC|CTG": {"individual": [], "joint": {"secondary": 0.8140250833404399, "primary": 0.6787924416099156}}, "CTC|CTT": {"individual": [], "joint": {"secondary": 1.424147944969483, "primary": 0.5813369587368746}}, "CTG|CTT": {"individual": [], "joint": {"secondary": 0.8617290190976771, "primary": 0.6638472875609802}}, "CTG|TTG": {"individual": [], "joint": {"secondary": 0.9032497739123334, "primary": 0.7587505042312491}}, "GAA|GAG": {"individual": [], "joint": {"secondary": 1.054178658587293, "primary": 0.7974472773882781}}, "GAC|GAT": {"individual": [], "joint": {"secondary": 0.8869485119296325, "primary": 0.8331093820508743}}, "GCA|GCC": {"individual": [], "joint": {"secondary": 0.4439660031637092, "primary": 0.8337043647360945}}, "GCA|GCG": {"individual": [], "joint": {"secondary": 1.080100760128576, "primary": 0.7517767912512552}}, "GCA|GCT": {"individual": [], "joint": {"secondary": 0.3012841050349858, "primary": 0.7281317413844007}}, "GCC|GCG": {"individual": [], "joint": {"secondary": 1.239707646346174, "primary": 0.7154368358662415}}, "GCC|GCT": {"individual": [], "joint": {"secondary": 0.9061978581462146, "primary": 0.7212977045323746}}, "GCG|GCT": {"individual": [], "joint": {"secondary": 1.565788046453398, "primary": 0.6383095825199533}}, "GGA|GGC": {"individual": [], "joint": {"secondary": 1.66109722651048, "primary": 0.6847187264996958}}, "GGA|GGG": {"individual": [], "joint": {"secondary": 0.8678247878183919, "primary": 0.7633760244493221}}, "GGA|GGT": {"individual": [], "joint": {"secondary": 1.372978549501449, "primary": 0.728982070008694}}, "GGC|GGG": {"individual": [], "joint": {"secondary": 0.9465562153181544, "primary": 0.6392041035978574}}, "GGC|GGT": {"individual": [], "joint": {"secondary": 1.125107359829145, "primary": 1.811253498253741}}, "GGG|GGT": {"individual": [], "joint": {"secondary": 0.4375126191860287, "primary": 1.568427344839529}}, "GTA|GTC": {"individual": [], "joint": {"secondary": 1.391149974470287, "primary": 1.755355568876395}}, "GTA|GTG": {"individual": [], "joint": {"secondary": 1.044289605424796, "primary": 2.03956755096964}}, "GTA|GTT": {"individual": [], "joint": {"secondary": 0.471725420943632, "primary": 1.695675943055828}}, "GTC|GTG": {"individual": [], "joint": {"secondary": 0.6219608507700284, "primary": 1.77099050649962}}, "GTC|GTT": {"individual": [], "joint": {"secondary": 0.8931837891581877, "primary": 1.914405303324068}}, "GTG|GTT": {"individual": [], "joint": {"secondary": 1.118671449291551, "primary": 0.784280906650332}}, "TAC|TAT": {"individual": [], "joint": {"secondary": 0.6335033744353, "primary": 0.7569614392252708}}, "TCA|TCC": {"individual": [], "joint": {"secondary": 1.470822436746454, "primary": 2.297751284192155}}, "TCA|TCG": {"individual": [], "joint": {"secondary": 0.659161449077715, "primary": 1.915758444322339}}, "TCA|TCT": {"individual": [], "joint": {"secondary": 0.1709505145602093, "primary": 1.858863567461648}}, "TCC|TCG": {"individual": [], "joint": {"secondary": 1.321337768138378, "primary": 1.720664550086437}}, "TCC|TCT": {"individual": [], "joint": {"secondary": 1.424478249420636, "primary": 2.043792663643823}}, "TCG|TCT": {"individual": [], "joint": {"secondary": 0.7942261969164679, "primary": 1.580603218491243}}, "TGC|TGT": {"individual": [], "joint": {"secondary": 0.7785978267985324, "primary": 1.802854904333259}}, "TTA|TTG": {"individual": [], "joint": {"secondary": 0.9551796437488554, "primary": 0.842034046627966}}, "TTC|TTT": {"individual": [], "joint": {"secondary": 1.018127368035676, "primary": 0.7670504551045062}}, "model_mixture_p": 0.8999999479755068}