{"baseline-AICc": {"individual": [], "joint": 352687.1029616038}, "baseline-loglikelihood": {"individual": [], "joint": -173006.8504791227}, "joint-AICc": {"individual": [], "joint": 353274.0143512522}, "joint-loglikelihood": {"individual": [], "joint": -172400.5885824227}, "AAA|AAG": {"individual": [], "joint": {"secondary": 0.7159714848919221, "primary": 0.9375353659459925}}, "AAC|AAT": {"individual": [], "joint": {"secondary": 1.049699017747086, "primary": 0.9505637660765541}}, "ACA|ACC": {"individual": [], "joint": {"secondary": 0.8924986637367267, "primary": 1.020084275843324}}, "ACA|ACG": {"individual": [], "joint": {"secondary": 1.013259371997666, "primary": 0.8370649828313363}}, "ACA|ACT": {"individual": [], "joint": {"secondary": 1.071620926787542, "primary": 0.8650997213677998}}, "ACC|ACG": {"individual": [], "joint": {"secondary": 0.8579140975031933, "primary": 0.8452713128501345}}, "ACC|ACT": {"individual": [], "joint": {"secondary": 0.8769071385778348, "primary": 0.8632072705671325}}, "ACG|ACT": {"individual": [], "joint": {"secondary": 0.9517409587800323, "primary": 0.6305366696753256}}, "AGA|AGG": {"individual": [], "joint": {"secondary": 0.7248970823518925, "primary": 0.8787758875467878}}, "AGA|CGA": {"individual": [], "joint": {"secondary": 1.075267111889464, "primary": 0.8924353081933949}}, "AGC|AGT": {"individual": [], "joint": {"secondary": 0.7537253394562495, "primary": 0.8671937024967694}}, "AGG|CGG": {"individual": [], "joint": {"secondary": 0.8322708010677344, "primary": 0.9960347449416668}}, "ATA|ATC": {"individual": [], "joint": {"secondary": 0.8168290094289318, "primary": 0.844107673771226}}, "ATA|ATT": {"individual": [], "joint": {"secondary": 0.7824242679023371, "primary": 1.20489037968035}}, "ATC|ATT": {"individual": [], "joint": {"secondary": 0.9827050905348139, "primary": 0.8941548479513394}}, "CAA|CAG": {"individual": [], "joint": {"secondary": 0.8506117704794004, "primary": 0.7497248765563955}}, "CAC|CAT": {"individual": [], "joint": {"secondary": 0.9919062307706488, "primary": 0.8632953340819741}}, "CCA|CCC": {"individual": [], "joint": {"secondary": 0.9639196490658981, "primary": 0.6534301498496753}}, "CCA|CCG": {"individual": [], "joint": {"secondary": 0.8447587729199001, "primary": 0.7958337491470218}}, "CCA|CCT": {"individual": [], "joint": {"secondary": 1.393148965326245, "primary": 0.7458982101984545}}, "CCC|CCG": {"individual": [], "joint": {"secondary": 0.6224704533533514, "primary": 0.8519412046411273}}, "CCC|CCT": {"individual": [], "joint": {"secondary": 0.9872151974637601, "primary": 0.8863507816339427}}, "CCG|CCT": {"individual": [], "joint": {"secondary": 0.656596900031071, "primary": 1.158296275834339}}, "CGA|CGC": {"individual": [], "joint": {"secondary": 0.9538920664897218, "primary": 0.7527563617546283}}, "CGA|CGG": {"individual": [], "joint": {"secondary": 0.8579183168245108, "primary": 0.809191268326487}}, "CGA|CGT": {"individual": [], "joint": {"secondary": 1.089902125163841, "primary": 1.021749928268586}}, "CGC|CGG": {"individual": [], "joint": {"secondary": 2.137207780214492, "primary": 2.340698167661591}}, "CGC|CGT": {"individual": [], "joint": {"secondary": 1.878315359555212, "primary": 2.642275041768603}}, "CGG|CGT": {"individual": [], "joint": {"secondary": 1.307230159462712, "primary": 0.4977357315982336}}, "CTA|CTC": {"individual": [], "joint": {"secondary": 1.070256407499979, "primary": 1.069163178967076}}, "CTA|CTG": {"individual": [], "joint": {"secondary": 0.9339597071198942, "primary": 0.8617739382487565}}, "CTA|CTT": {"individual": [], "joint": {"secondary": 0.5163505588507343, "primary": 0.9082935771789282}}, "CTA|TTA": {"individual": [], "joint": {"secondary": 0.936328621919641, "primary": 0.8862445922867793}}, "CTC|CTG": {"individual": [], "joint": {"secondary": 0.8795157746151724, "primary": 0.7787630257382939}}, "CTC|CTT": {"individual": [], "joint": {"secondary": 0.8666150230204832, "primary": 0.9358426339904722}}, "CTG|CTT": {"individual": [], "joint": {"secondary": 1.019223530187049, "primary": 0.7272934728106729}}, "CTG|TTG": {"individual": [], "joint": {"secondary": 1.090868656027185, "primary": 0.9160286771400803}}, "GAA|GAG": {"individual": [], "joint": {"secondary": 0.836307790696133, "primary": 0.8944546733535562}}, "GAC|GAT": {"individual": [], "joint": {"secondary": 0.9195402421412986, "primary": 1.049764884022726}}, "GCA|GCC": {"individual": [], "joint": {"secondary": 0.7118790309409766, "primary": 0.8176587565463969}}, "GCA|GCG": {"individual": [], "joint": {"secondary": 0.7833152462814931, "primary": 0.8545430110999631}}, "GCA|GCT": {"individual": [], "joint": {"secondary": 1.047716203128304, "primary": 1.02924358587665}}, "GCC|GCG": {"individual": [], "joint": {"secondary": 0.9469760093343731, "primary": 0.8790603107378677}}, "GCC|GCT": {"individual": [], "joint": {"secondary": 0.9848742912398416, "primary": 0.9503298665498604}}, "GCG|GCT": {"individual": [], "joint": {"secondary": 0.7173881156855263, "primary": 0.9068237024467491}}, "GGA|GGC": {"individual": [], "joint": {"secondary": 0.9460404753664025, "primary": 0.954224846649452}}, "GGA|GGG": {"individual": [], "joint": {"secondary": 0.9749233032256454, "primary": 0.7960232115928273}}, "GGA|GGT": {"individual": [], "joint": {"secondary": 0.8727351564739598, "primary": 0.6480429946895779}}, "GGC|GGG": {"individual": [], "joint": {"secondary": 0.8875150107890863, "primary": 0.9277112340989857}}, "GGC|GGT": {"individual": [], "joint": {"secondary": 0.6794134153631255, "primary": 0.7542679217882421}}, "GGG|GGT": {"individual": [], "joint": {"secondary": 1.961601981669321, "primary": 2.250557135789487}}, "GTA|GTC": {"individual": [], "joint": {"secondary": 0.8410112534375961, "primary": 0.8502038820458109}}, "GTA|GTG": {"individual": [], "joint": {"secondary": 1.968277671986113, "primary": 2.153365135082741}}, "GTA|GTT": {"individual": [], "joint": {"secondary": 0.4952100965918151, "primary": 0.6364509287736545}}, "GTC|GTG": {"individual": [], "joint": {"secondary": 0.7938008194533539, "primary": 0.8501432419604004}}, "GTC|GTT": {"individual": [], "joint": {"secondary": 0.877853019312822, "primary": 1.1453183621186}}, "GTG|GTT": {"individual": [], "joint": {"secondary": 0.9711193651457155, "primary": 0.9023905060991595}}, "TAC|TAT": {"individual": [], "joint": {"secondary": 0.9156967013731032, "primary": 0.9014075342904019}}, "TCA|TCC": {"individual": [], "joint": {"secondary": 1.959747236078161, "primary": 2.39752051708642}}, "TCA|TCG": {"individual": [], "joint": {"secondary": 1.804533676792321, "primary": 1.993850166676719}}, "TCA|TCT": {"individual": [], "joint": {"secondary": 1.40561021015497, "primary": 0.5426312693900198}}, "TCC|TCG": {"individual": [], "joint": {"secondary": 1.072628799578111, "primary": 0.8748136677182566}}, "TCC|TCT": {"individual": [], "joint": {"secondary": 0.9011680323815295, "primary": 0.9247771105271266}}, "TCG|TCT": {"individual": [], "joint": {"secondary": 0.6230075172966681, "primary": 1.02325466567408}}, "TGC|TGT": {"individual": [], "joint": {"secondary": 0.9837280912960761, "primary": 0.8631547574552682}}, "TTA|TTG": {"individual": [], "joint": {"secondary": 0.8388052634769536, "primary": 0.850456130289638}}, "TTC|TTT": {"individual": [], "joint": {"secondary": 1.031633584294861, "primary": 0.998019902148068}}, "model_mixture_p": 0.6869003800876524}