{"baseline-AICc": {"individual": [], "joint": 350168.2852013037}, "baseline-loglikelihood": {"individual": [], "joint": -171747.4415989727}, "joint-AICc": {"individual": [], "joint": 349132.8277703328}, "joint-loglikelihood": {"individual": [], "joint": -170329.995291963}, "AAA|AAG": {"individual": [], "joint": {"secondary": 0.8687285620913939, "primary": 0.6400199205155581}}, "AAC|AAT": {"individual": [], "joint": {"secondary": 0.5752469871815515, "primary": 0.6658925822045695}}, "ACA|ACC": {"individual": [], "joint": {"secondary": 0.4378946192919582, "primary": 0.5696797602825707}}, "ACA|ACG": {"individual": [], "joint": {"secondary": 0.4663829234356404, "primary": 0.6433953016265584}}, "ACA|ACT": {"individual": [], "joint": {"secondary": 1.01289299356271, "primary": 0.5384833479815333}}, "ACC|ACG": {"individual": [], "joint": {"secondary": 0.6725948071511054, "primary": 0.4662584090558118}}, "ACC|ACT": {"individual": [], "joint": {"secondary": 0.551951979650682, "primary": 0.6071407360494758}}, "ACG|ACT": {"individual": [], "joint": {"secondary": 0.1168900428781622, "primary": 0.5722305851706471}}, "AGA|AGG": {"individual": [], "joint": {"secondary": 1.100412159900031, "primary": 0.570699843722365}}, "AGA|CGA": {"individual": [], "joint": {"secondary": 0.0001121774926900078, "primary": 0.416264569646201}}, "AGC|AGT": {"individual": [], "joint": {"secondary": 1.028073655298305, "primary": 0.7155340681737535}}, "AGG|CGG": {"individual": [], "joint": {"secondary": 0.6190887772377401, "primary": 0.5913842937619841}}, "ATA|ATC": {"individual": [], "joint": {"secondary": 0.6368521974753995, "primary": 0.6102839388425997}}, "ATA|ATT": {"individual": [], "joint": {"secondary": 0.8246144019702577, "primary": 0.4632083132470755}}, "ATC|ATT": {"individual": [], "joint": {"secondary": 0.4074865903679051, "primary": 0.6579483662433504}}, "CAA|CAG": {"individual": [], "joint": {"secondary": 0.5091511975291118, "primary": 0.6064205242091254}}, "CAC|CAT": {"individual": [], "joint": {"secondary": 0.7839209103730256, "primary": 0.6059857836592876}}, "CCA|CCC": {"individual": [], "joint": {"secondary": 1.350952212901621, "primary": 1.534346109757656}}, "CCA|CCG": {"individual": [], "joint": {"secondary": 0.6245143665446067, "primary": 0.6469914784917664}}, "CCA|CCT": {"individual": [], "joint": {"secondary": 0.09582177300762333, "primary": 1.477846538638508}}, "CCC|CCG": {"individual": [], "joint": {"secondary": 1.160301912159287, "primary": 1.290176273793508}}, "CCC|CCT": {"individual": [], "joint": {"secondary": 1.397879409707713, "primary": 1.614994064553826}}, "CCG|CCT": {"individual": [], "joint": {"secondary": 0.7130036897424027, "primary": 0.5017129644114784}}, "CGA|CGC": {"individual": [], "joint": {"secondary": 1.161779416368446, "primary": 1.421722021488893}}, "CGA|CGG": {"individual": [], "joint": {"secondary": 1.749316696764412, "primary": 1.602191420103985}}, "CGA|CGT": {"individual": [], "joint": {"secondary": 1.831358610333798, "primary": 1.311243172372285}}, "CGC|CGG": {"individual": [], "joint": {"secondary": 1.351077741851811, "primary": 1.233194627184063}}, "CGC|CGT": {"individual": [], "joint": {"secondary": 1.207311256959263, "primary": 1.302357553415918}}, "CGG|CGT": {"individual": [], "joint": {"secondary": 1.108865960294816, "primary": 1.434573267742809}}, "CTA|CTC": {"individual": [], "joint": {"secondary": 0.5042316569959696, "primary": 0.6164431846096958}}, "CTA|CTG": {"individual": [], "joint": {"secondary": 0.5095467486154229, "primary": 0.6244779815176613}}, "CTA|CTT": {"individual": [], "joint": {"secondary": 0.4241923390436767, "primary": 0.5122771501403224}}, "CTA|TTA": {"individual": [], "joint": {"secondary": 0.5980945362797961, "primary": 0.5287127918156488}}, "CTC|CTG": {"individual": [], "joint": {"secondary": 0.4588023907459305, "primary": 0.4955063513077827}}, "CTC|CTT": {"individual": [], "joint": {"secondary": 0.7277610767499199, "primary": 0.59301228810883}}, "CTG|CTT": {"individual": [], "joint": {"secondary": 0.4362853657157841, "primary": 0.4913311625966177}}, "CTG|TTG": {"individual": [], "joint": {"secondary": 0.5978817464672578, "primary": 0.5968973686421715}}, "GAA|GAG": {"individual": [], "joint": {"secondary": 0.5999557842687385, "primary": 0.6832423253539324}}, "GAC|GAT": {"individual": [], "joint": {"secondary": 0.7000638533717135, "primary": 0.6191914957576831}}, "GCA|GCC": {"individual": [], "joint": {"secondary": 0.5658381979721777, "primary": 0.6681485220040893}}, "GCA|GCG": {"individual": [], "joint": {"secondary": 0.630052630584837, "primary": 0.6356564610675702}}, "GCA|GCT": {"individual": [], "joint": {"secondary": 0.8207211735093547, "primary": 0.2933390321453081}}, "GCC|GCG": {"individual": [], "joint": {"secondary": 1.208142210400548, "primary": 1.257970597612417}}, "GCC|GCT": {"individual": [], "joint": {"secondary": 1.7752401651344, "primary": 1.639821931671674}}, "GCG|GCT": {"individual": [], "joint": {"secondary": 1.130233927151964, "primary": 1.338163519092491}}, "GGA|GGC": {"individual": [], "joint": {"secondary": 1.377900495309215, "primary": 1.949818632723536}}, "GGA|GGG": {"individual": [], "joint": {"secondary": 1.330807597090828, "primary": 1.510151449492268}}, "GGA|GGT": {"individual": [], "joint": {"secondary": 1.783800353637355, "primary": 1.465117727420256}}, "GGC|GGG": {"individual": [], "joint": {"secondary": 1.317996345243952, "primary": 1.297844404082165}}, "GGC|GGT": {"individual": [], "joint": {"secondary": 1.465040715094325, "primary": 1.442954187110829}}, "GGG|GGT": {"individual": [], "joint": {"secondary": 1.494228954062563, "primary": 1.268992087131564}}, "GTA|GTC": {"individual": [], "joint": {"secondary": 1.445440572614331, "primary": 1.654539857394662}}, "GTA|GTG": {"individual": [], "joint": {"secondary": 1.866689954814915, "primary": 1.719729043337773}}, "GTA|GTT": {"individual": [], "joint": {"secondary": 1.880298571688684, "primary": 1.606984216990021}}, "GTC|GTG": {"individual": [], "joint": {"secondary": 1.216122204458113, "primary": 1.231308373138088}}, "GTC|GTT": {"individual": [], "joint": {"secondary": 1.301177360120376, "primary": 1.416016450927096}}, "GTG|GTT": {"individual": [], "joint": {"secondary": 1.109626342907707, "primary": 1.153929014727668}}, "TAC|TAT": {"individual": [], "joint": {"secondary": 1.618115436233665, "primary": 1.591687040924618}}, "TCA|TCC": {"individual": [], "joint": {"secondary": 1.916942262614711, "primary": 1.573927846338848}}, "TCA|TCG": {"individual": [], "joint": {"secondary": 1.577628383321416, "primary": 1.516684481288489}}, "TCA|TCT": {"individual": [], "joint": {"secondary": 1.277769402902999, "primary": 1.082902889341329}}, "TCC|TCG": {"individual": [], "joint": {"secondary": 1.154966506422956, "primary": 1.193228483789022}}, "TCC|TCT": {"individual": [], "joint": {"secondary": 1.511024476935045, "primary": 1.453350173090703}}, "TCG|TCT": {"individual": [], "joint": {"secondary": 1.414831963606554, "primary": 1.130011657030016}}, "TGC|TGT": {"individual": [], "joint": {"secondary": 1.557515810361365, "primary": 1.554332257694595}}, "TTA|TTG": {"individual": [], "joint": {"secondary": 0.6907879411900572, "primary": 0.6639876910185903}}, "TTC|TTT": {"individual": [], "joint": {"secondary": 0.6397665168378984, "primary": 0.6161300352167857}}, "model_mixture_p": 0.8751386666319536}