{"baseline-AICc": {"individual": [], "joint": 355736.5503812307}, "baseline-loglikelihood": {"individual": [], "joint": -174531.5741889361}, "joint-AICc": {"individual": [], "joint": 356889.4291923772}, "joint-loglikelihood": {"individual": [], "joint": -174208.2960029852}, "AAA|AAG": {"individual": [], "joint": {"secondary": 0.9575205722837423, "primary": 0.9133453155811799}}, "AAC|AAT": {"individual": [], "joint": {"secondary": 0.8725677212996656, "primary": 1.076526823376357}}, "ACA|ACC": {"individual": [], "joint": {"secondary": 1.071868418282342, "primary": 0.7787741671951451}}, "ACA|ACG": {"individual": [], "joint": {"secondary": 1.009283855673535, "primary": 0.8180193903331017}}, "ACA|ACT": {"individual": [], "joint": {"secondary": 1.117035299126528, "primary": 0.8631182910146784}}, "ACC|ACG": {"individual": [], "joint": {"secondary": 0.8911048798274309, "primary": 0.7367517945062939}}, "ACC|ACT": {"individual": [], "joint": {"secondary": 0.913210424412148, "primary": 1.003261926066576}}, "ACG|ACT": {"individual": [], "joint": {"secondary": 0.8468223400250227, "primary": 0.8027241241996224}}, "AGA|AGG": {"individual": [], "joint": {"secondary": 1.08918461987616, "primary": 0.9674333710324446}}, "AGA|CGA": {"individual": [], "joint": {"secondary": 1.057820018178987, "primary": 0.7411623386498858}}, "AGC|AGT": {"individual": [], "joint": {"secondary": 1.150772523123287, "primary": 0.9025489264127654}}, "AGG|CGG": {"individual": [], "joint": {"secondary": 0.9148196748083526, "primary": 0.9505046544048992}}, "ATA|ATC": {"individual": [], "joint": {"secondary": 0.833264517927023, "primary": 1.126201598886329}}, "ATA|ATT": {"individual": [], "joint": {"secondary": 1.239608965957879, "primary": 1.155681336225537}}, "ATC|ATT": {"individual": [], "joint": {"secondary": 0.9384063636459626, "primary": 0.8909310988222271}}, "CAA|CAG": {"individual": [], "joint": {"secondary": 0.8807039710997219, "primary": 0.8680577382462028}}, "CAC|CAT": {"individual": [], "joint": {"secondary": 0.9057186566296228, "primary": 0.9533148332023659}}, "CCA|CCC": {"individual": [], "joint": {"secondary": 0.9921489579524467, "primary": 0.923824618500635}}, "CCA|CCG": {"individual": [], "joint": {"secondary": 0.8939459414910729, "primary": 1.034550026424645}}, "CCA|CCT": {"individual": [], "joint": {"secondary": 0.8572711066834166, "primary": 0.253021291623333}}, "CCC|CCG": {"individual": [], "joint": {"secondary": 0.8582540230375088, "primary": 0.9211752701880391}}, "CCC|CCT": {"individual": [], "joint": {"secondary": 0.9915299480612172, "primary": 0.7189522510931117}}, "CCG|CCT": {"individual": [], "joint": {"secondary": 0.9858494168262417, "primary": 1.305194643097619}}, "CGA|CGC": {"individual": [], "joint": {"secondary": 1.308388649227336, "primary": 0.7205988073936435}}, "CGA|CGG": {"individual": [], "joint": {"secondary": 0.7908788620491356, "primary": 0.8318354474652242}}, "CGA|CGT": {"individual": [], "joint": {"secondary": 0.829373179959978, "primary": 1.367242301218772}}, "CGC|CGG": {"individual": [], "joint": {"secondary": 2.294114843314369, "primary": 1.983214056353139}}, "CGC|CGT": {"individual": [], "joint": {"secondary": 2.021471671187129, "primary": 2.388714847962448}}, "CGG|CGT": {"individual": [], "joint": {"secondary": 1.088306218726549, "primary": 1.224213112555247}}, "CTA|CTC": {"individual": [], "joint": {"secondary": 0.9107169855377719, "primary": 0.7832614099971793}}, "CTA|CTG": {"individual": [], "joint": {"secondary": 0.7784432912942066, "primary": 0.890088335684837}}, "CTA|CTT": {"individual": [], "joint": {"secondary": 0.9586636454392811, "primary": 0.8364242880992404}}, "CTA|TTA": {"individual": [], "joint": {"secondary": 1.153166695582125, "primary": 0.8145457987648835}}, "CTC|CTG": {"individual": [], "joint": {"secondary": 0.8820775319732395, "primary": 0.9980279057255832}}, "CTC|CTT": {"individual": [], "joint": {"secondary": 0.9456933737390284, "primary": 0.9473722281596123}}, "CTG|CTT": {"individual": [], "joint": {"secondary": 0.7545929407037235, "primary": 1.227490676149634}}, "CTG|TTG": {"individual": [], "joint": {"secondary": 0.9048563212783622, "primary": 1.04115632562222}}, "GAA|GAG": {"individual": [], "joint": {"secondary": 1.055253101170928, "primary": 0.9755168465897955}}, "GAC|GAT": {"individual": [], "joint": {"secondary": 0.9221287670437113, "primary": 1.071832100299993}}, "GCA|GCC": {"individual": [], "joint": {"secondary": 0.9461853891591699, "primary": 1.164075233052058}}, "GCA|GCG": {"individual": [], "joint": {"secondary": 0.9335547614208372, "primary": 1.025836072327099}}, "GCA|GCT": {"individual": [], "joint": {"secondary": 0.7304806233529395, "primary": 1.21285541111372}}, "GCC|GCG": {"individual": [], "joint": {"secondary": 0.9562247169234629, "primary": 0.9050400820884958}}, "GCC|GCT": {"individual": [], "joint": {"secondary": 0.9129620062612204, "primary": 0.86362986855763}}, "GCG|GCT": {"individual": [], "joint": {"secondary": 0.8007291326482568, "primary": 0.6643280839577573}}, "GGA|GGC": {"individual": [], "joint": {"secondary": 0.8591821297491663, "primary": 1.086288520474372}}, "GGA|GGG": {"individual": [], "joint": {"secondary": 0.9541123950083015, "primary": 0.9942086132044147}}, "GGA|GGT": {"individual": [], "joint": {"secondary": 0.9377524323802312, "primary": 0.5164790720286555}}, "GGC|GGG": {"individual": [], "joint": {"secondary": 0.9509650043221345, "primary": 0.9714979898379512}}, "GGC|GGT": {"individual": [], "joint": {"secondary": 1.012631662104009, "primary": 0.8144798852108446}}, "GGG|GGT": {"individual": [], "joint": {"secondary": 0.9708171884746151, "primary": 1.011217174845773}}, "GTA|GTC": {"individual": [], "joint": {"secondary": 0.8043078324542797, "primary": 0.9727452632302593}}, "GTA|GTG": {"individual": [], "joint": {"secondary": 0.927602015251444, "primary": 0.993974044512834}}, "GTA|GTT": {"individual": [], "joint": {"secondary": 0.8290247401527375, "primary": 0.6803647420897354}}, "GTC|GTG": {"individual": [], "joint": {"secondary": 0.8508680259411905, "primary": 1.056384660900321}}, "GTC|GTT": {"individual": [], "joint": {"secondary": 1.058236600125094, "primary": 1.137707297544454}}, "GTG|GTT": {"individual": [], "joint": {"secondary": 1.135585929661102, "primary": 0.7774833958502966}}, "TAC|TAT": {"individual": [], "joint": {"secondary": 1.125358850935132, "primary": 0.9787655026019063}}, "TCA|TCC": {"individual": [], "joint": {"secondary": 0.9751349500691543, "primary": 1.064654513359576}}, "TCA|TCG": {"individual": [], "joint": {"secondary": 2.05183756098261, "primary": 2.599476423307575}}, "TCA|TCT": {"individual": [], "joint": {"secondary": 1.035197700129945, "primary": 0.7363846873527448}}, "TCC|TCG": {"individual": [], "joint": {"secondary": 0.9076077553497913, "primary": 0.8296829260948383}}, "TCC|TCT": {"individual": [], "joint": {"secondary": 0.902970190522268, "primary": 1.145141575843178}}, "TCG|TCT": {"individual": [], "joint": {"secondary": 0.9716415053277688, "primary": 1.27323835088559}}, "TGC|TGT": {"individual": [], "joint": {"secondary": 0.8240889796355104, "primary": 0.9719820476764663}}, "TTA|TTG": {"individual": [], "joint": {"secondary": 0.8467641664128486, "primary": 0.9407086865842916}}, "TTC|TTT": {"individual": [], "joint": {"secondary": 0.9213374607886028, "primary": 0.8047595583426922}}, "model_mixture_p": 0.3119959414388342}