{"baseline-AICc": {"individual": [], "joint": 352471.9834082294}, "baseline-loglikelihood": {"individual": [], "joint": -172899.2907024355}, "joint-AICc": {"individual": [], "joint": 352158.6550348587}, "joint-loglikelihood": {"individual": [], "joint": -171842.9089242259}, "AAA|AAG": {"individual": [], "joint": {"secondary": 0.4605387854724685, "primary": 0.588419458068416}}, "AAC|AAT": {"individual": [], "joint": {"secondary": 0.4312558166784612, "primary": 0.4523248365981763}}, "ACA|ACC": {"individual": [], "joint": {"secondary": 0.5103589134998602, "primary": 0.2992107850890012}}, "ACA|ACG": {"individual": [], "joint": {"secondary": 0.6607121739875494, "primary": 0.4290327670467871}}, "ACA|ACT": {"individual": [], "joint": {"secondary": 0.4879885183796743, "primary": 0.3249460019292258}}, "ACC|ACG": {"individual": [], "joint": {"secondary": 0.3803411315060866, "primary": 0.3813929646620693}}, "ACC|ACT": {"individual": [], "joint": {"secondary": 0.4447034049823249, "primary": 0.2943212985811986}}, "ACG|ACT": {"individual": [], "joint": {"secondary": 0.5782060309643413, "primary": 0.4695513001505725}}, "AGA|AGG": {"individual": [], "joint": {"secondary": 0.4642748013805217, "primary": 0.5657257765476327}}, "AGA|CGA": {"individual": [], "joint": {"secondary": 0.5981700331451102, "primary": 0.2796788374721741}}, "AGC|AGT": {"individual": [], "joint": {"secondary": 0.5214121564662297, "primary": 0.4608711837600534}}, "AGG|CGG": {"individual": [], "joint": {"secondary": 1.19398726622614, "primary": 1.24047544596341}}, "ATA|ATC": {"individual": [], "joint": {"secondary": 0.3742099900978808, "primary": 0.4641568597776797}}, "ATA|ATT": {"individual": [], "joint": {"secondary": 0.5700111598441248, "primary": 0.268274935446955}}, "ATC|ATT": {"individual": [], "joint": {"secondary": 0.4921422870829351, "primary": 0.4826154253127635}}, "CAA|CAG": {"individual": [], "joint": {"secondary": 0.4441330883564039, "primary": 0.427161279174917}}, "CAC|CAT": {"individual": [], "joint": {"secondary": 0.4310924929154121, "primary": 0.3658383287454543}}, "CCA|CCC": {"individual": [], "joint": {"secondary": 1.142331325727232, "primary": 1.374877905136887}}, "CCA|CCG": {"individual": [], "joint": {"secondary": 1.127042951667589, "primary": 1.190842347284931}}, "CCA|CCT": {"individual": [], "joint": {"secondary": 1.393091785870255, "primary": 1.238617829731491}}, "CCC|CCG": {"individual": [], "joint": {"secondary": 0.9253773266762836, "primary": 1.109454800559002}}, "CCC|CCT": {"individual": [], "joint": {"secondary": 1.031914839048353, "primary": 1.324183446141289}}, "CCG|CCT": {"individual": [], "joint": {"secondary": 1.347176691132562, "primary": 0.9296385731594168}}, "CGA|CGC": {"individual": [], "joint": {"secondary": 1.082772110564341, "primary": 1.407538157506234}}, "CGA|CGG": {"individual": [], "joint": {"secondary": 1.291357732067949, "primary": 1.016145890878599}}, "CGA|CGT": {"individual": [], "joint": {"secondary": 0.711015982172923, "primary": 1.548649367387958}}, "CGC|CGG": {"individual": [], "joint": {"secondary": 1.114863180409303, "primary": 1.039825380355328}}, "CGC|CGT": {"individual": [], "joint": {"secondary": 1.245134386567095, "primary": 1.241382000644965}}, "CGG|CGT": {"individual": [], "joint": {"secondary": 1.133811094304328, "primary": 1.213152782402883}}, "CTA|CTC": {"individual": [], "joint": {"secondary": 1.384806708869544, "primary": 1.459822008803088}}, "CTA|CTG": {"individual": [], "joint": {"secondary": 1.202428888520776, "primary": 1.313701103650592}}, "CTA|CTT": {"individual": [], "joint": {"secondary": 1.165548450690058, "primary": 1.118913036647989}}, "CTA|TTA": {"individual": [], "joint": {"secondary": 1.019558707858911, "primary": 1.112223867745144}}, "CTC|CTG": {"individual": [], "joint": {"secondary": 1.088045900593917, "primary": 1.030130761629241}}, "CTC|CTT": {"individual": [], "joint": {"secondary": 1.217253446106983, "primary": 1.145575462725009}}, "CTG|CTT": {"individual": [], "joint": {"secondary": 0.9173624970670966, "primary": 0.9133351052948927}}, "CTG|TTG": {"individual": [], "joint": {"secondary": 1.447973368978142, "primary": 1.359982763271895}}, "GAA|GAG": {"individual": [], "joint": {"secondary": 1.274185888554971, "primary": 1.327178702575943}}, "GAC|GAT": {"individual": [], "joint": {"secondary": 1.177658903652383, "primary": 1.022600421196154}}, "GCA|GCC": {"individual": [], "joint": {"secondary": 1.161034278369456, "primary": 1.212353940637278}}, "GCA|GCG": {"individual": [], "joint": {"secondary": 1.430382447495024, "primary": 1.176814865785944}}, "GCA|GCT": {"individual": [], "joint": {"secondary": 0.699434556144253, "primary": 0.5202079902013389}}, "GCC|GCG": {"individual": [], "joint": {"secondary": 1.106080902566527, "primary": 1.187226436518057}}, "GCC|GCT": {"individual": [], "joint": {"secondary": 1.235181955961773, "primary": 1.418781421008821}}, "GCG|GCT": {"individual": [], "joint": {"secondary": 0.9785034701435181, "primary": 1.005467178700087}}, "GGA|GGC": {"individual": [], "joint": {"secondary": 1.011370644883329, "primary": 0.960313898769582}}, "GGA|GGG": {"individual": [], "joint": {"secondary": 1.123137351360141, "primary": 1.280341680861129}}, "GGA|GGT": {"individual": [], "joint": {"secondary": 1.499144949525484, "primary": 0.9970470350149149}}, "GGC|GGG": {"individual": [], "joint": {"secondary": 1.217915397474264, "primary": 1.335824444962124}}, "GGC|GGT": {"individual": [], "joint": {"secondary": 1.104630302365122, "primary": 1.125004199940569}}, "GGG|GGT": {"individual": [], "joint": {"secondary": 0.9963112569169804, "primary": 1.116823394818584}}, "GTA|GTC": {"individual": [], "joint": {"secondary": 1.162078344403581, "primary": 1.328391606462304}}, "GTA|GTG": {"individual": [], "joint": {"secondary": 1.31655463303873, "primary": 1.180810213446194}}, "GTA|GTT": {"individual": [], "joint": {"secondary": 1.28274084488399, "primary": 1.147850144255385}}, "GTC|GTG": {"individual": [], "joint": {"secondary": 1.188791921610794, "primary": 1.112483648595148}}, "GTC|GTT": {"individual": [], "joint": {"secondary": 1.20305916811473, "primary": 1.327742205501317}}, "GTG|GTT": {"individual": [], "joint": {"secondary": 1.012557665222982, "primary": 1.325178944553932}}, "TAC|TAT": {"individual": [], "joint": {"secondary": 1.101950041322278, "primary": 1.235014071598226}}, "TCA|TCC": {"individual": [], "joint": {"secondary": 1.224329711422411, "primary": 1.474974721800514}}, "TCA|TCG": {"individual": [], "joint": {"secondary": 1.140158000226381, "primary": 1.462091130228915}}, "TCA|TCT": {"individual": [], "joint": {"secondary": 1.756605107163247, "primary": 1.054338666061199}}, "TCC|TCG": {"individual": [], "joint": {"secondary": 1.051185232562414, "primary": 1.066758728610054}}, "TCC|TCT": {"individual": [], "joint": {"secondary": 1.057565920495227, "primary": 1.096818461375699}}, "TCG|TCT": {"individual": [], "joint": {"secondary": 0.8228486686813963, "primary": 1.031343516468964}}, "TGC|TGT": {"individual": [], "joint": {"secondary": 1.16961280758187, "primary": 1.168492368529869}}, "TTA|TTG": {"individual": [], "joint": {"secondary": 1.161984438505637, "primary": 1.107762213755532}}, "TTC|TTT": {"individual": [], "joint": {"secondary": 1.300599763471928, "primary": 1.311973672482887}}, "model_mixture_p": 0.4375085911232506}