{"baseline-AICc": {"individual": [], "joint": 441518.8661250293}, "baseline-loglikelihood": {"individual": [], "joint": -216510.4565674557}, "joint-AICc": {"individual": [], "joint": 441188.1127692231}, "joint-loglikelihood": {"individual": [], "joint": -215404.2350942181}, "AAA|AAG": {"individual": [], "joint": {"secondary": 0.8622693622310962, "primary": 0.8652116737265424}}, "AAC|AAT": {"individual": [], "joint": {"secondary": 0.8636333593579604, "primary": 0.6725303081883148}}, "ACA|ACC": {"individual": [], "joint": {"secondary": 0.8784477107505296, "primary": 0.6977160926480962}}, "ACA|ACG": {"individual": [], "joint": {"secondary": 0.7757898905710939, "primary": 0.7031443091980532}}, "ACA|ACT": {"individual": [], "joint": {"secondary": 1.006788398495444, "primary": 0.4808869252126628}}, "ACC|ACG": {"individual": [], "joint": {"secondary": 0.8689984959742519, "primary": 0.6380439721719773}}, "ACC|ACT": {"individual": [], "joint": {"secondary": 0.9935950961393611, "primary": 0.8076310868062714}}, "ACG|ACT": {"individual": [], "joint": {"secondary": 0.7998201955598904, "primary": 0.7437907618270144}}, "AGA|AGG": {"individual": [], "joint": {"secondary": 0.8912730802622937, "primary": 0.7400000167350385}}, "AGA|CGA": {"individual": [], "joint": {"secondary": 0.7624071096040955, "primary": 0.6984905050166303}}, "AGC|AGT": {"individual": [], "joint": {"secondary": 0.9644618783930721, "primary": 0.8620780051612545}}, "AGG|CGG": {"individual": [], "joint": {"secondary": 0.9663162793202149, "primary": 0.7035390064051734}}, "ATA|ATC": {"individual": [], "joint": {"secondary": 0.9056859956766562, "primary": 0.6960440505970891}}, "ATA|ATT": {"individual": [], "joint": {"secondary": 0.8399599329774249, "primary": 0.6676499006772598}}, "ATC|ATT": {"individual": [], "joint": {"secondary": 0.9316373606134405, "primary": 0.7973114995736713}}, "CAA|CAG": {"individual": [], "joint": {"secondary": 0.7743513151571146, "primary": 0.7550476465109248}}, "CAC|CAT": {"individual": [], "joint": {"secondary": 0.7863645829356135, "primary": 0.7155686106402374}}, "CCA|CCC": {"individual": [], "joint": {"secondary": 0.8907211319703817, "primary": 0.7495450684189023}}, "CCA|CCG": {"individual": [], "joint": {"secondary": 0.8047848147993976, "primary": 0.8391107691197117}}, "CCA|CCT": {"individual": [], "joint": {"secondary": 0.876205663799952, "primary": 0.8355354780985226}}, "CCC|CCG": {"individual": [], "joint": {"secondary": 0.9106914365513772, "primary": 0.7000516421212218}}, "CCC|CCT": {"individual": [], "joint": {"secondary": 0.9672013021828064, "primary": 0.6598870341377876}}, "CCG|CCT": {"individual": [], "joint": {"secondary": 0.8105501370292747, "primary": 0.5283015461326445}}, "CGA|CGC": {"individual": [], "joint": {"secondary": 0.9018683773245101, "primary": 0.4576218556784443}}, "CGA|CGG": {"individual": [], "joint": {"secondary": 0.8763324026140775, "primary": 0.7947844474749424}}, "CGA|CGT": {"individual": [], "joint": {"secondary": 0.9033976354443642, "primary": 0.729002911913192}}, "CGC|CGG": {"individual": [], "joint": {"secondary": 2.186963667599815, "primary": 1.947886128061408}}, "CGC|CGT": {"individual": [], "joint": {"secondary": 2.46066468898682, "primary": 1.999023125840711}}, "CGG|CGT": {"individual": [], "joint": {"secondary": 0.7424642657692992, "primary": 0.4072390305336901}}, "CTA|CTC": {"individual": [], "joint": {"secondary": 0.9992094919028021, "primary": 0.656594872870892}}, "CTA|CTG": {"individual": [], "joint": {"secondary": 0.867423974507159, "primary": 0.8746671068539943}}, "CTA|CTT": {"individual": [], "joint": {"secondary": 0.8764367395007289, "primary": 0.652054251102575}}, "CTA|TTA": {"individual": [], "joint": {"secondary": 0.962074227745376, "primary": 0.6502175454546321}}, "CTC|CTG": {"individual": [], "joint": {"secondary": 0.853430566677092, "primary": 0.6257276620281942}}, "CTC|CTT": {"individual": [], "joint": {"secondary": 0.9030631312471505, "primary": 0.7617991182152831}}, "CTG|CTT": {"individual": [], "joint": {"secondary": 1.042131416179032, "primary": 0.7074930828335285}}, "CTG|TTG": {"individual": [], "joint": {"secondary": 0.8156464464541945, "primary": 0.678860770305411}}, "GAA|GAG": {"individual": [], "joint": {"secondary": 0.8535045070026908, "primary": 0.7187213505956438}}, "GAC|GAT": {"individual": [], "joint": {"secondary": 0.9493325435667549, "primary": 0.7753545583929904}}, "GCA|GCC": {"individual": [], "joint": {"secondary": 0.8710304045659242, "primary": 0.8730106015973821}}, "GCA|GCG": {"individual": [], "joint": {"secondary": 0.8940318572918876, "primary": 0.8048247477299523}}, "GCA|GCT": {"individual": [], "joint": {"secondary": 0.869956740875156, "primary": 0.73599645924497}}, "GCC|GCG": {"individual": [], "joint": {"secondary": 0.8693314677800256, "primary": 0.6251395527992764}}, "GCC|GCT": {"individual": [], "joint": {"secondary": 0.9073226987784355, "primary": 0.762480636547713}}, "GCG|GCT": {"individual": [], "joint": {"secondary": 0.8461050501812473, "primary": 0.6738137691618641}}, "GGA|GGC": {"individual": [], "joint": {"secondary": 0.7256593415336562, "primary": 0.8798504708262911}}, "GGA|GGG": {"individual": [], "joint": {"secondary": 0.9663132806557441, "primary": 0.7826974125868488}}, "GGA|GGT": {"individual": [], "joint": {"secondary": 0.860807647113127, "primary": 0.9707689642803848}}, "GGC|GGG": {"individual": [], "joint": {"secondary": 0.8867642220652759, "primary": 0.7242768697584079}}, "GGC|GGT": {"individual": [], "joint": {"secondary": 0.8573264646943718, "primary": 1.803689252569752}}, "GGG|GGT": {"individual": [], "joint": {"secondary": 1.925752676971737, "primary": 1.679115098735415}}, "GTA|GTC": {"individual": [], "joint": {"secondary": 0.8874194107836246, "primary": 2.010421326282474}}, "GTA|GTG": {"individual": [], "joint": {"secondary": 2.093664293302395, "primary": 1.934903885502822}}, "GTA|GTT": {"individual": [], "joint": {"secondary": 1.007937540528224, "primary": 1.605045702559219}}, "GTC|GTG": {"individual": [], "joint": {"secondary": 0.8897247515982575, "primary": 1.747923217246339}}, "GTC|GTT": {"individual": [], "joint": {"secondary": 0.8801915063504755, "primary": 1.753372020604631}}, "GTG|GTT": {"individual": [], "joint": {"secondary": 0.851682531275996, "primary": 0.8658152908432087}}, "TAC|TAT": {"individual": [], "joint": {"secondary": 0.8585306914062395, "primary": 0.7775921251529083}}, "TCA|TCC": {"individual": [], "joint": {"secondary": 2.346402515749808, "primary": 2.387905409098468}}, "TCA|TCG": {"individual": [], "joint": {"secondary": 2.052978772683408, "primary": 2.185124540922487}}, "TCA|TCT": {"individual": [], "joint": {"secondary": 0.9121094782405507, "primary": 2.090871401604788}}, "TCC|TCG": {"individual": [], "joint": {"secondary": 0.8624144690787389, "primary": 1.772143414103315}}, "TCC|TCT": {"individual": [], "joint": {"secondary": 0.834147138338884, "primary": 1.865684205082465}}, "TCG|TCT": {"individual": [], "joint": {"secondary": 0.9331653853594435, "primary": 1.28843782368757}}, "TGC|TGT": {"individual": [], "joint": {"secondary": 0.9628177326529685, "primary": 1.980081040718537}}, "TTA|TTG": {"individual": [], "joint": {"secondary": 0.8298642571377162, "primary": 0.7299650142141342}}, "TTC|TTT": {"individual": [], "joint": {"secondary": 0.9906490601320687, "primary": 0.6948860192578201}}, "model_mixture_p": 0.4000075760752813}