{"baseline-AICc": {"individual": [], "joint": 440753.536561983}, "baseline-loglikelihood": {"individual": [], "joint": -216127.7917859325}, "joint-AICc": {"individual": [], "joint": 440758.5760607389}, "joint-loglikelihood": {"individual": [], "joint": -215189.466739976}, "AAA|AAG": {"individual": [], "joint": {"secondary": 0.8649638618384283, "primary": 0.8143768714789029}}, "AAC|AAT": {"individual": [], "joint": {"secondary": 0.9423644158013242, "primary": 0.6669370806489929}}, "ACA|ACC": {"individual": [], "joint": {"secondary": 0.8403227798207038, "primary": 0.6230114138065221}}, "ACA|ACG": {"individual": [], "joint": {"secondary": 0.818619302629187, "primary": 0.7635791560373407}}, "ACA|ACT": {"individual": [], "joint": {"secondary": 0.9535161518410729, "primary": 0.6432953604771006}}, "ACC|ACG": {"individual": [], "joint": {"secondary": 0.897019661875968, "primary": 0.7489427480296034}}, "ACC|ACT": {"individual": [], "joint": {"secondary": 0.9975166937768799, "primary": 0.6493292557271518}}, "ACG|ACT": {"individual": [], "joint": {"secondary": 0.7988791154497689, "primary": 0.8748272726438888}}, "AGA|AGG": {"individual": [], "joint": {"secondary": 0.8609088771535428, "primary": 0.7778241574444094}}, "AGA|CGA": {"individual": [], "joint": {"secondary": 0.7085063387409496, "primary": 0.8549144871432622}}, "AGC|AGT": {"individual": [], "joint": {"secondary": 0.9168906176531503, "primary": 0.7734309346719616}}, "AGG|CGG": {"individual": [], "joint": {"secondary": 0.9621060373467003, "primary": 0.7986469013037417}}, "ATA|ATC": {"individual": [], "joint": {"secondary": 0.8850487604248602, "primary": 0.7329962309648518}}, "ATA|ATT": {"individual": [], "joint": {"secondary": 0.8808891642497403, "primary": 1.044615272108675}}, "ATC|ATT": {"individual": [], "joint": {"secondary": 0.9295323041450747, "primary": 0.568615475867928}}, "CAA|CAG": {"individual": [], "joint": {"secondary": 0.8125841454513414, "primary": 0.9582418505027843}}, "CAC|CAT": {"individual": [], "joint": {"secondary": 0.8925845778072546, "primary": 0.602597000839187}}, "CCA|CCC": {"individual": [], "joint": {"secondary": 0.8138362687018719, "primary": 0.8527395826407939}}, "CCA|CCG": {"individual": [], "joint": {"secondary": 0.8038340667281554, "primary": 0.743563931851805}}, "CCA|CCT": {"individual": [], "joint": {"secondary": 0.8301353328469395, "primary": 0.7577766422545494}}, "CCC|CCG": {"individual": [], "joint": {"secondary": 0.879187380187298, "primary": 0.584454469301676}}, "CCC|CCT": {"individual": [], "joint": {"secondary": 0.9593803057000229, "primary": 0.5494221037243054}}, "CCG|CCT": {"individual": [], "joint": {"secondary": 1.047886998483241, "primary": 0.6226315009848984}}, "CGA|CGC": {"individual": [], "joint": {"secondary": 0.8470316712987657, "primary": 0.632153714034184}}, "CGA|CGG": {"individual": [], "joint": {"secondary": 0.8844325559934697, "primary": 0.751254177226883}}, "CGA|CGT": {"individual": [], "joint": {"secondary": 0.739392248874422, "primary": 0.3914410840655584}}, "CGC|CGG": {"individual": [], "joint": {"secondary": 2.286513725791981, "primary": 1.567238464706229}}, "CGC|CGT": {"individual": [], "joint": {"secondary": 2.17769815390645, "primary": 2.349517998412916}}, "CGG|CGT": {"individual": [], "joint": {"secondary": 1.121414303496231, "primary": 0.5266963870110958}}, "CTA|CTC": {"individual": [], "joint": {"secondary": 0.9278387548427002, "primary": 0.6893202923589012}}, "CTA|CTG": {"individual": [], "joint": {"secondary": 0.8437814684473536, "primary": 0.8185462081694641}}, "CTA|CTT": {"individual": [], "joint": {"secondary": 0.7723645993700624, "primary": 0.6290476830574129}}, "CTA|TTA": {"individual": [], "joint": {"secondary": 0.9367533254761659, "primary": 0.7806167107504695}}, "CTC|CTG": {"individual": [], "joint": {"secondary": 0.9156215379809242, "primary": 0.6937187582159738}}, "CTC|CTT": {"individual": [], "joint": {"secondary": 1.01155604701752, "primary": 0.648477052620988}}, "CTG|CTT": {"individual": [], "joint": {"secondary": 0.8675160605058043, "primary": 0.9029461866904785}}, "CTG|TTG": {"individual": [], "joint": {"secondary": 0.9509092110018013, "primary": 0.8990695560674835}}, "GAA|GAG": {"individual": [], "joint": {"secondary": 0.8420558171948964, "primary": 0.7508424392599529}}, "GAC|GAT": {"individual": [], "joint": {"secondary": 0.8862102841696101, "primary": 0.809464573334352}}, "GCA|GCC": {"individual": [], "joint": {"secondary": 0.9190272256853169, "primary": 0.6393314467099529}}, "GCA|GCG": {"individual": [], "joint": {"secondary": 0.8217658661554893, "primary": 0.882521429055649}}, "GCA|GCT": {"individual": [], "joint": {"secondary": 0.8740459070247679, "primary": 0.6540912618324557}}, "GCC|GCG": {"individual": [], "joint": {"secondary": 0.9411076903949062, "primary": 0.6439420345765515}}, "GCC|GCT": {"individual": [], "joint": {"secondary": 0.85776505467414, "primary": 0.6960909869078039}}, "GCG|GCT": {"individual": [], "joint": {"secondary": 0.7135306035248212, "primary": 0.5962186254890267}}, "GGA|GGC": {"individual": [], "joint": {"secondary": 0.8487805414295696, "primary": 0.7025724713461838}}, "GGA|GGG": {"individual": [], "joint": {"secondary": 0.9255726378360687, "primary": 0.7746007474550566}}, "GGA|GGT": {"individual": [], "joint": {"secondary": 0.6235920648445998, "primary": 0.6394196209757491}}, "GGC|GGG": {"individual": [], "joint": {"secondary": 0.7950753308645998, "primary": 0.7331637486639934}}, "GGC|GGT": {"individual": [], "joint": {"secondary": 0.8912782895986278, "primary": 1.717285495138045}}, "GGG|GGT": {"individual": [], "joint": {"secondary": 2.085030275901771, "primary": 1.33280329848614}}, "GTA|GTC": {"individual": [], "joint": {"secondary": 0.9621016657134993, "primary": 2.146884919245989}}, "GTA|GTG": {"individual": [], "joint": {"secondary": 2.059643370454191, "primary": 1.889235034054575}}, "GTA|GTT": {"individual": [], "joint": {"secondary": 0.778982399679535, "primary": 2.524861780391831}}, "GTC|GTG": {"individual": [], "joint": {"secondary": 0.8617149999388771, "primary": 1.62965700271011}}, "GTC|GTT": {"individual": [], "joint": {"secondary": 0.9361408472681622, "primary": 2.029323451579987}}, "GTG|GTT": {"individual": [], "joint": {"secondary": 1.001135269565417, "primary": 0.6709206280770134}}, "TAC|TAT": {"individual": [], "joint": {"secondary": 0.9796325417903315, "primary": 0.9052187686209892}}, "TCA|TCC": {"individual": [], "joint": {"secondary": 2.420424843695536, "primary": 1.82160215065983}}, "TCA|TCG": {"individual": [], "joint": {"secondary": 2.086954591313316, "primary": 1.925966140385429}}, "TCA|TCT": {"individual": [], "joint": {"secondary": 0.925320450903051, "primary": 1.891827044962126}}, "TCC|TCG": {"individual": [], "joint": {"secondary": 0.8897204794007151, "primary": 1.825693555734053}}, "TCC|TCT": {"individual": [], "joint": {"secondary": 0.9755589189398965, "primary": 2.191488683355801}}, "TCG|TCT": {"individual": [], "joint": {"secondary": 0.8200644631410173, "primary": 1.387278093981854}}, "TGC|TGT": {"individual": [], "joint": {"secondary": 0.90583740651016, "primary": 1.824329332432282}}, "TTA|TTG": {"individual": [], "joint": {"secondary": 0.7842088870845578, "primary": 0.764825517799217}}, "TTC|TTT": {"individual": [], "joint": {"secondary": 1.008384452645429, "primary": 0.7117257429356331}}, "model_mixture_p": 0.2499291583381124}