{"baseline-AICc": {"individual": [], "joint": 420384.1592248704}, "baseline-loglikelihood": {"individual": [], "joint": -205955.8982758831}, "joint-AICc": {"individual": [], "joint": 419306.2375161419}, "joint-loglikelihood": {"individual": [], "joint": -204478.9258398537}, "AAA|AAG": {"individual": [], "joint": {"secondary": 1.119664294243133, "primary": 0.8019801076524372}}, "AAC|AAT": {"individual": [], "joint": {"secondary": 0.9212228076430898, "primary": 0.7936469928479641}}, "ACA|ACC": {"individual": [], "joint": {"secondary": 1.484673362249445, "primary": 0.8339900495421224}}, "ACA|ACG": {"individual": [], "joint": {"secondary": 0.7526176883256952, "primary": 0.7069854684176193}}, "ACA|ACT": {"individual": [], "joint": {"secondary": 0.6339598703816708, "primary": 0.7550835809655307}}, "ACC|ACG": {"individual": [], "joint": {"secondary": 0.9389190886260779, "primary": 0.6854782420975061}}, "ACC|ACT": {"individual": [], "joint": {"secondary": 1.126509406734895, "primary": 0.7356755219969515}}, "ACG|ACT": {"individual": [], "joint": {"secondary": 0.6346997115681823, "primary": 0.7792800245532072}}, "AGA|AGG": {"individual": [], "joint": {"secondary": 1.159538575906285, "primary": 0.7906616024514523}}, "AGA|CGA": {"individual": [], "joint": {"secondary": 0.6633193191908289, "primary": 0.6831372531287767}}, "AGC|AGT": {"individual": [], "joint": {"secondary": 1.538397902687986, "primary": 0.7037681793781667}}, "AGG|CGG": {"individual": [], "joint": {"secondary": 1.011133576956506, "primary": 0.7460356090974822}}, "ATA|ATC": {"individual": [], "joint": {"secondary": 0.8751075496855459, "primary": 0.7410730612194448}}, "ATA|ATT": {"individual": [], "joint": {"secondary": 0.9172074994208269, "primary": 0.6964908062406187}}, "ATC|ATT": {"individual": [], "joint": {"secondary": 1.125029433810493, "primary": 0.7064513550657566}}, "CAA|CAG": {"individual": [], "joint": {"secondary": 0.7395338224121878, "primary": 0.811762409314078}}, "CAC|CAT": {"individual": [], "joint": {"secondary": 0.6944875277121434, "primary": 0.7946178485577859}}, "CCA|CCC": {"individual": [], "joint": {"secondary": 1.129901888672916, "primary": 0.7484727591428546}}, "CCA|CCG": {"individual": [], "joint": {"secondary": 0.7481064196071446, "primary": 0.7500675745150923}}, "CCA|CCT": {"individual": [], "joint": {"secondary": 0.3755052663383456, "primary": 0.6811296250354771}}, "CCC|CCG": {"individual": [], "joint": {"secondary": 1.253234757672392, "primary": 0.6704916799613974}}, "CCC|CCT": {"individual": [], "joint": {"secondary": 0.8145132377180717, "primary": 0.8094734116439547}}, "CCG|CCT": {"individual": [], "joint": {"secondary": 1.505178808991204, "primary": 0.6315728359844419}}, "CGA|CGC": {"individual": [], "joint": {"secondary": 1.777829466254735, "primary": 0.7677683980857779}}, "CGA|CGG": {"individual": [], "joint": {"secondary": 0.8370920610443414, "primary": 0.7493385574348728}}, "CGA|CGT": {"individual": [], "joint": {"secondary": 0.8298652099944182, "primary": 0.6288541603866035}}, "CGC|CGG": {"individual": [], "joint": {"secondary": 1.048661421187448, "primary": 1.783278781408516}}, "CGC|CGT": {"individual": [], "joint": {"secondary": 1.041149167859286, "primary": 1.883657131014141}}, "CGG|CGT": {"individual": [], "joint": {"secondary": 1.431728964362532, "primary": 0.5666467027067318}}, "CTA|CTC": {"individual": [], "joint": {"secondary": 0.6956431587462939, "primary": 0.7439966438227447}}, "CTA|CTG": {"individual": [], "joint": {"secondary": 1.015755582972669, "primary": 0.7832272673077686}}, "CTA|CTT": {"individual": [], "joint": {"secondary": 2.094020132066536, "primary": 0.683387598193082}}, "CTA|TTA": {"individual": [], "joint": {"secondary": 0.9115672282705524, "primary": 0.7511247464259715}}, "CTC|CTG": {"individual": [], "joint": {"secondary": 0.7516696877148813, "primary": 0.6457314191168463}}, "CTC|CTT": {"individual": [], "joint": {"secondary": 0.888505451582973, "primary": 0.7846492206697026}}, "CTG|CTT": {"individual": [], "joint": {"secondary": 1.047745213992005, "primary": 0.6586621287336503}}, "CTG|TTG": {"individual": [], "joint": {"secondary": 0.8870311012696944, "primary": 0.7848001976815042}}, "GAA|GAG": {"individual": [], "joint": {"secondary": 0.8563035481576807, "primary": 0.8002695709700928}}, "GAC|GAT": {"individual": [], "joint": {"secondary": 1.078540763219574, "primary": 0.7238464554612561}}, "GCA|GCC": {"individual": [], "joint": {"secondary": 1.133754541146438, "primary": 0.7791142299897096}}, "GCA|GCG": {"individual": [], "joint": {"secondary": 1.553384446457009, "primary": 0.8516790058312413}}, "GCA|GCT": {"individual": [], "joint": {"secondary": 0.9766745999394922, "primary": 0.5385009771795713}}, "GCC|GCG": {"individual": [], "joint": {"secondary": 0.977829127087999, "primary": 0.6765545087189399}}, "GCC|GCT": {"individual": [], "joint": {"secondary": 1.260246820366123, "primary": 0.7843322565769683}}, "GCG|GCT": {"individual": [], "joint": {"secondary": 0.9316609459483276, "primary": 0.6914226973211416}}, "GGA|GGC": {"individual": [], "joint": {"secondary": 1.149048281185197, "primary": 0.6816086693616308}}, "GGA|GGG": {"individual": [], "joint": {"secondary": 1.171692471471587, "primary": 0.7276570092784173}}, "GGA|GGT": {"individual": [], "joint": {"secondary": 0.4557741545560189, "primary": 0.8521634084860547}}, "GGC|GGG": {"individual": [], "joint": {"secondary": 1.128993155790427, "primary": 0.6661680311188162}}, "GGC|GGT": {"individual": [], "joint": {"secondary": 0.8935602983297944, "primary": 1.847623207094751}}, "GGG|GGT": {"individual": [], "joint": {"secondary": 0.5245660531706561, "primary": 1.739721738850186}}, "GTA|GTC": {"individual": [], "joint": {"secondary": 0.7132662256440858, "primary": 2.042321948533432}}, "GTA|GTG": {"individual": [], "joint": {"secondary": 0.7703300293667018, "primary": 2.002726832210999}}, "GTA|GTT": {"individual": [], "joint": {"secondary": 1.505453541765188, "primary": 1.892875380691513}}, "GTC|GTG": {"individual": [], "joint": {"secondary": 1.067568326989818, "primary": 1.721739572180535}}, "GTC|GTT": {"individual": [], "joint": {"secondary": 0.8675944211976504, "primary": 1.995003043769878}}, "GTG|GTT": {"individual": [], "joint": {"secondary": 1.101633753530996, "primary": 0.8185283430028845}}, "TAC|TAT": {"individual": [], "joint": {"secondary": 0.8517935965954915, "primary": 0.6809709876376645}}, "TCA|TCC": {"individual": [], "joint": {"secondary": 1.393444101004163, "primary": 1.709098264192759}}, "TCA|TCG": {"individual": [], "joint": {"secondary": 0.6937605783390716, "primary": 1.922751357299311}}, "TCA|TCT": {"individual": [], "joint": {"secondary": 1.610712938709343, "primary": 1.717900752472063}}, "TCC|TCG": {"individual": [], "joint": {"secondary": 0.9530829790350833, "primary": 1.829961058138624}}, "TCC|TCT": {"individual": [], "joint": {"secondary": 0.8115768925071158, "primary": 1.903991106184974}}, "TCG|TCT": {"individual": [], "joint": {"secondary": 0.6090798484823184, "primary": 1.820199275309023}}, "TGC|TGT": {"individual": [], "joint": {"secondary": 0.8369168048943869, "primary": 1.776370393554605}}, "TTA|TTG": {"individual": [], "joint": {"secondary": 0.7129436134170113, "primary": 0.815570814757893}}, "TTC|TTT": {"individual": [], "joint": {"secondary": 0.9880874778218228, "primary": 0.716880152027028}}, "model_mixture_p": 0.8999999467874875}