{"baseline-AICc": {"individual": [], "joint": 373440.4982637292}, "baseline-loglikelihood": {"individual": [], "joint": -182501.5547937633}, "joint-AICc": {"individual": [], "joint": 373159.5342327003}, "joint-loglikelihood": {"individual": [], "joint": -181432.2409282408}, "AAA|AAG": {"individual": [], "joint": {"secondary": 1.13380513680111, "primary": 0.796652104235754}}, "AAC|AAT": {"individual": [], "joint": {"secondary": 1.104821018392309, "primary": 0.6582684323363909}}, "ACA|ACC": {"individual": [], "joint": {"secondary": 0.7010828824468488, "primary": 0.7687614229158273}}, "ACA|ACG": {"individual": [], "joint": {"secondary": 0.9360945579108533, "primary": 0.8343509455628609}}, "ACA|ACT": {"individual": [], "joint": {"secondary": 0.9429151992625664, "primary": 0.4447426039411133}}, "ACC|ACG": {"individual": [], "joint": {"secondary": 1.231941427557177, "primary": 0.7031680030307098}}, "ACC|ACT": {"individual": [], "joint": {"secondary": 1.110117962506012, "primary": 0.7979828230972658}}, "ACG|ACT": {"individual": [], "joint": {"secondary": 1.020121006797681, "primary": 0.6642187295864653}}, "AGA|AGG": {"individual": [], "joint": {"secondary": 1.256844068700708, "primary": 0.7849398729361642}}, "AGA|CGA": {"individual": [], "joint": {"secondary": 1.062719655728714, "primary": 0.9408929508392604}}, "AGC|AGT": {"individual": [], "joint": {"secondary": 0.9361399644375936, "primary": 0.6540989925784527}}, "AGG|CGG": {"individual": [], "joint": {"secondary": 1.167413555772911, "primary": 0.802125559722279}}, "ATA|ATC": {"individual": [], "joint": {"secondary": 1.056290866269394, "primary": 0.6818755427478327}}, "ATA|ATT": {"individual": [], "joint": {"secondary": 0.9683796180047269, "primary": 0.6895916062306174}}, "ATC|ATT": {"individual": [], "joint": {"secondary": 0.88900620432622, "primary": 0.754554191066834}}, "CAA|CAG": {"individual": [], "joint": {"secondary": 1.001169069246337, "primary": 0.758871587956214}}, "CAC|CAT": {"individual": [], "joint": {"secondary": 0.9510827957355027, "primary": 0.7581764489016295}}, "CCA|CCC": {"individual": [], "joint": {"secondary": 1.313540591165452, "primary": 0.6152955269740263}}, "CCA|CCG": {"individual": [], "joint": {"secondary": 0.9937305047750765, "primary": 0.8686958819144166}}, "CCA|CCT": {"individual": [], "joint": {"secondary": 0.7792258556095646, "primary": 0.736006058452679}}, "CCC|CCG": {"individual": [], "joint": {"secondary": 0.972616965674278, "primary": 0.6927190408777918}}, "CCC|CCT": {"individual": [], "joint": {"secondary": 1.057779975957819, "primary": 0.6628491019246767}}, "CCG|CCT": {"individual": [], "joint": {"secondary": 1.001994906463358, "primary": 0.7880538124198229}}, "CGA|CGC": {"individual": [], "joint": {"secondary": 0.8290359047183388, "primary": 0.7932342106366999}}, "CGA|CGG": {"individual": [], "joint": {"secondary": 0.8135653254360111, "primary": 0.7886634097292177}}, "CGA|CGT": {"individual": [], "joint": {"secondary": 0.5129580742838824, "primary": 0.3564622631644463}}, "CGC|CGG": {"individual": [], "joint": {"secondary": 1.284274388841183, "primary": 1.472409382177261}}, "CGC|CGT": {"individual": [], "joint": {"secondary": 1.079206442238184, "primary": 1.845099318158695}}, "CGG|CGT": {"individual": [], "joint": {"secondary": 1.115926030753324, "primary": 0.934712728938852}}, "CTA|CTC": {"individual": [], "joint": {"secondary": 0.9390646404804808, "primary": 0.7094852745165169}}, "CTA|CTG": {"individual": [], "joint": {"secondary": 0.9725455580261941, "primary": 0.8149740226854352}}, "CTA|CTT": {"individual": [], "joint": {"secondary": 1.111665862551882, "primary": 0.5628628700042908}}, "CTA|TTA": {"individual": [], "joint": {"secondary": 1.057711205261749, "primary": 0.8714008660833561}}, "CTC|CTG": {"individual": [], "joint": {"secondary": 0.9214105996426852, "primary": 0.6826216615587687}}, "CTC|CTT": {"individual": [], "joint": {"secondary": 0.9252652683783339, "primary": 0.7990265178786249}}, "CTG|CTT": {"individual": [], "joint": {"secondary": 0.8289045177985436, "primary": 0.6305052890735569}}, "CTG|TTG": {"individual": [], "joint": {"secondary": 0.9548531844568839, "primary": 0.702104484314679}}, "GAA|GAG": {"individual": [], "joint": {"secondary": 0.9827227484768812, "primary": 0.7428159166752751}}, "GAC|GAT": {"individual": [], "joint": {"secondary": 1.012047148526035, "primary": 0.7128813118876999}}, "GCA|GCC": {"individual": [], "joint": {"secondary": 0.6519927620277576, "primary": 0.7309930701036665}}, "GCA|GCG": {"individual": [], "joint": {"secondary": 1.038429458223981, "primary": 0.8385938317745886}}, "GCA|GCT": {"individual": [], "joint": {"secondary": 0.9672169763037907, "primary": 0.929814426152254}}, "GCC|GCG": {"individual": [], "joint": {"secondary": 1.168636875415789, "primary": 0.7218956416808998}}, "GCC|GCT": {"individual": [], "joint": {"secondary": 0.804524052192026, "primary": 0.6731974739273435}}, "GCG|GCT": {"individual": [], "joint": {"secondary": 0.8256551811912453, "primary": 0.5892137058564794}}, "GGA|GGC": {"individual": [], "joint": {"secondary": 0.7394395872111268, "primary": 0.6844901545856095}}, "GGA|GGG": {"individual": [], "joint": {"secondary": 0.9948334320860993, "primary": 0.6906485679125169}}, "GGA|GGT": {"individual": [], "joint": {"secondary": 1.243365376875671, "primary": 0.6676924146419111}}, "GGC|GGG": {"individual": [], "joint": {"secondary": 0.8409093412937868, "primary": 0.7180988477168291}}, "GGC|GGT": {"individual": [], "joint": {"secondary": 0.9944508018022583, "primary": 2.249162981975234}}, "GGG|GGT": {"individual": [], "joint": {"secondary": 1.141613224266129, "primary": 1.70287017266748}}, "GTA|GTC": {"individual": [], "joint": {"secondary": 0.9263780239392558, "primary": 2.098675187301587}}, "GTA|GTG": {"individual": [], "joint": {"secondary": 1.090441155132081, "primary": 2.190240734703733}}, "GTA|GTT": {"individual": [], "joint": {"secondary": 1.183968163112274, "primary": 1.960503211609479}}, "GTC|GTG": {"individual": [], "joint": {"secondary": 0.9422228085322708, "primary": 1.807876681970181}}, "GTC|GTT": {"individual": [], "joint": {"secondary": 1.006330890933806, "primary": 2.053912413277753}}, "GTG|GTT": {"individual": [], "joint": {"secondary": 0.9153791919485205, "primary": 0.6053050587618687}}, "TAC|TAT": {"individual": [], "joint": {"secondary": 0.8954952319069428, "primary": 0.7628554075864655}}, "TCA|TCC": {"individual": [], "joint": {"secondary": 1.136380644084356, "primary": 1.755123764178612}}, "TCA|TCG": {"individual": [], "joint": {"secondary": 1.015856027684403, "primary": 2.132264488165737}}, "TCA|TCT": {"individual": [], "joint": {"secondary": 1.093304720129646, "primary": 1.403546266807135}}, "TCC|TCG": {"individual": [], "joint": {"secondary": 1.121715065935878, "primary": 1.65127650761346}}, "TCC|TCT": {"individual": [], "joint": {"secondary": 1.016155441286355, "primary": 1.962369371417103}}, "TCG|TCT": {"individual": [], "joint": {"secondary": 1.152722650051346, "primary": 1.894782117592127}}, "TGC|TGT": {"individual": [], "joint": {"secondary": 1.192466525692368, "primary": 1.743935469461109}}, "TTA|TTG": {"individual": [], "joint": {"secondary": 0.8512906113931576, "primary": 0.7937827953565907}}, "TTC|TTT": {"individual": [], "joint": {"secondary": 1.118835089934862, "primary": 0.7107284674697943}}, "model_mixture_p": 0.599964622907003}