{"baseline-AICc": {"individual": [], "joint": 350481.0446579824}, "baseline-loglikelihood": {"individual": [], "joint": -171903.821327312}, "joint-AICc": {"individual": [], "joint": 349171.7435143302}, "joint-loglikelihood": {"individual": [], "joint": -170349.4531639617}, "AAA|AAG": {"individual": [], "joint": {"secondary": 0.5278208840532733, "primary": 0.6479574314372323}}, "AAC|AAT": {"individual": [], "joint": {"secondary": 0.6232091872257823, "primary": 0.6038920308715058}}, "ACA|ACC": {"individual": [], "joint": {"secondary": 0.4483900622305256, "primary": 0.532090973429234}}, "ACA|ACG": {"individual": [], "joint": {"secondary": 0.7822097943282738, "primary": 0.5171868245563399}}, "ACA|ACT": {"individual": [], "joint": {"secondary": 0.57498577886316, "primary": 0.4551655368841414}}, "ACC|ACG": {"individual": [], "joint": {"secondary": 0.3595084624761165, "primary": 0.5362304579186586}}, "ACC|ACT": {"individual": [], "joint": {"secondary": 0.5839947476408733, "primary": 0.6523063793192485}}, "ACG|ACT": {"individual": [], "joint": {"secondary": 0.5113807400252346, "primary": 0.4635841383611503}}, "AGA|AGG": {"individual": [], "joint": {"secondary": 0.4607348346825227, "primary": 0.6423751971763504}}, "AGA|CGA": {"individual": [], "joint": {"secondary": 0.6506933329768539, "primary": 0.4440451342403117}}, "AGC|AGT": {"individual": [], "joint": {"secondary": 0.5144602196400353, "primary": 0.6251640485097957}}, "AGG|CGG": {"individual": [], "joint": {"secondary": 0.7723502035935662, "primary": 0.5310564062227999}}, "ATA|ATC": {"individual": [], "joint": {"secondary": 0.6776533647077362, "primary": 0.5359962617435459}}, "ATA|ATT": {"individual": [], "joint": {"secondary": 0.4264221508310725, "primary": 0.4754158877451871}}, "ATC|ATT": {"individual": [], "joint": {"secondary": 0.6381125265034794, "primary": 0.5214351774067185}}, "CAA|CAG": {"individual": [], "joint": {"secondary": 0.7271617542858778, "primary": 0.6548747245743014}}, "CAC|CAT": {"individual": [], "joint": {"secondary": 0.4573818408200149, "primary": 0.6103643020392913}}, "CCA|CCC": {"individual": [], "joint": {"secondary": 1.316891176350438, "primary": 1.311718893412398}}, "CCA|CCG": {"individual": [], "joint": {"secondary": 0.6526876327433793, "primary": 0.6618827246773571}}, "CCA|CCT": {"individual": [], "joint": {"secondary": 1.528906364624782, "primary": 1.184849189637682}}, "CCC|CCG": {"individual": [], "joint": {"secondary": 1.174742826191899, "primary": 1.375144146045591}}, "CCC|CCT": {"individual": [], "joint": {"secondary": 1.899507140195397, "primary": 1.423962100988731}}, "CCG|CCT": {"individual": [], "joint": {"secondary": 0.5351783227549614, "primary": 0.4299403253653034}}, "CGA|CGC": {"individual": [], "joint": {"secondary": 1.404429409555894, "primary": 1.667712396969827}}, "CGA|CGG": {"individual": [], "joint": {"secondary": 1.480783888139032, "primary": 1.592208313474708}}, "CGA|CGT": {"individual": [], "joint": {"secondary": 0.4399351023196715, "primary": 1.778162429882021}}, "CGC|CGG": {"individual": [], "joint": {"secondary": 1.361941981286412, "primary": 1.232589871094769}}, "CGC|CGT": {"individual": [], "joint": {"secondary": 1.720073834246024, "primary": 1.68433917687234}}, "CGG|CGT": {"individual": [], "joint": {"secondary": 1.273853330964719, "primary": 1.371229667935723}}, "CTA|CTC": {"individual": [], "joint": {"secondary": 0.522230954424005, "primary": 0.6065830175725083}}, "CTA|CTG": {"individual": [], "joint": {"secondary": 0.6555373992743281, "primary": 0.6520836888253209}}, "CTA|CTT": {"individual": [], "joint": {"secondary": 0.6450795875361479, "primary": 0.4644467331049191}}, "CTA|TTA": {"individual": [], "joint": {"secondary": 0.6098634353825423, "primary": 0.6282103011627683}}, "CTC|CTG": {"individual": [], "joint": {"secondary": 0.4948546830204394, "primary": 0.5089895555477572}}, "CTC|CTT": {"individual": [], "joint": {"secondary": 0.5458802572798155, "primary": 0.5064768395725576}}, "CTG|CTT": {"individual": [], "joint": {"secondary": 0.734830828333467, "primary": 0.330193727716223}}, "CTG|TTG": {"individual": [], "joint": {"secondary": 0.527562166281227, "primary": 0.6367579354213045}}, "GAA|GAG": {"individual": [], "joint": {"secondary": 0.7397289539719535, "primary": 0.5976652394486737}}, "GAC|GAT": {"individual": [], "joint": {"secondary": 0.5307183199226804, "primary": 0.5553963373831585}}, "GCA|GCC": {"individual": [], "joint": {"secondary": 0.684562631303742, "primary": 0.5668889175618452}}, "GCA|GCG": {"individual": [], "joint": {"secondary": 0.635533806008922, "primary": 0.6543073598745253}}, "GCA|GCT": {"individual": [], "joint": {"secondary": 0.2836568208245844, "primary": 0.6830407661835579}}, "GCC|GCG": {"individual": [], "joint": {"secondary": 1.21941048172581, "primary": 1.308810840360191}}, "GCC|GCT": {"individual": [], "joint": {"secondary": 1.615625542934098, "primary": 1.525097315750856}}, "GCG|GCT": {"individual": [], "joint": {"secondary": 1.295828494682613, "primary": 1.235501360800388}}, "GGA|GGC": {"individual": [], "joint": {"secondary": 1.40290964467893, "primary": 1.343985396294358}}, "GGA|GGG": {"individual": [], "joint": {"secondary": 1.860216961624421, "primary": 1.596184287571957}}, "GGA|GGT": {"individual": [], "joint": {"secondary": 1.38680709240024, "primary": 1.094580121538431}}, "GGC|GGG": {"individual": [], "joint": {"secondary": 1.463275128213961, "primary": 1.247690505432}}, "GGC|GGT": {"individual": [], "joint": {"secondary": 1.580502424019328, "primary": 1.726313258040741}}, "GGG|GGT": {"individual": [], "joint": {"secondary": 1.079821200982199, "primary": 1.614881751568109}}, "GTA|GTC": {"individual": [], "joint": {"secondary": 1.316803180746299, "primary": 1.713706926534019}}, "GTA|GTG": {"individual": [], "joint": {"secondary": 1.575805253593816, "primary": 1.758969143053961}}, "GTA|GTT": {"individual": [], "joint": {"secondary": 1.781885832857135, "primary": 1.485862915494199}}, "GTC|GTG": {"individual": [], "joint": {"secondary": 1.2171129163032, "primary": 1.183811344697111}}, "GTC|GTT": {"individual": [], "joint": {"secondary": 1.731015947491236, "primary": 1.686792437750365}}, "GTG|GTT": {"individual": [], "joint": {"secondary": 1.355100968033583, "primary": 1.009097722300287}}, "TAC|TAT": {"individual": [], "joint": {"secondary": 1.671307528712572, "primary": 1.572885447194857}}, "TCA|TCC": {"individual": [], "joint": {"secondary": 1.605726207910342, "primary": 1.590941645941587}}, "TCA|TCG": {"individual": [], "joint": {"secondary": 1.493028919135246, "primary": 1.708430593235387}}, "TCA|TCT": {"individual": [], "joint": {"secondary": 1.277788599224959, "primary": 0.7885776795043697}}, "TCC|TCG": {"individual": [], "joint": {"secondary": 1.163177581533051, "primary": 1.125790646516191}}, "TCC|TCT": {"individual": [], "joint": {"secondary": 1.314024263076341, "primary": 1.684071778167634}}, "TCG|TCT": {"individual": [], "joint": {"secondary": 1.536778114589674, "primary": 1.467220701364248}}, "TGC|TGT": {"individual": [], "joint": {"secondary": 1.568836908801338, "primary": 1.616619311648959}}, "TTA|TTG": {"individual": [], "joint": {"secondary": 0.6807324771867144, "primary": 0.6904907141390282}}, "TTC|TTT": {"individual": [], "joint": {"secondary": 0.6710375917220311, "primary": 0.6697655869334069}}, "model_mixture_p": 0.6871617968794387}