{"baseline-AICc": {"individual": [], "joint": 314419.262752573}, "baseline-loglikelihood": {"individual": [], "joint": -153040.8693386164}, "joint-AICc": {"individual": [], "joint": 315389.5712845066}, "joint-loglikelihood": {"individual": [], "joint": -152609.48727006}, "AAA|AAG": {"individual": [], "joint": {"secondary": 1.034754206483383, "primary": 0.747971591651606}}, "AAC|AAT": {"individual": [], "joint": {"secondary": 0.9985952393681186, "primary": 0.8600999919125278}}, "ACA|ACC": {"individual": [], "joint": {"secondary": 1.042925481449701, "primary": 0.7405673606515223}}, "ACA|ACG": {"individual": [], "joint": {"secondary": 1.059764525056866, "primary": 0.9105098170445459}}, "ACA|ACT": {"individual": [], "joint": {"secondary": 0.8737371917305695, "primary": 0.8316022282576471}}, "ACC|ACG": {"individual": [], "joint": {"secondary": 1.074376346148538, "primary": 0.6785566393521035}}, "ACC|ACT": {"individual": [], "joint": {"secondary": 1.131853358997336, "primary": 0.73016711667967}}, "ACG|ACT": {"individual": [], "joint": {"secondary": 0.8249928078737414, "primary": 0.5807019902785497}}, "AGA|AGG": {"individual": [], "joint": {"secondary": 1.12893841660076, "primary": 0.723888827600318}}, "AGA|CGA": {"individual": [], "joint": {"secondary": 1.033450015281853, "primary": 0.8594107159558637}}, "AGC|AGT": {"individual": [], "joint": {"secondary": 1.035604356677899, "primary": 0.8432871924332321}}, "AGG|CGG": {"individual": [], "joint": {"secondary": 1.003621521728461, "primary": 0.7746255454996214}}, "ATA|ATC": {"individual": [], "joint": {"secondary": 0.9570773449894868, "primary": 0.7420763735149564}}, "ATA|ATT": {"individual": [], "joint": {"secondary": 1.131777374611025, "primary": 0.8510147003388191}}, "ATC|ATT": {"individual": [], "joint": {"secondary": 1.080407870787516, "primary": 0.6750026806946958}}, "CAA|CAG": {"individual": [], "joint": {"secondary": 1.098708838180593, "primary": 0.7131259130372697}}, "CAC|CAT": {"individual": [], "joint": {"secondary": 0.9725004752504343, "primary": 0.7520098745151825}}, "CCA|CCC": {"individual": [], "joint": {"secondary": 0.7103223791744986, "primary": 0.8281948000867514}}, "CCA|CCG": {"individual": [], "joint": {"secondary": 0.9111647850815932, "primary": 0.7933625578064061}}, "CCA|CCT": {"individual": [], "joint": {"secondary": 1.265394147569758, "primary": 0.6363181513146703}}, "CCC|CCG": {"individual": [], "joint": {"secondary": 1.165558402412639, "primary": 0.6087790734789378}}, "CCC|CCT": {"individual": [], "joint": {"secondary": 0.9188047276266095, "primary": 0.6926810577292042}}, "CCG|CCT": {"individual": [], "joint": {"secondary": 0.9220501003850271, "primary": 0.6895162366406554}}, "CGA|CGC": {"individual": [], "joint": {"secondary": 1.106451459067017, "primary": 0.7539094769010113}}, "CGA|CGG": {"individual": [], "joint": {"secondary": 0.957219043689778, "primary": 0.8512629641512979}}, "CGA|CGT": {"individual": [], "joint": {"secondary": 0.59982640763004, "primary": 0.5946145023036223}}, "CGC|CGG": {"individual": [], "joint": {"secondary": 0.9860713023318268, "primary": 1.640676956009885}}, "CGC|CGT": {"individual": [], "joint": {"secondary": 0.9740749810966297, "primary": 2.256707978309958}}, "CGG|CGT": {"individual": [], "joint": {"secondary": 0.9884883752363206, "primary": 0.4268014251628407}}, "CTA|CTC": {"individual": [], "joint": {"secondary": 1.076371500764151, "primary": 0.6879219682828032}}, "CTA|CTG": {"individual": [], "joint": {"secondary": 0.9773288262902858, "primary": 0.8728086647800288}}, "CTA|CTT": {"individual": [], "joint": {"secondary": 1.036898081515517, "primary": 0.7453158564525579}}, "CTA|TTA": {"individual": [], "joint": {"secondary": 0.9159606809189395, "primary": 0.671483269044912}}, "CTC|CTG": {"individual": [], "joint": {"secondary": 0.9382611054252992, "primary": 0.7211016296575826}}, "CTC|CTT": {"individual": [], "joint": {"secondary": 0.8640691599805768, "primary": 0.5915333160401146}}, "CTG|CTT": {"individual": [], "joint": {"secondary": 1.070820706131922, "primary": 0.8823814964815063}}, "CTG|TTG": {"individual": [], "joint": {"secondary": 1.03918964919054, "primary": 0.7205153826943399}}, "GAA|GAG": {"individual": [], "joint": {"secondary": 1.158691252743076, "primary": 0.8117468820542512}}, "GAC|GAT": {"individual": [], "joint": {"secondary": 1.044998947866633, "primary": 0.7898428258954829}}, "GCA|GCC": {"individual": [], "joint": {"secondary": 1.088593495937862, "primary": 0.7787896238715346}}, "GCA|GCG": {"individual": [], "joint": {"secondary": 0.8324980856030056, "primary": 0.7754072074430084}}, "GCA|GCT": {"individual": [], "joint": {"secondary": 0.9289903646282447, "primary": 0.6585459976160672}}, "GCC|GCG": {"individual": [], "joint": {"secondary": 0.9574895172128389, "primary": 0.5938941399582903}}, "GCC|GCT": {"individual": [], "joint": {"secondary": 1.002713219335085, "primary": 0.6371117029854022}}, "GCG|GCT": {"individual": [], "joint": {"secondary": 0.9983992777711038, "primary": 0.8343036367798146}}, "GGA|GGC": {"individual": [], "joint": {"secondary": 0.9611766503771882, "primary": 0.7070466424030764}}, "GGA|GGG": {"individual": [], "joint": {"secondary": 0.9366127304218972, "primary": 0.7601023172833602}}, "GGA|GGT": {"individual": [], "joint": {"secondary": 1.254115847227401, "primary": 0.8959041546232711}}, "GGC|GGG": {"individual": [], "joint": {"secondary": 0.932367999830402, "primary": 0.5905017781707024}}, "GGC|GGT": {"individual": [], "joint": {"secondary": 0.940164860903596, "primary": 1.862965009898499}}, "GGG|GGT": {"individual": [], "joint": {"secondary": 0.976735428919869, "primary": 1.746893126578564}}, "GTA|GTC": {"individual": [], "joint": {"secondary": 1.0994896236528, "primary": 2.207483900609573}}, "GTA|GTG": {"individual": [], "joint": {"secondary": 0.9032429459056243, "primary": 1.885158919382693}}, "GTA|GTT": {"individual": [], "joint": {"secondary": 1.117663065714162, "primary": 1.154756317764674}}, "GTC|GTG": {"individual": [], "joint": {"secondary": 1.042800609820595, "primary": 1.759426803928484}}, "GTC|GTT": {"individual": [], "joint": {"secondary": 0.9912755635762569, "primary": 2.061526590977847}}, "GTG|GTT": {"individual": [], "joint": {"secondary": 0.9826037249043816, "primary": 0.622973248001816}}, "TAC|TAT": {"individual": [], "joint": {"secondary": 1.042691149620063, "primary": 0.8038501561248891}}, "TCA|TCC": {"individual": [], "joint": {"secondary": 1.136206295307796, "primary": 1.679901849918928}}, "TCA|TCG": {"individual": [], "joint": {"secondary": 0.9437162806406729, "primary": 1.860511740157633}}, "TCA|TCT": {"individual": [], "joint": {"secondary": 0.7969298773805767, "primary": 2.604199535839487}}, "TCC|TCG": {"individual": [], "joint": {"secondary": 0.9079776951845829, "primary": 1.90514083959048}}, "TCC|TCT": {"individual": [], "joint": {"secondary": 0.8575071651903435, "primary": 1.821376851059003}}, "TCG|TCT": {"individual": [], "joint": {"secondary": 1.15622292915554, "primary": 1.214777368017626}}, "TGC|TGT": {"individual": [], "joint": {"secondary": 0.9932747040091122, "primary": 1.798952310943177}}, "TTA|TTG": {"individual": [], "joint": {"secondary": 1.005215895261662, "primary": 0.7548596040470823}}, "TTC|TTT": {"individual": [], "joint": {"secondary": 1.10222360316237, "primary": 0.7415435953280698}}, "model_mixture_p": 0.2499847077341977}