{"baseline-AICc": {"individual": [], "joint": 353812.1780800424}, "baseline-loglikelihood": {"individual": [], "joint": -173569.388038342}, "joint-AICc": {"individual": [], "joint": 353692.7346280938}, "joint-loglikelihood": {"individual": [], "joint": -172609.9487208435}, "AAA|AAG": {"individual": [], "joint": {"secondary": 0.4220021576160981, "primary": 0.4848033948480379}}, "AAC|AAT": {"individual": [], "joint": {"secondary": 0.5466050495442739, "primary": 0.4615208480174276}}, "ACA|ACC": {"individual": [], "joint": {"secondary": 0.4800837031977203, "primary": 0.457552680300069}}, "ACA|ACG": {"individual": [], "joint": {"secondary": 0.5495982025442698, "primary": 0.4744159345554598}}, "ACA|ACT": {"individual": [], "joint": {"secondary": 0.8548661599687314, "primary": 0.3628118267043187}}, "ACC|ACG": {"individual": [], "joint": {"secondary": 0.4354055106546323, "primary": 0.4053704664025531}}, "ACC|ACT": {"individual": [], "joint": {"secondary": 0.4900527838370233, "primary": 0.4501807343951448}}, "ACG|ACT": {"individual": [], "joint": {"secondary": 0.6699087144871194, "primary": 0.4467943009701363}}, "AGA|AGG": {"individual": [], "joint": {"secondary": 0.4207737768047287, "primary": 0.4321208630862003}}, "AGA|CGA": {"individual": [], "joint": {"secondary": 0.4390259768928072, "primary": 0.4773040680279268}}, "AGC|AGT": {"individual": [], "joint": {"secondary": 0.4876928831103834, "primary": 0.3944786685955912}}, "AGG|CGG": {"individual": [], "joint": {"secondary": 1.244097977426582, "primary": 1.147767686411468}}, "ATA|ATC": {"individual": [], "joint": {"secondary": 0.5234034325409821, "primary": 0.4783167301542718}}, "ATA|ATT": {"individual": [], "joint": {"secondary": 0.3922063695342163, "primary": 0.5456359997815285}}, "ATC|ATT": {"individual": [], "joint": {"secondary": 0.6080745116792468, "primary": 0.4138626064706209}}, "CAA|CAG": {"individual": [], "joint": {"secondary": 0.5579796096259749, "primary": 0.4967639109368396}}, "CAC|CAT": {"individual": [], "joint": {"secondary": 0.467123334246702, "primary": 0.4321338572123214}}, "CCA|CCC": {"individual": [], "joint": {"secondary": 1.034885427256649, "primary": 1.069383811398837}}, "CCA|CCG": {"individual": [], "joint": {"secondary": 1.148794650418727, "primary": 1.418702464520622}}, "CCA|CCT": {"individual": [], "joint": {"secondary": 1.133528099792391, "primary": 1.456429671772212}}, "CCC|CCG": {"individual": [], "joint": {"secondary": 1.186685306984616, "primary": 1.109788324283546}}, "CCC|CCT": {"individual": [], "joint": {"secondary": 1.0038826888649, "primary": 1.35978982344288}}, "CCG|CCT": {"individual": [], "joint": {"secondary": 1.18800006427664, "primary": 1.042044290257012}}, "CGA|CGC": {"individual": [], "joint": {"secondary": 1.079114210666922, "primary": 1.162212788780493}}, "CGA|CGG": {"individual": [], "joint": {"secondary": 1.211600245601536, "primary": 1.192748433821498}}, "CGA|CGT": {"individual": [], "joint": {"secondary": 1.660977550407406, "primary": 0.9963686054145477}}, "CGC|CGG": {"individual": [], "joint": {"secondary": 1.091965147450016, "primary": 1.1572009258064}}, "CGC|CGT": {"individual": [], "joint": {"secondary": 1.531518122508448, "primary": 1.327515653243564}}, "CGG|CGT": {"individual": [], "joint": {"secondary": 0.8698872264443849, "primary": 0.9368708198045683}}, "CTA|CTC": {"individual": [], "joint": {"secondary": 0.9691987569501971, "primary": 1.183581695522883}}, "CTA|CTG": {"individual": [], "joint": {"secondary": 1.219691519560144, "primary": 1.253560989991309}}, "CTA|CTT": {"individual": [], "joint": {"secondary": 1.001945955253476, "primary": 1.515195761631286}}, "CTA|TTA": {"individual": [], "joint": {"secondary": 1.051722952926547, "primary": 1.334399092373031}}, "CTC|CTG": {"individual": [], "joint": {"secondary": 1.238948234862167, "primary": 1.112818484996206}}, "CTC|CTT": {"individual": [], "joint": {"secondary": 1.089916239183654, "primary": 1.076740320492301}}, "CTG|CTT": {"individual": [], "joint": {"secondary": 1.064633697145775, "primary": 1.107932971740497}}, "CTG|TTG": {"individual": [], "joint": {"secondary": 1.138109521661992, "primary": 1.11292185956162}}, "GAA|GAG": {"individual": [], "joint": {"secondary": 1.192278871582502, "primary": 1.330857636277114}}, "GAC|GAT": {"individual": [], "joint": {"secondary": 1.087380531705061, "primary": 1.161176070934565}}, "GCA|GCC": {"individual": [], "joint": {"secondary": 1.237156946421041, "primary": 1.305471824883127}}, "GCA|GCG": {"individual": [], "joint": {"secondary": 1.165179655324626, "primary": 1.144135309536966}}, "GCA|GCT": {"individual": [], "joint": {"secondary": 0.282417129480365, "primary": 0.2464008581727812}}, "GCC|GCG": {"individual": [], "joint": {"secondary": 1.122531976360179, "primary": 1.187874737236355}}, "GCC|GCT": {"individual": [], "joint": {"secondary": 1.046356197805245, "primary": 1.403556377639143}}, "GCG|GCT": {"individual": [], "joint": {"secondary": 1.237656261168609, "primary": 1.118545041095968}}, "GGA|GGC": {"individual": [], "joint": {"secondary": 1.143235729123404, "primary": 1.268224694252977}}, "GGA|GGG": {"individual": [], "joint": {"secondary": 1.323555769884282, "primary": 1.137944945572782}}, "GGA|GGT": {"individual": [], "joint": {"secondary": 0.9657316635261153, "primary": 1.372819156800559}}, "GGC|GGG": {"individual": [], "joint": {"secondary": 0.9678445691577814, "primary": 0.977565314802994}}, "GGC|GGT": {"individual": [], "joint": {"secondary": 1.045385930624982, "primary": 1.233324688602297}}, "GGG|GGT": {"individual": [], "joint": {"secondary": 1.278294807091198, "primary": 1.228375094913846}}, "GTA|GTC": {"individual": [], "joint": {"secondary": 1.457069316131625, "primary": 1.248153731170361}}, "GTA|GTG": {"individual": [], "joint": {"secondary": 1.111383490164525, "primary": 1.218991846124643}}, "GTA|GTT": {"individual": [], "joint": {"secondary": 1.44756892865825, "primary": 0.9617064723273999}}, "GTC|GTG": {"individual": [], "joint": {"secondary": 0.9902545930263371, "primary": 1.038679214356054}}, "GTC|GTT": {"individual": [], "joint": {"secondary": 1.288008126164012, "primary": 1.153122355641955}}, "GTG|GTT": {"individual": [], "joint": {"secondary": 1.014705845989038, "primary": 1.218023297995815}}, "TAC|TAT": {"individual": [], "joint": {"secondary": 1.098905753401519, "primary": 1.281903328050939}}, "TCA|TCC": {"individual": [], "joint": {"secondary": 1.194068953322528, "primary": 1.194084934087726}}, "TCA|TCG": {"individual": [], "joint": {"secondary": 1.278870974485548, "primary": 1.261837658532619}}, "TCA|TCT": {"individual": [], "joint": {"secondary": 1.210818495606056, "primary": 0.844949272042322}}, "TCC|TCG": {"individual": [], "joint": {"secondary": 1.074707104659393, "primary": 1.188893055251625}}, "TCC|TCT": {"individual": [], "joint": {"secondary": 1.685104351388111, "primary": 1.112884485958066}}, "TCG|TCT": {"individual": [], "joint": {"secondary": 1.153246115998027, "primary": 1.308440172749076}}, "TGC|TGT": {"individual": [], "joint": {"secondary": 0.9796061872801081, "primary": 1.170343946999921}}, "TTA|TTG": {"individual": [], "joint": {"secondary": 1.112523590246589, "primary": 1.120258557237984}}, "TTC|TTT": {"individual": [], "joint": {"secondary": 1.30424636229487, "primary": 1.2734145550268}}, "model_mixture_p": 0.6259043379059138}