{"baseline-AICc": {"individual": [], "joint": 355992.0407358764}, "baseline-loglikelihood": {"individual": [], "joint": -173804.340775945}, "joint-AICc": {"individual": [], "joint": 356356.7271876689}, "joint-loglikelihood": {"individual": [], "joint": -173061.1707016148}, "AAA|AAG": {"individual": [], "joint": {"secondary": 0.8729050449529668, "primary": 0.8861183147666463}}, "AAC|AAT": {"individual": [], "joint": {"secondary": 0.7287814171246634, "primary": 1.044967821228903}}, "ACA|ACC": {"individual": [], "joint": {"secondary": 0.706757958899719, "primary": 0.7114048343184348}}, "ACA|ACG": {"individual": [], "joint": {"secondary": 0.7577891297685884, "primary": 0.9743056092169802}}, "ACA|ACT": {"individual": [], "joint": {"secondary": 0.7689056967467114, "primary": 0.8408124238600482}}, "ACC|ACG": {"individual": [], "joint": {"secondary": 0.6076913049052605, "primary": 0.9922743271470312}}, "ACC|ACT": {"individual": [], "joint": {"secondary": 0.6409412569243557, "primary": 1.078933169761779}}, "ACG|ACT": {"individual": [], "joint": {"secondary": 0.6533567396044931, "primary": 0.68413609628743}}, "AGA|AGG": {"individual": [], "joint": {"secondary": 0.8961687585692593, "primary": 1.063659317552268}}, "AGA|CGA": {"individual": [], "joint": {"secondary": 0.7100731601845275, "primary": 1.000200301028323}}, "AGC|AGT": {"individual": [], "joint": {"secondary": 0.9252332544279078, "primary": 0.9783937706736664}}, "AGG|CGG": {"individual": [], "joint": {"secondary": 0.7292375815831659, "primary": 0.8093184641364438}}, "ATA|ATC": {"individual": [], "joint": {"secondary": 0.7081008270643337, "primary": 0.9689347080398939}}, "ATA|ATT": {"individual": [], "joint": {"secondary": 0.8362861891950334, "primary": 1.020115842937559}}, "ATC|ATT": {"individual": [], "joint": {"secondary": 0.5987374096790296, "primary": 0.9703783580844264}}, "CAA|CAG": {"individual": [], "joint": {"secondary": 0.7938551696528197, "primary": 1.147581958305021}}, "CAC|CAT": {"individual": [], "joint": {"secondary": 0.7770414246388649, "primary": 0.9290660994945876}}, "CCA|CCC": {"individual": [], "joint": {"secondary": 0.7674051007389343, "primary": 1.137557803413294}}, "CCA|CCG": {"individual": [], "joint": {"secondary": 0.8330456494312309, "primary": 1.227424962613108}}, "CCA|CCT": {"individual": [], "joint": {"secondary": 0.7661388719796993, "primary": 0.870793149724066}}, "CCC|CCG": {"individual": [], "joint": {"secondary": 0.7466584738310121, "primary": 1.076357053801084}}, "CCC|CCT": {"individual": [], "joint": {"secondary": 0.7619330171452174, "primary": 0.9495557083413967}}, "CCG|CCT": {"individual": [], "joint": {"secondary": 0.5587932377608368, "primary": 0.7567483052586249}}, "CGA|CGC": {"individual": [], "joint": {"secondary": 0.8082951365604163, "primary": 1.277522711973011}}, "CGA|CGG": {"individual": [], "joint": {"secondary": 0.8649141148142084, "primary": 1.182033673344089}}, "CGA|CGT": {"individual": [], "joint": {"secondary": 0.6076747052413374, "primary": 1.027149555463456}}, "CGC|CGG": {"individual": [], "joint": {"secondary": 1.676653108769918, "primary": 1.124203839931256}}, "CGC|CGT": {"individual": [], "joint": {"secondary": 1.897306601435565, "primary": 0.8004677642285243}}, "CGG|CGT": {"individual": [], "joint": {"secondary": 0.5765594969400202, "primary": 0.9581564424542203}}, "CTA|CTC": {"individual": [], "joint": {"secondary": 0.8280413633327572, "primary": 1.032257450340153}}, "CTA|CTG": {"individual": [], "joint": {"secondary": 0.7525123435761049, "primary": 1.057223450007087}}, "CTA|CTT": {"individual": [], "joint": {"secondary": 0.7574341130503152, "primary": 0.9463085719665688}}, "CTA|TTA": {"individual": [], "joint": {"secondary": 0.5876743367758309, "primary": 1.159818556842791}}, "CTC|CTG": {"individual": [], "joint": {"secondary": 0.7295986461037818, "primary": 1.054387264203364}}, "CTC|CTT": {"individual": [], "joint": {"secondary": 0.8181928352904989, "primary": 0.915975738507706}}, "CTG|CTT": {"individual": [], "joint": {"secondary": 0.6844119735270694, "primary": 0.9031764470525052}}, "CTG|TTG": {"individual": [], "joint": {"secondary": 0.7813651423810156, "primary": 1.055853487854451}}, "GAA|GAG": {"individual": [], "joint": {"secondary": 0.7546513208889162, "primary": 1.002453546076782}}, "GAC|GAT": {"individual": [], "joint": {"secondary": 0.765946808946209, "primary": 1.065084427230267}}, "GCA|GCC": {"individual": [], "joint": {"secondary": 0.7784530673618714, "primary": 0.8725766600535707}}, "GCA|GCG": {"individual": [], "joint": {"secondary": 0.7351892988808969, "primary": 0.9497715246077022}}, "GCA|GCT": {"individual": [], "joint": {"secondary": 0.6261094211671128, "primary": 1.125758536645723}}, "GCC|GCG": {"individual": [], "joint": {"secondary": 0.7234800981948082, "primary": 0.9318359947424226}}, "GCC|GCT": {"individual": [], "joint": {"secondary": 0.8199911056190301, "primary": 0.9080693008182891}}, "GCG|GCT": {"individual": [], "joint": {"secondary": 0.7112379152767475, "primary": 0.9945189230233951}}, "GGA|GGC": {"individual": [], "joint": {"secondary": 0.8695379450923457, "primary": 1.083988541794327}}, "GGA|GGG": {"individual": [], "joint": {"secondary": 0.8861909405245668, "primary": 1.112764717593217}}, "GGA|GGT": {"individual": [], "joint": {"secondary": 0.8064257397900649, "primary": 0.8777420405877417}}, "GGC|GGG": {"individual": [], "joint": {"secondary": 0.7456593912564945, "primary": 0.9418556211985449}}, "GGC|GGT": {"individual": [], "joint": {"secondary": 1.744947870583783, "primary": 0.9662769564632091}}, "GGG|GGT": {"individual": [], "joint": {"secondary": 1.746038459944533, "primary": 1.194385112874031}}, "GTA|GTC": {"individual": [], "joint": {"secondary": 1.927952451715601, "primary": 0.9179654945145398}}, "GTA|GTG": {"individual": [], "joint": {"secondary": 1.953707647519192, "primary": 1.145012790279879}}, "GTA|GTT": {"individual": [], "joint": {"secondary": 1.966191254435177, "primary": 1.225257397359113}}, "GTC|GTG": {"individual": [], "joint": {"secondary": 1.642710314871663, "primary": 1.057640727650141}}, "GTC|GTT": {"individual": [], "joint": {"secondary": 1.741753975989348, "primary": 1.01605469409612}}, "GTG|GTT": {"individual": [], "joint": {"secondary": 0.6105500236113344, "primary": 0.9543242305473782}}, "TAC|TAT": {"individual": [], "joint": {"secondary": 0.7500810244875157, "primary": 1.033773330534116}}, "TCA|TCC": {"individual": [], "joint": {"secondary": 1.773057058709482, "primary": 1.185291761362914}}, "TCA|TCG": {"individual": [], "joint": {"secondary": 1.974760615405887, "primary": 1.05385623852336}}, "TCA|TCT": {"individual": [], "joint": {"secondary": 1.876336219337648, "primary": 0.9179027852212994}}, "TCC|TCG": {"individual": [], "joint": {"secondary": 1.794987316590989, "primary": 1.010434124233315}}, "TCC|TCT": {"individual": [], "joint": {"secondary": 1.809550632474063, "primary": 0.7515806026581002}}, "TCG|TCT": {"individual": [], "joint": {"secondary": 1.588713820957551, "primary": 1.091884815989229}}, "TGC|TGT": {"individual": [], "joint": {"secondary": 1.783921673436284, "primary": 1.200168253391535}}, "TTA|TTG": {"individual": [], "joint": {"secondary": 0.758578442281732, "primary": 0.8087890700213095}}, "TTC|TTT": {"individual": [], "joint": {"secondary": 0.8168175520416752, "primary": 0.9894084257482094}}, "model_mixture_p": 0.4999998877949433}