{"baseline-AICc": {"individual": [], "joint": 398601.7980879448}, "baseline-loglikelihood": {"individual": [], "joint": -195084.8326812903}, "joint-AICc": {"individual": [], "joint": 397926.1086386901}, "joint-loglikelihood": {"individual": [], "joint": -193813.4304049262}, "AAA|AAG": {"individual": [], "joint": {"secondary": 1.09798821837351, "primary": 0.7713912434208404}}, "AAC|AAT": {"individual": [], "joint": {"secondary": 1.017828332314207, "primary": 0.7623415203235905}}, "ACA|ACC": {"individual": [], "joint": {"secondary": 1.141693019449398, "primary": 0.8745177436597337}}, "ACA|ACG": {"individual": [], "joint": {"secondary": 0.7992979523822592, "primary": 0.7398051271569805}}, "ACA|ACT": {"individual": [], "joint": {"secondary": 1.467235038657862, "primary": 0.6742702021152986}}, "ACC|ACG": {"individual": [], "joint": {"secondary": 0.9600304504845416, "primary": 0.6715542957288342}}, "ACC|ACT": {"individual": [], "joint": {"secondary": 0.9515796122912092, "primary": 0.6647992609519832}}, "ACG|ACT": {"individual": [], "joint": {"secondary": 0.8836074299037586, "primary": 0.6267580327421508}}, "AGA|AGG": {"individual": [], "joint": {"secondary": 1.10623661459544, "primary": 0.7141113111238243}}, "AGA|CGA": {"individual": [], "joint": {"secondary": 0.9210367214993087, "primary": 0.76625454368356}}, "AGC|AGT": {"individual": [], "joint": {"secondary": 0.9874490186783181, "primary": 0.7572808262145885}}, "AGG|CGG": {"individual": [], "joint": {"secondary": 1.053442929327967, "primary": 0.7344817776039392}}, "ATA|ATC": {"individual": [], "joint": {"secondary": 1.019847804365876, "primary": 0.7757158526374907}}, "ATA|ATT": {"individual": [], "joint": {"secondary": 1.15370384852307, "primary": 0.6203076139574701}}, "ATC|ATT": {"individual": [], "joint": {"secondary": 1.410223868897839, "primary": 0.7429648038540737}}, "CAA|CAG": {"individual": [], "joint": {"secondary": 1.188065967630058, "primary": 0.7900413846388837}}, "CAC|CAT": {"individual": [], "joint": {"secondary": 1.072221758213902, "primary": 0.6178276629368054}}, "CCA|CCC": {"individual": [], "joint": {"secondary": 0.6192900708599351, "primary": 0.8147157415276567}}, "CCA|CCG": {"individual": [], "joint": {"secondary": 1.023073392338147, "primary": 0.8346059414853233}}, "CCA|CCT": {"individual": [], "joint": {"secondary": 1.098010051515588, "primary": 0.6273121729969922}}, "CCC|CCG": {"individual": [], "joint": {"secondary": 0.8852622016432672, "primary": 0.6623861967503406}}, "CCC|CCT": {"individual": [], "joint": {"secondary": 0.9032158607404075, "primary": 0.6624465063180195}}, "CCG|CCT": {"individual": [], "joint": {"secondary": 1.03319190639324, "primary": 0.7650095773205717}}, "CGA|CGC": {"individual": [], "joint": {"secondary": 0.6767415633933936, "primary": 0.6928364571548579}}, "CGA|CGG": {"individual": [], "joint": {"secondary": 0.9062722805674196, "primary": 0.7771565651409504}}, "CGA|CGT": {"individual": [], "joint": {"secondary": 1.278672517390688, "primary": 0.7900118135427161}}, "CGC|CGG": {"individual": [], "joint": {"secondary": 1.111208377248089, "primary": 1.831911361285452}}, "CGC|CGT": {"individual": [], "joint": {"secondary": 0.8254279209971315, "primary": 1.818509575839143}}, "CGG|CGT": {"individual": [], "joint": {"secondary": 0.9344213832251911, "primary": 0.4402398905706605}}, "CTA|CTC": {"individual": [], "joint": {"secondary": 1.068259278138948, "primary": 0.6053931159207432}}, "CTA|CTG": {"individual": [], "joint": {"secondary": 1.081527624888565, "primary": 0.8166168404671705}}, "CTA|CTT": {"individual": [], "joint": {"secondary": 0.842053164651746, "primary": 0.6227148148031435}}, "CTA|TTA": {"individual": [], "joint": {"secondary": 0.9787579844013077, "primary": 0.8372366580685544}}, "CTC|CTG": {"individual": [], "joint": {"secondary": 0.8560588693298617, "primary": 0.6590956012165718}}, "CTC|CTT": {"individual": [], "joint": {"secondary": 1.106547547624563, "primary": 0.7874977559999078}}, "CTG|CTT": {"individual": [], "joint": {"secondary": 1.203376584652874, "primary": 0.7519209779522603}}, "CTG|TTG": {"individual": [], "joint": {"secondary": 0.912902747180058, "primary": 0.7570530699218218}}, "GAA|GAG": {"individual": [], "joint": {"secondary": 1.131966372793037, "primary": 0.8436937687029826}}, "GAC|GAT": {"individual": [], "joint": {"secondary": 0.9549263681044263, "primary": 0.834702460723693}}, "GCA|GCC": {"individual": [], "joint": {"secondary": 0.8374736738469853, "primary": 0.6965137018720277}}, "GCA|GCG": {"individual": [], "joint": {"secondary": 0.8243731800699248, "primary": 0.7586023965653691}}, "GCA|GCT": {"individual": [], "joint": {"secondary": 0.8743512187431234, "primary": 0.7904149681963004}}, "GCC|GCG": {"individual": [], "joint": {"secondary": 1.110327108842805, "primary": 0.6450748159107162}}, "GCC|GCT": {"individual": [], "joint": {"secondary": 0.9900276994452513, "primary": 0.7492748411748501}}, "GCG|GCT": {"individual": [], "joint": {"secondary": 0.7867612728311578, "primary": 0.6687992628800304}}, "GGA|GGC": {"individual": [], "joint": {"secondary": 0.9571431167325791, "primary": 0.8709818183177318}}, "GGA|GGG": {"individual": [], "joint": {"secondary": 1.13704531071947, "primary": 0.7743823676400687}}, "GGA|GGT": {"individual": [], "joint": {"secondary": 1.19565493778231, "primary": 0.7292681904365025}}, "GGC|GGG": {"individual": [], "joint": {"secondary": 1.072483540516772, "primary": 0.6403436148446802}}, "GGC|GGT": {"individual": [], "joint": {"secondary": 0.848558030735245, "primary": 1.910463411186701}}, "GGG|GGT": {"individual": [], "joint": {"secondary": 0.9286883484881626, "primary": 1.717435779164892}}, "GTA|GTC": {"individual": [], "joint": {"secondary": 1.072637691026468, "primary": 1.526236015888687}}, "GTA|GTG": {"individual": [], "joint": {"secondary": 1.036971153045362, "primary": 1.917146577022439}}, "GTA|GTT": {"individual": [], "joint": {"secondary": 1.282175526159035, "primary": 1.997275261984793}}, "GTC|GTG": {"individual": [], "joint": {"secondary": 1.04544594511031, "primary": 1.858750226124819}}, "GTC|GTT": {"individual": [], "joint": {"secondary": 0.9097711366768849, "primary": 1.951570828200346}}, "GTG|GTT": {"individual": [], "joint": {"secondary": 1.092803869637787, "primary": 0.5631513373298579}}, "TAC|TAT": {"individual": [], "joint": {"secondary": 0.9371298836593401, "primary": 0.769421682172402}}, "TCA|TCC": {"individual": [], "joint": {"secondary": 1.220542454142802, "primary": 1.826017566939834}}, "TCA|TCG": {"individual": [], "joint": {"secondary": 0.6415722329419391, "primary": 2.296976374873258}}, "TCA|TCT": {"individual": [], "joint": {"secondary": 0.9773439593092682, "primary": 1.690526556252067}}, "TCC|TCG": {"individual": [], "joint": {"secondary": 0.7722733380053739, "primary": 1.731539667508946}}, "TCC|TCT": {"individual": [], "joint": {"secondary": 0.7306532098385029, "primary": 2.114968725361749}}, "TCG|TCT": {"individual": [], "joint": {"secondary": 1.165024385160621, "primary": 1.817069166517265}}, "TGC|TGT": {"individual": [], "joint": {"secondary": 1.039953399835384, "primary": 1.923200830031135}}, "TTA|TTG": {"individual": [], "joint": {"secondary": 0.8958874387650687, "primary": 0.7488316812122108}}, "TTC|TTT": {"individual": [], "joint": {"secondary": 0.954274284265626, "primary": 0.7782722679307379}}, "model_mixture_p": 0.7498567692397838}