{"baseline-AICc": {"individual": [], "joint": 398225.6623305739}, "baseline-loglikelihood": {"individual": [], "joint": -194890.7418506582}, "joint-AICc": {"individual": [], "joint": 397645.0911615054}, "joint-loglikelihood": {"individual": [], "joint": -193666.8987143872}, "AAA|AAG": {"individual": [], "joint": {"secondary": 0.8554722054509762, "primary": 0.8332630830471022}}, "AAC|AAT": {"individual": [], "joint": {"secondary": 1.074635771874385, "primary": 0.7956945357435246}}, "ACA|ACC": {"individual": [], "joint": {"secondary": 0.8286101253100485, "primary": 0.8197943473966388}}, "ACA|ACG": {"individual": [], "joint": {"secondary": 1.051911542692711, "primary": 0.7214316812739348}}, "ACA|ACT": {"individual": [], "joint": {"secondary": 0.4684631411627232, "primary": 0.5118567431389897}}, "ACC|ACG": {"individual": [], "joint": {"secondary": 1.298877801797697, "primary": 0.684027284928753}}, "ACC|ACT": {"individual": [], "joint": {"secondary": 1.003863112021065, "primary": 0.8357512923504962}}, "ACG|ACT": {"individual": [], "joint": {"secondary": 1.372533442369664, "primary": 0.7921255411023076}}, "AGA|AGG": {"individual": [], "joint": {"secondary": 0.9003451388538873, "primary": 0.7508552254619898}}, "AGA|CGA": {"individual": [], "joint": {"secondary": 0.7949251285449834, "primary": 0.8684533995952076}}, "AGC|AGT": {"individual": [], "joint": {"secondary": 1.039621708132961, "primary": 0.7735275187937208}}, "AGG|CGG": {"individual": [], "joint": {"secondary": 1.17867311659026, "primary": 0.7719706691863055}}, "ATA|ATC": {"individual": [], "joint": {"secondary": 1.002223709082685, "primary": 0.7205182588360135}}, "ATA|ATT": {"individual": [], "joint": {"secondary": 0.9558564731346856, "primary": 0.602797105820659}}, "ATC|ATT": {"individual": [], "joint": {"secondary": 1.084133824402308, "primary": 0.7735475628878484}}, "CAA|CAG": {"individual": [], "joint": {"secondary": 0.8494249946450696, "primary": 0.8351686487665683}}, "CAC|CAT": {"individual": [], "joint": {"secondary": 0.8906251317796869, "primary": 0.7807732796024627}}, "CCA|CCC": {"individual": [], "joint": {"secondary": 1.052998502199203, "primary": 0.6516876424979723}}, "CCA|CCG": {"individual": [], "joint": {"secondary": 0.9096931784746495, "primary": 0.7453869998919599}}, "CCA|CCT": {"individual": [], "joint": {"secondary": 1.247735018315729, "primary": 0.7245591584037924}}, "CCC|CCG": {"individual": [], "joint": {"secondary": 0.9180331515093713, "primary": 0.7329087931106165}}, "CCC|CCT": {"individual": [], "joint": {"secondary": 1.126336079699704, "primary": 0.6996413603197962}}, "CCG|CCT": {"individual": [], "joint": {"secondary": 0.8677023207993133, "primary": 0.7537093608392762}}, "CGA|CGC": {"individual": [], "joint": {"secondary": 0.6945247922887929, "primary": 0.8166168270623296}}, "CGA|CGG": {"individual": [], "joint": {"secondary": 1.031456122233208, "primary": 0.7419348344254867}}, "CGA|CGT": {"individual": [], "joint": {"secondary": 0.8903149159497452, "primary": 0.5569849957967912}}, "CGC|CGG": {"individual": [], "joint": {"secondary": 1.121373955646655, "primary": 1.904887801437971}}, "CGC|CGT": {"individual": [], "joint": {"secondary": 0.934332721847435, "primary": 1.833466426611547}}, "CGG|CGT": {"individual": [], "joint": {"secondary": 0.9640954511469814, "primary": 0.7671142420074075}}, "CTA|CTC": {"individual": [], "joint": {"secondary": 1.107545945791853, "primary": 0.7367771490372224}}, "CTA|CTG": {"individual": [], "joint": {"secondary": 1.117265529442045, "primary": 0.7634330127088035}}, "CTA|CTT": {"individual": [], "joint": {"secondary": 0.9101221214173244, "primary": 0.6859026727523863}}, "CTA|TTA": {"individual": [], "joint": {"secondary": 0.9618102154904122, "primary": 0.6933757342086662}}, "CTC|CTG": {"individual": [], "joint": {"secondary": 0.9708644522885007, "primary": 0.6627252386503802}}, "CTC|CTT": {"individual": [], "joint": {"secondary": 1.123790802523859, "primary": 0.6853799911281957}}, "CTG|CTT": {"individual": [], "joint": {"secondary": 1.113638115902198, "primary": 0.755575724654565}}, "CTG|TTG": {"individual": [], "joint": {"secondary": 1.079669791484199, "primary": 0.8391281827793134}}, "GAA|GAG": {"individual": [], "joint": {"secondary": 0.8587033274698859, "primary": 0.8499119403579347}}, "GAC|GAT": {"individual": [], "joint": {"secondary": 0.9706805547591975, "primary": 0.7622044563176815}}, "GCA|GCC": {"individual": [], "joint": {"secondary": 1.032112043443489, "primary": 0.6873275318559388}}, "GCA|GCG": {"individual": [], "joint": {"secondary": 0.9186073167164486, "primary": 0.8241904721144633}}, "GCA|GCT": {"individual": [], "joint": {"secondary": 0.7542202969558255, "primary": 0.6178864796910514}}, "GCC|GCG": {"individual": [], "joint": {"secondary": 0.9501491222107099, "primary": 0.6541219203562332}}, "GCC|GCT": {"individual": [], "joint": {"secondary": 0.846799025596463, "primary": 0.7599768697711746}}, "GCG|GCT": {"individual": [], "joint": {"secondary": 1.162867745056732, "primary": 0.6471660174213912}}, "GGA|GGC": {"individual": [], "joint": {"secondary": 0.8728247020785238, "primary": 0.6963654741121694}}, "GGA|GGG": {"individual": [], "joint": {"secondary": 1.101592334953164, "primary": 0.8080244410286243}}, "GGA|GGT": {"individual": [], "joint": {"secondary": 0.9505350011792696, "primary": 0.6108595723206357}}, "GGC|GGG": {"individual": [], "joint": {"secondary": 1.189725535770725, "primary": 0.6588360021056117}}, "GGC|GGT": {"individual": [], "joint": {"secondary": 0.8702581910250232, "primary": 1.753924228252471}}, "GGG|GGT": {"individual": [], "joint": {"secondary": 1.079501550292999, "primary": 1.852367735387374}}, "GTA|GTC": {"individual": [], "joint": {"secondary": 0.8131378216789367, "primary": 1.815778314328299}}, "GTA|GTG": {"individual": [], "joint": {"secondary": 0.9563519356921328, "primary": 2.064061515639079}}, "GTA|GTT": {"individual": [], "joint": {"secondary": 1.071264901340827, "primary": 1.459128349950847}}, "GTC|GTG": {"individual": [], "joint": {"secondary": 1.052998558900419, "primary": 1.698187045428577}}, "GTC|GTT": {"individual": [], "joint": {"secondary": 1.066893467002319, "primary": 2.022935199639231}}, "GTG|GTT": {"individual": [], "joint": {"secondary": 1.023042564120357, "primary": 0.7352967228038718}}, "TAC|TAT": {"individual": [], "joint": {"secondary": 1.390674323674152, "primary": 0.6575663831337106}}, "TCA|TCC": {"individual": [], "joint": {"secondary": 1.31259804840357, "primary": 2.093894580567462}}, "TCA|TCG": {"individual": [], "joint": {"secondary": 1.028236079535625, "primary": 1.831345586714569}}, "TCA|TCT": {"individual": [], "joint": {"secondary": 0.5271687835988067, "primary": 2.124435333258841}}, "TCC|TCG": {"individual": [], "joint": {"secondary": 1.143464794572115, "primary": 1.63014004400612}}, "TCC|TCT": {"individual": [], "joint": {"secondary": 0.856690897377533, "primary": 1.750218644283458}}, "TCG|TCT": {"individual": [], "joint": {"secondary": 1.025653991106055, "primary": 1.731531717800229}}, "TGC|TGT": {"individual": [], "joint": {"secondary": 0.9406781580727892, "primary": 2.123759378678491}}, "TTA|TTG": {"individual": [], "joint": {"secondary": 1.349840504038286, "primary": 0.7117090464751237}}, "TTC|TTT": {"individual": [], "joint": {"secondary": 1.089228871080641, "primary": 0.7440966699423305}}, "model_mixture_p": 0.7498765832551151}