{"baseline-AICc": {"individual": [], "joint": 375087.3841917912}, "baseline-loglikelihood": {"individual": [], "joint": -183342.9751484396}, "joint-AICc": {"individual": [], "joint": 374845.3334353613}, "joint-loglikelihood": {"individual": [], "joint": -182293.1179202166}, "AAA|AAG": {"individual": [], "joint": {"secondary": 1.02540475240223, "primary": 0.877372729744363}}, "AAC|AAT": {"individual": [], "joint": {"secondary": 0.9270161080002007, "primary": 0.6628749413010024}}, "ACA|ACC": {"individual": [], "joint": {"secondary": 0.8742667105373287, "primary": 0.7387378477378735}}, "ACA|ACG": {"individual": [], "joint": {"secondary": 1.093659304940237, "primary": 0.7864299992286493}}, "ACA|ACT": {"individual": [], "joint": {"secondary": 1.148281816487713, "primary": 0.6626626235491746}}, "ACC|ACG": {"individual": [], "joint": {"secondary": 0.7837701570000061, "primary": 0.6484834111009292}}, "ACC|ACT": {"individual": [], "joint": {"secondary": 1.113104187190098, "primary": 0.7230032845634902}}, "ACG|ACT": {"individual": [], "joint": {"secondary": 1.02851062077667, "primary": 0.8367422444949602}}, "AGA|AGG": {"individual": [], "joint": {"secondary": 1.124361596165731, "primary": 0.7260072243364907}}, "AGA|CGA": {"individual": [], "joint": {"secondary": 1.219740524791408, "primary": 0.5205741289710787}}, "AGC|AGT": {"individual": [], "joint": {"secondary": 1.149530775940691, "primary": 0.7493690122350508}}, "AGG|CGG": {"individual": [], "joint": {"secondary": 1.173453851361248, "primary": 0.8222571391459209}}, "ATA|ATC": {"individual": [], "joint": {"secondary": 0.9964708741355075, "primary": 0.706818202285902}}, "ATA|ATT": {"individual": [], "joint": {"secondary": 1.06233480895832, "primary": 0.7463094880909776}}, "ATC|ATT": {"individual": [], "joint": {"secondary": 0.9563397147540119, "primary": 0.6674616106493986}}, "CAA|CAG": {"individual": [], "joint": {"secondary": 1.090675316220667, "primary": 0.76339764621381}}, "CAC|CAT": {"individual": [], "joint": {"secondary": 1.049731922078257, "primary": 0.7714633011367424}}, "CCA|CCC": {"individual": [], "joint": {"secondary": 1.148025927999513, "primary": 0.7223456483086196}}, "CCA|CCG": {"individual": [], "joint": {"secondary": 0.9807311774931898, "primary": 0.8116687715988635}}, "CCA|CCT": {"individual": [], "joint": {"secondary": 0.8614322166099914, "primary": 0.808172435028346}}, "CCC|CCG": {"individual": [], "joint": {"secondary": 1.154152751563881, "primary": 0.7171807445858931}}, "CCC|CCT": {"individual": [], "joint": {"secondary": 0.8328955187224839, "primary": 0.7400948801780364}}, "CCG|CCT": {"individual": [], "joint": {"secondary": 1.033360612591348, "primary": 0.8844174809764375}}, "CGA|CGC": {"individual": [], "joint": {"secondary": 0.7249110351761817, "primary": 0.831524197233742}}, "CGA|CGG": {"individual": [], "joint": {"secondary": 0.9589371901988164, "primary": 0.7487472112446293}}, "CGA|CGT": {"individual": [], "joint": {"secondary": 0.6848754226445635, "primary": 0.5760455696434907}}, "CGC|CGG": {"individual": [], "joint": {"secondary": 1.019724280527057, "primary": 1.759034169333318}}, "CGC|CGT": {"individual": [], "joint": {"secondary": 0.9837007529465503, "primary": 1.956766419022777}}, "CGG|CGT": {"individual": [], "joint": {"secondary": 0.9017473626628009, "primary": 0.642430825794298}}, "CTA|CTC": {"individual": [], "joint": {"secondary": 0.999598134314917, "primary": 0.7820652205701003}}, "CTA|CTG": {"individual": [], "joint": {"secondary": 0.9444355040494317, "primary": 0.816087006814868}}, "CTA|CTT": {"individual": [], "joint": {"secondary": 0.7204191906135367, "primary": 0.6165400400225715}}, "CTA|TTA": {"individual": [], "joint": {"secondary": 1.015331611729879, "primary": 0.6782147902785186}}, "CTC|CTG": {"individual": [], "joint": {"secondary": 1.053345201893337, "primary": 0.6958058554727856}}, "CTC|CTT": {"individual": [], "joint": {"secondary": 0.8270400740023933, "primary": 0.7238461580689307}}, "CTG|CTT": {"individual": [], "joint": {"secondary": 1.087295600458229, "primary": 0.7562107637894174}}, "CTG|TTG": {"individual": [], "joint": {"secondary": 1.064521818031583, "primary": 0.7335581423976816}}, "GAA|GAG": {"individual": [], "joint": {"secondary": 1.112839003274098, "primary": 0.7753029320387643}}, "GAC|GAT": {"individual": [], "joint": {"secondary": 1.125542392594391, "primary": 0.6675639205843544}}, "GCA|GCC": {"individual": [], "joint": {"secondary": 1.211373225771808, "primary": 0.7345578084565934}}, "GCA|GCG": {"individual": [], "joint": {"secondary": 1.026901355711729, "primary": 0.7196757015761321}}, "GCA|GCT": {"individual": [], "joint": {"secondary": 0.9918852170238688, "primary": 0.5967312916036149}}, "GCC|GCG": {"individual": [], "joint": {"secondary": 1.044121694070137, "primary": 0.6444556852413156}}, "GCC|GCT": {"individual": [], "joint": {"secondary": 1.089078450321617, "primary": 0.7113223738858024}}, "GCG|GCT": {"individual": [], "joint": {"secondary": 1.222485401253151, "primary": 0.7332301202987506}}, "GGA|GGC": {"individual": [], "joint": {"secondary": 1.101239431212456, "primary": 0.6958852707594545}}, "GGA|GGG": {"individual": [], "joint": {"secondary": 0.809362789471458, "primary": 0.767062989004832}}, "GGA|GGT": {"individual": [], "joint": {"secondary": 1.102381714823737, "primary": 0.6327479021799004}}, "GGC|GGG": {"individual": [], "joint": {"secondary": 1.128465987741093, "primary": 0.6515059517783869}}, "GGC|GGT": {"individual": [], "joint": {"secondary": 0.9084781898293889, "primary": 2.109442582768306}}, "GGG|GGT": {"individual": [], "joint": {"secondary": 0.7391176499963671, "primary": 1.719331963846953}}, "GTA|GTC": {"individual": [], "joint": {"secondary": 0.8925090179283653, "primary": 2.124760285569895}}, "GTA|GTG": {"individual": [], "joint": {"secondary": 0.987143065072493, "primary": 2.024498391622687}}, "GTA|GTT": {"individual": [], "joint": {"secondary": 0.7753955781796312, "primary": 1.663978620017603}}, "GTC|GTG": {"individual": [], "joint": {"secondary": 1.008013410646857, "primary": 1.702665363259495}}, "GTC|GTT": {"individual": [], "joint": {"secondary": 0.9932126586453242, "primary": 2.162841219678404}}, "GTG|GTT": {"individual": [], "joint": {"secondary": 0.9800072414615237, "primary": 0.5882254473490917}}, "TAC|TAT": {"individual": [], "joint": {"secondary": 0.88252672176558, "primary": 0.824082989982847}}, "TCA|TCC": {"individual": [], "joint": {"secondary": 0.8241334695373943, "primary": 1.830556128525133}}, "TCA|TCG": {"individual": [], "joint": {"secondary": 1.192697304382492, "primary": 1.924916171853205}}, "TCA|TCT": {"individual": [], "joint": {"secondary": 1.100720048803053, "primary": 1.793618086876296}}, "TCC|TCG": {"individual": [], "joint": {"secondary": 0.9379245967427892, "primary": 1.633735824497579}}, "TCC|TCT": {"individual": [], "joint": {"secondary": 0.9995746772282813, "primary": 1.966443628561382}}, "TCG|TCT": {"individual": [], "joint": {"secondary": 0.9423274057036366, "primary": 1.722568962583112}}, "TGC|TGT": {"individual": [], "joint": {"secondary": 1.178254504753071, "primary": 1.971184964900707}}, "TTA|TTG": {"individual": [], "joint": {"secondary": 0.8793121548099174, "primary": 0.7930015130415924}}, "TTC|TTT": {"individual": [], "joint": {"secondary": 0.9998412152742572, "primary": 0.7033847425086533}}, "model_mixture_p": 0.5999663908397147}