{"baseline-AICc": {"individual": [], "joint": 311781.7920883234}, "baseline-loglikelihood": {"individual": [], "joint": -151728.0471441337}, "joint-AICc": {"individual": [], "joint": 312785.8852046104}, "joint-loglikelihood": {"individual": [], "joint": -151313.5573677539}, "AAA|AAG": {"individual": [], "joint": {"secondary": 0.9556232784469704, "primary": 0.861345339118505}}, "AAC|AAT": {"individual": [], "joint": {"secondary": 0.9939781799705772, "primary": 0.784023277932891}}, "ACA|ACC": {"individual": [], "joint": {"secondary": 0.935607716422814, "primary": 0.5191213391778231}}, "ACA|ACG": {"individual": [], "joint": {"secondary": 0.9591232599808381, "primary": 0.8442884272151326}}, "ACA|ACT": {"individual": [], "joint": {"secondary": 0.6257106657197666, "primary": 0.8644692982615769}}, "ACC|ACG": {"individual": [], "joint": {"secondary": 0.9597260630806381, "primary": 0.6148088195913463}}, "ACC|ACT": {"individual": [], "joint": {"secondary": 1.005425900388506, "primary": 0.6146047808986428}}, "ACG|ACT": {"individual": [], "joint": {"secondary": 1.107383857309766, "primary": 0.5658159309145202}}, "AGA|AGG": {"individual": [], "joint": {"secondary": 0.9109765766598122, "primary": 0.743900784889648}}, "AGA|CGA": {"individual": [], "joint": {"secondary": 0.9716425938191222, "primary": 0.9073090949134948}}, "AGC|AGT": {"individual": [], "joint": {"secondary": 1.136960690959572, "primary": 0.8844199550487474}}, "AGG|CGG": {"individual": [], "joint": {"secondary": 0.9044281162177641, "primary": 0.842860936461821}}, "ATA|ATC": {"individual": [], "joint": {"secondary": 0.9685601020991883, "primary": 0.8244227526219716}}, "ATA|ATT": {"individual": [], "joint": {"secondary": 0.9419381994918081, "primary": 1.039252728861072}}, "ATC|ATT": {"individual": [], "joint": {"secondary": 1.141425111239765, "primary": 0.7993596567505741}}, "CAA|CAG": {"individual": [], "joint": {"secondary": 0.9507562080446595, "primary": 0.8011473282377795}}, "CAC|CAT": {"individual": [], "joint": {"secondary": 0.9703948308442524, "primary": 0.7814765496097382}}, "CCA|CCC": {"individual": [], "joint": {"secondary": 0.8924561009877614, "primary": 1.01226600760817}}, "CCA|CCG": {"individual": [], "joint": {"secondary": 0.9534711389665262, "primary": 0.8218220029481631}}, "CCA|CCT": {"individual": [], "joint": {"secondary": 1.247545161492838, "primary": 0.9243800424815277}}, "CCC|CCG": {"individual": [], "joint": {"secondary": 0.8914819627338976, "primary": 0.5822977312370818}}, "CCC|CCT": {"individual": [], "joint": {"secondary": 1.065510242379643, "primary": 0.807000099606681}}, "CCG|CCT": {"individual": [], "joint": {"secondary": 0.9529225033003067, "primary": 0.634059267553098}}, "CGA|CGC": {"individual": [], "joint": {"secondary": 1.004895719681394, "primary": 0.8017942127993462}}, "CGA|CGG": {"individual": [], "joint": {"secondary": 1.005815897988223, "primary": 0.8002807435569835}}, "CGA|CGT": {"individual": [], "joint": {"secondary": 0.9080182569578079, "primary": 0.8655313277825699}}, "CGC|CGG": {"individual": [], "joint": {"secondary": 0.8757755014666105, "primary": 1.879941137206184}}, "CGC|CGT": {"individual": [], "joint": {"secondary": 0.8556106716429676, "primary": 1.703877488310366}}, "CGG|CGT": {"individual": [], "joint": {"secondary": 1.311936801185323, "primary": 0.727795091646298}}, "CTA|CTC": {"individual": [], "joint": {"secondary": 1.1049460099001, "primary": 0.6515208456687562}}, "CTA|CTG": {"individual": [], "joint": {"secondary": 0.9586739860455483, "primary": 0.6638192838340897}}, "CTA|CTT": {"individual": [], "joint": {"secondary": 0.8785156768712092, "primary": 0.6959307116957478}}, "CTA|TTA": {"individual": [], "joint": {"secondary": 1.059074575529215, "primary": 0.6412344406264381}}, "CTC|CTG": {"individual": [], "joint": {"secondary": 0.9970401046289128, "primary": 0.7412079137434806}}, "CTC|CTT": {"individual": [], "joint": {"secondary": 0.9609111196640877, "primary": 0.8201912293078871}}, "CTG|CTT": {"individual": [], "joint": {"secondary": 1.124620644056452, "primary": 0.6601868444892537}}, "CTG|TTG": {"individual": [], "joint": {"secondary": 0.9849479759381844, "primary": 0.6665358860636795}}, "GAA|GAG": {"individual": [], "joint": {"secondary": 0.892325598378123, "primary": 0.8575551718133917}}, "GAC|GAT": {"individual": [], "joint": {"secondary": 0.9934965519464245, "primary": 0.5991237606909573}}, "GCA|GCC": {"individual": [], "joint": {"secondary": 1.043366667003449, "primary": 0.7919307451516913}}, "GCA|GCG": {"individual": [], "joint": {"secondary": 1.005815508168249, "primary": 0.8217091071728513}}, "GCA|GCT": {"individual": [], "joint": {"secondary": 0.7764462543045425, "primary": 0.5265221618258447}}, "GCC|GCG": {"individual": [], "joint": {"secondary": 1.055847186103128, "primary": 0.6112326588109811}}, "GCC|GCT": {"individual": [], "joint": {"secondary": 1.016049460240955, "primary": 0.7295195569512689}}, "GCG|GCT": {"individual": [], "joint": {"secondary": 0.8343372380926719, "primary": 0.6123628238999432}}, "GGA|GGC": {"individual": [], "joint": {"secondary": 0.8662892689322572, "primary": 0.7277395552702105}}, "GGA|GGG": {"individual": [], "joint": {"secondary": 1.082255309877202, "primary": 0.9149443279805445}}, "GGA|GGT": {"individual": [], "joint": {"secondary": 1.085470046179444, "primary": 0.9415830108850783}}, "GGC|GGG": {"individual": [], "joint": {"secondary": 1.139900491844271, "primary": 0.7122358315667924}}, "GGC|GGT": {"individual": [], "joint": {"secondary": 0.8228525874041624, "primary": 1.92931072849806}}, "GGG|GGT": {"individual": [], "joint": {"secondary": 1.005618329115451, "primary": 1.79112584006592}}, "GTA|GTC": {"individual": [], "joint": {"secondary": 0.9015408937062328, "primary": 1.417253761149102}}, "GTA|GTG": {"individual": [], "joint": {"secondary": 1.110433265427818, "primary": 1.738317265093863}}, "GTA|GTT": {"individual": [], "joint": {"secondary": 1.241389318472803, "primary": 1.602733507180507}}, "GTC|GTG": {"individual": [], "joint": {"secondary": 1.028529455581999, "primary": 1.876676795281431}}, "GTC|GTT": {"individual": [], "joint": {"secondary": 1.00463869379211, "primary": 2.034027002450401}}, "GTG|GTT": {"individual": [], "joint": {"secondary": 0.8727963276651124, "primary": 0.5035774548759007}}, "TAC|TAT": {"individual": [], "joint": {"secondary": 0.9495857503128154, "primary": 0.6705588292761451}}, "TCA|TCC": {"individual": [], "joint": {"secondary": 1.109627034664748, "primary": 1.642544020300476}}, "TCA|TCG": {"individual": [], "joint": {"secondary": 1.065988569845229, "primary": 1.611666967473398}}, "TCA|TCT": {"individual": [], "joint": {"secondary": 1.317470201456441, "primary": 2.002206089060404}}, "TCC|TCG": {"individual": [], "joint": {"secondary": 0.9958876776568814, "primary": 1.703309611269932}}, "TCC|TCT": {"individual": [], "joint": {"secondary": 1.076686650615673, "primary": 2.004813971562717}}, "TCG|TCT": {"individual": [], "joint": {"secondary": 1.264453748287658, "primary": 1.767559231143208}}, "TGC|TGT": {"individual": [], "joint": {"secondary": 0.9635362713417222, "primary": 2.004683124431302}}, "TTA|TTG": {"individual": [], "joint": {"secondary": 1.000444111551432, "primary": 0.7159220708039541}}, "TTC|TTT": {"individual": [], "joint": {"secondary": 1.003090129918143, "primary": 0.7429557093926068}}, "model_mixture_p": 0.2499207240693906}