{"baseline-AICc": {"individual": [], "joint": 357033.8986704899}, "baseline-loglikelihood": {"individual": [], "joint": -175180.2483335657}, "joint-AICc": {"individual": [], "joint": 356765.8841594537}, "joint-loglikelihood": {"individual": [], "joint": -174146.5234865234}, "AAA|AAG": {"individual": [], "joint": {"secondary": 0.5263912371344535, "primary": 0.5147768196397362}}, "AAC|AAT": {"individual": [], "joint": {"secondary": 0.4275276860500768, "primary": 0.4161007438602395}}, "ACA|ACC": {"individual": [], "joint": {"secondary": 0.523482212441099, "primary": 0.3881133621305197}}, "ACA|ACG": {"individual": [], "joint": {"secondary": 0.6121565036153287, "primary": 0.4431775029364894}}, "ACA|ACT": {"individual": [], "joint": {"secondary": 0.8502722091171616, "primary": 0.3495181637150732}}, "ACC|ACG": {"individual": [], "joint": {"secondary": 0.3559312910849006, "primary": 0.4078215364123966}}, "ACC|ACT": {"individual": [], "joint": {"secondary": 0.5834754923124177, "primary": 0.4296468344912033}}, "ACG|ACT": {"individual": [], "joint": {"secondary": 0.4431400279571071, "primary": 0.4458043882758226}}, "AGA|AGG": {"individual": [], "joint": {"secondary": 0.6153126890574675, "primary": 0.4307971858779284}}, "AGA|CGA": {"individual": [], "joint": {"secondary": 0.5754713873932757, "primary": 0.5101926438242659}}, "AGC|AGT": {"individual": [], "joint": {"secondary": 0.4710812218727838, "primary": 0.3356979369810272}}, "AGG|CGG": {"individual": [], "joint": {"secondary": 1.13758559740103, "primary": 1.386617353377807}}, "ATA|ATC": {"individual": [], "joint": {"secondary": 0.4934951848691508, "primary": 0.3931365315103702}}, "ATA|ATT": {"individual": [], "joint": {"secondary": 0.8969676172891217, "primary": 0.4093236824553076}}, "ATC|ATT": {"individual": [], "joint": {"secondary": 0.4351283063766412, "primary": 0.4346955998496606}}, "CAA|CAG": {"individual": [], "joint": {"secondary": 0.5838278243136967, "primary": 0.4793603391879002}}, "CAC|CAT": {"individual": [], "joint": {"secondary": 0.3764841555265088, "primary": 0.4931588695749485}}, "CCA|CCC": {"individual": [], "joint": {"secondary": 1.441003788295104, "primary": 1.025499835891822}}, "CCA|CCG": {"individual": [], "joint": {"secondary": 1.318666313092892, "primary": 1.220245320190235}}, "CCA|CCT": {"individual": [], "joint": {"secondary": 1.127763817605143, "primary": 0.887993036669547}}, "CCC|CCG": {"individual": [], "joint": {"secondary": 1.186420204200079, "primary": 1.124534324808256}}, "CCC|CCT": {"individual": [], "joint": {"secondary": 1.013793695244821, "primary": 1.416479762162574}}, "CCG|CCT": {"individual": [], "joint": {"secondary": 1.114927891590912, "primary": 0.9750445480172715}}, "CGA|CGC": {"individual": [], "joint": {"secondary": 0.7911449983472671, "primary": 1.304316759825983}}, "CGA|CGG": {"individual": [], "joint": {"secondary": 1.210818770739438, "primary": 1.255722098506838}}, "CGA|CGT": {"individual": [], "joint": {"secondary": 1.208555304434217, "primary": 1.623361292273169}}, "CGC|CGG": {"individual": [], "joint": {"secondary": 1.158509710116366, "primary": 1.014598785386318}}, "CGC|CGT": {"individual": [], "joint": {"secondary": 1.216044746578959, "primary": 1.051011289856991}}, "CGG|CGT": {"individual": [], "joint": {"secondary": 0.9539293359775068, "primary": 1.19493363214071}}, "CTA|CTC": {"individual": [], "joint": {"secondary": 1.419678079034373, "primary": 1.195393392145299}}, "CTA|CTG": {"individual": [], "joint": {"secondary": 0.9695436862493843, "primary": 1.234767262463101}}, "CTA|CTT": {"individual": [], "joint": {"secondary": 1.203911154030477, "primary": 1.317547460423945}}, "CTA|TTA": {"individual": [], "joint": {"secondary": 0.9952140616147608, "primary": 1.279925111943803}}, "CTC|CTG": {"individual": [], "joint": {"secondary": 1.102643659380992, "primary": 1.168704088574458}}, "CTC|CTT": {"individual": [], "joint": {"secondary": 1.091242131770797, "primary": 1.280400863970559}}, "CTG|CTT": {"individual": [], "joint": {"secondary": 0.9328139555595089, "primary": 1.229188842523919}}, "CTG|TTG": {"individual": [], "joint": {"secondary": 1.16263905292693, "primary": 1.169646112061803}}, "GAA|GAG": {"individual": [], "joint": {"secondary": 1.325878698576615, "primary": 1.158583258080684}}, "GAC|GAT": {"individual": [], "joint": {"secondary": 1.460964017047741, "primary": 1.29848579533062}}, "GCA|GCC": {"individual": [], "joint": {"secondary": 1.161043400679987, "primary": 1.142951103085872}}, "GCA|GCG": {"individual": [], "joint": {"secondary": 1.063753561624887, "primary": 1.156000608416183}}, "GCA|GCT": {"individual": [], "joint": {"secondary": 0.3952176884024361, "primary": 0.4608383984507271}}, "GCC|GCG": {"individual": [], "joint": {"secondary": 1.138701846158657, "primary": 1.093370783985267}}, "GCC|GCT": {"individual": [], "joint": {"secondary": 1.423057337241489, "primary": 1.051112021115379}}, "GCG|GCT": {"individual": [], "joint": {"secondary": 1.075739837942364, "primary": 1.232717916528516}}, "GGA|GGC": {"individual": [], "joint": {"secondary": 1.078243313206136, "primary": 1.315003136064024}}, "GGA|GGG": {"individual": [], "joint": {"secondary": 1.137151081921925, "primary": 1.226741344163959}}, "GGA|GGT": {"individual": [], "joint": {"secondary": 1.482075732189558, "primary": 1.334423167639558}}, "GGC|GGG": {"individual": [], "joint": {"secondary": 1.093841506455743, "primary": 1.098697759318289}}, "GGC|GGT": {"individual": [], "joint": {"secondary": 1.060417783088017, "primary": 1.122588856836598}}, "GGG|GGT": {"individual": [], "joint": {"secondary": 0.859126851505704, "primary": 1.227497855334291}}, "GTA|GTC": {"individual": [], "joint": {"secondary": 1.431007701185842, "primary": 1.018910901374594}}, "GTA|GTG": {"individual": [], "joint": {"secondary": 1.16480039023227, "primary": 1.225800282013652}}, "GTA|GTT": {"individual": [], "joint": {"secondary": 1.439327519581841, "primary": 1.258525114164499}}, "GTC|GTG": {"individual": [], "joint": {"secondary": 1.097479758083196, "primary": 1.104482561430135}}, "GTC|GTT": {"individual": [], "joint": {"secondary": 1.304857926312281, "primary": 1.159094938779841}}, "GTG|GTT": {"individual": [], "joint": {"secondary": 1.289205506781431, "primary": 1.27538439626182}}, "TAC|TAT": {"individual": [], "joint": {"secondary": 1.21133588659159, "primary": 1.129428779228063}}, "TCA|TCC": {"individual": [], "joint": {"secondary": 1.227608160777546, "primary": 1.266587229577198}}, "TCA|TCG": {"individual": [], "joint": {"secondary": 0.9223076604359531, "primary": 1.229240642683705}}, "TCA|TCT": {"individual": [], "joint": {"secondary": 0.4628012204534201, "primary": 1.050894972697458}}, "TCC|TCG": {"individual": [], "joint": {"secondary": 0.9606414622408933, "primary": 1.134006697377067}}, "TCC|TCT": {"individual": [], "joint": {"secondary": 1.275273828660564, "primary": 1.227875285467729}}, "TCG|TCT": {"individual": [], "joint": {"secondary": 1.127286821218409, "primary": 1.120765075890362}}, "TGC|TGT": {"individual": [], "joint": {"secondary": 1.088474727519388, "primary": 1.210297154491188}}, "TTA|TTG": {"individual": [], "joint": {"secondary": 1.10429905890006, "primary": 1.239150348851034}}, "TTC|TTT": {"individual": [], "joint": {"secondary": 1.611084714381891, "primary": 1.193290301424404}}, "model_mixture_p": 0.8125510490324407}