{"baseline-AICc": {"individual": [], "joint": 439378.2309894293}, "baseline-loglikelihood": {"individual": [], "joint": -215440.1389996557}, "joint-AICc": {"individual": [], "joint": 438445.0320914225}, "joint-loglikelihood": {"individual": [], "joint": -214032.6947553178}, "AAA|AAG": {"individual": [], "joint": {"secondary": 0.7467274289429247, "primary": 0.8009026528043174}}, "AAC|AAT": {"individual": [], "joint": {"secondary": 0.8720363519875938, "primary": 0.8712785131237835}}, "ACA|ACC": {"individual": [], "joint": {"secondary": 0.5825902028921417, "primary": 0.7241719866074101}}, "ACA|ACG": {"individual": [], "joint": {"secondary": 0.7347495992859193, "primary": 0.7369792808731139}}, "ACA|ACT": {"individual": [], "joint": {"secondary": 1.130936884424853, "primary": 0.7927080464963765}}, "ACC|ACG": {"individual": [], "joint": {"secondary": 0.7363062270830814, "primary": 0.646220941860649}}, "ACC|ACT": {"individual": [], "joint": {"secondary": 0.8791463776780595, "primary": 0.734534936253908}}, "ACG|ACT": {"individual": [], "joint": {"secondary": 0.9247272290509732, "primary": 0.7539339345285905}}, "AGA|AGG": {"individual": [], "joint": {"secondary": 0.8753908079402314, "primary": 0.8085423082164725}}, "AGA|CGA": {"individual": [], "joint": {"secondary": 1.177929006087869, "primary": 0.751775063549993}}, "AGC|AGT": {"individual": [], "joint": {"secondary": 0.8329084106082179, "primary": 0.7227230184720713}}, "AGG|CGG": {"individual": [], "joint": {"secondary": 0.825699308839531, "primary": 0.7030086258608681}}, "ATA|ATC": {"individual": [], "joint": {"secondary": 0.8898874841274126, "primary": 0.7159322706263282}}, "ATA|ATT": {"individual": [], "joint": {"secondary": 0.8808415482561172, "primary": 0.7113265777289985}}, "ATC|ATT": {"individual": [], "joint": {"secondary": 1.032474741536147, "primary": 0.7619484258550626}}, "CAA|CAG": {"individual": [], "joint": {"secondary": 1.003031226200074, "primary": 0.7658860700054587}}, "CAC|CAT": {"individual": [], "joint": {"secondary": 0.9278498067236246, "primary": 0.7639628649745603}}, "CCA|CCC": {"individual": [], "joint": {"secondary": 1.177351305483271, "primary": 0.7404292535801813}}, "CCA|CCG": {"individual": [], "joint": {"secondary": 0.9073870797331413, "primary": 0.86791339641599}}, "CCA|CCT": {"individual": [], "joint": {"secondary": 0.9636806719341655, "primary": 0.6513615218160179}}, "CCC|CCG": {"individual": [], "joint": {"secondary": 0.8286201525829857, "primary": 0.694123024228286}}, "CCC|CCT": {"individual": [], "joint": {"secondary": 1.031852063429104, "primary": 0.7842731281471939}}, "CCG|CCT": {"individual": [], "joint": {"secondary": 0.801807937850111, "primary": 0.4915610021266881}}, "CGA|CGC": {"individual": [], "joint": {"secondary": 1.239141058921286, "primary": 0.8356002535239223}}, "CGA|CGG": {"individual": [], "joint": {"secondary": 0.6305074238747852, "primary": 0.7758262256627816}}, "CGA|CGT": {"individual": [], "joint": {"secondary": 0.6784941487069271, "primary": 0.6543007583850505}}, "CGC|CGG": {"individual": [], "joint": {"secondary": 1.988250603850845, "primary": 1.741334736862917}}, "CGC|CGT": {"individual": [], "joint": {"secondary": 2.441122007394134, "primary": 1.869331434865946}}, "CGG|CGT": {"individual": [], "joint": {"secondary": 0.9961875619744407, "primary": 0.5507778072975356}}, "CTA|CTC": {"individual": [], "joint": {"secondary": 0.7480539007103406, "primary": 0.7019387361194596}}, "CTA|CTG": {"individual": [], "joint": {"secondary": 0.8460961258270903, "primary": 0.6967979077249127}}, "CTA|CTT": {"individual": [], "joint": {"secondary": 0.6292426775516573, "primary": 0.6439787238259996}}, "CTA|TTA": {"individual": [], "joint": {"secondary": 0.9909381785421346, "primary": 0.7050869655383362}}, "CTC|CTG": {"individual": [], "joint": {"secondary": 0.9112330419446112, "primary": 0.6619858027990752}}, "CTC|CTT": {"individual": [], "joint": {"secondary": 0.923525788466461, "primary": 0.7587956691986076}}, "CTG|CTT": {"individual": [], "joint": {"secondary": 1.039398414353722, "primary": 0.7553026119610052}}, "CTG|TTG": {"individual": [], "joint": {"secondary": 0.8614484606968124, "primary": 0.7347670504882385}}, "GAA|GAG": {"individual": [], "joint": {"secondary": 0.9025146914833837, "primary": 0.791652243351059}}, "GAC|GAT": {"individual": [], "joint": {"secondary": 0.931852193107259, "primary": 0.7306306954990232}}, "GCA|GCC": {"individual": [], "joint": {"secondary": 0.7674653955970323, "primary": 0.8276922028643899}}, "GCA|GCG": {"individual": [], "joint": {"secondary": 0.7674197096307601, "primary": 0.8189325383200089}}, "GCA|GCT": {"individual": [], "joint": {"secondary": 0.6543116194378161, "primary": 0.5930320206874351}}, "GCC|GCG": {"individual": [], "joint": {"secondary": 0.8469753345265771, "primary": 0.6744429119245409}}, "GCC|GCT": {"individual": [], "joint": {"secondary": 0.8473068607857088, "primary": 0.7891054268192015}}, "GCG|GCT": {"individual": [], "joint": {"secondary": 0.7515049020284212, "primary": 0.6603984183089016}}, "GGA|GGC": {"individual": [], "joint": {"secondary": 1.216617502992789, "primary": 0.7047207703875277}}, "GGA|GGG": {"individual": [], "joint": {"secondary": 0.7613480770294649, "primary": 0.8230527708322752}}, "GGA|GGT": {"individual": [], "joint": {"secondary": 0.8577387372976621, "primary": 0.7570963447607346}}, "GGC|GGG": {"individual": [], "joint": {"secondary": 0.799960404540866, "primary": 0.6987013507770927}}, "GGC|GGT": {"individual": [], "joint": {"secondary": 0.6910200866161406, "primary": 1.81528308620538}}, "GGG|GGT": {"individual": [], "joint": {"secondary": 2.236930672890398, "primary": 1.560099703430148}}, "GTA|GTC": {"individual": [], "joint": {"secondary": 0.7778369947624898, "primary": 2.133735494724587}}, "GTA|GTG": {"individual": [], "joint": {"secondary": 2.206227749559905, "primary": 2.024400298900316}}, "GTA|GTT": {"individual": [], "joint": {"secondary": 1.142122391384797, "primary": 1.975194808611151}}, "GTC|GTG": {"individual": [], "joint": {"secondary": 0.9188384776796876, "primary": 1.79102896826374}}, "GTC|GTT": {"individual": [], "joint": {"secondary": 0.8167358828498635, "primary": 1.953429815695917}}, "GTG|GTT": {"individual": [], "joint": {"secondary": 0.8884359204422662, "primary": 0.8191304711087074}}, "TAC|TAT": {"individual": [], "joint": {"secondary": 0.8990316284023364, "primary": 0.7423458004380246}}, "TCA|TCC": {"individual": [], "joint": {"secondary": 2.160282469201055, "primary": 2.039647671565282}}, "TCA|TCG": {"individual": [], "joint": {"secondary": 2.197528542488205, "primary": 1.954632320690606}}, "TCA|TCT": {"individual": [], "joint": {"secondary": 0.7346517291039831, "primary": 1.748308925422065}}, "TCC|TCG": {"individual": [], "joint": {"secondary": 0.9165872565010234, "primary": 1.546399185131655}}, "TCC|TCT": {"individual": [], "joint": {"secondary": 1.126130532574414, "primary": 1.732102289520628}}, "TCG|TCT": {"individual": [], "joint": {"secondary": 0.8217113699044044, "primary": 1.947233370701822}}, "TGC|TGT": {"individual": [], "joint": {"secondary": 1.106210299846837, "primary": 1.589463739826612}}, "TTA|TTG": {"individual": [], "joint": {"secondary": 0.7420794656636513, "primary": 0.8570639650361196}}, "TTC|TTT": {"individual": [], "joint": {"secondary": 0.8250518561779961, "primary": 0.8197208617889681}}, "model_mixture_p": 0.7498108886116417}