{"baseline-AICc": {"individual": [], "joint": 396467.4538418952}, "baseline-loglikelihood": {"individual": [], "joint": -194005.6146543722}, "joint-AICc": {"individual": [], "joint": 395906.301028422}, "joint-loglikelihood": {"individual": [], "joint": -192791.4806958988}, "AAA|AAG": {"individual": [], "joint": {"secondary": 1.077528784416921, "primary": 0.7949305889223284}}, "AAC|AAT": {"individual": [], "joint": {"secondary": 1.090254412085109, "primary": 0.7108291635368716}}, "ACA|ACC": {"individual": [], "joint": {"secondary": 0.9210997919136197, "primary": 0.792826817277129}}, "ACA|ACG": {"individual": [], "joint": {"secondary": 0.9179814619505418, "primary": 0.7696512685738338}}, "ACA|ACT": {"individual": [], "joint": {"secondary": 0.923357807193813, "primary": 0.5896748673243263}}, "ACC|ACG": {"individual": [], "joint": {"secondary": 1.045891755592017, "primary": 0.682988146830934}}, "ACC|ACT": {"individual": [], "joint": {"secondary": 0.8009611582656664, "primary": 0.7685826883849461}}, "ACG|ACT": {"individual": [], "joint": {"secondary": 0.8723751050028542, "primary": 0.71286494909344}}, "AGA|AGG": {"individual": [], "joint": {"secondary": 0.7062379826660804, "primary": 0.8510985474449063}}, "AGA|CGA": {"individual": [], "joint": {"secondary": 1.107730273623045, "primary": 0.8369282660769729}}, "AGC|AGT": {"individual": [], "joint": {"secondary": 1.000866072773453, "primary": 0.7043388962526445}}, "AGG|CGG": {"individual": [], "joint": {"secondary": 1.16795201398992, "primary": 0.6916850391692607}}, "ATA|ATC": {"individual": [], "joint": {"secondary": 1.167601933419933, "primary": 0.791662536344108}}, "ATA|ATT": {"individual": [], "joint": {"secondary": 1.09670926869004, "primary": 0.6604299559407671}}, "ATC|ATT": {"individual": [], "joint": {"secondary": 0.9990361261858629, "primary": 0.8158664322519171}}, "CAA|CAG": {"individual": [], "joint": {"secondary": 1.163976927916978, "primary": 0.7956053568762053}}, "CAC|CAT": {"individual": [], "joint": {"secondary": 0.8145945655201351, "primary": 0.7337544573726028}}, "CCA|CCC": {"individual": [], "joint": {"secondary": 1.444256007220392, "primary": 0.7399444395415656}}, "CCA|CCG": {"individual": [], "joint": {"secondary": 1.036306883822762, "primary": 0.7290855785876038}}, "CCA|CCT": {"individual": [], "joint": {"secondary": 0.5926490698801578, "primary": 0.7514456304290862}}, "CCC|CCG": {"individual": [], "joint": {"secondary": 0.9346825011984611, "primary": 0.6542712512997398}}, "CCC|CCT": {"individual": [], "joint": {"secondary": 1.032051158815168, "primary": 0.8106752594943714}}, "CCG|CCT": {"individual": [], "joint": {"secondary": 1.315641873768685, "primary": 0.5666202789358449}}, "CGA|CGC": {"individual": [], "joint": {"secondary": 1.291068611396191, "primary": 0.5844627971588068}}, "CGA|CGG": {"individual": [], "joint": {"secondary": 1.224913037204926, "primary": 0.8993232518849327}}, "CGA|CGT": {"individual": [], "joint": {"secondary": 1.045303357937274, "primary": 0.705479409749256}}, "CGC|CGG": {"individual": [], "joint": {"secondary": 1.294539975289831, "primary": 1.770780098659615}}, "CGC|CGT": {"individual": [], "joint": {"secondary": 1.078901529396826, "primary": 1.744494306664649}}, "CGG|CGT": {"individual": [], "joint": {"secondary": 0.9480991799083216, "primary": 0.6452644129945305}}, "CTA|CTC": {"individual": [], "joint": {"secondary": 0.8294224793496686, "primary": 0.7015373794298857}}, "CTA|CTG": {"individual": [], "joint": {"secondary": 0.7368026588307369, "primary": 0.8617889624363552}}, "CTA|CTT": {"individual": [], "joint": {"secondary": 1.417816356319522, "primary": 0.7994168672821971}}, "CTA|TTA": {"individual": [], "joint": {"secondary": 1.019270608145876, "primary": 0.8219929136013444}}, "CTC|CTG": {"individual": [], "joint": {"secondary": 1.096121973412977, "primary": 0.6852829210608394}}, "CTC|CTT": {"individual": [], "joint": {"secondary": 0.8049292020090013, "primary": 0.7394057908676885}}, "CTG|CTT": {"individual": [], "joint": {"secondary": 0.8357092285604288, "primary": 0.6349532644604589}}, "CTG|TTG": {"individual": [], "joint": {"secondary": 0.9792870106386592, "primary": 0.7266051762111805}}, "GAA|GAG": {"individual": [], "joint": {"secondary": 0.9169921968503, "primary": 0.8085970173220396}}, "GAC|GAT": {"individual": [], "joint": {"secondary": 0.9452570581037524, "primary": 0.7937792826995259}}, "GCA|GCC": {"individual": [], "joint": {"secondary": 0.7079289430569117, "primary": 0.7606594833593022}}, "GCA|GCG": {"individual": [], "joint": {"secondary": 1.193236629597732, "primary": 0.8444136509810234}}, "GCA|GCT": {"individual": [], "joint": {"secondary": 0.9169278846632511, "primary": 0.8171837566560282}}, "GCC|GCG": {"individual": [], "joint": {"secondary": 0.9215331035131762, "primary": 0.6710596725396998}}, "GCC|GCT": {"individual": [], "joint": {"secondary": 1.134348179584886, "primary": 0.6580830726289965}}, "GCG|GCT": {"individual": [], "joint": {"secondary": 0.8731742616171586, "primary": 0.8332551146535151}}, "GGA|GGC": {"individual": [], "joint": {"secondary": 0.7230539303649035, "primary": 0.6513611873107239}}, "GGA|GGG": {"individual": [], "joint": {"secondary": 1.002441241304406, "primary": 0.7393917369721356}}, "GGA|GGT": {"individual": [], "joint": {"secondary": 2.012032490380375, "primary": 0.7902356430664553}}, "GGC|GGG": {"individual": [], "joint": {"secondary": 1.114979422791408, "primary": 0.6863172527159198}}, "GGC|GGT": {"individual": [], "joint": {"secondary": 0.9587299800949227, "primary": 1.874361323674068}}, "GGG|GGT": {"individual": [], "joint": {"secondary": 0.53131177246059, "primary": 1.764763849972863}}, "GTA|GTC": {"individual": [], "joint": {"secondary": 1.160324466418406, "primary": 2.011448636139733}}, "GTA|GTG": {"individual": [], "joint": {"secondary": 0.7572626925100444, "primary": 1.922985564581489}}, "GTA|GTT": {"individual": [], "joint": {"secondary": 0.7160467791009671, "primary": 1.895621515269345}}, "GTC|GTG": {"individual": [], "joint": {"secondary": 0.8341687858532615, "primary": 1.677249419221856}}, "GTC|GTT": {"individual": [], "joint": {"secondary": 1.146075402448555, "primary": 1.94347428115424}}, "GTG|GTT": {"individual": [], "joint": {"secondary": 1.108096021803239, "primary": 0.738718051087193}}, "TAC|TAT": {"individual": [], "joint": {"secondary": 1.0771883599667, "primary": 0.6007118310949598}}, "TCA|TCC": {"individual": [], "joint": {"secondary": 0.6723295935777156, "primary": 1.610820018192862}}, "TCA|TCG": {"individual": [], "joint": {"secondary": 0.7886856505559394, "primary": 2.00487310157287}}, "TCA|TCT": {"individual": [], "joint": {"secondary": 0.7578743005824378, "primary": 1.874552891344508}}, "TCC|TCG": {"individual": [], "joint": {"secondary": 1.074793770563258, "primary": 1.787586572171832}}, "TCC|TCT": {"individual": [], "joint": {"secondary": 1.016853859325265, "primary": 1.869288707224219}}, "TCG|TCT": {"individual": [], "joint": {"secondary": 0.8995378650286413, "primary": 1.522444657892064}}, "TGC|TGT": {"individual": [], "joint": {"secondary": 0.846963141795933, "primary": 2.053900846103975}}, "TTA|TTG": {"individual": [], "joint": {"secondary": 1.343992633130493, "primary": 0.7717681250804308}}, "TTC|TTT": {"individual": [], "joint": {"secondary": 1.015931438643511, "primary": 0.7445457688929582}}, "model_mixture_p": 0.7498301700108776}