{"baseline-AICc": {"individual": [], "joint": 351233.5352820719}, "baseline-loglikelihood": {"individual": [], "joint": -172280.0666393567}, "joint-AICc": {"individual": [], "joint": 350496.9241408357}, "joint-loglikelihood": {"individual": [], "joint": -171012.0434772144}, "AAA|AAG": {"individual": [], "joint": {"secondary": 0.6119330445182638, "primary": 0.7836999470276972}}, "AAC|AAT": {"individual": [], "joint": {"secondary": 0.5131673039768668, "primary": 0.7593178468116358}}, "ACA|ACC": {"individual": [], "joint": {"secondary": 0.5602087981322879, "primary": 0.7885143441678338}}, "ACA|ACG": {"individual": [], "joint": {"secondary": 0.8286733581667245, "primary": 0.7374190866531727}}, "ACA|ACT": {"individual": [], "joint": {"secondary": 1.027862148302114, "primary": 0.748595960074848}}, "ACC|ACG": {"individual": [], "joint": {"secondary": 0.7041868332230081, "primary": 0.6201370791717145}}, "ACC|ACT": {"individual": [], "joint": {"secondary": 0.2323863283458789, "primary": 0.7730265366610614}}, "ACG|ACT": {"individual": [], "joint": {"secondary": 1.238265437769355, "primary": 0.6288501511427835}}, "AGA|AGG": {"individual": [], "joint": {"secondary": 1.027496715621326, "primary": 0.7774762089354239}}, "AGA|CGA": {"individual": [], "joint": {"secondary": 0.6814641673713816, "primary": 0.7042075440459955}}, "AGC|AGT": {"individual": [], "joint": {"secondary": 0.5838501422662692, "primary": 0.7635016629829192}}, "AGG|CGG": {"individual": [], "joint": {"secondary": 0.7371308436211185, "primary": 0.7414078933335834}}, "ATA|ATC": {"individual": [], "joint": {"secondary": 0.1282879768515537, "primary": 0.7365256079725894}}, "ATA|ATT": {"individual": [], "joint": {"secondary": 0.2582033391934125, "primary": 0.7280601526429167}}, "ATC|ATT": {"individual": [], "joint": {"secondary": 0.7854862690947553, "primary": 0.6860186934936499}}, "CAA|CAG": {"individual": [], "joint": {"secondary": 0.7648756610326259, "primary": 0.6755330466322418}}, "CAC|CAT": {"individual": [], "joint": {"secondary": 0.4328684925032517, "primary": 0.8766279362650253}}, "CCA|CCC": {"individual": [], "joint": {"secondary": 0.6670976976762044, "primary": 0.79106708403984}}, "CCA|CCG": {"individual": [], "joint": {"secondary": 0.9458783576349115, "primary": 0.7927660268335929}}, "CCA|CCT": {"individual": [], "joint": {"secondary": 1.966110919206294, "primary": 0.8498363928035726}}, "CCC|CCG": {"individual": [], "joint": {"secondary": 0.5264230621183191, "primary": 0.7313126188564266}}, "CCC|CCT": {"individual": [], "joint": {"secondary": 0.6441193495649601, "primary": 0.7678572904376695}}, "CCG|CCT": {"individual": [], "joint": {"secondary": 0.6206811391646672, "primary": 0.7178525783499692}}, "CGA|CGC": {"individual": [], "joint": {"secondary": 1.101786013128541, "primary": 0.8450322072119817}}, "CGA|CGG": {"individual": [], "joint": {"secondary": 0.5356663793845697, "primary": 0.8179888209844332}}, "CGA|CGT": {"individual": [], "joint": {"secondary": 0, "primary": 0.9424970088200049}}, "CGC|CGG": {"individual": [], "joint": {"secondary": 2.948793285023772, "primary": 1.604215254346469}}, "CGC|CGT": {"individual": [], "joint": {"secondary": 1.420276285174593, "primary": 1.780891788940001}}, "CGG|CGT": {"individual": [], "joint": {"secondary": 0.3063871073479746, "primary": 0.4932678396020164}}, "CTA|CTC": {"individual": [], "joint": {"secondary": 1.280178823480148, "primary": 0.9481085195305843}}, "CTA|CTG": {"individual": [], "joint": {"secondary": 0.725446043051977, "primary": 0.8210460251637236}}, "CTA|CTT": {"individual": [], "joint": {"secondary": 0.0624943484904637, "primary": 0.7757776102739824}}, "CTA|TTA": {"individual": [], "joint": {"secondary": 1.739858356625388, "primary": 0.7598635460527989}}, "CTC|CTG": {"individual": [], "joint": {"secondary": 0.672875863661309, "primary": 0.6480901974862692}}, "CTC|CTT": {"individual": [], "joint": {"secondary": 1.122807183507025, "primary": 0.703412483221699}}, "CTG|CTT": {"individual": [], "joint": {"secondary": 0.594690233848172, "primary": 0.7066281074528533}}, "CTG|TTG": {"individual": [], "joint": {"secondary": 0.9292265704801123, "primary": 0.7974044715385082}}, "GAA|GAG": {"individual": [], "joint": {"secondary": 0.8439541729306137, "primary": 0.8833535566367798}}, "GAC|GAT": {"individual": [], "joint": {"secondary": 0.9570796157360483, "primary": 0.6859393214889831}}, "GCA|GCC": {"individual": [], "joint": {"secondary": 0.9758943217174405, "primary": 0.696779505070296}}, "GCA|GCG": {"individual": [], "joint": {"secondary": 0.644162141361654, "primary": 0.8309445323598754}}, "GCA|GCT": {"individual": [], "joint": {"secondary": 1.094507915435605, "primary": 0.7913802305398835}}, "GCC|GCG": {"individual": [], "joint": {"secondary": 0.5048210698641489, "primary": 0.6465950760354732}}, "GCC|GCT": {"individual": [], "joint": {"secondary": 0.6586025566173583, "primary": 0.7458127507794746}}, "GCG|GCT": {"individual": [], "joint": {"secondary": 0.4419871128268552, "primary": 0.6541921438493109}}, "GGA|GGC": {"individual": [], "joint": {"secondary": 0.8913958015825644, "primary": 0.8755541939552665}}, "GGA|GGG": {"individual": [], "joint": {"secondary": 0.9514312333430811, "primary": 0.7310575135490278}}, "GGA|GGT": {"individual": [], "joint": {"secondary": 0.6005381589031411, "primary": 0.4885009572725392}}, "GGC|GGG": {"individual": [], "joint": {"secondary": 0.8464020094864254, "primary": 0.6311366628779896}}, "GGC|GGT": {"individual": [], "joint": {"secondary": 2.203805091515115, "primary": 1.868677539881255}}, "GGG|GGT": {"individual": [], "joint": {"secondary": 1.538946756928602, "primary": 1.785980252667686}}, "GTA|GTC": {"individual": [], "joint": {"secondary": 2.490911229254279, "primary": 1.645361938373227}}, "GTA|GTG": {"individual": [], "joint": {"secondary": 2.136361509512752, "primary": 1.959485953139213}}, "GTA|GTT": {"individual": [], "joint": {"secondary": 2.241622685544849, "primary": 1.91374689813443}}, "GTC|GTG": {"individual": [], "joint": {"secondary": 2.013945286975072, "primary": 1.766492827269968}}, "GTC|GTT": {"individual": [], "joint": {"secondary": 1.281173960586741, "primary": 1.75622240590282}}, "GTG|GTT": {"individual": [], "joint": {"secondary": 0.4635165243012754, "primary": 0.6798212292268923}}, "TAC|TAT": {"individual": [], "joint": {"secondary": 0.7907986711949038, "primary": 0.6980042817479093}}, "TCA|TCC": {"individual": [], "joint": {"secondary": 1.130294209911763, "primary": 1.692911315182279}}, "TCA|TCG": {"individual": [], "joint": {"secondary": 1.632780797746947, "primary": 2.087295295644865}}, "TCA|TCT": {"individual": [], "joint": {"secondary": 1.126709454691096, "primary": 1.906094884225198}}, "TCC|TCG": {"individual": [], "joint": {"secondary": 1.460856035127587, "primary": 1.829660884406549}}, "TCC|TCT": {"individual": [], "joint": {"secondary": 1.98713064756773, "primary": 1.946930758452544}}, "TCG|TCT": {"individual": [], "joint": {"secondary": 1.123096960767184, "primary": 1.437952834793133}}, "TGC|TGT": {"individual": [], "joint": {"secondary": 2.231752210151109, "primary": 2.066283398594318}}, "TTA|TTG": {"individual": [], "joint": {"secondary": 1.019488216473971, "primary": 0.8045032363360722}}, "TTC|TTT": {"individual": [], "joint": {"secondary": 0.7888897633844816, "primary": 0.6694920516452336}}, "model_mixture_p": 0.9375000315758535}