{"baseline-AICc": {"individual": [], "joint": 373075.5176774352}, "baseline-loglikelihood": {"individual": [], "joint": -182337.0418912616}, "joint-AICc": {"individual": [], "joint": 372950.8054427418}, "joint-loglikelihood": {"individual": [], "joint": -181345.8539239068}, "AAA|AAG": {"individual": [], "joint": {"secondary": 0.8215108386272306, "primary": 0.9917892305272464}}, "AAC|AAT": {"individual": [], "joint": {"secondary": 0.761255706421655, "primary": 1.162124545896835}}, "ACA|ACC": {"individual": [], "joint": {"secondary": 0.7702465294814081, "primary": 1.056871536763038}}, "ACA|ACG": {"individual": [], "joint": {"secondary": 0.7581977150225089, "primary": 1.15995619672556}}, "ACA|ACT": {"individual": [], "joint": {"secondary": 0.6364653373882475, "primary": 1.066610679876292}}, "ACC|ACG": {"individual": [], "joint": {"secondary": 0.7039835585452221, "primary": 0.9875928751767066}}, "ACC|ACT": {"individual": [], "joint": {"secondary": 0.6541750751298419, "primary": 0.8114128088639481}}, "ACG|ACT": {"individual": [], "joint": {"secondary": 0.6939916375646734, "primary": 0.9954388590343558}}, "AGA|AGG": {"individual": [], "joint": {"secondary": 0.8509426971570964, "primary": 0.9780374368331045}}, "AGA|CGA": {"individual": [], "joint": {"secondary": 0.7757465698505827, "primary": 0.7577018438015852}}, "AGC|AGT": {"individual": [], "joint": {"secondary": 0.7999235582147413, "primary": 0.8781657969147992}}, "AGG|CGG": {"individual": [], "joint": {"secondary": 0.6473220153097398, "primary": 1.038438805011997}}, "ATA|ATC": {"individual": [], "joint": {"secondary": 0.7375168949848756, "primary": 0.8608033068212387}}, "ATA|ATT": {"individual": [], "joint": {"secondary": 0.7045914102893529, "primary": 1.117588756475996}}, "ATC|ATT": {"individual": [], "joint": {"secondary": 0.8623547515470639, "primary": 0.8791317009490995}}, "CAA|CAG": {"individual": [], "joint": {"secondary": 0.7802442988774754, "primary": 0.9942067861029706}}, "CAC|CAT": {"individual": [], "joint": {"secondary": 0.6726747261587845, "primary": 1.14133234549127}}, "CCA|CCC": {"individual": [], "joint": {"secondary": 0.7124928776654023, "primary": 0.7412913018138052}}, "CCA|CCG": {"individual": [], "joint": {"secondary": 0.8109434023749602, "primary": 1.134490164323762}}, "CCA|CCT": {"individual": [], "joint": {"secondary": 0.6811008658742126, "primary": 0.9125826743054818}}, "CCC|CCG": {"individual": [], "joint": {"secondary": 0.6859709226228262, "primary": 0.969772334631724}}, "CCC|CCT": {"individual": [], "joint": {"secondary": 0.7226259694372439, "primary": 1.147198330273909}}, "CCG|CCT": {"individual": [], "joint": {"secondary": 0.7134017586829636, "primary": 1.202419142730839}}, "CGA|CGC": {"individual": [], "joint": {"secondary": 0.6547814556546285, "primary": 1.062741384184836}}, "CGA|CGG": {"individual": [], "joint": {"secondary": 0.8431225129078144, "primary": 0.9366411592719847}}, "CGA|CGT": {"individual": [], "joint": {"secondary": 0.7262173337710464, "primary": 1.283475737429558}}, "CGC|CGG": {"individual": [], "joint": {"secondary": 1.787670867336271, "primary": 0.8533167632555387}}, "CGC|CGT": {"individual": [], "joint": {"secondary": 1.763185492563189, "primary": 1.009794842488321}}, "CGG|CGT": {"individual": [], "joint": {"secondary": 0.5996827913115674, "primary": 1.091470234770016}}, "CTA|CTC": {"individual": [], "joint": {"secondary": 0.7814172890658045, "primary": 0.8308060161710364}}, "CTA|CTG": {"individual": [], "joint": {"secondary": 0.7957454276599542, "primary": 0.8061456459917292}}, "CTA|CTT": {"individual": [], "joint": {"secondary": 0.7541102059287131, "primary": 0.6808904083999184}}, "CTA|TTA": {"individual": [], "joint": {"secondary": 0.738373255820569, "primary": 1.119972263120701}}, "CTC|CTG": {"individual": [], "joint": {"secondary": 0.7124746531982967, "primary": 0.9536070951381228}}, "CTC|CTT": {"individual": [], "joint": {"secondary": 0.7035895430002543, "primary": 0.99799973462068}}, "CTG|CTT": {"individual": [], "joint": {"secondary": 0.6241278602663539, "primary": 0.9604451397672445}}, "CTG|TTG": {"individual": [], "joint": {"secondary": 0.7365940995617751, "primary": 1.084232169451268}}, "GAA|GAG": {"individual": [], "joint": {"secondary": 0.8030766293023927, "primary": 0.9524962669580898}}, "GAC|GAT": {"individual": [], "joint": {"secondary": 0.7299523749499297, "primary": 0.9792292968929251}}, "GCA|GCC": {"individual": [], "joint": {"secondary": 0.9067796708998845, "primary": 1.225249579397628}}, "GCA|GCG": {"individual": [], "joint": {"secondary": 0.7855703090693725, "primary": 1.076946192783738}}, "GCA|GCT": {"individual": [], "joint": {"secondary": 0.5788609197926164, "primary": 1.178302298165979}}, "GCC|GCG": {"individual": [], "joint": {"secondary": 0.6395719095106686, "primary": 1.122000812627862}}, "GCC|GCT": {"individual": [], "joint": {"secondary": 0.7216513389890542, "primary": 0.9822189521418164}}, "GCG|GCT": {"individual": [], "joint": {"secondary": 0.6904088998474931, "primary": 1.001552724416237}}, "GGA|GGC": {"individual": [], "joint": {"secondary": 0.660350119387015, "primary": 1.11332622832093}}, "GGA|GGG": {"individual": [], "joint": {"secondary": 0.7503489606943563, "primary": 0.8111210747677636}}, "GGA|GGT": {"individual": [], "joint": {"secondary": 0.6107662835301745, "primary": 1.052707174986377}}, "GGC|GGG": {"individual": [], "joint": {"secondary": 0.6970955585389168, "primary": 1.073251813058804}}, "GGC|GGT": {"individual": [], "joint": {"secondary": 2.012834468426502, "primary": 0.9577232694668438}}, "GGG|GGT": {"individual": [], "joint": {"secondary": 1.775611389721672, "primary": 0.8710259888015278}}, "GTA|GTC": {"individual": [], "joint": {"secondary": 2.036188765094109, "primary": 0.968347951646366}}, "GTA|GTG": {"individual": [], "joint": {"secondary": 1.966813388772215, "primary": 1.199163960330775}}, "GTA|GTT": {"individual": [], "joint": {"secondary": 1.822764281619806, "primary": 0.8481068950365118}}, "GTC|GTG": {"individual": [], "joint": {"secondary": 1.673024865882582, "primary": 1.101764758114804}}, "GTC|GTT": {"individual": [], "joint": {"secondary": 2.025488942319686, "primary": 1.050030298871673}}, "GTG|GTT": {"individual": [], "joint": {"secondary": 0.6530776100502855, "primary": 0.8462840657581661}}, "TAC|TAT": {"individual": [], "joint": {"secondary": 0.8036783601721651, "primary": 1.065129107088942}}, "TCA|TCC": {"individual": [], "joint": {"secondary": 1.598583517762633, "primary": 0.9445613809318627}}, "TCA|TCG": {"individual": [], "joint": {"secondary": 2.170894439716975, "primary": 0.9375595289278361}}, "TCA|TCT": {"individual": [], "joint": {"secondary": 1.999879682719847, "primary": 1.008096269956102}}, "TCC|TCG": {"individual": [], "joint": {"secondary": 1.780958061156741, "primary": 0.8935518713068934}}, "TCC|TCT": {"individual": [], "joint": {"secondary": 1.617796280261738, "primary": 1.026432376083176}}, "TCG|TCT": {"individual": [], "joint": {"secondary": 2.08931208322042, "primary": 0.8987528499843653}}, "TGC|TGT": {"individual": [], "joint": {"secondary": 1.766724448147663, "primary": 0.9685008322972676}}, "TTA|TTG": {"individual": [], "joint": {"secondary": 0.7390059717138902, "primary": 1.065008799613648}}, "TTC|TTT": {"individual": [], "joint": {"secondary": 0.7141585634548555, "primary": 1.125061327858565}}, "model_mixture_p": 0.4000084962516068}