{"baseline-AICc": {"individual": [], "joint": 354438.2939263973}, "baseline-loglikelihood": {"individual": [], "joint": -173882.4459615195}, "joint-AICc": {"individual": [], "joint": 355548.6944581504}, "joint-loglikelihood": {"individual": [], "joint": -173537.9286358718}, "AAA|AAG": {"individual": [], "joint": {"secondary": 1.025158895740825, "primary": 1.041709443783919}}, "AAC|AAT": {"individual": [], "joint": {"secondary": 0.8201454610881747, "primary": 0.9966887477537677}}, "ACA|ACC": {"individual": [], "joint": {"secondary": 0.9774581130091041, "primary": 0.8184525727691795}}, "ACA|ACG": {"individual": [], "joint": {"secondary": 0.8580905394593856, "primary": 0.7399517887774509}}, "ACA|ACT": {"individual": [], "joint": {"secondary": 0.8818651287484581, "primary": 0.8576523384776366}}, "ACC|ACG": {"individual": [], "joint": {"secondary": 0.8422579162344979, "primary": 0.952285417371364}}, "ACC|ACT": {"individual": [], "joint": {"secondary": 1.086785384315011, "primary": 0.9599113076057165}}, "ACG|ACT": {"individual": [], "joint": {"secondary": 0.8755257609934227, "primary": 0.9548352688348485}}, "AGA|AGG": {"individual": [], "joint": {"secondary": 0.8702697695242998, "primary": 0.9001549892819427}}, "AGA|CGA": {"individual": [], "joint": {"secondary": 1.056222989196646, "primary": 0.8731394517382793}}, "AGC|AGT": {"individual": [], "joint": {"secondary": 0.7848003041713092, "primary": 0.9064998800869828}}, "AGG|CGG": {"individual": [], "joint": {"secondary": 0.8218347758229062, "primary": 1.039207985928253}}, "ATA|ATC": {"individual": [], "joint": {"secondary": 0.8374400583430401, "primary": 1.079889781748351}}, "ATA|ATT": {"individual": [], "joint": {"secondary": 0.9290153391559755, "primary": 0.6869745550757932}}, "ATC|ATT": {"individual": [], "joint": {"secondary": 1.040509168928351, "primary": 0.7847066141437243}}, "CAA|CAG": {"individual": [], "joint": {"secondary": 0.9178025192254755, "primary": 1.003014337858517}}, "CAC|CAT": {"individual": [], "joint": {"secondary": 1.054936901520874, "primary": 0.9439015374723351}}, "CCA|CCC": {"individual": [], "joint": {"secondary": 1.094465605807551, "primary": 0.924443728197886}}, "CCA|CCG": {"individual": [], "joint": {"secondary": 0.9037022726591001, "primary": 0.7435614522341257}}, "CCA|CCT": {"individual": [], "joint": {"secondary": 0.9476771374587939, "primary": 1.169517278924334}}, "CCC|CCG": {"individual": [], "joint": {"secondary": 1.074910884067012, "primary": 0.8446930094891962}}, "CCC|CCT": {"individual": [], "joint": {"secondary": 0.9966976157317166, "primary": 0.7890881743273783}}, "CCG|CCT": {"individual": [], "joint": {"secondary": 1.098856855394197, "primary": 0.7783266922541162}}, "CGA|CGC": {"individual": [], "joint": {"secondary": 0.9856758179204462, "primary": 0.6614128810681689}}, "CGA|CGG": {"individual": [], "joint": {"secondary": 0.8905905522493553, "primary": 0.9839819857726446}}, "CGA|CGT": {"individual": [], "joint": {"secondary": 0.7385735344952625, "primary": 1.115534636663617}}, "CGC|CGG": {"individual": [], "joint": {"secondary": 2.408270797259052, "primary": 2.177383459342667}}, "CGC|CGT": {"individual": [], "joint": {"secondary": 2.222643927627319, "primary": 2.380115236273978}}, "CGG|CGT": {"individual": [], "joint": {"secondary": 0.846513477788373, "primary": 0.9103253410939115}}, "CTA|CTC": {"individual": [], "joint": {"secondary": 0.9749122741577793, "primary": 0.9455502738717463}}, "CTA|CTG": {"individual": [], "joint": {"secondary": 0.9729559462328654, "primary": 0.9603912256226074}}, "CTA|CTT": {"individual": [], "joint": {"secondary": 0.9892654323802633, "primary": 0.9493829930007698}}, "CTA|TTA": {"individual": [], "joint": {"secondary": 0.6743103005461254, "primary": 1.151412174746809}}, "CTC|CTG": {"individual": [], "joint": {"secondary": 0.9453836305677807, "primary": 1.006752464609431}}, "CTC|CTT": {"individual": [], "joint": {"secondary": 0.9303867841773678, "primary": 0.7714003958669867}}, "CTG|CTT": {"individual": [], "joint": {"secondary": 0.8633641618996332, "primary": 1.140079441608136}}, "CTG|TTG": {"individual": [], "joint": {"secondary": 0.8369789870907395, "primary": 0.9457461302240874}}, "GAA|GAG": {"individual": [], "joint": {"secondary": 0.9477133869997059, "primary": 0.8485538058972872}}, "GAC|GAT": {"individual": [], "joint": {"secondary": 0.9693300349011008, "primary": 1.134928536013491}}, "GCA|GCC": {"individual": [], "joint": {"secondary": 0.9880044402966487, "primary": 1.075392540069278}}, "GCA|GCG": {"individual": [], "joint": {"secondary": 0.9610567930863174, "primary": 0.8739028434303837}}, "GCA|GCT": {"individual": [], "joint": {"secondary": 1.24018124725127, "primary": 0.7307032423592857}}, "GCC|GCG": {"individual": [], "joint": {"secondary": 0.8686058135194399, "primary": 0.909625359452784}}, "GCC|GCT": {"individual": [], "joint": {"secondary": 1.037715145449594, "primary": 0.9670100523010657}}, "GCG|GCT": {"individual": [], "joint": {"secondary": 0.9607536080004785, "primary": 0.8280234237309646}}, "GGA|GGC": {"individual": [], "joint": {"secondary": 1.200857681243389, "primary": 0.7906910312181177}}, "GGA|GGG": {"individual": [], "joint": {"secondary": 1.025802732913897, "primary": 0.9653818468978617}}, "GGA|GGT": {"individual": [], "joint": {"secondary": 1.001893434220513, "primary": 0.8972274654104522}}, "GGC|GGG": {"individual": [], "joint": {"secondary": 0.9221011445963896, "primary": 0.9891495223954538}}, "GGC|GGT": {"individual": [], "joint": {"secondary": 1.055465301584299, "primary": 0.998164476580427}}, "GGG|GGT": {"individual": [], "joint": {"secondary": 0.9383558119302515, "primary": 0.9246470716408854}}, "GTA|GTC": {"individual": [], "joint": {"secondary": 0.8495590259548124, "primary": 1.027467559719601}}, "GTA|GTG": {"individual": [], "joint": {"secondary": 0.8824019524465647, "primary": 1.028374316653848}}, "GTA|GTT": {"individual": [], "joint": {"secondary": 0.9114093504351588, "primary": 1.127429286875979}}, "GTC|GTG": {"individual": [], "joint": {"secondary": 0.8465167097591342, "primary": 0.8783360401106174}}, "GTC|GTT": {"individual": [], "joint": {"secondary": 0.870925169450157, "primary": 0.9921561156459102}}, "GTG|GTT": {"individual": [], "joint": {"secondary": 1.012461135570762, "primary": 0.9545047265634251}}, "TAC|TAT": {"individual": [], "joint": {"secondary": 0.8732886539713961, "primary": 0.9421179641776904}}, "TCA|TCC": {"individual": [], "joint": {"secondary": 1.203595370963234, "primary": 1.221516435475808}}, "TCA|TCG": {"individual": [], "joint": {"secondary": 2.315980216444096, "primary": 2.14835659496702}}, "TCA|TCT": {"individual": [], "joint": {"secondary": 0.5500392529864047, "primary": 1.117441299559715}}, "TCC|TCG": {"individual": [], "joint": {"secondary": 0.9048111778181789, "primary": 0.8222757735039822}}, "TCC|TCT": {"individual": [], "joint": {"secondary": 1.064490030310822, "primary": 0.8555473643151944}}, "TCG|TCT": {"individual": [], "joint": {"secondary": 0.9068013786414959, "primary": 0.7322097211092561}}, "TGC|TGT": {"individual": [], "joint": {"secondary": 0.9282747611864408, "primary": 1.090817853740571}}, "TTA|TTG": {"individual": [], "joint": {"secondary": 0.8986298484722453, "primary": 1.101022880149229}}, "TTC|TTT": {"individual": [], "joint": {"secondary": 0.7867243686073128, "primary": 1.138949856133753}}, "model_mixture_p": 0.4999095629466962}