{"baseline-AICc": {"individual": [], "joint": 337873.9298729948}, "baseline-loglikelihood": {"individual": [], "joint": -164755.0389576396}, "joint-AICc": {"individual": [], "joint": 338206.6992119136}, "joint-loglikelihood": {"individual": [], "joint": -163999.3773586453}, "AAA|AAG": {"individual": [], "joint": {"secondary": 1.036127438256729, "primary": 0.8043457828561794}}, "AAC|AAT": {"individual": [], "joint": {"secondary": 0.989921870393859, "primary": 0.6552646604912565}}, "ACA|ACC": {"individual": [], "joint": {"secondary": 1.043126105601594, "primary": 0.9605666540431942}}, "ACA|ACG": {"individual": [], "joint": {"secondary": 0.9477509948273429, "primary": 0.7837460729032888}}, "ACA|ACT": {"individual": [], "joint": {"secondary": 1.452817934488159, "primary": 0.4755480523299799}}, "ACC|ACG": {"individual": [], "joint": {"secondary": 1.079733101307486, "primary": 0.6114802345966078}}, "ACC|ACT": {"individual": [], "joint": {"secondary": 1.009546934993899, "primary": 0.5664570500571244}}, "ACG|ACT": {"individual": [], "joint": {"secondary": 1.1062711925136, "primary": 0.7602248253594508}}, "AGA|AGG": {"individual": [], "joint": {"secondary": 1.114858224204505, "primary": 0.7613791986529647}}, "AGA|CGA": {"individual": [], "joint": {"secondary": 1.200653498786996, "primary": 0.6527119330003249}}, "AGC|AGT": {"individual": [], "joint": {"secondary": 1.074374864858114, "primary": 0.6717749363702152}}, "AGG|CGG": {"individual": [], "joint": {"secondary": 1.081373791083834, "primary": 0.7801015791979856}}, "ATA|ATC": {"individual": [], "joint": {"secondary": 1.110242068408745, "primary": 0.7360861244771707}}, "ATA|ATT": {"individual": [], "joint": {"secondary": 0.9027339291697692, "primary": 0.5901056028528907}}, "ATC|ATT": {"individual": [], "joint": {"secondary": 1.064051163112609, "primary": 0.5930307118603783}}, "CAA|CAG": {"individual": [], "joint": {"secondary": 0.9904365253990968, "primary": 0.7677445805673395}}, "CAC|CAT": {"individual": [], "joint": {"secondary": 0.9239774466462571, "primary": 0.5344351872329139}}, "CCA|CCC": {"individual": [], "joint": {"secondary": 0.8626371915982427, "primary": 0.4938917267021345}}, "CCA|CCG": {"individual": [], "joint": {"secondary": 0.9560221820584514, "primary": 0.7914970362706846}}, "CCA|CCT": {"individual": [], "joint": {"secondary": 0.7473154838156314, "primary": 0.7372941008170374}}, "CCC|CCG": {"individual": [], "joint": {"secondary": 0.875029884884556, "primary": 0.6390725152753558}}, "CCC|CCT": {"individual": [], "joint": {"secondary": 1.015945506247927, "primary": 0.8110499223723494}}, "CCG|CCT": {"individual": [], "joint": {"secondary": 1.05228750717235, "primary": 0.5575307065836859}}, "CGA|CGC": {"individual": [], "joint": {"secondary": 1.033777862432139, "primary": 0.9261451928607345}}, "CGA|CGG": {"individual": [], "joint": {"secondary": 0.9205565741184202, "primary": 0.7219145054383252}}, "CGA|CGT": {"individual": [], "joint": {"secondary": 1.123495485361132, "primary": 0.6576697094896852}}, "CGC|CGG": {"individual": [], "joint": {"secondary": 0.7566874188701183, "primary": 1.709022768650296}}, "CGC|CGT": {"individual": [], "joint": {"secondary": 0.9817219816335779, "primary": 1.587420906486284}}, "CGG|CGT": {"individual": [], "joint": {"secondary": 0.883671465533294, "primary": 0.8590002603949957}}, "CTA|CTC": {"individual": [], "joint": {"secondary": 1.031910420730609, "primary": 0.798420476899023}}, "CTA|CTG": {"individual": [], "joint": {"secondary": 1.090073048382624, "primary": 0.8396971975707834}}, "CTA|CTT": {"individual": [], "joint": {"secondary": 0.888214055562001, "primary": 0.8811792492002026}}, "CTA|TTA": {"individual": [], "joint": {"secondary": 0.9271654028207078, "primary": 0.8204216227971876}}, "CTC|CTG": {"individual": [], "joint": {"secondary": 1.10331703555535, "primary": 0.6828270516777559}}, "CTC|CTT": {"individual": [], "joint": {"secondary": 0.973410137244035, "primary": 0.8747941543412269}}, "CTG|CTT": {"individual": [], "joint": {"secondary": 0.9702530746743973, "primary": 0.5393831687777404}}, "CTG|TTG": {"individual": [], "joint": {"secondary": 1.077685705954684, "primary": 0.7813319973588242}}, "GAA|GAG": {"individual": [], "joint": {"secondary": 1.056489522132181, "primary": 0.8537827651036045}}, "GAC|GAT": {"individual": [], "joint": {"secondary": 0.9582325213713064, "primary": 0.6883416898821928}}, "GCA|GCC": {"individual": [], "joint": {"secondary": 0.8059365523478321, "primary": 0.7780022085448809}}, "GCA|GCG": {"individual": [], "joint": {"secondary": 0.9870847245483704, "primary": 0.7516330350686572}}, "GCA|GCT": {"individual": [], "joint": {"secondary": 0.9169419874424998, "primary": 0.5630507187314067}}, "GCC|GCG": {"individual": [], "joint": {"secondary": 1.064444776762943, "primary": 0.6846707234506273}}, "GCC|GCT": {"individual": [], "joint": {"secondary": 1.005962382310733, "primary": 0.6896308947343274}}, "GCG|GCT": {"individual": [], "joint": {"secondary": 1.18226321977223, "primary": 0.8343226705735509}}, "GGA|GGC": {"individual": [], "joint": {"secondary": 0.9087422799472574, "primary": 0.6740332944130354}}, "GGA|GGG": {"individual": [], "joint": {"secondary": 0.9130886715710649, "primary": 0.9340980620901972}}, "GGA|GGT": {"individual": [], "joint": {"secondary": 0.8625938304970249, "primary": 0.7439753166445937}}, "GGC|GGG": {"individual": [], "joint": {"secondary": 1.058053590551494, "primary": 0.7065420502907547}}, "GGC|GGT": {"individual": [], "joint": {"secondary": 1.136152373867244, "primary": 2.037870543816353}}, "GGG|GGT": {"individual": [], "joint": {"secondary": 0.802317508606037, "primary": 1.708965464496181}}, "GTA|GTC": {"individual": [], "joint": {"secondary": 1.027871435727002, "primary": 2.181978792601749}}, "GTA|GTG": {"individual": [], "joint": {"secondary": 0.9938454404437748, "primary": 1.890991325150757}}, "GTA|GTT": {"individual": [], "joint": {"secondary": 1.096795039248444, "primary": 1.477497400332564}}, "GTC|GTG": {"individual": [], "joint": {"secondary": 1.015982686157177, "primary": 1.815302681274955}}, "GTC|GTT": {"individual": [], "joint": {"secondary": 0.9990374587565634, "primary": 2.16644208563765}}, "GTG|GTT": {"individual": [], "joint": {"secondary": 1.025780089795983, "primary": 0.5348247271463575}}, "TAC|TAT": {"individual": [], "joint": {"secondary": 0.9590802958246164, "primary": 0.8436510026084999}}, "TCA|TCC": {"individual": [], "joint": {"secondary": 1.112568368728621, "primary": 1.686007613056772}}, "TCA|TCG": {"individual": [], "joint": {"secondary": 0.8211727983385059, "primary": 2.446399196939108}}, "TCA|TCT": {"individual": [], "joint": {"secondary": 1.065006039569028, "primary": 1.488335529319997}}, "TCC|TCG": {"individual": [], "joint": {"secondary": 0.9549640617941914, "primary": 1.79651561560526}}, "TCC|TCT": {"individual": [], "joint": {"secondary": 1.043712752878711, "primary": 2.096133963362297}}, "TCG|TCT": {"individual": [], "joint": {"secondary": 0.9432581290162695, "primary": 2.218163904295207}}, "TGC|TGT": {"individual": [], "joint": {"secondary": 0.9315700740359117, "primary": 1.803883126955013}}, "TTA|TTG": {"individual": [], "joint": {"secondary": 1.024047276910814, "primary": 0.7403574915692932}}, "TTC|TTT": {"individual": [], "joint": {"secondary": 0.9278296023433255, "primary": 0.7500286494905632}}, "model_mixture_p": 0.4000131988660308}