{"baseline-AICc": {"individual": [], "joint": 337740.8671278484}, "baseline-loglikelihood": {"individual": [], "joint": -164694.4562706693}, "joint-AICc": {"individual": [], "joint": 338230.6688687425}, "joint-loglikelihood": {"individual": [], "joint": -164017.3108726627}, "AAA|AAG": {"individual": [], "joint": {"secondary": 0.8980369839179386, "primary": 0.888406589652239}}, "AAC|AAT": {"individual": [], "joint": {"secondary": 0.9808760498901363, "primary": 0.7097300734837086}}, "ACA|ACC": {"individual": [], "joint": {"secondary": 0.8651487478516564, "primary": 0.9557387755198132}}, "ACA|ACG": {"individual": [], "joint": {"secondary": 0.9345661349384843, "primary": 0.8317813730214227}}, "ACA|ACT": {"individual": [], "joint": {"secondary": 0.8993777598926314, "primary": 0.751856480120334}}, "ACC|ACG": {"individual": [], "joint": {"secondary": 0.9184623754921383, "primary": 0.5413116869736193}}, "ACC|ACT": {"individual": [], "joint": {"secondary": 0.9335665124201079, "primary": 0.7670829112578094}}, "ACG|ACT": {"individual": [], "joint": {"secondary": 1.231942157427027, "primary": 0.6515691744186164}}, "AGA|AGG": {"individual": [], "joint": {"secondary": 1.100132860613117, "primary": 0.8147533463200107}}, "AGA|CGA": {"individual": [], "joint": {"secondary": 0.9255731601952202, "primary": 0.6579558801386243}}, "AGC|AGT": {"individual": [], "joint": {"secondary": 0.9244851174001784, "primary": 0.9037023616960714}}, "AGG|CGG": {"individual": [], "joint": {"secondary": 0.7878355664547795, "primary": 0.8405993219305484}}, "ATA|ATC": {"individual": [], "joint": {"secondary": 0.9393087439812149, "primary": 0.7084873135328663}}, "ATA|ATT": {"individual": [], "joint": {"secondary": 1.030972782020324, "primary": 0.5743830991237088}}, "ATC|ATT": {"individual": [], "joint": {"secondary": 1.085093405670897, "primary": 0.7416693674088616}}, "CAA|CAG": {"individual": [], "joint": {"secondary": 1.018268027241485, "primary": 0.7292169987726732}}, "CAC|CAT": {"individual": [], "joint": {"secondary": 0.9721818139928062, "primary": 0.7616791553037838}}, "CCA|CCC": {"individual": [], "joint": {"secondary": 0.9504136487016438, "primary": 0.6924672045466139}}, "CCA|CCG": {"individual": [], "joint": {"secondary": 1.113255144038896, "primary": 0.7690362615134317}}, "CCA|CCT": {"individual": [], "joint": {"secondary": 0.8849737931901287, "primary": 0.5019702599795759}}, "CCC|CCG": {"individual": [], "joint": {"secondary": 1.08522018614514, "primary": 0.6998871200354195}}, "CCC|CCT": {"individual": [], "joint": {"secondary": 1.060386437054626, "primary": 0.6244823778256786}}, "CCG|CCT": {"individual": [], "joint": {"secondary": 1.123390838857437, "primary": 0.838514392071069}}, "CGA|CGC": {"individual": [], "joint": {"secondary": 1.052419445866863, "primary": 0.6091500232249893}}, "CGA|CGG": {"individual": [], "joint": {"secondary": 0.848254707167163, "primary": 0.7328954164665259}}, "CGA|CGT": {"individual": [], "joint": {"secondary": 0.9532347106027138, "primary": 0.3889904238538484}}, "CGC|CGG": {"individual": [], "joint": {"secondary": 1.096228678705542, "primary": 1.823659900360815}}, "CGC|CGT": {"individual": [], "joint": {"secondary": 1.014488775401704, "primary": 1.744607957299936}}, "CGG|CGT": {"individual": [], "joint": {"secondary": 0.7111791272404672, "primary": 0.815462672379859}}, "CTA|CTC": {"individual": [], "joint": {"secondary": 1.008115471597768, "primary": 0.8419207336829876}}, "CTA|CTG": {"individual": [], "joint": {"secondary": 1.144244003808204, "primary": 0.7951275716384618}}, "CTA|CTT": {"individual": [], "joint": {"secondary": 1.00473328797282, "primary": 0.7346545697790281}}, "CTA|TTA": {"individual": [], "joint": {"secondary": 0.9780704345444851, "primary": 0.8053601330295755}}, "CTC|CTG": {"individual": [], "joint": {"secondary": 0.9785765102878793, "primary": 0.6986325982130919}}, "CTC|CTT": {"individual": [], "joint": {"secondary": 1.008860231490372, "primary": 0.8502340403676081}}, "CTG|CTT": {"individual": [], "joint": {"secondary": 0.8053148836794758, "primary": 0.6895930250460821}}, "CTG|TTG": {"individual": [], "joint": {"secondary": 0.9842410671345543, "primary": 0.73429656782061}}, "GAA|GAG": {"individual": [], "joint": {"secondary": 0.9645856503194031, "primary": 0.793442978595895}}, "GAC|GAT": {"individual": [], "joint": {"secondary": 1.022260024235672, "primary": 0.770335726829652}}, "GCA|GCC": {"individual": [], "joint": {"secondary": 1.030792269140761, "primary": 0.7474823176855195}}, "GCA|GCG": {"individual": [], "joint": {"secondary": 1.195016130762949, "primary": 0.8479118582386928}}, "GCA|GCT": {"individual": [], "joint": {"secondary": 1.048759220861801, "primary": 0.633375714227594}}, "GCC|GCG": {"individual": [], "joint": {"secondary": 0.9378846792623015, "primary": 0.6599154264753184}}, "GCC|GCT": {"individual": [], "joint": {"secondary": 0.9444579512803233, "primary": 0.88062611993143}}, "GCG|GCT": {"individual": [], "joint": {"secondary": 1.016927705398603, "primary": 0.6632254983676177}}, "GGA|GGC": {"individual": [], "joint": {"secondary": 1.175884311657954, "primary": 0.7993368243817259}}, "GGA|GGG": {"individual": [], "joint": {"secondary": 0.9230098318475176, "primary": 0.7603967577039361}}, "GGA|GGT": {"individual": [], "joint": {"secondary": 1.107147411618761, "primary": 0.8550356987911178}}, "GGC|GGG": {"individual": [], "joint": {"secondary": 0.94044279541488, "primary": 0.6672295500006903}}, "GGC|GGT": {"individual": [], "joint": {"secondary": 1.035515517175682, "primary": 2.083767178159417}}, "GGG|GGT": {"individual": [], "joint": {"secondary": 1.157002945417338, "primary": 1.540230656230053}}, "GTA|GTC": {"individual": [], "joint": {"secondary": 1.01669594796552, "primary": 1.98191828801631}}, "GTA|GTG": {"individual": [], "joint": {"secondary": 1.050140330758542, "primary": 1.900595757847089}}, "GTA|GTT": {"individual": [], "joint": {"secondary": 0.9951601408271599, "primary": 1.75515778837135}}, "GTC|GTG": {"individual": [], "joint": {"secondary": 0.9464930747835713, "primary": 1.893094301594244}}, "GTC|GTT": {"individual": [], "joint": {"secondary": 1.062081822960423, "primary": 2.106811036299676}}, "GTG|GTT": {"individual": [], "joint": {"secondary": 1.103056845201558, "primary": 0.577677905770878}}, "TAC|TAT": {"individual": [], "joint": {"secondary": 1.039018630128845, "primary": 0.7390097150606624}}, "TCA|TCC": {"individual": [], "joint": {"secondary": 1.031369977300856, "primary": 1.293311249773787}}, "TCA|TCG": {"individual": [], "joint": {"secondary": 0.95711792685573, "primary": 1.981824789358702}}, "TCA|TCT": {"individual": [], "joint": {"secondary": 1.203206631702574, "primary": 1.86609234837878}}, "TCC|TCG": {"individual": [], "joint": {"secondary": 0.8695494297145192, "primary": 1.935293705492979}}, "TCC|TCT": {"individual": [], "joint": {"secondary": 0.9169736212198336, "primary": 1.887759724610319}}, "TCG|TCT": {"individual": [], "joint": {"secondary": 1.002569574780393, "primary": 1.631917694600223}}, "TGC|TGT": {"individual": [], "joint": {"secondary": 0.9641443636781639, "primary": 2.04218204269268}}, "TTA|TTG": {"individual": [], "joint": {"secondary": 0.998747850113575, "primary": 0.8378679326754267}}, "TTC|TTT": {"individual": [], "joint": {"secondary": 1.092557804726787, "primary": 0.6463062560282978}}, "model_mixture_p": 0.4000132892354526}