{"baseline-AICc": {"individual": [], "joint": 396886.6526058695}, "baseline-loglikelihood": {"individual": [], "joint": -194221.236988306}, "joint-AICc": {"individual": [], "joint": 396369.6604485584}, "joint-loglikelihood": {"individual": [], "joint": -193029.1833579137}, "AAA|AAG": {"individual": [], "joint": {"secondary": 0.9766768753275672, "primary": 0.8590843987678272}}, "AAC|AAT": {"individual": [], "joint": {"secondary": 1.131573809330064, "primary": 0.7582672262246479}}, "ACA|ACC": {"individual": [], "joint": {"secondary": 0.9860377510353452, "primary": 0.6508101378383143}}, "ACA|ACG": {"individual": [], "joint": {"secondary": 0.9592411998663556, "primary": 0.8045520110055913}}, "ACA|ACT": {"individual": [], "joint": {"secondary": 1.514253540845939, "primary": 0.4207199546724396}}, "ACC|ACG": {"individual": [], "joint": {"secondary": 0.9503917632016998, "primary": 0.7499640429698514}}, "ACC|ACT": {"individual": [], "joint": {"secondary": 0.958223721900311, "primary": 0.7784185061735726}}, "ACG|ACT": {"individual": [], "joint": {"secondary": 0.8065622816561482, "primary": 0.6449866193935172}}, "AGA|AGG": {"individual": [], "joint": {"secondary": 1.206876159517829, "primary": 0.9073388184343782}}, "AGA|CGA": {"individual": [], "joint": {"secondary": 0.7962243136274877, "primary": 0.7711867401366188}}, "AGC|AGT": {"individual": [], "joint": {"secondary": 0.9689834651232646, "primary": 0.8006357815653257}}, "AGG|CGG": {"individual": [], "joint": {"secondary": 1.036525939229646, "primary": 0.8244711277914718}}, "ATA|ATC": {"individual": [], "joint": {"secondary": 1.171866029838709, "primary": 0.7213215415846022}}, "ATA|ATT": {"individual": [], "joint": {"secondary": 1.264579223869012, "primary": 0.705694566920293}}, "ATC|ATT": {"individual": [], "joint": {"secondary": 0.8203443948284418, "primary": 0.8868658327264987}}, "CAA|CAG": {"individual": [], "joint": {"secondary": 0.786884768074808, "primary": 0.793702566686618}}, "CAC|CAT": {"individual": [], "joint": {"secondary": 1.191431651677257, "primary": 0.6846872721853738}}, "CCA|CCC": {"individual": [], "joint": {"secondary": 0.7016092635461219, "primary": 0.7458595181358072}}, "CCA|CCG": {"individual": [], "joint": {"secondary": 0.9744206720008559, "primary": 0.8282001588171206}}, "CCA|CCT": {"individual": [], "joint": {"secondary": 1.184896881447964, "primary": 0.5956125620905864}}, "CCC|CCG": {"individual": [], "joint": {"secondary": 0.8400154677614438, "primary": 0.6643104420300127}}, "CCC|CCT": {"individual": [], "joint": {"secondary": 1.12698815499436, "primary": 0.699030145747791}}, "CCG|CCT": {"individual": [], "joint": {"secondary": 0.9759686554033133, "primary": 0.7648658058472179}}, "CGA|CGC": {"individual": [], "joint": {"secondary": 0.4295649949705532, "primary": 0.7488802566915}}, "CGA|CGG": {"individual": [], "joint": {"secondary": 0.9371751045729588, "primary": 0.837047189673517}}, "CGA|CGT": {"individual": [], "joint": {"secondary": 0.8177364008338766, "primary": 0.6884075636621315}}, "CGC|CGG": {"individual": [], "joint": {"secondary": 1.323316923780922, "primary": 1.66811458597242}}, "CGC|CGT": {"individual": [], "joint": {"secondary": 0.9558520409167544, "primary": 1.860215024654413}}, "CGG|CGT": {"individual": [], "joint": {"secondary": 0.8705251006242049, "primary": 0.8192474062194602}}, "CTA|CTC": {"individual": [], "joint": {"secondary": 0.9899861931284882, "primary": 0.7251842524840952}}, "CTA|CTG": {"individual": [], "joint": {"secondary": 1.023487619255192, "primary": 0.7935564585780033}}, "CTA|CTT": {"individual": [], "joint": {"secondary": 1.157605388509796, "primary": 0.8442752884751485}}, "CTA|TTA": {"individual": [], "joint": {"secondary": 0.5149465807005595, "primary": 0.7249713093656022}}, "CTC|CTG": {"individual": [], "joint": {"secondary": 1.054607260573265, "primary": 0.5982242130685037}}, "CTC|CTT": {"individual": [], "joint": {"secondary": 0.8466179644977636, "primary": 0.723153653075844}}, "CTG|CTT": {"individual": [], "joint": {"secondary": 1.146510106708591, "primary": 0.692514469110134}}, "CTG|TTG": {"individual": [], "joint": {"secondary": 0.9820102048107957, "primary": 0.7729380471567874}}, "GAA|GAG": {"individual": [], "joint": {"secondary": 0.9777844770155627, "primary": 0.7844053105313277}}, "GAC|GAT": {"individual": [], "joint": {"secondary": 1.00165609804493, "primary": 0.7614576854976564}}, "GCA|GCC": {"individual": [], "joint": {"secondary": 0.7990371564918591, "primary": 0.6007226344197852}}, "GCA|GCG": {"individual": [], "joint": {"secondary": 1.239896919324596, "primary": 0.7588610531669296}}, "GCA|GCT": {"individual": [], "joint": {"secondary": 1.172512085429776, "primary": 0.7388198233116144}}, "GCC|GCG": {"individual": [], "joint": {"secondary": 0.8446618432594744, "primary": 0.6776079211799948}}, "GCC|GCT": {"individual": [], "joint": {"secondary": 1.181057735919836, "primary": 0.7304538781969725}}, "GCG|GCT": {"individual": [], "joint": {"secondary": 0.8282733946054764, "primary": 0.6856929270245115}}, "GGA|GGC": {"individual": [], "joint": {"secondary": 0.9207433193829133, "primary": 0.709408063390191}}, "GGA|GGG": {"individual": [], "joint": {"secondary": 1.043377080525201, "primary": 0.7907553559552827}}, "GGA|GGT": {"individual": [], "joint": {"secondary": 0.8648188189309884, "primary": 0.6891113907718129}}, "GGC|GGG": {"individual": [], "joint": {"secondary": 1.07613967552489, "primary": 0.7439757763186741}}, "GGC|GGT": {"individual": [], "joint": {"secondary": 1.019253659573291, "primary": 1.852062424525751}}, "GGG|GGT": {"individual": [], "joint": {"secondary": 1.055553655506425, "primary": 1.527337207613365}}, "GTA|GTC": {"individual": [], "joint": {"secondary": 1.304084110985891, "primary": 2.339887354384293}}, "GTA|GTG": {"individual": [], "joint": {"secondary": 1.002812760783832, "primary": 1.799598514946271}}, "GTA|GTT": {"individual": [], "joint": {"secondary": 1.175845360607248, "primary": 1.822699107561484}}, "GTC|GTG": {"individual": [], "joint": {"secondary": 0.8654599059602771, "primary": 1.743005574554395}}, "GTC|GTT": {"individual": [], "joint": {"secondary": 0.9949614748350187, "primary": 1.728862062005532}}, "GTG|GTT": {"individual": [], "joint": {"secondary": 1.040499860236995, "primary": 0.7683085843552594}}, "TAC|TAT": {"individual": [], "joint": {"secondary": 0.9371034078735753, "primary": 0.7601475462330785}}, "TCA|TCC": {"individual": [], "joint": {"secondary": 1.073503766470943, "primary": 1.808446233261881}}, "TCA|TCG": {"individual": [], "joint": {"secondary": 1.290417778647544, "primary": 1.862531158548607}}, "TCA|TCT": {"individual": [], "joint": {"secondary": 0.6422293748364086, "primary": 1.965287423065782}}, "TCC|TCG": {"individual": [], "joint": {"secondary": 0.7617712824129517, "primary": 1.813165622838984}}, "TCC|TCT": {"individual": [], "joint": {"secondary": 0.9640910129995859, "primary": 1.969922275687388}}, "TCG|TCT": {"individual": [], "joint": {"secondary": 1.599273331671371, "primary": 1.618244275660304}}, "TGC|TGT": {"individual": [], "joint": {"secondary": 1.111071572074088, "primary": 1.881785983942571}}, "TTA|TTG": {"individual": [], "joint": {"secondary": 0.8170173966078085, "primary": 0.8040778994685289}}, "TTC|TTT": {"individual": [], "joint": {"secondary": 1.014573815473579, "primary": 0.7060434356487176}}, "model_mixture_p": 0.7498225812378901}