{"baseline-AICc": {"individual": [], "joint": 371467.9188647741}, "baseline-loglikelihood": {"individual": [], "joint": -181539.2349484795}, "joint-AICc": {"individual": [], "joint": 371467.0092475134}, "joint-loglikelihood": {"individual": [], "joint": -180609.9482898411}, "AAA|AAG": {"individual": [], "joint": {"secondary": 1.176708507643963, "primary": 0.8497520782192334}}, "AAC|AAT": {"individual": [], "joint": {"secondary": 1.009028080906783, "primary": 0.6786284226160674}}, "ACA|ACC": {"individual": [], "joint": {"secondary": 1.03200868745887, "primary": 0.8627840641691689}}, "ACA|ACG": {"individual": [], "joint": {"secondary": 1.010493362153133, "primary": 0.7314101126585427}}, "ACA|ACT": {"individual": [], "joint": {"secondary": 0.7887568392413162, "primary": 0.4875347019082533}}, "ACC|ACG": {"individual": [], "joint": {"secondary": 1.009014073698199, "primary": 0.5728233411917469}}, "ACC|ACT": {"individual": [], "joint": {"secondary": 1.022419878735417, "primary": 0.7213395652854794}}, "ACG|ACT": {"individual": [], "joint": {"secondary": 0.795810124508675, "primary": 0.9058735973600541}}, "AGA|AGG": {"individual": [], "joint": {"secondary": 0.880349580500677, "primary": 0.8005175563229243}}, "AGA|CGA": {"individual": [], "joint": {"secondary": 0.9903670634640374, "primary": 0.8217427728846229}}, "AGC|AGT": {"individual": [], "joint": {"secondary": 1.053176532975109, "primary": 0.707094875686383}}, "AGG|CGG": {"individual": [], "joint": {"secondary": 0.9746044448579534, "primary": 0.8369412781602754}}, "ATA|ATC": {"individual": [], "joint": {"secondary": 0.8416143225000061, "primary": 0.7856886124997637}}, "ATA|ATT": {"individual": [], "joint": {"secondary": 1.443795239048523, "primary": 0.8592620871108053}}, "ATC|ATT": {"individual": [], "joint": {"secondary": 1.055098962947858, "primary": 0.8098993372571274}}, "CAA|CAG": {"individual": [], "joint": {"secondary": 1.015232205896707, "primary": 0.8095636804432134}}, "CAC|CAT": {"individual": [], "joint": {"secondary": 0.9572015045592411, "primary": 0.8286119461763968}}, "CCA|CCC": {"individual": [], "joint": {"secondary": 0.8881842616882144, "primary": 0.6615324909849831}}, "CCA|CCG": {"individual": [], "joint": {"secondary": 1.151570684123187, "primary": 0.7403748232086906}}, "CCA|CCT": {"individual": [], "joint": {"secondary": 1.019147390375825, "primary": 0.7335494547199697}}, "CCC|CCG": {"individual": [], "joint": {"secondary": 0.7467969185700797, "primary": 0.6880546911497591}}, "CCC|CCT": {"individual": [], "joint": {"secondary": 1.110597743422816, "primary": 0.6955980774703608}}, "CCG|CCT": {"individual": [], "joint": {"secondary": 1.08463257214816, "primary": 0.7400512537622723}}, "CGA|CGC": {"individual": [], "joint": {"secondary": 0.9120482572607286, "primary": 0.5412407817834766}}, "CGA|CGG": {"individual": [], "joint": {"secondary": 0.7844537877254184, "primary": 0.857214775765962}}, "CGA|CGT": {"individual": [], "joint": {"secondary": 1.391803492232676, "primary": 0.8946050697660346}}, "CGC|CGG": {"individual": [], "joint": {"secondary": 1.003664763973164, "primary": 1.587385225444568}}, "CGC|CGT": {"individual": [], "joint": {"secondary": 1.053511728895856, "primary": 1.796305548035465}}, "CGG|CGT": {"individual": [], "joint": {"secondary": 0.8065786844856918, "primary": 0.6416694709765037}}, "CTA|CTC": {"individual": [], "joint": {"secondary": 1.115020114047506, "primary": 0.7550379518140496}}, "CTA|CTG": {"individual": [], "joint": {"secondary": 1.12647676119521, "primary": 0.937633580084656}}, "CTA|CTT": {"individual": [], "joint": {"secondary": 1.166475802914464, "primary": 0.6433658604487068}}, "CTA|TTA": {"individual": [], "joint": {"secondary": 1.006928255803849, "primary": 0.8414880569608901}}, "CTC|CTG": {"individual": [], "joint": {"secondary": 0.9122072775476311, "primary": 0.683624741248926}}, "CTC|CTT": {"individual": [], "joint": {"secondary": 1.040403452640323, "primary": 0.7014357424758222}}, "CTG|CTT": {"individual": [], "joint": {"secondary": 1.184518583925269, "primary": 0.7250789986590681}}, "CTG|TTG": {"individual": [], "joint": {"secondary": 0.9822909213596003, "primary": 0.6818273266465997}}, "GAA|GAG": {"individual": [], "joint": {"secondary": 0.9874779145766154, "primary": 0.8513406793180859}}, "GAC|GAT": {"individual": [], "joint": {"secondary": 1.046347925603324, "primary": 0.7816442016290758}}, "GCA|GCC": {"individual": [], "joint": {"secondary": 0.9366955915275785, "primary": 0.664861716545665}}, "GCA|GCG": {"individual": [], "joint": {"secondary": 1.26329456971502, "primary": 0.7299269017269331}}, "GCA|GCT": {"individual": [], "joint": {"secondary": 1.05018121936208, "primary": 0.775000147454331}}, "GCC|GCG": {"individual": [], "joint": {"secondary": 1.025481741706079, "primary": 0.6442392649529438}}, "GCC|GCT": {"individual": [], "joint": {"secondary": 0.9007296944406391, "primary": 0.7812666723238636}}, "GCG|GCT": {"individual": [], "joint": {"secondary": 0.9329730666578003, "primary": 0.8411045737884995}}, "GGA|GGC": {"individual": [], "joint": {"secondary": 1.252392611198526, "primary": 0.7047539818708742}}, "GGA|GGG": {"individual": [], "joint": {"secondary": 0.8705607592927411, "primary": 0.7259348542000345}}, "GGA|GGT": {"individual": [], "joint": {"secondary": 1.090028799773901, "primary": 0.8599383687688895}}, "GGC|GGG": {"individual": [], "joint": {"secondary": 1.06616213438131, "primary": 0.6621139059593066}}, "GGC|GGT": {"individual": [], "joint": {"secondary": 0.9291730764378312, "primary": 2.109489142906936}}, "GGG|GGT": {"individual": [], "joint": {"secondary": 0.9117412732691043, "primary": 1.664862445446899}}, "GTA|GTC": {"individual": [], "joint": {"secondary": 1.163395106628928, "primary": 1.876348278438619}}, "GTA|GTG": {"individual": [], "joint": {"secondary": 0.887522472333381, "primary": 1.845089951266997}}, "GTA|GTT": {"individual": [], "joint": {"secondary": 0.8757540691949652, "primary": 1.83673043128327}}, "GTC|GTG": {"individual": [], "joint": {"secondary": 1.084873599417365, "primary": 1.730825083514434}}, "GTC|GTT": {"individual": [], "joint": {"secondary": 1.089682962308456, "primary": 1.894000247861202}}, "GTG|GTT": {"individual": [], "joint": {"secondary": 0.8275797473832215, "primary": 0.6166117399506797}}, "TAC|TAT": {"individual": [], "joint": {"secondary": 1.014569557320141, "primary": 0.8661521009291581}}, "TCA|TCC": {"individual": [], "joint": {"secondary": 0.7670536006894771, "primary": 1.488304486076204}}, "TCA|TCG": {"individual": [], "joint": {"secondary": 0.9060030917309871, "primary": 2.120006905635082}}, "TCA|TCT": {"individual": [], "joint": {"secondary": 0.9996643146630434, "primary": 1.672097850296723}}, "TCC|TCG": {"individual": [], "joint": {"secondary": 1.055504024663496, "primary": 1.795929540641593}}, "TCC|TCT": {"individual": [], "joint": {"secondary": 0.9176783155051875, "primary": 1.652545594005745}}, "TCG|TCT": {"individual": [], "joint": {"secondary": 0.7357370006001186, "primary": 1.816747577054037}}, "TGC|TGT": {"individual": [], "joint": {"secondary": 1.007253976906714, "primary": 1.847503972040528}}, "TTA|TTG": {"individual": [], "joint": {"secondary": 0.893979875096903, "primary": 0.7727048126282039}}, "TTC|TTT": {"individual": [], "joint": {"secondary": 0.9675170421829143, "primary": 0.7553826201283538}}, "model_mixture_p": 0.5999451948765021}