{"baseline-AICc": {"individual": [], "joint": 357137.8418913375}, "baseline-loglikelihood": {"individual": [], "joint": -174377.2413536756}, "joint-AICc": {"individual": [], "joint": 357394.0932983168}, "joint-loglikelihood": {"individual": [], "joint": -173579.8537569388}, "AAA|AAG": {"individual": [], "joint": {"secondary": 0.7889350960072622, "primary": 1.121276930288728}}, "AAC|AAT": {"individual": [], "joint": {"secondary": 0.6690115244873934, "primary": 1.181223788903953}}, "ACA|ACC": {"individual": [], "joint": {"secondary": 0.8002371931186574, "primary": 1.294295661829242}}, "ACA|ACG": {"individual": [], "joint": {"secondary": 0.7300055623991362, "primary": 0.9776064841846126}}, "ACA|ACT": {"individual": [], "joint": {"secondary": 0.7137192861609877, "primary": 1.31075535834057}}, "ACC|ACG": {"individual": [], "joint": {"secondary": 0.6432567322354451, "primary": 1.197969786698431}}, "ACC|ACT": {"individual": [], "joint": {"secondary": 0.745260042901717, "primary": 0.9700697431455738}}, "ACG|ACT": {"individual": [], "joint": {"secondary": 0.513606066474548, "primary": 0.9227395857979839}}, "AGA|AGG": {"individual": [], "joint": {"secondary": 0.7257659687870153, "primary": 0.8459345384779545}}, "AGA|CGA": {"individual": [], "joint": {"secondary": 0.6973491090607944, "primary": 0.8044580407115621}}, "AGC|AGT": {"individual": [], "joint": {"secondary": 0.8609602989185274, "primary": 0.9216640950805544}}, "AGG|CGG": {"individual": [], "joint": {"secondary": 0.6390576822447267, "primary": 0.9439561993555212}}, "ATA|ATC": {"individual": [], "joint": {"secondary": 0.8643666396501382, "primary": 1.134688991569563}}, "ATA|ATT": {"individual": [], "joint": {"secondary": 0.5948565216481805, "primary": 0.9777785461709046}}, "ATC|ATT": {"individual": [], "joint": {"secondary": 0.862446397993435, "primary": 0.8295090041488652}}, "CAA|CAG": {"individual": [], "joint": {"secondary": 0.8001349591154763, "primary": 1.03601703296047}}, "CAC|CAT": {"individual": [], "joint": {"secondary": 0.8182358224323346, "primary": 1.053831362262253}}, "CCA|CCC": {"individual": [], "joint": {"secondary": 0.7327468468151203, "primary": 1.143588269840617}}, "CCA|CCG": {"individual": [], "joint": {"secondary": 0.8451209029933473, "primary": 1.103059257360489}}, "CCA|CCT": {"individual": [], "joint": {"secondary": 0.6745954492854334, "primary": 0.5743711983440503}}, "CCC|CCG": {"individual": [], "joint": {"secondary": 0.7617061816629689, "primary": 1.113615852390609}}, "CCC|CCT": {"individual": [], "joint": {"secondary": 0.7960160979207265, "primary": 0.9170395046459581}}, "CCG|CCT": {"individual": [], "joint": {"secondary": 0.7440483704111913, "primary": 1.091282754803635}}, "CGA|CGC": {"individual": [], "joint": {"secondary": 0.759291714588944, "primary": 1.187330909973164}}, "CGA|CGG": {"individual": [], "joint": {"secondary": 0.8658604382417875, "primary": 1.113243558436398}}, "CGA|CGT": {"individual": [], "joint": {"secondary": 0.9777196217535771, "primary": 0.7647166841123492}}, "CGC|CGG": {"individual": [], "joint": {"secondary": 1.631421480148225, "primary": 0.831112265873701}}, "CGC|CGT": {"individual": [], "joint": {"secondary": 1.754429596518536, "primary": 1.196825845511977}}, "CGG|CGT": {"individual": [], "joint": {"secondary": 0.583876489247742, "primary": 1.243082039661468}}, "CTA|CTC": {"individual": [], "joint": {"secondary": 0.7839897079510154, "primary": 1.128545865233268}}, "CTA|CTG": {"individual": [], "joint": {"secondary": 0.7891060255693461, "primary": 1.075314747501636}}, "CTA|CTT": {"individual": [], "joint": {"secondary": 0.6877123864357303, "primary": 1.045357530026191}}, "CTA|TTA": {"individual": [], "joint": {"secondary": 0.8007003214765086, "primary": 1.013951242174902}}, "CTC|CTG": {"individual": [], "joint": {"secondary": 0.6994615534472339, "primary": 1.200362118133394}}, "CTC|CTT": {"individual": [], "joint": {"secondary": 0.6924090643270716, "primary": 0.8885382720276841}}, "CTG|CTT": {"individual": [], "joint": {"secondary": 0.6162088324240562, "primary": 0.9655290966983681}}, "CTG|TTG": {"individual": [], "joint": {"secondary": 0.7704261866159845, "primary": 0.9719348805292607}}, "GAA|GAG": {"individual": [], "joint": {"secondary": 0.73844410640882, "primary": 0.9988824610671209}}, "GAC|GAT": {"individual": [], "joint": {"secondary": 0.7534363405275268, "primary": 0.9707237987777358}}, "GCA|GCC": {"individual": [], "joint": {"secondary": 0.9174827778080249, "primary": 1.011651917501285}}, "GCA|GCG": {"individual": [], "joint": {"secondary": 0.8375256019095436, "primary": 0.955368410055464}}, "GCA|GCT": {"individual": [], "joint": {"secondary": 0.7646394448514234, "primary": 1.067702288900731}}, "GCC|GCG": {"individual": [], "joint": {"secondary": 0.6898717586537041, "primary": 0.909853131875698}}, "GCC|GCT": {"individual": [], "joint": {"secondary": 0.7080389591332421, "primary": 0.9000604285949867}}, "GCG|GCT": {"individual": [], "joint": {"secondary": 0.7002048537980006, "primary": 0.9990003148994904}}, "GGA|GGC": {"individual": [], "joint": {"secondary": 0.7751469769792191, "primary": 0.792363948372243}}, "GGA|GGG": {"individual": [], "joint": {"secondary": 0.7426886635440599, "primary": 0.9359686429879931}}, "GGA|GGT": {"individual": [], "joint": {"secondary": 0.6543650101199395, "primary": 0.7737278858888458}}, "GGC|GGG": {"individual": [], "joint": {"secondary": 0.6762811638690649, "primary": 0.9098670002373955}}, "GGC|GGT": {"individual": [], "joint": {"secondary": 1.888706454873751, "primary": 1.057297845198867}}, "GGG|GGT": {"individual": [], "joint": {"secondary": 1.723842933570024, "primary": 0.9805952363475752}}, "GTA|GTC": {"individual": [], "joint": {"secondary": 1.764712099037029, "primary": 0.8903739040216151}}, "GTA|GTG": {"individual": [], "joint": {"secondary": 1.814431868232831, "primary": 0.9688000492442184}}, "GTA|GTT": {"individual": [], "joint": {"secondary": 1.457622956227578, "primary": 1.071702233580804}}, "GTC|GTG": {"individual": [], "joint": {"secondary": 1.898700112747413, "primary": 0.9779703481601315}}, "GTC|GTT": {"individual": [], "joint": {"secondary": 1.915432397059438, "primary": 0.9626747634911561}}, "GTG|GTT": {"individual": [], "joint": {"secondary": 0.5742648521594732, "primary": 0.9442922542725012}}, "TAC|TAT": {"individual": [], "joint": {"secondary": 0.6539691570118421, "primary": 0.9986849957926288}}, "TCA|TCC": {"individual": [], "joint": {"secondary": 1.762571115671767, "primary": 1.00611039315666}}, "TCA|TCG": {"individual": [], "joint": {"secondary": 2.006978464721095, "primary": 0.917059433658039}}, "TCA|TCT": {"individual": [], "joint": {"secondary": 1.558448723747415, "primary": 1.225694447849547}}, "TCC|TCG": {"individual": [], "joint": {"secondary": 1.826224986519827, "primary": 0.901060404512646}}, "TCC|TCT": {"individual": [], "joint": {"secondary": 1.875372873360009, "primary": 1.019764008633811}}, "TCG|TCT": {"individual": [], "joint": {"secondary": 2.20422632921478, "primary": 1.009092372205401}}, "TGC|TGT": {"individual": [], "joint": {"secondary": 2.103610565784696, "primary": 0.9221985326215683}}, "TTA|TTG": {"individual": [], "joint": {"secondary": 0.9153612200529252, "primary": 0.9356128352360011}}, "TTC|TTT": {"individual": [], "joint": {"secondary": 0.6633450609351917, "primary": 0.8932686696519684}}, "model_mixture_p": 0.5000000362755422}