{"baseline-AICc": {"individual": [], "joint": 350318.5400524838}, "baseline-loglikelihood": {"individual": [], "joint": -171822.5690245627}, "joint-AICc": {"individual": [], "joint": 349215.1466355403}, "joint-loglikelihood": {"individual": [], "joint": -170371.1547245667}, "AAA|AAG": {"individual": [], "joint": {"secondary": 0.6962067716212806, "primary": 0.631592230102698}}, "AAC|AAT": {"individual": [], "joint": {"secondary": 0.5486884274912911, "primary": 0.5965255909891211}}, "ACA|ACC": {"individual": [], "joint": {"secondary": 0.7167721020290456, "primary": 0.4897533905709799}}, "ACA|ACG": {"individual": [], "joint": {"secondary": 0.6947608192882236, "primary": 0.6560331539967917}}, "ACA|ACT": {"individual": [], "joint": {"secondary": 0.8528468227339309, "primary": 0.3648177190552531}}, "ACC|ACG": {"individual": [], "joint": {"secondary": 0.4371210728941349, "primary": 0.527327938776756}}, "ACC|ACT": {"individual": [], "joint": {"secondary": 0.4098208287285627, "primary": 0.6456216473169958}}, "ACG|ACT": {"individual": [], "joint": {"secondary": 0.9997313971665831, "primary": 0.3964808177621075}}, "AGA|AGG": {"individual": [], "joint": {"secondary": 0.5479631515683661, "primary": 0.6500095613023299}}, "AGA|CGA": {"individual": [], "joint": {"secondary": 0.5060018738472044, "primary": 0.562792606140813}}, "AGC|AGT": {"individual": [], "joint": {"secondary": 0.5656859734054192, "primary": 0.5482456481655438}}, "AGG|CGG": {"individual": [], "joint": {"secondary": 0.5975598802701677, "primary": 0.6361306434185391}}, "ATA|ATC": {"individual": [], "joint": {"secondary": 0.5391376094354768, "primary": 0.6001663350723002}}, "ATA|ATT": {"individual": [], "joint": {"secondary": 0.7703046359855418, "primary": 0.4802816723685194}}, "ATC|ATT": {"individual": [], "joint": {"secondary": 0.6984520550094004, "primary": 0.5704989362748009}}, "CAA|CAG": {"individual": [], "joint": {"secondary": 0.7816921410837099, "primary": 0.6595235576038044}}, "CAC|CAT": {"individual": [], "joint": {"secondary": 0.7925427952023069, "primary": 0.6614329480358603}}, "CCA|CCC": {"individual": [], "joint": {"secondary": 1.602938863547631, "primary": 1.544362319821925}}, "CCA|CCG": {"individual": [], "joint": {"secondary": 0.6414390065902406, "primary": 0.7093202747570303}}, "CCA|CCT": {"individual": [], "joint": {"secondary": 1.187109513666345, "primary": 1.444698946278074}}, "CCC|CCG": {"individual": [], "joint": {"secondary": 1.068361912510617, "primary": 1.127571756718628}}, "CCC|CCT": {"individual": [], "joint": {"secondary": 1.3048222449027, "primary": 1.556333179275948}}, "CCG|CCT": {"individual": [], "joint": {"secondary": 0.5186594493495539, "primary": 0.5594487585026737}}, "CGA|CGC": {"individual": [], "joint": {"secondary": 1.953836041514878, "primary": 1.443716857690104}}, "CGA|CGG": {"individual": [], "joint": {"secondary": 1.87163908513993, "primary": 1.853237430952782}}, "CGA|CGT": {"individual": [], "joint": {"secondary": 0.5671435327606403, "primary": 1.386478609436696}}, "CGC|CGG": {"individual": [], "joint": {"secondary": 1.241214656102774, "primary": 1.373072121915498}}, "CGC|CGT": {"individual": [], "joint": {"secondary": 1.514653721517582, "primary": 1.419645547740098}}, "CGG|CGT": {"individual": [], "joint": {"secondary": 1.535938376137664, "primary": 1.458676204159403}}, "CTA|CTC": {"individual": [], "joint": {"secondary": 0.7188156787874874, "primary": 0.5302621029618042}}, "CTA|CTG": {"individual": [], "joint": {"secondary": 0.6904011739756782, "primary": 0.6432184147260437}}, "CTA|CTT": {"individual": [], "joint": {"secondary": 0.4414109085278249, "primary": 0.4942436520044773}}, "CTA|TTA": {"individual": [], "joint": {"secondary": 0.5785938529624084, "primary": 0.5272403863948555}}, "CTC|CTG": {"individual": [], "joint": {"secondary": 0.6106119081901221, "primary": 0.5092469502699941}}, "CTC|CTT": {"individual": [], "joint": {"secondary": 0.3942999741235457, "primary": 0.6745876465751527}}, "CTG|CTT": {"individual": [], "joint": {"secondary": 0.4595694591795655, "primary": 0.5446498588088509}}, "CTG|TTG": {"individual": [], "joint": {"secondary": 0.6279131865153003, "primary": 0.6133432471916436}}, "GAA|GAG": {"individual": [], "joint": {"secondary": 0.7351716911310983, "primary": 0.674211121002197}}, "GAC|GAT": {"individual": [], "joint": {"secondary": 0.6278555650180456, "primary": 0.6565260978981132}}, "GCA|GCC": {"individual": [], "joint": {"secondary": 0.6776980040218821, "primary": 0.6038851105098109}}, "GCA|GCG": {"individual": [], "joint": {"secondary": 0.472749629757141, "primary": 0.5532665531660915}}, "GCA|GCT": {"individual": [], "joint": {"secondary": 0.3771635623819854, "primary": 0.3996047206249106}}, "GCC|GCG": {"individual": [], "joint": {"secondary": 1.36691478153273, "primary": 1.181753280259422}}, "GCC|GCT": {"individual": [], "joint": {"secondary": 2.019614997846351, "primary": 1.621855793308661}}, "GCG|GCT": {"individual": [], "joint": {"secondary": 1.027091379667883, "primary": 1.284409125757738}}, "GGA|GGC": {"individual": [], "joint": {"secondary": 1.686606673135012, "primary": 1.357042868517094}}, "GGA|GGG": {"individual": [], "joint": {"secondary": 1.403336852660093, "primary": 1.832157357524877}}, "GGA|GGT": {"individual": [], "joint": {"secondary": 0.6876848163873627, "primary": 1.283948865931686}}, "GGC|GGG": {"individual": [], "joint": {"secondary": 1.109246507924339, "primary": 1.343517436058714}}, "GGC|GGT": {"individual": [], "joint": {"secondary": 1.452881388831833, "primary": 1.564303128107191}}, "GGG|GGT": {"individual": [], "joint": {"secondary": 1.300333845757799, "primary": 1.346819205124299}}, "GTA|GTC": {"individual": [], "joint": {"secondary": 1.714383090496462, "primary": 1.58088186792964}}, "GTA|GTG": {"individual": [], "joint": {"secondary": 2.030261644314036, "primary": 1.773582722334775}}, "GTA|GTT": {"individual": [], "joint": {"secondary": 0.834067884199548, "primary": 1.468784415923109}}, "GTC|GTG": {"individual": [], "joint": {"secondary": 1.454297354619281, "primary": 1.204220215855569}}, "GTC|GTT": {"individual": [], "joint": {"secondary": 1.430038844686869, "primary": 1.574324886789535}}, "GTG|GTT": {"individual": [], "joint": {"secondary": 0.8970232894393566, "primary": 1.324405164522443}}, "TAC|TAT": {"individual": [], "joint": {"secondary": 1.888711130450016, "primary": 1.411372684418156}}, "TCA|TCC": {"individual": [], "joint": {"secondary": 1.194336116098485, "primary": 1.472494592010014}}, "TCA|TCG": {"individual": [], "joint": {"secondary": 1.510617447095643, "primary": 1.582953623763345}}, "TCA|TCT": {"individual": [], "joint": {"secondary": 0.9604573382231434, "primary": 1.293755606313342}}, "TCC|TCG": {"individual": [], "joint": {"secondary": 1.371667115731083, "primary": 1.265680420913711}}, "TCC|TCT": {"individual": [], "joint": {"secondary": 1.589850423893481, "primary": 1.471296151045023}}, "TCG|TCT": {"individual": [], "joint": {"secondary": 1.332704311122148, "primary": 1.095830699629881}}, "TGC|TGT": {"individual": [], "joint": {"secondary": 1.769917886591989, "primary": 1.433231413116488}}, "TTA|TTG": {"individual": [], "joint": {"secondary": 0.6887303416247729, "primary": 0.6160777295957095}}, "TTC|TTT": {"individual": [], "joint": {"secondary": 0.7039251815969798, "primary": 0.6372184789135538}}, "model_mixture_p": 0.8120501566069048}