{"baseline-AICc": {"individual": [], "joint": 354274.3840420756}, "baseline-loglikelihood": {"individual": [], "joint": -173800.4910193586}, "joint-AICc": {"individual": [], "joint": 355381.0780747783}, "joint-loglikelihood": {"individual": [], "joint": -173454.1204441857}, "AAA|AAG": {"individual": [], "joint": {"secondary": 0.798539745287572, "primary": 1.168766472345085}}, "AAC|AAT": {"individual": [], "joint": {"secondary": 0.8459576136097084, "primary": 1.117412303065315}}, "ACA|ACC": {"individual": [], "joint": {"secondary": 1.021011447207399, "primary": 0.9707342435745002}}, "ACA|ACG": {"individual": [], "joint": {"secondary": 1.102598417810225, "primary": 1.0151164774963}}, "ACA|ACT": {"individual": [], "joint": {"secondary": 0.9412978554232511, "primary": 0.9390200984734556}}, "ACC|ACG": {"individual": [], "joint": {"secondary": 0.8636313850609934, "primary": 1.097673628407514}}, "ACC|ACT": {"individual": [], "joint": {"secondary": 0.8868037491407312, "primary": 0.861291727341071}}, "ACG|ACT": {"individual": [], "joint": {"secondary": 1.016272171530501, "primary": 0.7580719065755365}}, "AGA|AGG": {"individual": [], "joint": {"secondary": 0.9315831509746834, "primary": 0.8780904138764635}}, "AGA|CGA": {"individual": [], "joint": {"secondary": 1.19348212392969, "primary": 0.9182127812673994}}, "AGC|AGT": {"individual": [], "joint": {"secondary": 1.009875526018114, "primary": 0.9986572990745816}}, "AGG|CGG": {"individual": [], "joint": {"secondary": 0.9742039145682834, "primary": 0.915100444486455}}, "ATA|ATC": {"individual": [], "joint": {"secondary": 0.8509018546859258, "primary": 0.9861080870223838}}, "ATA|ATT": {"individual": [], "joint": {"secondary": 0.9504426694929184, "primary": 1.065811013157954}}, "ATC|ATT": {"individual": [], "joint": {"secondary": 1.132333235839331, "primary": 0.9847424545186212}}, "CAA|CAG": {"individual": [], "joint": {"secondary": 0.9273402907397738, "primary": 0.970385887709503}}, "CAC|CAT": {"individual": [], "joint": {"secondary": 0.9459587436442262, "primary": 0.8878223068330773}}, "CCA|CCC": {"individual": [], "joint": {"secondary": 0.9277196102026203, "primary": 0.879947628849298}}, "CCA|CCG": {"individual": [], "joint": {"secondary": 1.164222787863525, "primary": 0.8535184193365765}}, "CCA|CCT": {"individual": [], "joint": {"secondary": 1.124489616761356, "primary": 0.5476732924765384}}, "CCC|CCG": {"individual": [], "joint": {"secondary": 0.9494632011901188, "primary": 0.8617274350071131}}, "CCC|CCT": {"individual": [], "joint": {"secondary": 0.9034411688544662, "primary": 0.8827934916942507}}, "CCG|CCT": {"individual": [], "joint": {"secondary": 0.9013902078445565, "primary": 0.9106004611798175}}, "CGA|CGC": {"individual": [], "joint": {"secondary": 0.5366091920582854, "primary": 1.102870189262313}}, "CGA|CGG": {"individual": [], "joint": {"secondary": 1.20393295973415, "primary": 0.7429673108334881}}, "CGA|CGT": {"individual": [], "joint": {"secondary": 1.248338995557154, "primary": 0.3828910560002848}}, "CGC|CGG": {"individual": [], "joint": {"secondary": 2.583117939356436, "primary": 2.050784095889857}}, "CGC|CGT": {"individual": [], "joint": {"secondary": 2.058906968316541, "primary": 2.476633606523958}}, "CGG|CGT": {"individual": [], "joint": {"secondary": 0.8434567852330601, "primary": 0.9155673384297227}}, "CTA|CTC": {"individual": [], "joint": {"secondary": 0.9748836298361545, "primary": 0.7851889075826574}}, "CTA|CTG": {"individual": [], "joint": {"secondary": 0.9960522250205058, "primary": 1.012252140153827}}, "CTA|CTT": {"individual": [], "joint": {"secondary": 0.8193884372790813, "primary": 0.942354768930306}}, "CTA|TTA": {"individual": [], "joint": {"secondary": 1.007821591941667, "primary": 0.8781891467332726}}, "CTC|CTG": {"individual": [], "joint": {"secondary": 0.9863933013318358, "primary": 0.9989079879937639}}, "CTC|CTT": {"individual": [], "joint": {"secondary": 0.8530893116607324, "primary": 0.8901351408255596}}, "CTG|CTT": {"individual": [], "joint": {"secondary": 0.7632585438990553, "primary": 1.142285334345331}}, "CTG|TTG": {"individual": [], "joint": {"secondary": 0.7889497858040769, "primary": 0.8696963056648047}}, "GAA|GAG": {"individual": [], "joint": {"secondary": 0.781843837099428, "primary": 0.8901805099282062}}, "GAC|GAT": {"individual": [], "joint": {"secondary": 0.9902025235314226, "primary": 0.9700357333132367}}, "GCA|GCC": {"individual": [], "joint": {"secondary": 0.8494650394831557, "primary": 1.069234042051138}}, "GCA|GCG": {"individual": [], "joint": {"secondary": 0.9606266921104286, "primary": 0.9788342087446946}}, "GCA|GCT": {"individual": [], "joint": {"secondary": 0.8468050249470224, "primary": 1.194225807220472}}, "GCC|GCG": {"individual": [], "joint": {"secondary": 0.8399562465646531, "primary": 1.055764715640208}}, "GCC|GCT": {"individual": [], "joint": {"secondary": 0.9995334031818849, "primary": 0.9261733261571846}}, "GCG|GCT": {"individual": [], "joint": {"secondary": 1.056109818852201, "primary": 0.9377523491811841}}, "GGA|GGC": {"individual": [], "joint": {"secondary": 0.7966159611960814, "primary": 1.212399777546814}}, "GGA|GGG": {"individual": [], "joint": {"secondary": 0.8668905470751797, "primary": 0.8266211510561934}}, "GGA|GGT": {"individual": [], "joint": {"secondary": 1.167889737982968, "primary": 0.9409627156148161}}, "GGC|GGG": {"individual": [], "joint": {"secondary": 0.7977417491241277, "primary": 0.7925829942225451}}, "GGC|GGT": {"individual": [], "joint": {"secondary": 0.976039162475554, "primary": 0.9633480421030937}}, "GGG|GGT": {"individual": [], "joint": {"secondary": 0.8891437510707743, "primary": 1.105206890941825}}, "GTA|GTC": {"individual": [], "joint": {"secondary": 0.9483218285104845, "primary": 0.9849926664467148}}, "GTA|GTG": {"individual": [], "joint": {"secondary": 0.784813277707055, "primary": 1.002669423226523}}, "GTA|GTT": {"individual": [], "joint": {"secondary": 1.043601991738851, "primary": 1.049941035697103}}, "GTC|GTG": {"individual": [], "joint": {"secondary": 0.8654269349668615, "primary": 0.9154951691114995}}, "GTC|GTT": {"individual": [], "joint": {"secondary": 0.9697113090800189, "primary": 0.8937299049108105}}, "GTG|GTT": {"individual": [], "joint": {"secondary": 1.05374604774477, "primary": 0.9191309340258204}}, "TAC|TAT": {"individual": [], "joint": {"secondary": 1.055005310736161, "primary": 1.081067331938943}}, "TCA|TCC": {"individual": [], "joint": {"secondary": 0.8008602822024075, "primary": 0.9260195144959714}}, "TCA|TCG": {"individual": [], "joint": {"secondary": 2.186765858835147, "primary": 2.1619837377993}}, "TCA|TCT": {"individual": [], "joint": {"secondary": 1.077526239389829, "primary": 0.7748160965921114}}, "TCC|TCG": {"individual": [], "joint": {"secondary": 1.013823001708209, "primary": 0.9721834776434086}}, "TCC|TCT": {"individual": [], "joint": {"secondary": 1.01799451700791, "primary": 1.108884694461047}}, "TCG|TCT": {"individual": [], "joint": {"secondary": 0.6793673339513627, "primary": 0.7754863590498834}}, "TGC|TGT": {"individual": [], "joint": {"secondary": 0.7606128105131871, "primary": 1.094991505216853}}, "TTA|TTG": {"individual": [], "joint": {"secondary": 0.9464079952100884, "primary": 0.8858699631149423}}, "TTC|TTT": {"individual": [], "joint": {"secondary": 0.9499916112940612, "primary": 0.9294143196095042}}, "model_mixture_p": 0.5626556769356387}