{"baseline-AICc": {"individual": [], "joint": 353835.2058102771}, "baseline-loglikelihood": {"individual": [], "joint": -173580.9019034594}, "joint-AICc": {"individual": [], "joint": 354452.5635033656}, "joint-loglikelihood": {"individual": [], "joint": -172989.8631584794}, "AAA|AAG": {"individual": [], "joint": {"secondary": 0.7956982940520543, "primary": 0.8853404114210883}}, "AAC|AAT": {"individual": [], "joint": {"secondary": 0.9281831252148169, "primary": 0.7896317988711525}}, "ACA|ACC": {"individual": [], "joint": {"secondary": 0.9145152444679068, "primary": 0.8645061111615866}}, "ACA|ACG": {"individual": [], "joint": {"secondary": 0.766923900013882, "primary": 0.9886710444244609}}, "ACA|ACT": {"individual": [], "joint": {"secondary": 0.8209029742400538, "primary": 0.7707651543845779}}, "ACC|ACG": {"individual": [], "joint": {"secondary": 0.9643846169701094, "primary": 0.8022956271873275}}, "ACC|ACT": {"individual": [], "joint": {"secondary": 0.9476686430266383, "primary": 0.9774762756103915}}, "ACG|ACT": {"individual": [], "joint": {"secondary": 1.063254911403461, "primary": 0.5747406524792983}}, "AGA|AGG": {"individual": [], "joint": {"secondary": 0.9781810902009277, "primary": 0.8710340915303479}}, "AGA|CGA": {"individual": [], "joint": {"secondary": 0.8864693604472679, "primary": 0.6828264754956133}}, "AGC|AGT": {"individual": [], "joint": {"secondary": 1.020109254789169, "primary": 0.9983565967841589}}, "AGG|CGG": {"individual": [], "joint": {"secondary": 1.06342008147607, "primary": 0.983960936897777}}, "ATA|ATC": {"individual": [], "joint": {"secondary": 0.990285021162118, "primary": 0.9886072741583606}}, "ATA|ATT": {"individual": [], "joint": {"secondary": 0.8217665747322722, "primary": 0.932136354097809}}, "ATC|ATT": {"individual": [], "joint": {"secondary": 0.992430804305594, "primary": 0.8248448716680485}}, "CAA|CAG": {"individual": [], "joint": {"secondary": 0.8759091172790596, "primary": 0.822019349592798}}, "CAC|CAT": {"individual": [], "joint": {"secondary": 0.8762087296726933, "primary": 1.021555173887717}}, "CCA|CCC": {"individual": [], "joint": {"secondary": 0.6235431465071797, "primary": 0.781855007105415}}, "CCA|CCG": {"individual": [], "joint": {"secondary": 0.9731816466152962, "primary": 0.7432069270844261}}, "CCA|CCT": {"individual": [], "joint": {"secondary": 0.89326509692833, "primary": 0.6946779930365067}}, "CCC|CCG": {"individual": [], "joint": {"secondary": 0.9171071909833247, "primary": 0.8212337546157404}}, "CCC|CCT": {"individual": [], "joint": {"secondary": 1.075851434822994, "primary": 0.8934844582305349}}, "CCG|CCT": {"individual": [], "joint": {"secondary": 0.80147043522154, "primary": 0.8160200895103998}}, "CGA|CGC": {"individual": [], "joint": {"secondary": 0.8456644134479785, "primary": 0.6435426446032008}}, "CGA|CGG": {"individual": [], "joint": {"secondary": 0.8465976279345351, "primary": 0.6894602708012434}}, "CGA|CGT": {"individual": [], "joint": {"secondary": 0.8819795313129778, "primary": 0.9366839578955198}}, "CGC|CGG": {"individual": [], "joint": {"secondary": 2.189011734539382, "primary": 2.574515355641575}}, "CGC|CGT": {"individual": [], "joint": {"secondary": 2.071697715109247, "primary": 2.501801730785359}}, "CGG|CGT": {"individual": [], "joint": {"secondary": 0.7693035492535489, "primary": 1.060348762304566}}, "CTA|CTC": {"individual": [], "joint": {"secondary": 0.9558461195950635, "primary": 0.7134108968121116}}, "CTA|CTG": {"individual": [], "joint": {"secondary": 0.7718130038466822, "primary": 0.9775516656982122}}, "CTA|CTT": {"individual": [], "joint": {"secondary": 0.838107920204892, "primary": 0.7439409865472204}}, "CTA|TTA": {"individual": [], "joint": {"secondary": 0.8861430258274756, "primary": 0.9231729802137744}}, "CTC|CTG": {"individual": [], "joint": {"secondary": 0.8593903918783117, "primary": 0.93445053214384}}, "CTC|CTT": {"individual": [], "joint": {"secondary": 0.8712589272003433, "primary": 1.088303888025466}}, "CTG|CTT": {"individual": [], "joint": {"secondary": 0.940601387641185, "primary": 0.7836544126810672}}, "CTG|TTG": {"individual": [], "joint": {"secondary": 0.9937029874460354, "primary": 0.9463408363741849}}, "GAA|GAG": {"individual": [], "joint": {"secondary": 0.8139345625869805, "primary": 0.7921258621508407}}, "GAC|GAT": {"individual": [], "joint": {"secondary": 0.8227534613156368, "primary": 1.120583659952845}}, "GCA|GCC": {"individual": [], "joint": {"secondary": 0.8332603743988666, "primary": 0.9711317913558436}}, "GCA|GCG": {"individual": [], "joint": {"secondary": 0.8390554673002684, "primary": 0.844279680912035}}, "GCA|GCT": {"individual": [], "joint": {"secondary": 1.181216213835971, "primary": 0.7410409373926277}}, "GCC|GCG": {"individual": [], "joint": {"secondary": 0.8713219383428297, "primary": 0.9457025159060706}}, "GCC|GCT": {"individual": [], "joint": {"secondary": 0.8454783702456897, "primary": 0.9468130622778775}}, "GCG|GCT": {"individual": [], "joint": {"secondary": 0.8200712430363378, "primary": 0.893291736667012}}, "GGA|GGC": {"individual": [], "joint": {"secondary": 0.8410786801982112, "primary": 1.095542245368175}}, "GGA|GGG": {"individual": [], "joint": {"secondary": 0.9316320505697178, "primary": 0.8408014390448644}}, "GGA|GGT": {"individual": [], "joint": {"secondary": 1.03214704231231, "primary": 1.204447021470389}}, "GGC|GGG": {"individual": [], "joint": {"secondary": 0.8568316286231534, "primary": 0.825437264340943}}, "GGC|GGT": {"individual": [], "joint": {"secondary": 1.043653174820455, "primary": 0.8903585566317641}}, "GGG|GGT": {"individual": [], "joint": {"secondary": 2.455129131583456, "primary": 1.926647531735749}}, "GTA|GTC": {"individual": [], "joint": {"secondary": 0.883311306955223, "primary": 0.9213380833853814}}, "GTA|GTG": {"individual": [], "joint": {"secondary": 2.199286799649442, "primary": 2.12973456311186}}, "GTA|GTT": {"individual": [], "joint": {"secondary": 0.618192242496403, "primary": 0.93405107516076}}, "GTC|GTG": {"individual": [], "joint": {"secondary": 0.9089661760372594, "primary": 0.8196362953625708}}, "GTC|GTT": {"individual": [], "joint": {"secondary": 0.8933791937228358, "primary": 0.798677947035611}}, "GTG|GTT": {"individual": [], "joint": {"secondary": 0.7385103974384906, "primary": 0.96417756447945}}, "TAC|TAT": {"individual": [], "joint": {"secondary": 0.9219561035508174, "primary": 0.7823577428418381}}, "TCA|TCC": {"individual": [], "joint": {"secondary": 2.101165138088847, "primary": 2.04090716213973}}, "TCA|TCG": {"individual": [], "joint": {"secondary": 1.836852574130681, "primary": 2.116694911532304}}, "TCA|TCT": {"individual": [], "joint": {"secondary": 0.5322465196459769, "primary": 0.898206200535717}}, "TCC|TCG": {"individual": [], "joint": {"secondary": 0.914319874315776, "primary": 0.902638203883234}}, "TCC|TCT": {"individual": [], "joint": {"secondary": 0.896083183853264, "primary": 1.088769161678683}}, "TCG|TCT": {"individual": [], "joint": {"secondary": 0.7684723118948013, "primary": 1.001244362534699}}, "TGC|TGT": {"individual": [], "joint": {"secondary": 0.9280670554908786, "primary": 0.7980141990023932}}, "TTA|TTG": {"individual": [], "joint": {"secondary": 0.9588834348479557, "primary": 0.8787134456611321}}, "TTC|TTT": {"individual": [], "joint": {"secondary": 1.000895318941038, "primary": 0.8402104266847041}}, "model_mixture_p": 0.4367232826443528}