{"baseline-AICc": {"individual": [], "joint": 442522.8205906767}, "baseline-loglikelihood": {"individual": [], "joint": -217012.4338002794}, "joint-AICc": {"individual": [], "joint": 441353.7272141801}, "joint-loglikelihood": {"individual": [], "joint": -215487.0423166966}, "AAA|AAG": {"individual": [], "joint": {"secondary": 0.966762272151958, "primary": 0.8300811724327752}}, "AAC|AAT": {"individual": [], "joint": {"secondary": 1.174828877709622, "primary": 0.8421184889568442}}, "ACA|ACC": {"individual": [], "joint": {"secondary": 0.3084147284063441, "primary": 0.8418147126891306}}, "ACA|ACG": {"individual": [], "joint": {"secondary": 0.8872439868470099, "primary": 0.7926399274512564}}, "ACA|ACT": {"individual": [], "joint": {"secondary": 0.7467051217231073, "primary": 0.786505860787102}}, "ACC|ACG": {"individual": [], "joint": {"secondary": 1.113215828134901, "primary": 0.616208259536471}}, "ACC|ACT": {"individual": [], "joint": {"secondary": 1.267472757320822, "primary": 0.7312833739789463}}, "ACG|ACT": {"individual": [], "joint": {"secondary": 0.6523834687651171, "primary": 0.6894842507198844}}, "AGA|AGG": {"individual": [], "joint": {"secondary": 0.6820324487248933, "primary": 0.7775496203548103}}, "AGA|CGA": {"individual": [], "joint": {"secondary": 0.6683657839976698, "primary": 0.6679747607854502}}, "AGC|AGT": {"individual": [], "joint": {"secondary": 0.9880388605273298, "primary": 0.6849141498900254}}, "AGG|CGG": {"individual": [], "joint": {"secondary": 1.20989330498099, "primary": 0.7619004674803642}}, "ATA|ATC": {"individual": [], "joint": {"secondary": 0.9122268241563147, "primary": 0.8034277662772307}}, "ATA|ATT": {"individual": [], "joint": {"secondary": 0.7260670449551982, "primary": 0.663078372869738}}, "ATC|ATT": {"individual": [], "joint": {"secondary": 0.8532775778938013, "primary": 0.8080821887245974}}, "CAA|CAG": {"individual": [], "joint": {"secondary": 0.8893181882862714, "primary": 0.7450761458026604}}, "CAC|CAT": {"individual": [], "joint": {"secondary": 0.9824179498244379, "primary": 0.6850394649718062}}, "CCA|CCC": {"individual": [], "joint": {"secondary": 0.8771187737963186, "primary": 0.7231280849033185}}, "CCA|CCG": {"individual": [], "joint": {"secondary": 0.5000237005681764, "primary": 0.8445140989377475}}, "CCA|CCT": {"individual": [], "joint": {"secondary": 1.840694864163356, "primary": 0.6000980217491343}}, "CCC|CCG": {"individual": [], "joint": {"secondary": 0.9699750902130784, "primary": 0.7404317868339358}}, "CCC|CCT": {"individual": [], "joint": {"secondary": 1.085659493191957, "primary": 0.8359807687907124}}, "CCG|CCT": {"individual": [], "joint": {"secondary": 0.4489787036974958, "primary": 0.6415009020358325}}, "CGA|CGC": {"individual": [], "joint": {"secondary": 1.012531221515661, "primary": 0.8391951755182582}}, "CGA|CGG": {"individual": [], "joint": {"secondary": 0.7399545016158275, "primary": 0.7270405025274422}}, "CGA|CGT": {"individual": [], "joint": {"secondary": 1.265773316700334, "primary": 0.6543473105310033}}, "CGC|CGG": {"individual": [], "joint": {"secondary": 2.091206897910159, "primary": 1.588456763653491}}, "CGC|CGT": {"individual": [], "joint": {"secondary": 2.460294493059836, "primary": 1.955525003428283}}, "CGG|CGT": {"individual": [], "joint": {"secondary": 0.059125150667532, "primary": 0.8069478098270088}}, "CTA|CTC": {"individual": [], "joint": {"secondary": 0.631790650991605, "primary": 0.8227395130936591}}, "CTA|CTG": {"individual": [], "joint": {"secondary": 0.8967229914649861, "primary": 0.7767410263493211}}, "CTA|CTT": {"individual": [], "joint": {"secondary": 0.2262482251592405, "primary": 0.8015396571955179}}, "CTA|TTA": {"individual": [], "joint": {"secondary": 0.6429884602139321, "primary": 0.6498132986091033}}, "CTC|CTG": {"individual": [], "joint": {"secondary": 0.9289606182509546, "primary": 0.6505668712349382}}, "CTC|CTT": {"individual": [], "joint": {"secondary": 0.8928051020358336, "primary": 0.7444437062339748}}, "CTG|CTT": {"individual": [], "joint": {"secondary": 1.501587465881665, "primary": 0.7623085358167871}}, "CTG|TTG": {"individual": [], "joint": {"secondary": 1.091264190950368, "primary": 0.7234704508333024}}, "GAA|GAG": {"individual": [], "joint": {"secondary": 1.032528992626895, "primary": 0.7717088235262773}}, "GAC|GAT": {"individual": [], "joint": {"secondary": 0.7960901883124317, "primary": 0.766285343171813}}, "GCA|GCC": {"individual": [], "joint": {"secondary": 0.9328231419648264, "primary": 0.7711299338960197}}, "GCA|GCG": {"individual": [], "joint": {"secondary": 0.6582080021252424, "primary": 0.8184001946759799}}, "GCA|GCT": {"individual": [], "joint": {"secondary": 0.7108137279190986, "primary": 0.7037774293430451}}, "GCC|GCG": {"individual": [], "joint": {"secondary": 0.9392400839717606, "primary": 0.7074442617376807}}, "GCC|GCT": {"individual": [], "joint": {"secondary": 0.8832007216659881, "primary": 0.7033680704608835}}, "GCG|GCT": {"individual": [], "joint": {"secondary": 0.8415647435135177, "primary": 0.7952716838451083}}, "GGA|GGC": {"individual": [], "joint": {"secondary": 0.6930079802441002, "primary": 0.5811098758915273}}, "GGA|GGG": {"individual": [], "joint": {"secondary": 0.8706366483070562, "primary": 0.7733082549098519}}, "GGA|GGT": {"individual": [], "joint": {"secondary": 0.8161670264388993, "primary": 0.9536522882856918}}, "GGC|GGG": {"individual": [], "joint": {"secondary": 0.9238266635260294, "primary": 0.6404121044095448}}, "GGC|GGT": {"individual": [], "joint": {"secondary": 0.6705531653999474, "primary": 1.861832219103342}}, "GGG|GGT": {"individual": [], "joint": {"secondary": 2.876444942584219, "primary": 1.733927061084289}}, "GTA|GTC": {"individual": [], "joint": {"secondary": 0.9980233709764803, "primary": 1.799093873372934}}, "GTA|GTG": {"individual": [], "joint": {"secondary": 2.011193687387679, "primary": 2.057545178446508}}, "GTA|GTT": {"individual": [], "joint": {"secondary": 0.7849745072285321, "primary": 1.688238784319476}}, "GTC|GTG": {"individual": [], "joint": {"secondary": 0.7154267772622553, "primary": 1.768649088341431}}, "GTC|GTT": {"individual": [], "joint": {"secondary": 1.036730119182817, "primary": 1.932128242653078}}, "GTG|GTT": {"individual": [], "joint": {"secondary": 0.8244916854780282, "primary": 0.6870638190856834}}, "TAC|TAT": {"individual": [], "joint": {"secondary": 0.8051636521092856, "primary": 0.6244122547538455}}, "TCA|TCC": {"individual": [], "joint": {"secondary": 2.493787254125364, "primary": 1.760981919484311}}, "TCA|TCG": {"individual": [], "joint": {"secondary": 2.112486279306344, "primary": 1.910541893421188}}, "TCA|TCT": {"individual": [], "joint": {"secondary": 0.2207855589218884, "primary": 1.80344859542945}}, "TCC|TCG": {"individual": [], "joint": {"secondary": 0.8986813350441791, "primary": 1.767506982656788}}, "TCC|TCT": {"individual": [], "joint": {"secondary": 1.832198613532798, "primary": 1.716860969743303}}, "TCG|TCT": {"individual": [], "joint": {"secondary": 0.917438384024432, "primary": 1.816975294876477}}, "TGC|TGT": {"individual": [], "joint": {"secondary": 0.7640232755610713, "primary": 1.937593829926459}}, "TTA|TTG": {"individual": [], "joint": {"secondary": 0.8162026511243474, "primary": 0.819705014041184}}, "TTC|TTT": {"individual": [], "joint": {"secondary": 0.9309178836803745, "primary": 0.7116584432949652}}, "model_mixture_p": 0.900000105154011}