{"baseline-AICc": {"individual": [], "joint": 422666.2379526098}, "baseline-loglikelihood": {"individual": [], "joint": -207084.8342645055}, "joint-AICc": {"individual": [], "joint": 421669.1999475723}, "joint-loglikelihood": {"individual": [], "joint": -205648.3036803216}, "AAA|AAG": {"individual": [], "joint": {"secondary": 0.9251216141667304, "primary": 0.796724793552021}}, "AAC|AAT": {"individual": [], "joint": {"secondary": 0.8973310976067944, "primary": 0.8227494737655785}}, "ACA|ACC": {"individual": [], "joint": {"secondary": 0.9070569417355565, "primary": 0.6771079978362576}}, "ACA|ACG": {"individual": [], "joint": {"secondary": 1.260233479247423, "primary": 0.7235673232563755}}, "ACA|ACT": {"individual": [], "joint": {"secondary": 0.6713781032340375, "primary": 0.7778780940869207}}, "ACC|ACG": {"individual": [], "joint": {"secondary": 0.8005291836141568, "primary": 0.7118941630659581}}, "ACC|ACT": {"individual": [], "joint": {"secondary": 0.7314255914190377, "primary": 0.8166640379292921}}, "ACG|ACT": {"individual": [], "joint": {"secondary": 1.124248351928957, "primary": 0.7145843850689526}}, "AGA|AGG": {"individual": [], "joint": {"secondary": 1.217715454008271, "primary": 0.7519058983487921}}, "AGA|CGA": {"individual": [], "joint": {"secondary": 1.443346625236256, "primary": 0.694762889559713}}, "AGC|AGT": {"individual": [], "joint": {"secondary": 0.8632933741432405, "primary": 0.7393986014542042}}, "AGG|CGG": {"individual": [], "joint": {"secondary": 1.258436642705509, "primary": 0.6387186119571837}}, "ATA|ATC": {"individual": [], "joint": {"secondary": 1.080025342273729, "primary": 0.6758280640698292}}, "ATA|ATT": {"individual": [], "joint": {"secondary": 0.828321254883065, "primary": 0.8894432030721986}}, "ATC|ATT": {"individual": [], "joint": {"secondary": 1.08422581088782, "primary": 0.7125644742647245}}, "CAA|CAG": {"individual": [], "joint": {"secondary": 0.783941628229962, "primary": 0.8084202751309325}}, "CAC|CAT": {"individual": [], "joint": {"secondary": 0.8855432386675114, "primary": 0.8306062102917361}}, "CCA|CCC": {"individual": [], "joint": {"secondary": 0.7756458537530594, "primary": 0.7442099811682066}}, "CCA|CCG": {"individual": [], "joint": {"secondary": 1.16009511557628, "primary": 0.6970276990940808}}, "CCA|CCT": {"individual": [], "joint": {"secondary": 0.9224303467797368, "primary": 0.64668584733684}}, "CCC|CCG": {"individual": [], "joint": {"secondary": 1.368935544505564, "primary": 0.7296816874412831}}, "CCC|CCT": {"individual": [], "joint": {"secondary": 1.302249451073317, "primary": 0.7809307430817869}}, "CCG|CCT": {"individual": [], "joint": {"secondary": 1.159873229285813, "primary": 0.6202114185572557}}, "CGA|CGC": {"individual": [], "joint": {"secondary": 1.055343827973257, "primary": 0.8382483135665285}}, "CGA|CGG": {"individual": [], "joint": {"secondary": 1.024221468583562, "primary": 0.7919386795470011}}, "CGA|CGT": {"individual": [], "joint": {"secondary": 0.6147235570662095, "primary": 0.6655069988510681}}, "CGC|CGG": {"individual": [], "joint": {"secondary": 0.5458551957917634, "primary": 1.775218603638602}}, "CGC|CGT": {"individual": [], "joint": {"secondary": 1.163244205549844, "primary": 2.0884148606869}}, "CGG|CGT": {"individual": [], "joint": {"secondary": 1.058539544156723, "primary": 0.580800644308371}}, "CTA|CTC": {"individual": [], "joint": {"secondary": 1.462156707414866, "primary": 0.7618919002796444}}, "CTA|CTG": {"individual": [], "joint": {"secondary": 0.987968382125185, "primary": 0.8148392619121881}}, "CTA|CTT": {"individual": [], "joint": {"secondary": 0.6257774503290126, "primary": 0.6192702800218152}}, "CTA|TTA": {"individual": [], "joint": {"secondary": 0.976117435638496, "primary": 0.7859985196041318}}, "CTC|CTG": {"individual": [], "joint": {"secondary": 0.7575355358370327, "primary": 0.6229916669467764}}, "CTC|CTT": {"individual": [], "joint": {"secondary": 1.108268768995401, "primary": 0.8391635225451942}}, "CTG|CTT": {"individual": [], "joint": {"secondary": 0.7556187574057228, "primary": 0.6884564641906961}}, "CTG|TTG": {"individual": [], "joint": {"secondary": 0.9710318884377809, "primary": 0.7660055286333917}}, "GAA|GAG": {"individual": [], "joint": {"secondary": 0.8283261856868381, "primary": 0.7529029768849538}}, "GAC|GAT": {"individual": [], "joint": {"secondary": 0.8548931393770564, "primary": 0.6911311483836303}}, "GCA|GCC": {"individual": [], "joint": {"secondary": 1.085228539726384, "primary": 0.6983975890126594}}, "GCA|GCG": {"individual": [], "joint": {"secondary": 0.8689747053531433, "primary": 0.7918697187347356}}, "GCA|GCT": {"individual": [], "joint": {"secondary": 0.8198134758277635, "primary": 0.7083021331505331}}, "GCC|GCG": {"individual": [], "joint": {"secondary": 0.8155275826985432, "primary": 0.7540274870254707}}, "GCC|GCT": {"individual": [], "joint": {"secondary": 0.8363266083331166, "primary": 0.7393899242700787}}, "GCG|GCT": {"individual": [], "joint": {"secondary": 0.7135022404170172, "primary": 0.7225769006268415}}, "GGA|GGC": {"individual": [], "joint": {"secondary": 0.9849124420230881, "primary": 0.7664967165915396}}, "GGA|GGG": {"individual": [], "joint": {"secondary": 1.469949861571637, "primary": 0.8897590653674732}}, "GGA|GGT": {"individual": [], "joint": {"secondary": 0.988728553286157, "primary": 0.5669982935929966}}, "GGC|GGG": {"individual": [], "joint": {"secondary": 1.305973938445525, "primary": 0.6922043381463521}}, "GGC|GGT": {"individual": [], "joint": {"secondary": 1.106046427718601, "primary": 1.853272855071164}}, "GGG|GGT": {"individual": [], "joint": {"secondary": 1.323342040748397, "primary": 1.778675454806046}}, "GTA|GTC": {"individual": [], "joint": {"secondary": 0.653757779605553, "primary": 1.891613958696882}}, "GTA|GTG": {"individual": [], "joint": {"secondary": 0.9010839926848191, "primary": 2.077688447713373}}, "GTA|GTT": {"individual": [], "joint": {"secondary": 1.237404698811096, "primary": 1.625997614618516}}, "GTC|GTG": {"individual": [], "joint": {"secondary": 1.01490134820681, "primary": 1.763899264768243}}, "GTC|GTT": {"individual": [], "joint": {"secondary": 0.969305665381235, "primary": 1.885909954101217}}, "GTG|GTT": {"individual": [], "joint": {"secondary": 0.7253628568818197, "primary": 0.804820584636878}}, "TAC|TAT": {"individual": [], "joint": {"secondary": 0.9227410217956601, "primary": 0.8145009971432698}}, "TCA|TCC": {"individual": [], "joint": {"secondary": 0.8165594008615052, "primary": 1.886042662026738}}, "TCA|TCG": {"individual": [], "joint": {"secondary": 1.112833095748809, "primary": 2.098758788737185}}, "TCA|TCT": {"individual": [], "joint": {"secondary": 2.00225550251653, "primary": 1.462695615891625}}, "TCC|TCG": {"individual": [], "joint": {"secondary": 0.9955183729162375, "primary": 1.729603542139774}}, "TCC|TCT": {"individual": [], "joint": {"secondary": 1.229635997641737, "primary": 1.820393874915564}}, "TCG|TCT": {"individual": [], "joint": {"secondary": 0.6281573023152498, "primary": 1.886990390297687}}, "TGC|TGT": {"individual": [], "joint": {"secondary": 0.9757639184791408, "primary": 1.68448307210866}}, "TTA|TTG": {"individual": [], "joint": {"secondary": 1.074510345535148, "primary": 0.8443933153657074}}, "TTC|TTT": {"individual": [], "joint": {"secondary": 1.180856959138692, "primary": 0.6758921970517651}}, "model_mixture_p": 0.8999999931998668}