{"baseline-AICc": {"individual": [], "joint": 351874.8732875667}, "baseline-loglikelihood": {"individual": [], "joint": -172600.7356421041}, "joint-AICc": {"individual": [], "joint": 351642.50934617}, "joint-loglikelihood": {"individual": [], "joint": -171584.8360798816}, "AAA|AAG": {"individual": [], "joint": {"secondary": 0.6238544776485032, "primary": 0.4660130459057192}}, "AAC|AAT": {"individual": [], "joint": {"secondary": 0.4049732842263262, "primary": 0.4252757466779017}}, "ACA|ACC": {"individual": [], "joint": {"secondary": 0.7424964661552835, "primary": 0.4280490940197563}}, "ACA|ACG": {"individual": [], "joint": {"secondary": 0.3437257638941486, "primary": 0.5253380179358356}}, "ACA|ACT": {"individual": [], "joint": {"secondary": 0.5991834968780798, "primary": 0.4686264592643911}}, "ACC|ACG": {"individual": [], "joint": {"secondary": 0.2702972231334131, "primary": 0.4744670093608947}}, "ACC|ACT": {"individual": [], "joint": {"secondary": 0.3921907906456564, "primary": 0.4526757382883723}}, "ACG|ACT": {"individual": [], "joint": {"secondary": 0.1211753335941446, "primary": 0.4558195625944302}}, "AGA|AGG": {"individual": [], "joint": {"secondary": 0.2214976309549272, "primary": 0.4486979691033067}}, "AGA|CGA": {"individual": [], "joint": {"secondary": 0.8110240185401648, "primary": 0.4725845509642681}}, "AGC|AGT": {"individual": [], "joint": {"secondary": 0.5985576196867357, "primary": 0.4511941189690981}}, "AGG|CGG": {"individual": [], "joint": {"secondary": 1.775463967440045, "primary": 1.170479943907897}}, "ATA|ATC": {"individual": [], "joint": {"secondary": 0.404112398022937, "primary": 0.5001333857467556}}, "ATA|ATT": {"individual": [], "joint": {"secondary": 0.5352698709543046, "primary": 0.4231347041500423}}, "ATC|ATT": {"individual": [], "joint": {"secondary": 0.5490480979771649, "primary": 0.4208094828970058}}, "CAA|CAG": {"individual": [], "joint": {"secondary": 0.5917980473696539, "primary": 0.4335559787326604}}, "CAC|CAT": {"individual": [], "joint": {"secondary": 0.6990968971074992, "primary": 0.484155471571372}}, "CCA|CCC": {"individual": [], "joint": {"secondary": 0.7179693486852177, "primary": 1.225614090711285}}, "CCA|CCG": {"individual": [], "joint": {"secondary": 1.557048285193526, "primary": 1.313481911647896}}, "CCA|CCT": {"individual": [], "joint": {"secondary": 1.31696564045465, "primary": 1.389160634376091}}, "CCC|CCG": {"individual": [], "joint": {"secondary": 1.522609791869732, "primary": 1.130312546911433}}, "CCC|CCT": {"individual": [], "joint": {"secondary": 1.29049370032632, "primary": 1.246517422526247}}, "CCG|CCT": {"individual": [], "joint": {"secondary": 0.774958102190016, "primary": 0.9447595672739022}}, "CGA|CGC": {"individual": [], "joint": {"secondary": 0.7214870887411733, "primary": 1.322187813553763}}, "CGA|CGG": {"individual": [], "joint": {"secondary": 0.9142960372210727, "primary": 1.203482799915715}}, "CGA|CGT": {"individual": [], "joint": {"secondary": 0.1195786593656146, "primary": 1.012036729897828}}, "CGC|CGG": {"individual": [], "joint": {"secondary": 0.7180025316317047, "primary": 1.080075483037682}}, "CGC|CGT": {"individual": [], "joint": {"secondary": 1.335215542908719, "primary": 1.089182956461855}}, "CGG|CGT": {"individual": [], "joint": {"secondary": 1.53593814338002, "primary": 1.175081271934907}}, "CTA|CTC": {"individual": [], "joint": {"secondary": 0.4266529244088912, "primary": 1.285949203578276}}, "CTA|CTG": {"individual": [], "joint": {"secondary": 1.456541756422053, "primary": 1.250472848418021}}, "CTA|CTT": {"individual": [], "joint": {"secondary": 1.729107182861053, "primary": 1.197838394698859}}, "CTA|TTA": {"individual": [], "joint": {"secondary": 1.339135651452337, "primary": 1.436209269562821}}, "CTC|CTG": {"individual": [], "joint": {"secondary": 1.159362021538833, "primary": 1.112235794965678}}, "CTC|CTT": {"individual": [], "joint": {"secondary": 1.307032453620315, "primary": 1.230932398477638}}, "CTG|CTT": {"individual": [], "joint": {"secondary": 1.229186739106585, "primary": 1.18231627169737}}, "CTG|TTG": {"individual": [], "joint": {"secondary": 0.9230238571815245, "primary": 1.276948966819458}}, "GAA|GAG": {"individual": [], "joint": {"secondary": 1.002390984262437, "primary": 1.219054766254118}}, "GAC|GAT": {"individual": [], "joint": {"secondary": 1.639655319286471, "primary": 1.213429225335684}}, "GCA|GCC": {"individual": [], "joint": {"secondary": 1.367127449364921, "primary": 1.044117123836815}}, "GCA|GCG": {"individual": [], "joint": {"secondary": 1.415409261823126, "primary": 1.304472602476618}}, "GCA|GCT": {"individual": [], "joint": {"secondary": 0.9495973526555579, "primary": 0.6180974117059627}}, "GCC|GCG": {"individual": [], "joint": {"secondary": 1.007104820524489, "primary": 1.098492883432655}}, "GCC|GCT": {"individual": [], "joint": {"secondary": 0.8615219287643676, "primary": 1.270444589273396}}, "GCG|GCT": {"individual": [], "joint": {"secondary": 1.130993122080975, "primary": 1.051274048032404}}, "GGA|GGC": {"individual": [], "joint": {"secondary": 1.156387978005065, "primary": 1.293617816696899}}, "GGA|GGG": {"individual": [], "joint": {"secondary": 1.484419923062849, "primary": 1.213628984813027}}, "GGA|GGT": {"individual": [], "joint": {"secondary": 2.878764891011789, "primary": 1.046356939324055}}, "GGC|GGG": {"individual": [], "joint": {"secondary": 1.429804986536269, "primary": 1.007661914493167}}, "GGC|GGT": {"individual": [], "joint": {"secondary": 0.7212772188734248, "primary": 1.051466053848523}}, "GGG|GGT": {"individual": [], "joint": {"secondary": 0.9092526262474078, "primary": 1.085245023728624}}, "GTA|GTC": {"individual": [], "joint": {"secondary": 1.106615958077777, "primary": 1.13497141819263}}, "GTA|GTG": {"individual": [], "joint": {"secondary": 1.235228157390569, "primary": 1.274488497638002}}, "GTA|GTT": {"individual": [], "joint": {"secondary": 1.126978754721513, "primary": 1.12260813349017}}, "GTC|GTG": {"individual": [], "joint": {"secondary": 1.208777604133291, "primary": 1.089415505008398}}, "GTC|GTT": {"individual": [], "joint": {"secondary": 0.7537980802875167, "primary": 1.182139176595072}}, "GTG|GTT": {"individual": [], "joint": {"secondary": 1.280889159186161, "primary": 1.15633851439672}}, "TAC|TAT": {"individual": [], "joint": {"secondary": 1.047675657303361, "primary": 1.246962135330717}}, "TCA|TCC": {"individual": [], "joint": {"secondary": 1.800113954666529, "primary": 1.304060131608324}}, "TCA|TCG": {"individual": [], "joint": {"secondary": 0.96118984250043, "primary": 1.246149711538646}}, "TCA|TCT": {"individual": [], "joint": {"secondary": 0.5277898730980782, "primary": 1.178520958035466}}, "TCC|TCG": {"individual": [], "joint": {"secondary": 0.7841103755551461, "primary": 1.140580940469153}}, "TCC|TCT": {"individual": [], "joint": {"secondary": 1.551701366119228, "primary": 1.189507245977032}}, "TCG|TCT": {"individual": [], "joint": {"secondary": 0.7706448188192463, "primary": 1.019142294070633}}, "TGC|TGT": {"individual": [], "joint": {"secondary": 0.8376131536479817, "primary": 1.206123700656304}}, "TTA|TTG": {"individual": [], "joint": {"secondary": 0.8267089822222076, "primary": 1.222374417831039}}, "TTC|TTT": {"individual": [], "joint": {"secondary": 1.448085556983475, "primary": 1.163451179353312}}, "model_mixture_p": 0.9374999726521668}