{"baseline-AICc": {"individual": [], "joint": 338557.230666681}, "baseline-loglikelihood": {"individual": [], "joint": -165096.6893544827}, "joint-AICc": {"individual": [], "joint": 338985.93613141}, "joint-loglikelihood": {"individual": [], "joint": -164388.9958183935}, "AAA|AAG": {"individual": [], "joint": {"secondary": 1.005297722020857, "primary": 0.8421453039210404}}, "AAC|AAT": {"individual": [], "joint": {"secondary": 0.9193716013403049, "primary": 0.6911331737329484}}, "ACA|ACC": {"individual": [], "joint": {"secondary": 0.9439321116024304, "primary": 0.6387971435136867}}, "ACA|ACG": {"individual": [], "joint": {"secondary": 0.93978382607947, "primary": 0.7951386792599139}}, "ACA|ACT": {"individual": [], "joint": {"secondary": 0.770434715156432, "primary": 0.5850624390497781}}, "ACC|ACG": {"individual": [], "joint": {"secondary": 0.9192699801564522, "primary": 0.6922993477055048}}, "ACC|ACT": {"individual": [], "joint": {"secondary": 1.125453438855955, "primary": 0.5646363063787301}}, "ACG|ACT": {"individual": [], "joint": {"secondary": 0.8739801687379388, "primary": 0.8067361703478393}}, "AGA|AGG": {"individual": [], "joint": {"secondary": 0.8269571970667088, "primary": 0.7659027173498992}}, "AGA|CGA": {"individual": [], "joint": {"secondary": 0.7621018682734242, "primary": 0.6328914181007039}}, "AGC|AGT": {"individual": [], "joint": {"secondary": 1.045256934211064, "primary": 0.8703649327558163}}, "AGG|CGG": {"individual": [], "joint": {"secondary": 1.069659492157394, "primary": 0.844302285564529}}, "ATA|ATC": {"individual": [], "joint": {"secondary": 1.069328162422359, "primary": 0.7917809124928208}}, "ATA|ATT": {"individual": [], "joint": {"secondary": 1.134141124168631, "primary": 0.7318347986933867}}, "ATC|ATT": {"individual": [], "joint": {"secondary": 0.8677401588748462, "primary": 0.7273635529926282}}, "CAA|CAG": {"individual": [], "joint": {"secondary": 1.129789620915182, "primary": 0.8568162908749799}}, "CAC|CAT": {"individual": [], "joint": {"secondary": 0.937053088964441, "primary": 0.7188432082106849}}, "CCA|CCC": {"individual": [], "joint": {"secondary": 1.097301832525025, "primary": 0.900881423574963}}, "CCA|CCG": {"individual": [], "joint": {"secondary": 1.167531111742799, "primary": 0.8389798847914756}}, "CCA|CCT": {"individual": [], "joint": {"secondary": 1.123836686911977, "primary": 0.5048178766474454}}, "CCC|CCG": {"individual": [], "joint": {"secondary": 0.9393330786772492, "primary": 0.6681669549057593}}, "CCC|CCT": {"individual": [], "joint": {"secondary": 0.9097740857826678, "primary": 0.7633927505803031}}, "CCG|CCT": {"individual": [], "joint": {"secondary": 1.054932543678893, "primary": 0.6576914052972828}}, "CGA|CGC": {"individual": [], "joint": {"secondary": 1.075756099362206, "primary": 0.8127389802213127}}, "CGA|CGG": {"individual": [], "joint": {"secondary": 0.9245872927160036, "primary": 0.6746463214053533}}, "CGA|CGT": {"individual": [], "joint": {"secondary": 1.296144862323295, "primary": 0.5374472594612199}}, "CGC|CGG": {"individual": [], "joint": {"secondary": 1.030456578350153, "primary": 1.934895447898756}}, "CGC|CGT": {"individual": [], "joint": {"secondary": 0.9435059657174648, "primary": 2.122572070291784}}, "CGG|CGT": {"individual": [], "joint": {"secondary": 1.324554530721976, "primary": 0.6416632233411442}}, "CTA|CTC": {"individual": [], "joint": {"secondary": 0.7597922049061034, "primary": 0.8716219037287641}}, "CTA|CTG": {"individual": [], "joint": {"secondary": 0.9756598940743907, "primary": 0.7487386673856756}}, "CTA|CTT": {"individual": [], "joint": {"secondary": 1.04855098138554, "primary": 0.7387672495618753}}, "CTA|TTA": {"individual": [], "joint": {"secondary": 0.9737042401087354, "primary": 0.5613539757193625}}, "CTC|CTG": {"individual": [], "joint": {"secondary": 0.9898026435268208, "primary": 0.6842789243341207}}, "CTC|CTT": {"individual": [], "joint": {"secondary": 1.08214364320746, "primary": 0.6725764711472373}}, "CTG|CTT": {"individual": [], "joint": {"secondary": 1.075135116029123, "primary": 0.7288677038504693}}, "CTG|TTG": {"individual": [], "joint": {"secondary": 1.040141405305375, "primary": 0.7311517395569751}}, "GAA|GAG": {"individual": [], "joint": {"secondary": 1.079996443846978, "primary": 0.820787962395936}}, "GAC|GAT": {"individual": [], "joint": {"secondary": 0.9592663782856676, "primary": 0.7202202629848172}}, "GCA|GCC": {"individual": [], "joint": {"secondary": 1.041520487904786, "primary": 0.7417399692854871}}, "GCA|GCG": {"individual": [], "joint": {"secondary": 0.9857565931974612, "primary": 0.6688348428663825}}, "GCA|GCT": {"individual": [], "joint": {"secondary": 1.059193993116088, "primary": 0.7081720608011723}}, "GCC|GCG": {"individual": [], "joint": {"secondary": 0.992356428137512, "primary": 0.7222635723265631}}, "GCC|GCT": {"individual": [], "joint": {"secondary": 0.8286251548398574, "primary": 0.7562138170295586}}, "GCG|GCT": {"individual": [], "joint": {"secondary": 0.8829218717297895, "primary": 0.8193285992809641}}, "GGA|GGC": {"individual": [], "joint": {"secondary": 1.228950283828077, "primary": 0.5594353274968055}}, "GGA|GGG": {"individual": [], "joint": {"secondary": 1.047967169813163, "primary": 0.8328850748449363}}, "GGA|GGT": {"individual": [], "joint": {"secondary": 0.8815946570922133, "primary": 0.6260725179065041}}, "GGC|GGG": {"individual": [], "joint": {"secondary": 0.80655791711918, "primary": 0.6881809059168018}}, "GGC|GGT": {"individual": [], "joint": {"secondary": 0.9423858228345514, "primary": 1.956943544139293}}, "GGG|GGT": {"individual": [], "joint": {"secondary": 0.9766633810994262, "primary": 1.468382714460459}}, "GTA|GTC": {"individual": [], "joint": {"secondary": 1.150986802045397, "primary": 2.160448096122405}}, "GTA|GTG": {"individual": [], "joint": {"secondary": 0.8929689258965346, "primary": 2.064379715565929}}, "GTA|GTT": {"individual": [], "joint": {"secondary": 0.6690214688776984, "primary": 1.993421320939498}}, "GTC|GTG": {"individual": [], "joint": {"secondary": 1.092878315482829, "primary": 1.61391890594151}}, "GTC|GTT": {"individual": [], "joint": {"secondary": 0.998352733218884, "primary": 2.020771131967225}}, "GTG|GTT": {"individual": [], "joint": {"secondary": 0.7725913414517506, "primary": 0.6009674988181001}}, "TAC|TAT": {"individual": [], "joint": {"secondary": 0.9495649168188417, "primary": 0.6160560103574249}}, "TCA|TCC": {"individual": [], "joint": {"secondary": 1.065928623337101, "primary": 1.587395016475918}}, "TCA|TCG": {"individual": [], "joint": {"secondary": 1.239413824588622, "primary": 1.840013463215036}}, "TCA|TCT": {"individual": [], "joint": {"secondary": 1.165265916608264, "primary": 2.16459250077644}}, "TCC|TCG": {"individual": [], "joint": {"secondary": 0.9656268751723481, "primary": 1.661683200658881}}, "TCC|TCT": {"individual": [], "joint": {"secondary": 1.036582492204481, "primary": 2.046552730037448}}, "TCG|TCT": {"individual": [], "joint": {"secondary": 0.9915461549343241, "primary": 1.678291524986125}}, "TGC|TGT": {"individual": [], "joint": {"secondary": 1.042349170305531, "primary": 1.862322298656084}}, "TTA|TTG": {"individual": [], "joint": {"secondary": 1.02452521435814, "primary": 0.8814542636276589}}, "TTC|TTT": {"individual": [], "joint": {"secondary": 1.056444633797355, "primary": 0.7669722354724495}}, "model_mixture_p": 0.4000034238438445}