{"baseline-AICc": {"individual": [], "joint": 437070.9778223396}, "baseline-loglikelihood": {"individual": [], "joint": -214286.5124161108}, "joint-AICc": {"individual": [], "joint": 436205.0914942665}, "joint-loglikelihood": {"individual": [], "joint": -212912.7244567398}, "AAA|AAG": {"individual": [], "joint": {"secondary": 0.7807108843518824, "primary": 0.7522197810709274}}, "AAC|AAT": {"individual": [], "joint": {"secondary": 0.708744642203575, "primary": 0.8398794297486343}}, "ACA|ACC": {"individual": [], "joint": {"secondary": 0.7055864781658402, "primary": 0.9113684706601983}}, "ACA|ACG": {"individual": [], "joint": {"secondary": 0.8463353000662329, "primary": 0.7753443865274768}}, "ACA|ACT": {"individual": [], "joint": {"secondary": 0.595810717322029, "primary": 1.163348584045838}}, "ACC|ACG": {"individual": [], "joint": {"secondary": 0.7086939888905918, "primary": 0.9673784406457142}}, "ACC|ACT": {"individual": [], "joint": {"secondary": 0.7271937418891545, "primary": 0.937920126544487}}, "ACG|ACT": {"individual": [], "joint": {"secondary": 0.7292172909975518, "primary": 0.7413048987043732}}, "AGA|AGG": {"individual": [], "joint": {"secondary": 0.7302854415815339, "primary": 0.8439996528585667}}, "AGA|CGA": {"individual": [], "joint": {"secondary": 0.7549534861705672, "primary": 0.8878791171384454}}, "AGC|AGT": {"individual": [], "joint": {"secondary": 0.7327007318599731, "primary": 0.6852703037266}}, "AGG|CGG": {"individual": [], "joint": {"secondary": 0.8278601841458542, "primary": 0.6673326248238626}}, "ATA|ATC": {"individual": [], "joint": {"secondary": 0.7183325167892282, "primary": 1.029830763619326}}, "ATA|ATT": {"individual": [], "joint": {"secondary": 0.8286383799732066, "primary": 0.9493979896224836}}, "ATC|ATT": {"individual": [], "joint": {"secondary": 0.676398423179222, "primary": 0.9386153631331956}}, "CAA|CAG": {"individual": [], "joint": {"secondary": 0.832845070573899, "primary": 0.7606344932442756}}, "CAC|CAT": {"individual": [], "joint": {"secondary": 0.7395666598530588, "primary": 0.8842302920459401}}, "CCA|CCC": {"individual": [], "joint": {"secondary": 0.7011411025779116, "primary": 0.7825399154393987}}, "CCA|CCG": {"individual": [], "joint": {"secondary": 0.8926279908317064, "primary": 0.8889334873821587}}, "CCA|CCT": {"individual": [], "joint": {"secondary": 0.8764603582288538, "primary": 0.7732425570762964}}, "CCC|CCG": {"individual": [], "joint": {"secondary": 0.6665550060215488, "primary": 0.8742929087560504}}, "CCC|CCT": {"individual": [], "joint": {"secondary": 0.8032997300799397, "primary": 1.074630570556435}}, "CCG|CCT": {"individual": [], "joint": {"secondary": 0.7338107241177998, "primary": 0.8502046987578583}}, "CGA|CGC": {"individual": [], "joint": {"secondary": 0.5800832095296522, "primary": 1.204873915900565}}, "CGA|CGG": {"individual": [], "joint": {"secondary": 0.8351021565043962, "primary": 1.037041500190724}}, "CGA|CGT": {"individual": [], "joint": {"secondary": 0.4288315809201719, "primary": 0.2481193492942986}}, "CGC|CGG": {"individual": [], "joint": {"secondary": 1.718052869145889, "primary": 2.527026024815762}}, "CGC|CGT": {"individual": [], "joint": {"secondary": 1.669643693120887, "primary": 2.450802896389326}}, "CGG|CGT": {"individual": [], "joint": {"secondary": 0.9601567969459229, "primary": 1.010729780346372}}, "CTA|CTC": {"individual": [], "joint": {"secondary": 0.7444004188391793, "primary": 0.9093428071865148}}, "CTA|CTG": {"individual": [], "joint": {"secondary": 0.8046140167546504, "primary": 0.8557616557142674}}, "CTA|CTT": {"individual": [], "joint": {"secondary": 0.7084093451481926, "primary": 0.6208580737311769}}, "CTA|TTA": {"individual": [], "joint": {"secondary": 0.7767100653464653, "primary": 0.918687156251433}}, "CTC|CTG": {"individual": [], "joint": {"secondary": 0.7214285865336063, "primary": 0.8561073454653884}}, "CTC|CTT": {"individual": [], "joint": {"secondary": 0.741785810003834, "primary": 1.032484095235368}}, "CTG|CTT": {"individual": [], "joint": {"secondary": 0.733824948868028, "primary": 0.888088145935155}}, "CTG|TTG": {"individual": [], "joint": {"secondary": 0.7981595179222827, "primary": 0.814727573062972}}, "GAA|GAG": {"individual": [], "joint": {"secondary": 0.7467762254561473, "primary": 0.7393897303936772}}, "GAC|GAT": {"individual": [], "joint": {"secondary": 0.7785405567253497, "primary": 1.040271120743628}}, "GCA|GCC": {"individual": [], "joint": {"secondary": 0.7106655523180898, "primary": 0.8351031725740524}}, "GCA|GCG": {"individual": [], "joint": {"secondary": 0.8298602490693022, "primary": 0.8230928737695633}}, "GCA|GCT": {"individual": [], "joint": {"secondary": 0.4904733472536836, "primary": 1.118219088157607}}, "GCC|GCG": {"individual": [], "joint": {"secondary": 0.6913584803566757, "primary": 0.8684400011583953}}, "GCC|GCT": {"individual": [], "joint": {"secondary": 0.8057858915157358, "primary": 1.070812771183822}}, "GCG|GCT": {"individual": [], "joint": {"secondary": 0.5872729710487924, "primary": 0.7082760573757702}}, "GGA|GGC": {"individual": [], "joint": {"secondary": 0.8018721397954688, "primary": 0.7521768327004061}}, "GGA|GGG": {"individual": [], "joint": {"secondary": 0.8033053649084395, "primary": 0.8448266509252349}}, "GGA|GGT": {"individual": [], "joint": {"secondary": 0.6010194512573561, "primary": 0.989814823950491}}, "GGC|GGG": {"individual": [], "joint": {"secondary": 0.6695957652964728, "primary": 0.9067513509139037}}, "GGC|GGT": {"individual": [], "joint": {"secondary": 2.000808943170544, "primary": 0.7854327027665722}}, "GGG|GGT": {"individual": [], "joint": {"secondary": 1.912779132262267, "primary": 2.430563281966243}}, "GTA|GTC": {"individual": [], "joint": {"secondary": 1.892548674015894, "primary": 0.856658199126911}}, "GTA|GTG": {"individual": [], "joint": {"secondary": 1.940259007915635, "primary": 2.181382014930781}}, "GTA|GTT": {"individual": [], "joint": {"secondary": 1.803038341329918, "primary": 1.394474438825774}}, "GTC|GTG": {"individual": [], "joint": {"secondary": 1.704863397298827, "primary": 0.7822058865660293}}, "GTC|GTT": {"individual": [], "joint": {"secondary": 1.737468988100753, "primary": 0.8147785440762011}}, "GTG|GTT": {"individual": [], "joint": {"secondary": 0.7661035155527642, "primary": 0.6716187545189908}}, "TAC|TAT": {"individual": [], "joint": {"secondary": 0.683641466051755, "primary": 0.8853569318615798}}, "TCA|TCC": {"individual": [], "joint": {"secondary": 2.075461559561266, "primary": 2.004972115649403}}, "TCA|TCG": {"individual": [], "joint": {"secondary": 1.973531550271348, "primary": 2.043096547318687}}, "TCA|TCT": {"individual": [], "joint": {"secondary": 1.931834302594838, "primary": 0.1291970173659475}}, "TCC|TCG": {"individual": [], "joint": {"secondary": 1.621887416965089, "primary": 1.064213709182027}}, "TCC|TCT": {"individual": [], "joint": {"secondary": 1.945342413062165, "primary": 0.9791451591438223}}, "TCG|TCT": {"individual": [], "joint": {"secondary": 1.508512883731782, "primary": 1.145461259687227}}, "TGC|TGT": {"individual": [], "joint": {"secondary": 2.015335709700413, "primary": 1.049111348670834}}, "TTA|TTG": {"individual": [], "joint": {"secondary": 0.7288834334500311, "primary": 0.8176129118173695}}, "TTC|TTT": {"individual": [], "joint": {"secondary": 0.7022014045088515, "primary": 0.913095527031172}}, "model_mixture_p": 0.2499881844255566}