{"baseline-AICc": {"individual": [], "joint": 354360.3041006415}, "baseline-loglikelihood": {"individual": [], "joint": -173843.4510486416}, "joint-AICc": {"individual": [], "joint": 354109.55097239}, "joint-loglikelihood": {"individual": [], "joint": -172818.3568929916}, "AAA|AAG": {"individual": [], "joint": {"secondary": 0.2840260929608498, "primary": 0.4875343837929955}}, "AAC|AAT": {"individual": [], "joint": {"secondary": 0.5088921563530245, "primary": 0.4515361454192567}}, "ACA|ACC": {"individual": [], "joint": {"secondary": 0.5395249822652269, "primary": 0.344976222112968}}, "ACA|ACG": {"individual": [], "joint": {"secondary": 0.4488032331902098, "primary": 0.5349911772135048}}, "ACA|ACT": {"individual": [], "joint": {"secondary": 0.511510330992857, "primary": 0.4193964293623633}}, "ACC|ACG": {"individual": [], "joint": {"secondary": 0.395789365790039, "primary": 0.4780691702328825}}, "ACC|ACT": {"individual": [], "joint": {"secondary": 0.3671324516940473, "primary": 0.5251974153010552}}, "ACG|ACT": {"individual": [], "joint": {"secondary": 0.4817191936788107, "primary": 0.3278034053841875}}, "AGA|AGG": {"individual": [], "joint": {"secondary": 0.4829285415742496, "primary": 0.5045431531886581}}, "AGA|CGA": {"individual": [], "joint": {"secondary": 0.7670227691256432, "primary": 0.2768634494587723}}, "AGC|AGT": {"individual": [], "joint": {"secondary": 0.6139314200684035, "primary": 0.4252076976752523}}, "AGG|CGG": {"individual": [], "joint": {"secondary": 1.546239139729831, "primary": 1.227526875714065}}, "ATA|ATC": {"individual": [], "joint": {"secondary": 0.4572105929379043, "primary": 0.4009314931248439}}, "ATA|ATT": {"individual": [], "joint": {"secondary": 0.4509064331506438, "primary": 0.4985033216763918}}, "ATC|ATT": {"individual": [], "joint": {"secondary": 0.4263943102327628, "primary": 0.4402301908490848}}, "CAA|CAG": {"individual": [], "joint": {"secondary": 0.4680152186606731, "primary": 0.4793097768867679}}, "CAC|CAT": {"individual": [], "joint": {"secondary": 0.5312830305803344, "primary": 0.4160102696943595}}, "CCA|CCC": {"individual": [], "joint": {"secondary": 1.466356966997974, "primary": 1.208600864738355}}, "CCA|CCG": {"individual": [], "joint": {"secondary": 1.046948616878242, "primary": 1.32648640170746}}, "CCA|CCT": {"individual": [], "joint": {"secondary": 1.011756081878178, "primary": 1.291527642897899}}, "CCC|CCG": {"individual": [], "joint": {"secondary": 1.229664401617499, "primary": 1.15333019378483}}, "CCC|CCT": {"individual": [], "joint": {"secondary": 1.186119825784485, "primary": 1.202913082026907}}, "CCG|CCT": {"individual": [], "joint": {"secondary": 1.134416628341049, "primary": 1.285545657610505}}, "CGA|CGC": {"individual": [], "joint": {"secondary": 1.168098105171385, "primary": 1.203693511750385}}, "CGA|CGG": {"individual": [], "joint": {"secondary": 1.105371460669695, "primary": 1.121889848904577}}, "CGA|CGT": {"individual": [], "joint": {"secondary": 1.309315334753555, "primary": 1.558853999944898}}, "CGC|CGG": {"individual": [], "joint": {"secondary": 1.066887698026514, "primary": 1.083939777925046}}, "CGC|CGT": {"individual": [], "joint": {"secondary": 1.314299541623556, "primary": 1.051108781603617}}, "CGG|CGT": {"individual": [], "joint": {"secondary": 1.092564448508164, "primary": 1.081658981734282}}, "CTA|CTC": {"individual": [], "joint": {"secondary": 1.22866527721631, "primary": 1.235187213253201}}, "CTA|CTG": {"individual": [], "joint": {"secondary": 1.11974170582514, "primary": 1.190861778898856}}, "CTA|CTT": {"individual": [], "joint": {"secondary": 1.299830919534209, "primary": 1.198789586481878}}, "CTA|TTA": {"individual": [], "joint": {"secondary": 0.8756828263806191, "primary": 1.28404927378289}}, "CTC|CTG": {"individual": [], "joint": {"secondary": 1.06796904456846, "primary": 1.116676269744778}}, "CTC|CTT": {"individual": [], "joint": {"secondary": 1.372928745713707, "primary": 1.299954083194078}}, "CTG|CTT": {"individual": [], "joint": {"secondary": 0.7624025334978007, "primary": 1.248430927493221}}, "CTG|TTG": {"individual": [], "joint": {"secondary": 1.22615779841085, "primary": 1.284360900273567}}, "GAA|GAG": {"individual": [], "joint": {"secondary": 1.057183267242227, "primary": 1.25350266813261}}, "GAC|GAT": {"individual": [], "joint": {"secondary": 1.087689977937713, "primary": 1.231770822083219}}, "GCA|GCC": {"individual": [], "joint": {"secondary": 1.454822647075671, "primary": 1.259248122513727}}, "GCA|GCG": {"individual": [], "joint": {"secondary": 1.111463552190506, "primary": 1.343296863758686}}, "GCA|GCT": {"individual": [], "joint": {"secondary": 0.4881010645368162, "primary": 0.3698731182035431}}, "GCC|GCG": {"individual": [], "joint": {"secondary": 1.259178288782723, "primary": 1.055723869129356}}, "GCC|GCT": {"individual": [], "joint": {"secondary": 1.187525185087577, "primary": 1.07345455776817}}, "GCG|GCT": {"individual": [], "joint": {"secondary": 0.903066061093903, "primary": 1.008309147541586}}, "GGA|GGC": {"individual": [], "joint": {"secondary": 0.8447951236624803, "primary": 1.256174700515811}}, "GGA|GGG": {"individual": [], "joint": {"secondary": 1.386222019313366, "primary": 1.177583819733243}}, "GGA|GGT": {"individual": [], "joint": {"secondary": 1.317716425142372, "primary": 0.9726190301173286}}, "GGC|GGG": {"individual": [], "joint": {"secondary": 0.8980174058487036, "primary": 0.9897978124685627}}, "GGC|GGT": {"individual": [], "joint": {"secondary": 1.472201153080774, "primary": 1.375383747511643}}, "GGG|GGT": {"individual": [], "joint": {"secondary": 0.9422948749142207, "primary": 1.066905162166967}}, "GTA|GTC": {"individual": [], "joint": {"secondary": 0.9911615834064659, "primary": 1.198310464530825}}, "GTA|GTG": {"individual": [], "joint": {"secondary": 1.515569634558025, "primary": 1.189127639634464}}, "GTA|GTT": {"individual": [], "joint": {"secondary": 1.409011657459858, "primary": 1.309760510814009}}, "GTC|GTG": {"individual": [], "joint": {"secondary": 1.175869952401605, "primary": 1.158317091560848}}, "GTC|GTT": {"individual": [], "joint": {"secondary": 1.274993249474312, "primary": 1.211619458993805}}, "GTG|GTT": {"individual": [], "joint": {"secondary": 1.272483771823698, "primary": 0.9332007185091906}}, "TAC|TAT": {"individual": [], "joint": {"secondary": 1.228643820813102, "primary": 1.11691220642915}}, "TCA|TCC": {"individual": [], "joint": {"secondary": 1.109631881914549, "primary": 1.178772440998984}}, "TCA|TCG": {"individual": [], "joint": {"secondary": 1.250367993819667, "primary": 1.167365815206683}}, "TCA|TCT": {"individual": [], "joint": {"secondary": 0.7496589056700682, "primary": 1.329555923810361}}, "TCC|TCG": {"individual": [], "joint": {"secondary": 1.106566047963757, "primary": 1.028356474684932}}, "TCC|TCT": {"individual": [], "joint": {"secondary": 1.06611473568491, "primary": 1.310288886569484}}, "TCG|TCT": {"individual": [], "joint": {"secondary": 1.405957531727325, "primary": 1.194482173876954}}, "TGC|TGT": {"individual": [], "joint": {"secondary": 1.066949487269357, "primary": 1.224728150288326}}, "TTA|TTG": {"individual": [], "joint": {"secondary": 1.293454596055621, "primary": 1.238174517340269}}, "TTC|TTT": {"individual": [], "joint": {"secondary": 1.306780879665761, "primary": 1.110894730268626}}, "model_mixture_p": 0.749831232215717}