{"baseline-AICc": {"individual": [], "joint": 439741.0252170634}, "baseline-loglikelihood": {"individual": [], "joint": -215621.5361134727}, "joint-AICc": {"individual": [], "joint": 439337.9735965644}, "joint-loglikelihood": {"individual": [], "joint": -214479.1655078888}, "AAA|AAG": {"individual": [], "joint": {"secondary": 0.7722419568063954, "primary": 0.9059607668228727}}, "AAC|AAT": {"individual": [], "joint": {"secondary": 0.479399710354135, "primary": 0.9316935190175907}}, "ACA|ACC": {"individual": [], "joint": {"secondary": 0.7838861815267364, "primary": 0.9116904194707572}}, "ACA|ACG": {"individual": [], "joint": {"secondary": 0.7929886510756881, "primary": 0.8651276177210245}}, "ACA|ACT": {"individual": [], "joint": {"secondary": 0.625481539971261, "primary": 0.958900962564831}}, "ACC|ACG": {"individual": [], "joint": {"secondary": 0.6164376232502904, "primary": 0.8478044007154745}}, "ACC|ACT": {"individual": [], "joint": {"secondary": 0.6998541799652915, "primary": 1.046967421162837}}, "ACG|ACT": {"individual": [], "joint": {"secondary": 0.5824886526092026, "primary": 0.9393684177710063}}, "AGA|AGG": {"individual": [], "joint": {"secondary": 0.8302339003381629, "primary": 0.7022620939906683}}, "AGA|CGA": {"individual": [], "joint": {"secondary": 0.6078948285682795, "primary": 0.8073528839763775}}, "AGC|AGT": {"individual": [], "joint": {"secondary": 0.6737111750511272, "primary": 0.8548380622828701}}, "AGG|CGG": {"individual": [], "joint": {"secondary": 0.7516945145116256, "primary": 0.9639054734775989}}, "ATA|ATC": {"individual": [], "joint": {"secondary": 0.8078468168670717, "primary": 0.9556496429305098}}, "ATA|ATT": {"individual": [], "joint": {"secondary": 0.5886048951655959, "primary": 0.69510297092309}}, "ATC|ATT": {"individual": [], "joint": {"secondary": 0.7300479496868431, "primary": 1.02790222100543}}, "CAA|CAG": {"individual": [], "joint": {"secondary": 0.7303138643322664, "primary": 0.905676526653406}}, "CAC|CAT": {"individual": [], "joint": {"secondary": 0.5882251738096268, "primary": 0.8169044134794071}}, "CCA|CCC": {"individual": [], "joint": {"secondary": 0.8072086794009674, "primary": 1.133209920497083}}, "CCA|CCG": {"individual": [], "joint": {"secondary": 0.7152512465248313, "primary": 0.7891566097905952}}, "CCA|CCT": {"individual": [], "joint": {"secondary": 0.7683348851266139, "primary": 0.4668476548124595}}, "CCC|CCG": {"individual": [], "joint": {"secondary": 0.775159064019426, "primary": 0.8723452686599198}}, "CCC|CCT": {"individual": [], "joint": {"secondary": 0.7728465285903527, "primary": 0.9533095142026927}}, "CCG|CCT": {"individual": [], "joint": {"secondary": 0.7442394516128324, "primary": 1.095147928191333}}, "CGA|CGC": {"individual": [], "joint": {"secondary": 0.6876764181352278, "primary": 1.116362994559954}}, "CGA|CGG": {"individual": [], "joint": {"secondary": 0.8110249637649666, "primary": 0.8525512807485173}}, "CGA|CGT": {"individual": [], "joint": {"secondary": 0.8105905222364149, "primary": 0.628306101274503}}, "CGC|CGG": {"individual": [], "joint": {"secondary": 1.856301337252708, "primary": 2.477537562006622}}, "CGC|CGT": {"individual": [], "joint": {"secondary": 1.967491610788404, "primary": 2.394453990188508}}, "CGG|CGT": {"individual": [], "joint": {"secondary": 0.6033583869278576, "primary": 0.6473695505812906}}, "CTA|CTC": {"individual": [], "joint": {"secondary": 0.8401664963454444, "primary": 0.8278635333148198}}, "CTA|CTG": {"individual": [], "joint": {"secondary": 0.887133208018192, "primary": 0.7522501570887006}}, "CTA|CTT": {"individual": [], "joint": {"secondary": 0.782768829491754, "primary": 0.8251636981275499}}, "CTA|TTA": {"individual": [], "joint": {"secondary": 0.6184357758213915, "primary": 0.8412311453907216}}, "CTC|CTG": {"individual": [], "joint": {"secondary": 0.6316831011934809, "primary": 0.9333802486192457}}, "CTC|CTT": {"individual": [], "joint": {"secondary": 0.792492579778775, "primary": 1.010223018870071}}, "CTG|CTT": {"individual": [], "joint": {"secondary": 0.6577311065101862, "primary": 0.9761197653317506}}, "CTG|TTG": {"individual": [], "joint": {"secondary": 0.7248395985279804, "primary": 0.9740764516041622}}, "GAA|GAG": {"individual": [], "joint": {"secondary": 0.7408167621980257, "primary": 0.9249740631956515}}, "GAC|GAT": {"individual": [], "joint": {"secondary": 0.712654552031855, "primary": 0.8755471549002463}}, "GCA|GCC": {"individual": [], "joint": {"secondary": 0.7612375044435846, "primary": 0.9406997301472315}}, "GCA|GCG": {"individual": [], "joint": {"secondary": 0.7585543039033161, "primary": 0.8892083180175776}}, "GCA|GCT": {"individual": [], "joint": {"secondary": 0.8289386849431439, "primary": 0.893220574186022}}, "GCC|GCG": {"individual": [], "joint": {"secondary": 0.6058525634713773, "primary": 0.7799762794825404}}, "GCC|GCT": {"individual": [], "joint": {"secondary": 0.692150529026143, "primary": 0.9708628081203503}}, "GCG|GCT": {"individual": [], "joint": {"secondary": 0.7712380848439421, "primary": 0.7129385430684322}}, "GGA|GGC": {"individual": [], "joint": {"secondary": 0.8802066664417081, "primary": 0.7600930052423458}}, "GGA|GGG": {"individual": [], "joint": {"secondary": 0.7707361912024298, "primary": 0.898756869400458}}, "GGA|GGT": {"individual": [], "joint": {"secondary": 0.6513396806211035, "primary": 0.8730232696640069}}, "GGC|GGG": {"individual": [], "joint": {"secondary": 0.61739763929127, "primary": 0.8861031701231684}}, "GGC|GGT": {"individual": [], "joint": {"secondary": 1.498669677453988, "primary": 0.8730712441243169}}, "GGG|GGT": {"individual": [], "joint": {"secondary": 2.208002458180967, "primary": 2.17456492079338}}, "GTA|GTC": {"individual": [], "joint": {"secondary": 2.011712998283952, "primary": 0.855617089163949}}, "GTA|GTG": {"individual": [], "joint": {"secondary": 1.72439662757963, "primary": 2.295268234652414}}, "GTA|GTT": {"individual": [], "joint": {"secondary": 1.963570622147524, "primary": 0.9840029787017857}}, "GTC|GTG": {"individual": [], "joint": {"secondary": 1.767458781853914, "primary": 0.8181401968714398}}, "GTC|GTT": {"individual": [], "joint": {"secondary": 1.973563026047192, "primary": 0.9318178391400083}}, "GTG|GTT": {"individual": [], "joint": {"secondary": 0.6982870137703983, "primary": 0.8562388603710311}}, "TAC|TAT": {"individual": [], "joint": {"secondary": 0.7297957012332573, "primary": 0.9684170869571221}}, "TCA|TCC": {"individual": [], "joint": {"secondary": 1.731898222358184, "primary": 1.936167628906315}}, "TCA|TCG": {"individual": [], "joint": {"secondary": 1.963899832611301, "primary": 2.13833756025184}}, "TCA|TCT": {"individual": [], "joint": {"secondary": 1.818024193368287, "primary": 0.7370752720929654}}, "TCC|TCG": {"individual": [], "joint": {"secondary": 1.602275016318569, "primary": 0.9166185722184446}}, "TCC|TCT": {"individual": [], "joint": {"secondary": 2.1060999164486, "primary": 0.9138867978664947}}, "TCG|TCT": {"individual": [], "joint": {"secondary": 2.062163719764907, "primary": 0.8378791933091083}}, "TGC|TGT": {"individual": [], "joint": {"secondary": 1.812905285753647, "primary": 0.8848726602352693}}, "TTA|TTG": {"individual": [], "joint": {"secondary": 0.8340508119330243, "primary": 0.8658889377781763}}, "TTC|TTT": {"individual": [], "joint": {"secondary": 0.7860175285173535, "primary": 0.902716933191663}}, "model_mixture_p": 0.5999629767072959}