AminoAcid	CODON	GROUP	SUPPORT
A	GCA	AMBIGUOS	0.568134770166507
A	GCC	AMBIGUOS	0.568134770166507
A	GCG	AMBIGUOS	0.568134770166507
A	GCT	AMBIGUOS	0.568134770166507
C	TGC	SELECTED	0.0090154497392523
C	TGT	SELECTED	0.0090154497392523
D	GAC	AMBIGUOS	0.3258401070209611
D	GAT	AMBIGUOS	0.3258401070209611
E	GAA	NEUTRAL	0.9622498505950128
E	GAG	NEUTRAL	0.9622498505950128
F	TTC	NEUTRAL	0.9907868259399439
F	TTT	NEUTRAL	0.9907868259399439
G	GGA	AMBIGUOS	0.1861581394659634
G	GGC	AMBIGUOS	0.1861581394659634
G	GGG	AMBIGUOS	0.1861581394659634
G	GGT	AMBIGUOS	0.1861581394659634
H	CAC	AMBIGUOS	0.2349876189015227
H	CAT	AMBIGUOS	0.2349876189015227
I	ATA	AMBIGUOS	0.1595719394649769
I	ATC	AMBIGUOS	0.1595719394649769
I	ATT	AMBIGUOS	0.1595719394649769
K	AAA	AMBIGUOS	0.3470135273055706
K	AAG	AMBIGUOS	0.3470135273055706
L	CTA	NEUTRAL	0.9980627569845444
L	CTC	NEUTRAL	0.9980627569845444
L	CTG	NEUTRAL	0.9980627569845444
L	CTT	NEUTRAL	0.9980627569845444
L	TTA	NEUTRAL	0.9980627569845444
L	TTG	NEUTRAL	0.9980627569845444
N	AAC	SELECTED	0.03710869301776083
N	AAT	SELECTED	0.03710869301776083
P	CCA	NEUTRAL	0.9979170877884097
P	CCC	NEUTRAL	0.9979170877884097
P	CCG	NEUTRAL	0.9979170877884097
P	CCT	NEUTRAL	0.9979170877884097
Q	CAA	SELECTED	0.07298514506781294
Q	CAG	SELECTED	0.07298514506781294
R	AGA	AMBIGUOS	0.1627059013875066
R	AGG	AMBIGUOS	0.1627059013875066
R	CGA	AMBIGUOS	0.1627059013875066
R	CGC	AMBIGUOS	0.1627059013875066
R	CGG	AMBIGUOS	0.1627059013875066
R	CGT	AMBIGUOS	0.1627059013875066
S	AGC	SELECTED	0
S	AGT	SELECTED	0
S	TCA	SELECTED	0
S	TCC	SELECTED	0
S	TCG	SELECTED	0
S	TCT	SELECTED	0
T	ACA	SELECTED	0
T	ACC	SELECTED	0
T	ACG	SELECTED	0
T	ACT	SELECTED	0
V	GTA	NEUTRAL	0.9980627569845444
V	GTC	NEUTRAL	0.9980627569845444
V	GTG	NEUTRAL	0.9980627569845444
V	GTT	NEUTRAL	0.9980627569845444
Y	TAC	AMBIGUOS	0.1306427563092874
Y	TAT	AMBIGUOS	0.1306427563092874
