AminoAcid	CODON	GROUP	SUPPORT
A	GCA	NEUTRAL	0.9858928489849332
A	GCC	NEUTRAL	0.9858928489849332
A	GCG	NEUTRAL	0.9858928489849332
A	GCT	NEUTRAL	0.9858928489849332
C	TGC	SELECTED	0.01719808150133659
C	TGT	SELECTED	0.01719808150133659
D	GAC	AMBIGUOS	0.5534876825440578
D	GAT	AMBIGUOS	0.5534876825440578
E	GAA	NEUTRAL	0.9787547959656222
E	GAG	NEUTRAL	0.9787547959656222
F	TTC	NEUTRAL	0.9900985460325911
F	TTT	NEUTRAL	0.9900985460325911
G	GGA	AMBIGUOS	0.3439649284088445
G	GGC	AMBIGUOS	0.3439649284088445
G	GGG	AMBIGUOS	0.3439649284088445
G	GGT	AMBIGUOS	0.3439649284088445
H	CAC	AMBIGUOS	0.3574139859236968
H	CAT	AMBIGUOS	0.3574139859236968
I	ATA	AMBIGUOS	0.3030255598619211
I	ATC	AMBIGUOS	0.3030255598619211
I	ATT	AMBIGUOS	0.3030255598619211
K	AAA	AMBIGUOS	0.5551860390665406
K	AAG	AMBIGUOS	0.5551860390665406
L	CTA	NEUTRAL	0.9976696549543658
L	CTC	NEUTRAL	0.9976696549543658
L	CTG	NEUTRAL	0.9976696549543658
L	CTT	NEUTRAL	0.9976696549543658
L	TTA	NEUTRAL	0.9976696549543658
L	TTG	NEUTRAL	0.9976696549543658
N	AAC	SELECTED	0.0348567811210933
N	AAT	SELECTED	0.0348567811210933
P	CCA	NEUTRAL	0.9976696549543658
P	CCC	NEUTRAL	0.9976696549543658
P	CCG	NEUTRAL	0.9976696549543658
P	CCT	NEUTRAL	0.9976696549543658
Q	CAA	SELECTED	0.07720060419156208
Q	CAG	SELECTED	0.07720060419156208
R	AGA	AMBIGUOS	0.3444296585587758
R	AGG	AMBIGUOS	0.3444296585587758
R	CGA	AMBIGUOS	0.3444296585587758
R	CGC	AMBIGUOS	0.3444296585587758
R	CGG	AMBIGUOS	0.3444296585587758
R	CGT	AMBIGUOS	0.3444296585587758
S	AGC	SELECTED	0
S	AGT	SELECTED	0
S	TCA	SELECTED	0
S	TCC	SELECTED	0
S	TCG	SELECTED	0
S	TCT	SELECTED	0
T	ACA	SELECTED	0
T	ACC	SELECTED	0
T	ACG	SELECTED	0
T	ACT	SELECTED	0
V	GTA	NEUTRAL	0.9976696549543658
V	GTC	NEUTRAL	0.9976696549543658
V	GTG	NEUTRAL	0.9976696549543658
V	GTT	NEUTRAL	0.9976696549543658
Y	TAC	AMBIGUOS	0.3786704452609954
Y	TAT	AMBIGUOS	0.3786704452609954
