AminoAcid	CODON	GROUP	SUPPORT
A	GCA	SELECTED	0.00344056744925711
A	GCC	SELECTED	0.00344056744925711
A	GCG	SELECTED	0.00344056744925711
A	GCT	SELECTED	0.00344056744925711
C	TGC	SELECTED	0.0001929096648762635
C	TGT	SELECTED	0.0001929096648762635
D	GAC	AMBIGUOS	0.1242582781335831
D	GAT	AMBIGUOS	0.1242582781335831
E	GAA	AMBIGUOS	0.4874596818860211
E	GAG	AMBIGUOS	0.4874596818860211
F	TTC	AMBIGUOS	0.6907430075878923
F	TTT	AMBIGUOS	0.6907430075878923
G	GGA	SELECTED	0.00344056744925711
G	GGC	SELECTED	0.00344056744925711
G	GGG	SELECTED	0.00344056744925711
G	GGT	SELECTED	0.00344056744925711
H	CAC	SELECTED	0.05985073240293432
H	CAT	SELECTED	0.05985073240293432
I	ATA	SELECTED	0.009169869207777941
I	ATC	SELECTED	0.009169869207777941
I	ATT	SELECTED	0.009169869207777941
K	AAA	SELECTED	0.09439092765392132
K	AAG	SELECTED	0.09439092765392132
L	CTA	NEUTRAL	0.9960946107931944
L	CTC	NEUTRAL	0.9960946107931944
L	CTG	NEUTRAL	0.9960946107931944
L	CTT	NEUTRAL	0.9960946107931944
L	TTA	NEUTRAL	0.9960946107931944
L	TTG	NEUTRAL	0.9960946107931944
N	AAC	SELECTED	0.014428220444812
N	AAT	SELECTED	0.014428220444812
P	CCA	NEUTRAL	0.9828858987908825
P	CCC	NEUTRAL	0.9828858987908825
P	CCG	NEUTRAL	0.9828858987908825
P	CCT	NEUTRAL	0.9828858987908825
Q	CAA	SELECTED	0.0163396835395217
Q	CAG	SELECTED	0.0163396835395217
R	AGA	SELECTED	0.0001335299884138519
R	AGG	SELECTED	0.0001335299884138519
R	CGA	SELECTED	0.0001335299884138519
R	CGC	SELECTED	0.0001335299884138519
R	CGG	SELECTED	0.0001335299884138519
R	CGT	SELECTED	0.0001335299884138519
S	AGC	SELECTED	0
S	AGT	SELECTED	0
S	TCA	SELECTED	0
S	TCC	SELECTED	0
S	TCG	SELECTED	0
S	TCT	SELECTED	0
T	ACA	SELECTED	0
T	ACC	SELECTED	0
T	ACG	SELECTED	0
T	ACT	SELECTED	0
V	GTA	NEUTRAL	0.9959302466275245
V	GTC	NEUTRAL	0.9959302466275245
V	GTG	NEUTRAL	0.9959302466275245
V	GTT	NEUTRAL	0.9959302466275245
Y	TAC	SELECTED	0.01633714587471523
Y	TAT	SELECTED	0.01633714587471523
