AminoAcid	CODON	GROUP	SUPPORT
A	GCA	NEUTRAL	0.9966569634442478
A	GCC	NEUTRAL	0.9966569634442478
A	GCG	NEUTRAL	0.9966569634442478
A	GCT	NEUTRAL	0.9966569634442478
C	TGC	SELECTED	0.001410849450440699
C	TGT	SELECTED	0.001410849450440699
D	GAC	AMBIGUOS	0.579474551549144
D	GAT	AMBIGUOS	0.579474551549144
E	GAA	NEUTRAL	0.9633617157386677
E	GAG	NEUTRAL	0.9633617157386677
F	TTC	NEUTRAL	0.9753872261776657
F	TTT	NEUTRAL	0.9753872261776657
G	GGA	AMBIGUOS	0.3519051965320028
G	GGC	AMBIGUOS	0.3519051965320028
G	GGG	AMBIGUOS	0.3519051965320028
G	GGT	AMBIGUOS	0.3519051965320028
H	CAC	AMBIGUOS	0.3699134042025491
H	CAT	AMBIGUOS	0.3699134042025491
I	ATA	AMBIGUOS	0.3216395706156167
I	ATC	AMBIGUOS	0.3216395706156167
I	ATT	AMBIGUOS	0.3216395706156167
K	AAA	AMBIGUOS	0.5488696959231264
K	AAG	AMBIGUOS	0.5488696959231264
L	CTA	NEUTRAL	0.9982126958283851
L	CTC	NEUTRAL	0.9982126958283851
L	CTG	NEUTRAL	0.9982126958283851
L	CTT	NEUTRAL	0.9982126958283851
L	TTA	NEUTRAL	0.9982126958283851
L	TTG	NEUTRAL	0.9982126958283851
N	AAC	SELECTED	0.01986495166172794
N	AAT	SELECTED	0.01986495166172794
P	CCA	NEUTRAL	0.9982126958283851
P	CCC	NEUTRAL	0.9982126958283851
P	CCG	NEUTRAL	0.9982126958283851
P	CCT	NEUTRAL	0.9982126958283851
Q	CAA	SELECTED	0.04774769045835942
Q	CAG	SELECTED	0.04774769045835942
R	AGA	AMBIGUOS	0.3433701503418769
R	AGG	AMBIGUOS	0.3433701503418769
R	CGA	AMBIGUOS	0.3433701503418769
R	CGC	AMBIGUOS	0.3433701503418769
R	CGG	AMBIGUOS	0.3433701503418769
R	CGT	AMBIGUOS	0.3433701503418769
S	AGC	SELECTED	0
S	AGT	SELECTED	0
S	TCA	SELECTED	0
S	TCC	SELECTED	0
S	TCG	SELECTED	0
S	TCT	SELECTED	0
T	ACA	SELECTED	0
T	ACC	SELECTED	0
T	ACG	SELECTED	0
T	ACT	SELECTED	0
V	GTA	NEUTRAL	0.9982126958283851
V	GTC	NEUTRAL	0.9982126958283851
V	GTG	NEUTRAL	0.9982126958283851
V	GTT	NEUTRAL	0.9982126958283851
Y	TAC	AMBIGUOS	0.2848580453105924
Y	TAT	AMBIGUOS	0.2848580453105924
