AminoAcid	CODON	GROUP	SUPPORT
A	GCA	AMBIGUOS	0.2476122662321771
A	GCC	AMBIGUOS	0.2476122662321771
A	GCG	AMBIGUOS	0.2476122662321771
A	GCT	AMBIGUOS	0.2476122662321771
C	TGC	SELECTED	0.003857041793698033
C	TGT	SELECTED	0.003857041793698033
D	GAC	AMBIGUOS	0.1543015089365323
D	GAT	AMBIGUOS	0.1543015089365323
E	GAA	AMBIGUOS	0.6013056611987693
E	GAG	AMBIGUOS	0.6013056611987693
F	TTC	AMBIGUOS	0.7540264410221331
F	TTT	AMBIGUOS	0.7540264410221331
G	GGA	SELECTED	0.07814699350120212
G	GGC	SELECTED	0.07814699350120212
G	GGG	SELECTED	0.07814699350120212
G	GGT	SELECTED	0.07814699350120212
H	CAC	AMBIGUOS	0.126020501735786
H	CAT	AMBIGUOS	0.126020501735786
I	ATA	SELECTED	0.05318525573030294
I	ATC	SELECTED	0.05318525573030294
I	ATT	SELECTED	0.05318525573030294
K	AAA	AMBIGUOS	0.2112319655536725
K	AAG	AMBIGUOS	0.2112319655536725
L	CTA	NEUTRAL	0.9968617682583588
L	CTC	NEUTRAL	0.9968617682583588
L	CTG	NEUTRAL	0.9968617682583588
L	CTT	NEUTRAL	0.9968617682583588
L	TTA	NEUTRAL	0.9968617682583588
L	TTG	NEUTRAL	0.9968617682583588
N	AAC	SELECTED	0.02216382404478734
N	AAT	SELECTED	0.02216382404478734
P	CCA	NEUTRAL	0.9960546090427383
P	CCC	NEUTRAL	0.9960546090427383
P	CCG	NEUTRAL	0.9960546090427383
P	CCT	NEUTRAL	0.9960546090427383
Q	CAA	SELECTED	0.01729937172451273
Q	CAG	SELECTED	0.01729937172451273
R	AGA	SELECTED	0.07266701279260002
R	AGG	SELECTED	0.07266701279260002
R	CGA	SELECTED	0.07266701279260002
R	CGC	SELECTED	0.07266701279260002
R	CGG	SELECTED	0.07266701279260002
R	CGT	SELECTED	0.07266701279260002
S	AGC	SELECTED	0
S	AGT	SELECTED	0
S	TCA	SELECTED	0
S	TCC	SELECTED	0
S	TCG	SELECTED	0
S	TCT	SELECTED	0
T	ACA	SELECTED	0
T	ACC	SELECTED	0
T	ACG	SELECTED	0
T	ACT	SELECTED	0
V	GTA	NEUTRAL	0.9968617682583588
V	GTC	NEUTRAL	0.9968617682583588
V	GTG	NEUTRAL	0.9968617682583588
V	GTT	NEUTRAL	0.9968617682583588
Y	TAC	SELECTED	0.07196044033045712
Y	TAT	SELECTED	0.07196044033045712
