AminoAcid	CODON	GROUP	SUPPORT
A	GCA	NEUTRAL	0.901229202885971
A	GCC	NEUTRAL	0.901229202885971
A	GCG	NEUTRAL	0.901229202885971
A	GCT	NEUTRAL	0.901229202885971
C	TGC	SELECTED	0.01838913088139244
C	TGT	SELECTED	0.01838913088139244
D	GAC	AMBIGUOS	0.5161407589604863
D	GAT	AMBIGUOS	0.5161407589604863
E	GAA	NEUTRAL	0.9542899333610444
E	GAG	NEUTRAL	0.9542899333610444
F	TTC	NEUTRAL	0.9604272702862187
F	TTT	NEUTRAL	0.9604272702862187
G	GGA	AMBIGUOS	0.2395383282171747
G	GGC	AMBIGUOS	0.2395383282171747
G	GGG	AMBIGUOS	0.2395383282171747
G	GGT	AMBIGUOS	0.2395383282171747
H	CAC	AMBIGUOS	0.3212478348418497
H	CAT	AMBIGUOS	0.3212478348418497
I	ATA	AMBIGUOS	0.2487859994946429
I	ATC	AMBIGUOS	0.2487859994946429
I	ATT	AMBIGUOS	0.2487859994946429
K	AAA	AMBIGUOS	0.5577798044363232
K	AAG	AMBIGUOS	0.5577798044363232
L	CTA	NEUTRAL	0.9986715286648506
L	CTC	NEUTRAL	0.9986715286648506
L	CTG	NEUTRAL	0.9986715286648506
L	CTT	NEUTRAL	0.9986715286648506
L	TTA	NEUTRAL	0.9986715286648506
L	TTG	NEUTRAL	0.9986715286648506
N	AAC	SELECTED	0.05155790600361192
N	AAT	SELECTED	0.05155790600361192
P	CCA	NEUTRAL	0.9986715286648506
P	CCC	NEUTRAL	0.9986715286648506
P	CCG	NEUTRAL	0.9986715286648506
P	CCT	NEUTRAL	0.9986715286648506
Q	CAA	AMBIGUOS	0.1246624911312399
Q	CAG	AMBIGUOS	0.1246624911312399
R	AGA	AMBIGUOS	0.2734367817767637
R	AGG	AMBIGUOS	0.2734367817767637
R	CGA	AMBIGUOS	0.2734367817767637
R	CGC	AMBIGUOS	0.2734367817767637
R	CGG	AMBIGUOS	0.2734367817767637
R	CGT	AMBIGUOS	0.2734367817767637
S	AGC	SELECTED	0
S	AGT	SELECTED	0
S	TCA	SELECTED	0
S	TCC	SELECTED	0
S	TCG	SELECTED	0
S	TCT	SELECTED	0
T	ACA	SELECTED	0
T	ACC	SELECTED	0
T	ACG	SELECTED	0
T	ACT	SELECTED	0
V	GTA	NEUTRAL	0.9986715286648506
V	GTC	NEUTRAL	0.9986715286648506
V	GTG	NEUTRAL	0.9986715286648506
V	GTT	NEUTRAL	0.9986715286648506
Y	TAC	AMBIGUOS	0.2374658685150055
Y	TAT	AMBIGUOS	0.2374658685150055
