AminoAcid	CODON	GROUP	SUPPORT
A	GCA	NEUTRAL	0.9921136960032645
A	GCC	NEUTRAL	0.9921136960032645
A	GCG	NEUTRAL	0.9921136960032645
A	GCT	NEUTRAL	0.9921136960032645
C	TGC	SELECTED	0
C	TGT	SELECTED	0
D	GAC	AMBIGUOS	0.5780998540864949
D	GAT	AMBIGUOS	0.5780998540864949
E	GAA	NEUTRAL	0.9838188456171061
E	GAG	NEUTRAL	0.9838188456171061
F	TTC	NEUTRAL	0.9586329813603298
F	TTT	NEUTRAL	0.9586329813603298
G	GGA	AMBIGUOS	0.321659912747055
G	GGC	AMBIGUOS	0.321659912747055
G	GGG	AMBIGUOS	0.321659912747055
G	GGT	AMBIGUOS	0.321659912747055
H	CAC	AMBIGUOS	0.3450352845475389
H	CAT	AMBIGUOS	0.3450352845475389
I	ATA	AMBIGUOS	0.2943104845438927
I	ATC	AMBIGUOS	0.2943104845438927
I	ATT	AMBIGUOS	0.2943104845438927
K	AAA	AMBIGUOS	0.5495140876293704
K	AAG	AMBIGUOS	0.5495140876293704
L	CTA	NEUTRAL	0.9984181798329211
L	CTC	NEUTRAL	0.9984181798329211
L	CTG	NEUTRAL	0.9984181798329211
L	CTT	NEUTRAL	0.9984181798329211
L	TTA	NEUTRAL	0.9984181798329211
L	TTG	NEUTRAL	0.9984181798329211
N	AAC	SELECTED	0.004583639791712222
N	AAT	SELECTED	0.004583639791712222
P	CCA	NEUTRAL	0.9984181798329211
P	CCC	NEUTRAL	0.9984181798329211
P	CCG	NEUTRAL	0.9984181798329211
P	CCT	NEUTRAL	0.9984181798329211
Q	CAA	SELECTED	0.07768438801269602
Q	CAG	SELECTED	0.07768438801269602
R	AGA	AMBIGUOS	0.3186844180121213
R	AGG	AMBIGUOS	0.3186844180121213
R	CGA	AMBIGUOS	0.3186844180121213
R	CGC	AMBIGUOS	0.3186844180121213
R	CGG	AMBIGUOS	0.3186844180121213
R	CGT	AMBIGUOS	0.3186844180121213
S	AGC	SELECTED	0
S	AGT	SELECTED	0
S	TCA	SELECTED	0
S	TCC	SELECTED	0
S	TCG	SELECTED	0
S	TCT	SELECTED	0
T	ACA	SELECTED	0
T	ACC	SELECTED	0
T	ACG	SELECTED	0
T	ACT	SELECTED	0
V	GTA	NEUTRAL	0.9984181798329211
V	GTC	NEUTRAL	0.9984181798329211
V	GTG	NEUTRAL	0.9984181798329211
V	GTT	NEUTRAL	0.9984181798329211
Y	TAC	AMBIGUOS	0.2624995646662384
Y	TAT	AMBIGUOS	0.2624995646662384
