AminoAcid	CODON	GROUP	SUPPORT
A	GCA	NEUTRAL	0.9969255829330931
A	GCC	NEUTRAL	0.9969255829330931
A	GCG	NEUTRAL	0.9969255829330931
A	GCT	NEUTRAL	0.9969255829330931
C	TGC	SELECTED	0.007155260076524838
C	TGT	SELECTED	0.007155260076524838
D	GAC	AMBIGUOS	0.581047642416378
D	GAT	AMBIGUOS	0.581047642416378
E	GAA	NEUTRAL	0.9640185672151251
E	GAG	NEUTRAL	0.9640185672151251
F	TTC	NEUTRAL	0.9955700443882639
F	TTT	NEUTRAL	0.9955700443882639
G	GGA	AMBIGUOS	0.3581461051060356
G	GGC	AMBIGUOS	0.3581461051060356
G	GGG	AMBIGUOS	0.3581461051060356
G	GGT	AMBIGUOS	0.3581461051060356
H	CAC	AMBIGUOS	0.3539322081943674
H	CAT	AMBIGUOS	0.3539322081943674
I	ATA	AMBIGUOS	0.3180893181866905
I	ATC	AMBIGUOS	0.3180893181866905
I	ATT	AMBIGUOS	0.3180893181866905
K	AAA	AMBIGUOS	0.5564492259838004
K	AAG	AMBIGUOS	0.5564492259838004
L	CTA	NEUTRAL	0.9986265225559935
L	CTC	NEUTRAL	0.9986265225559935
L	CTG	NEUTRAL	0.9986265225559935
L	CTT	NEUTRAL	0.9986265225559935
L	TTA	NEUTRAL	0.9986265225559935
L	TTG	NEUTRAL	0.9986265225559935
N	AAC	SELECTED	0.03690825522090214
N	AAT	SELECTED	0.03690825522090214
P	CCA	NEUTRAL	0.9986265225559935
P	CCC	NEUTRAL	0.9986265225559935
P	CCG	NEUTRAL	0.9986265225559935
P	CCT	NEUTRAL	0.9986265225559935
Q	CAA	AMBIGUOS	0.1150340794577222
Q	CAG	AMBIGUOS	0.1150340794577222
R	AGA	AMBIGUOS	0.3620049878819695
R	AGG	AMBIGUOS	0.3620049878819695
R	CGA	AMBIGUOS	0.3620049878819695
R	CGC	AMBIGUOS	0.3620049878819695
R	CGG	AMBIGUOS	0.3620049878819695
R	CGT	AMBIGUOS	0.3620049878819695
S	AGC	SELECTED	0
S	AGT	SELECTED	0
S	TCA	SELECTED	0
S	TCC	SELECTED	0
S	TCG	SELECTED	0
S	TCT	SELECTED	0
T	ACA	SELECTED	0
T	ACC	SELECTED	0
T	ACG	SELECTED	0
T	ACT	SELECTED	0
V	GTA	NEUTRAL	0.9986265225559935
V	GTC	NEUTRAL	0.9986265225559935
V	GTG	NEUTRAL	0.9986265225559935
V	GTT	NEUTRAL	0.9986265225559935
Y	TAC	AMBIGUOS	0.2571673013498949
Y	TAT	AMBIGUOS	0.2571673013498949
