AminoAcid	CODON	GROUP	SUPPORT
A	GCA	NEUTRAL	0.9996737890073578
A	GCC	NEUTRAL	0.9996737890073578
A	GCG	NEUTRAL	0.9996737890073578
A	GCT	NEUTRAL	0.9996737890073578
C	TGC	SELECTED	0.03419154656341312
C	TGT	SELECTED	0.03419154656341312
D	GAC	SELECTED	0
D	GAT	SELECTED	0
E	GAA	SELECTED	0.0004775998048786935
E	GAG	SELECTED	0.0004775998048786935
F	TTC	NEUTRAL	0.9996737890073578
F	TTT	NEUTRAL	0.9996737890073578
G	GGA	SELECTED	0
G	GGC	SELECTED	0
G	GGG	SELECTED	0
G	GGT	SELECTED	0
H	CAC	SELECTED	0
H	CAT	SELECTED	0
I	ATA	SELECTED	0.01000545397149703
I	ATC	SELECTED	0.01000545397149703
I	ATT	SELECTED	0.01000545397149703
K	AAA	SELECTED	0.001329463845371189
K	AAG	SELECTED	0.001329463845371189
L	CTA	NEUTRAL	0.9996737890073578
L	CTC	NEUTRAL	0.9996737890073578
L	CTG	NEUTRAL	0.9996737890073578
L	CTT	NEUTRAL	0.9996737890073578
L	TTA	NEUTRAL	0.9996737890073578
L	TTG	NEUTRAL	0.9996737890073578
N	AAC	SELECTED	0.006983731932634324
N	AAT	SELECTED	0.006983731932634324
P	CCA	NEUTRAL	0.9996737890073578
P	CCC	NEUTRAL	0.9996737890073578
P	CCG	NEUTRAL	0.9996737890073578
P	CCT	NEUTRAL	0.9996737890073578
Q	CAA	SELECTED	0.000743719869908575
Q	CAG	SELECTED	0.000743719869908575
R	AGA	SELECTED	0
R	AGG	SELECTED	0
R	CGA	SELECTED	0
R	CGC	SELECTED	0
R	CGG	SELECTED	0
R	CGT	SELECTED	0
S	AGC	SELECTED	0
S	AGT	SELECTED	0
S	TCA	SELECTED	0
S	TCC	SELECTED	0
S	TCG	SELECTED	0
S	TCT	SELECTED	0
T	ACA	SELECTED	0
T	ACC	SELECTED	0
T	ACG	SELECTED	0
T	ACT	SELECTED	0
V	GTA	NEUTRAL	0.9996737890073578
V	GTC	NEUTRAL	0.9996737890073578
V	GTG	NEUTRAL	0.9996737890073578
V	GTT	NEUTRAL	0.9996737890073578
Y	TAC	SELECTED	0.001947481362176111
Y	TAT	SELECTED	0.001947481362176111
