AminoAcid	CODON	GROUP	SUPPORT
A	GCA	NEUTRAL	0.9996185625374795
A	GCC	NEUTRAL	0.9996185625374795
A	GCG	NEUTRAL	0.9996185625374795
A	GCT	NEUTRAL	0.9996185625374795
C	TGC	AMBIGUOS	0.3687270779141598
C	TGT	AMBIGUOS	0.3687270779141598
D	GAC	SELECTED	0
D	GAT	SELECTED	0
E	GAA	SELECTED	0.01358418412633694
E	GAG	SELECTED	0.01358418412633694
F	TTC	NEUTRAL	0.9996185625374795
F	TTT	NEUTRAL	0.9996185625374795
G	GGA	SELECTED	0
G	GGC	SELECTED	0
G	GGG	SELECTED	0
G	GGT	SELECTED	0
H	CAC	SELECTED	0
H	CAT	SELECTED	0
I	ATA	SELECTED	0
I	ATC	SELECTED	0
I	ATT	SELECTED	0
K	AAA	SELECTED	0.07771325506149414
K	AAG	SELECTED	0.07771325506149414
L	CTA	NEUTRAL	0.9996185625374795
L	CTC	NEUTRAL	0.9996185625374795
L	CTG	NEUTRAL	0.9996185625374795
L	CTT	NEUTRAL	0.9996185625374795
L	TTA	NEUTRAL	0.9996185625374795
L	TTG	NEUTRAL	0.9996185625374795
N	AAC	SELECTED	0.001730918264388301
N	AAT	SELECTED	0.001730918264388301
P	CCA	NEUTRAL	0.9996185625374795
P	CCC	NEUTRAL	0.9996185625374795
P	CCG	NEUTRAL	0.9996185625374795
P	CCT	NEUTRAL	0.9996185625374795
Q	CAA	SELECTED	0.0156405048816183
Q	CAG	SELECTED	0.0156405048816183
R	AGA	SELECTED	0
R	AGG	SELECTED	0
R	CGA	SELECTED	0
R	CGC	SELECTED	0
R	CGG	SELECTED	0
R	CGT	SELECTED	0
S	AGC	SELECTED	0
S	AGT	SELECTED	0
S	TCA	SELECTED	0
S	TCC	SELECTED	0
S	TCG	SELECTED	0
S	TCT	SELECTED	0
T	ACA	SELECTED	0
T	ACC	SELECTED	0
T	ACG	SELECTED	0
T	ACT	SELECTED	0
V	GTA	NEUTRAL	0.9996185625374795
V	GTC	NEUTRAL	0.9996185625374795
V	GTG	NEUTRAL	0.9996185625374795
V	GTT	NEUTRAL	0.9996185625374795
Y	TAC	SELECTED	0.000471271439400065
Y	TAT	SELECTED	0.000471271439400065
