filename,TP,avg_TP_support,TN,avg_TN_support,FP,avg_FP_support,FN,avg_FN_support,accuracy,precision,recall,F1,ambiguous,avg_ambiguous_support
length500-aa-BIC-output21.tsv,20,0.9995711666241256,37,0.0022770425961938113,2,0.194006717381601,0,,0.9661016949152542,0.9090909090909091,1.0,0.9523809523809523,"['AAC', 'AAT']",0.194006717381601
