AminoAcid	CODON	GROUP	SUPPORT
A	GCA	NEUTRAL	0.9995920860857278
A	GCC	NEUTRAL	0.9995920860857278
A	GCG	NEUTRAL	0.9995920860857278
A	GCT	NEUTRAL	0.9995920860857278
C	TGC	AMBIGUOS	0.7536283399422943
C	TGT	AMBIGUOS	0.7536283399422943
D	GAC	SELECTED	0.0003073066103671547
D	GAT	SELECTED	0.0003073066103671547
E	GAA	SELECTED	0.002119321835505312
E	GAG	SELECTED	0.002119321835505312
F	TTC	NEUTRAL	0.9995920860857278
F	TTT	NEUTRAL	0.9995920860857278
G	GGA	SELECTED	0
G	GGC	SELECTED	0
G	GGG	SELECTED	0
G	GGT	SELECTED	0
H	CAC	SELECTED	0
H	CAT	SELECTED	0
I	ATA	SELECTED	0
I	ATC	SELECTED	0
I	ATT	SELECTED	0
K	AAA	SELECTED	0.003451421315252977
K	AAG	SELECTED	0.003451421315252977
L	CTA	NEUTRAL	0.9995920860857278
L	CTC	NEUTRAL	0.9995920860857278
L	CTG	NEUTRAL	0.9995920860857278
L	CTT	NEUTRAL	0.9995920860857278
L	TTA	NEUTRAL	0.9995920860857278
L	TTG	NEUTRAL	0.9995920860857278
N	AAC	SELECTED	0
N	AAT	SELECTED	0
P	CCA	NEUTRAL	0.9995920860857278
P	CCC	NEUTRAL	0.9995920860857278
P	CCG	NEUTRAL	0.9995920860857278
P	CCT	NEUTRAL	0.9995920860857278
Q	CAA	AMBIGUOS	0.4384743007180388
Q	CAG	AMBIGUOS	0.4384743007180388
R	AGA	SELECTED	0
R	AGG	SELECTED	0
R	CGA	SELECTED	0
R	CGC	SELECTED	0
R	CGG	SELECTED	0
R	CGT	SELECTED	0
S	AGC	SELECTED	0
S	AGT	SELECTED	0
S	TCA	SELECTED	0
S	TCC	SELECTED	0
S	TCG	SELECTED	0
S	TCT	SELECTED	0
T	ACA	SELECTED	0
T	ACC	SELECTED	0
T	ACG	SELECTED	0
T	ACT	SELECTED	0
V	GTA	NEUTRAL	0.9995920860857278
V	GTC	NEUTRAL	0.9995920860857278
V	GTG	NEUTRAL	0.9995920860857278
V	GTT	NEUTRAL	0.9995920860857278
Y	TAC	SELECTED	0.0007270193837299637
Y	TAT	SELECTED	0.0007270193837299637
