AminoAcid	CODON	GROUP	SUPPORT
A	GCA	NEUTRAL	0.9995130037903178
A	GCC	NEUTRAL	0.9995130037903178
A	GCG	NEUTRAL	0.9995130037903178
A	GCT	NEUTRAL	0.9995130037903178
C	TGC	SELECTED	0.002823674009879026
C	TGT	SELECTED	0.002823674009879026
D	GAC	SELECTED	0
D	GAT	SELECTED	0
E	GAA	SELECTED	0.08614376898713769
E	GAG	SELECTED	0.08614376898713769
F	TTC	NEUTRAL	0.9995130037903178
F	TTT	NEUTRAL	0.9995130037903178
G	GGA	SELECTED	0
G	GGC	SELECTED	0
G	GGG	SELECTED	0
G	GGT	SELECTED	0
H	CAC	SELECTED	0
H	CAT	SELECTED	0
I	ATA	SELECTED	0.00280683822283272
I	ATC	SELECTED	0.00280683822283272
I	ATT	SELECTED	0.00280683822283272
K	AAA	SELECTED	0.001971167198907832
K	AAG	SELECTED	0.001971167198907832
L	CTA	NEUTRAL	0.9995130037903178
L	CTC	NEUTRAL	0.9995130037903178
L	CTG	NEUTRAL	0.9995130037903178
L	CTT	NEUTRAL	0.9995130037903178
L	TTA	NEUTRAL	0.9995130037903178
L	TTG	NEUTRAL	0.9995130037903178
N	AAC	SELECTED	0
N	AAT	SELECTED	0
P	CCA	NEUTRAL	0.9995130037903178
P	CCC	NEUTRAL	0.9995130037903178
P	CCG	NEUTRAL	0.9995130037903178
P	CCT	NEUTRAL	0.9995130037903178
Q	CAA	SELECTED	0.0001895355954704397
Q	CAG	SELECTED	0.0001895355954704397
R	AGA	SELECTED	0
R	AGG	SELECTED	0
R	CGA	SELECTED	0
R	CGC	SELECTED	0
R	CGG	SELECTED	0
R	CGT	SELECTED	0
S	AGC	SELECTED	0
S	AGT	SELECTED	0
S	TCA	SELECTED	0
S	TCC	SELECTED	0
S	TCG	SELECTED	0
S	TCT	SELECTED	0
T	ACA	SELECTED	0
T	ACC	SELECTED	0
T	ACG	SELECTED	0
T	ACT	SELECTED	0
V	GTA	NEUTRAL	0.9995130037903178
V	GTC	NEUTRAL	0.9995130037903178
V	GTG	NEUTRAL	0.9995130037903178
V	GTT	NEUTRAL	0.9995130037903178
Y	TAC	SELECTED	0.03485309538427418
Y	TAT	SELECTED	0.03485309538427418
