AminoAcid	CODON	GROUP	SUPPORT
A	GCA	NEUTRAL	0.9987871223133554
A	GCC	NEUTRAL	0.9987871223133554
A	GCG	NEUTRAL	0.9987871223133554
A	GCT	NEUTRAL	0.9987871223133554
C	TGC	SELECTED	0.05337701616647441
C	TGT	SELECTED	0.05337701616647441
D	GAC	SELECTED	0
D	GAT	SELECTED	0
E	GAA	SELECTED	0.06914128982922528
E	GAG	SELECTED	0.06914128982922528
F	TTC	NEUTRAL	0.9985459289997505
F	TTT	NEUTRAL	0.9985459289997505
G	GGA	SELECTED	0
G	GGC	SELECTED	0
G	GGG	SELECTED	0
G	GGT	SELECTED	0
H	CAC	SELECTED	0
H	CAT	SELECTED	0
I	ATA	SELECTED	0
I	ATC	SELECTED	0
I	ATT	SELECTED	0
K	AAA	SELECTED	0.01599669491027726
K	AAG	SELECTED	0.01599669491027726
L	CTA	NEUTRAL	0.9987871223133554
L	CTC	NEUTRAL	0.9987871223133554
L	CTG	NEUTRAL	0.9987871223133554
L	CTT	NEUTRAL	0.9987871223133554
L	TTA	NEUTRAL	0.9987871223133554
L	TTG	NEUTRAL	0.9987871223133554
N	AAC	SELECTED	0.01735449401921816
N	AAT	SELECTED	0.01735449401921816
P	CCA	NEUTRAL	0.9987871223133554
P	CCC	NEUTRAL	0.9987871223133554
P	CCG	NEUTRAL	0.9987871223133554
P	CCT	NEUTRAL	0.9987871223133554
Q	CAA	SELECTED	0.006646407328752291
Q	CAG	SELECTED	0.006646407328752291
R	AGA	SELECTED	0
R	AGG	SELECTED	0
R	CGA	SELECTED	0
R	CGC	SELECTED	0
R	CGG	SELECTED	0
R	CGT	SELECTED	0
S	AGC	AMBIGUOS	0.1614762463277874
S	AGT	AMBIGUOS	0.1614762463277874
S	TCA	AMBIGUOS	0.1614762463277874
S	TCC	AMBIGUOS	0.1614762463277874
S	TCG	AMBIGUOS	0.1614762463277874
S	TCT	AMBIGUOS	0.1614762463277874
T	ACA	SELECTED	0
T	ACC	SELECTED	0
T	ACG	SELECTED	0
T	ACT	SELECTED	0
V	GTA	NEUTRAL	0.9987871223133554
V	GTC	NEUTRAL	0.9987871223133554
V	GTG	NEUTRAL	0.9987871223133554
V	GTT	NEUTRAL	0.9987871223133554
Y	TAC	SELECTED	0.03123037018666923
Y	TAT	SELECTED	0.03123037018666923
