AminoAcid	CODON	GROUP	SUPPORT
A	GCA	NEUTRAL	0.9996140688991715
A	GCC	NEUTRAL	0.9996140688991715
A	GCG	NEUTRAL	0.9996140688991715
A	GCT	NEUTRAL	0.9996140688991715
C	TGC	SELECTED	0.02878097743854288
C	TGT	SELECTED	0.02878097743854288
D	GAC	SELECTED	0
D	GAT	SELECTED	0
E	GAA	AMBIGUOS	0.1248843643238845
E	GAG	AMBIGUOS	0.1248843643238845
F	TTC	NEUTRAL	0.9996140688991715
F	TTT	NEUTRAL	0.9996140688991715
G	GGA	SELECTED	0
G	GGC	SELECTED	0
G	GGG	SELECTED	0
G	GGT	SELECTED	0
H	CAC	SELECTED	0
H	CAT	SELECTED	0
I	ATA	SELECTED	0
I	ATC	SELECTED	0
I	ATT	SELECTED	0
K	AAA	SELECTED	0.001548726308259363
K	AAG	SELECTED	0.001548726308259363
L	CTA	NEUTRAL	0.9996140688991715
L	CTC	NEUTRAL	0.9996140688991715
L	CTG	NEUTRAL	0.9996140688991715
L	CTT	NEUTRAL	0.9996140688991715
L	TTA	NEUTRAL	0.9996140688991715
L	TTG	NEUTRAL	0.9996140688991715
N	AAC	SELECTED	0.00136983364016959
N	AAT	SELECTED	0.00136983364016959
P	CCA	NEUTRAL	0.9996140688991715
P	CCC	NEUTRAL	0.9996140688991715
P	CCG	NEUTRAL	0.9996140688991715
P	CCT	NEUTRAL	0.9996140688991715
Q	CAA	SELECTED	0.000522180683495168
Q	CAG	SELECTED	0.000522180683495168
R	AGA	SELECTED	0
R	AGG	SELECTED	0
R	CGA	SELECTED	0
R	CGC	SELECTED	0
R	CGG	SELECTED	0
R	CGT	SELECTED	0
S	AGC	SELECTED	0.0004439680175557367
S	AGT	SELECTED	0.0004439680175557367
S	TCA	SELECTED	0.0004439680175557367
S	TCC	SELECTED	0.0004439680175557367
S	TCG	SELECTED	0.0004439680175557367
S	TCT	SELECTED	0.0004439680175557367
T	ACA	SELECTED	0
T	ACC	SELECTED	0
T	ACG	SELECTED	0
T	ACT	SELECTED	0
V	GTA	NEUTRAL	0.9996140688991715
V	GTC	NEUTRAL	0.9996140688991715
V	GTG	NEUTRAL	0.9996140688991715
V	GTT	NEUTRAL	0.9996140688991715
Y	TAC	SELECTED	0.003455930736832304
Y	TAT	SELECTED	0.003455930736832304
