AminoAcid	CODON	GROUP	SUPPORT
A	GCA	NEUTRAL	0.9996366953801037
A	GCC	NEUTRAL	0.9996366953801037
A	GCG	NEUTRAL	0.9996366953801037
A	GCT	NEUTRAL	0.9996366953801037
C	TGC	SELECTED	0.009396396511772232
C	TGT	SELECTED	0.009396396511772232
D	GAC	SELECTED	0
D	GAT	SELECTED	0
E	GAA	SELECTED	0.06108679935369074
E	GAG	SELECTED	0.06108679935369074
F	TTC	NEUTRAL	0.9996366953801037
F	TTT	NEUTRAL	0.9996366953801037
G	GGA	SELECTED	0
G	GGC	SELECTED	0
G	GGG	SELECTED	0
G	GGT	SELECTED	0
H	CAC	SELECTED	0
H	CAT	SELECTED	0
I	ATA	SELECTED	0
I	ATC	SELECTED	0
I	ATT	SELECTED	0
K	AAA	SELECTED	0.00143771171109186
K	AAG	SELECTED	0.00143771171109186
L	CTA	NEUTRAL	0.9996366953801037
L	CTC	NEUTRAL	0.9996366953801037
L	CTG	NEUTRAL	0.9996366953801037
L	CTT	NEUTRAL	0.9996366953801037
L	TTA	NEUTRAL	0.9996366953801037
L	TTG	NEUTRAL	0.9996366953801037
N	AAC	AMBIGUOS	0.1507259015768038
N	AAT	AMBIGUOS	0.1507259015768038
P	CCA	NEUTRAL	0.9996366953801037
P	CCC	NEUTRAL	0.9996366953801037
P	CCG	NEUTRAL	0.9996366953801037
P	CCT	NEUTRAL	0.9996366953801037
Q	CAA	SELECTED	0.002598134406580347
Q	CAG	SELECTED	0.002598134406580347
R	AGA	SELECTED	0
R	AGG	SELECTED	0
R	CGA	SELECTED	0
R	CGC	SELECTED	0
R	CGG	SELECTED	0
R	CGT	SELECTED	0
S	AGC	SELECTED	0
S	AGT	SELECTED	0
S	TCA	SELECTED	0
S	TCC	SELECTED	0
S	TCG	SELECTED	0
S	TCT	SELECTED	0
T	ACA	SELECTED	0
T	ACC	SELECTED	0
T	ACG	SELECTED	0
T	ACT	SELECTED	0
V	GTA	NEUTRAL	0.9996366953801037
V	GTC	NEUTRAL	0.9996366953801037
V	GTG	NEUTRAL	0.9996366953801037
V	GTT	NEUTRAL	0.9996366953801037
Y	TAC	SELECTED	0
Y	TAT	SELECTED	0
