AminoAcid	CODON	GROUP	SUPPORT
A	GCA	NEUTRAL	0.9996280148791979
A	GCC	NEUTRAL	0.9996280148791979
A	GCG	NEUTRAL	0.9996280148791979
A	GCT	NEUTRAL	0.9996280148791979
C	TGC	SELECTED	0.02491741080484808
C	TGT	SELECTED	0.02491741080484808
D	GAC	SELECTED	0
D	GAT	SELECTED	0
E	GAA	SELECTED	0.0220956784446195
E	GAG	SELECTED	0.0220956784446195
F	TTC	NEUTRAL	0.9996280148791979
F	TTT	NEUTRAL	0.9996280148791979
G	GGA	SELECTED	0
G	GGC	SELECTED	0
G	GGG	SELECTED	0
G	GGT	SELECTED	0
H	CAC	SELECTED	0
H	CAT	SELECTED	0
I	ATA	SELECTED	0
I	ATC	SELECTED	0
I	ATT	SELECTED	0
K	AAA	SELECTED	0.006584464547568558
K	AAG	SELECTED	0.006584464547568558
L	CTA	NEUTRAL	0.9996280148791979
L	CTC	NEUTRAL	0.9996280148791979
L	CTG	NEUTRAL	0.9996280148791979
L	CTT	NEUTRAL	0.9996280148791979
L	TTA	NEUTRAL	0.9996280148791979
L	TTG	NEUTRAL	0.9996280148791979
N	AAC	SELECTED	0.002631544400296604
N	AAT	SELECTED	0.002631544400296604
P	CCA	NEUTRAL	0.9996280148791979
P	CCC	NEUTRAL	0.9996280148791979
P	CCG	NEUTRAL	0.9996280148791979
P	CCT	NEUTRAL	0.9996280148791979
Q	CAA	SELECTED	0
Q	CAG	SELECTED	0
R	AGA	SELECTED	0
R	AGG	SELECTED	0
R	CGA	SELECTED	0
R	CGC	SELECTED	0
R	CGG	SELECTED	0
R	CGT	SELECTED	0
S	AGC	SELECTED	0
S	AGT	SELECTED	0
S	TCA	SELECTED	0
S	TCC	SELECTED	0
S	TCG	SELECTED	0
S	TCT	SELECTED	0
T	ACA	SELECTED	0
T	ACC	SELECTED	0
T	ACG	SELECTED	0
T	ACT	SELECTED	0
V	GTA	NEUTRAL	0.9996280148791979
V	GTC	NEUTRAL	0.9996280148791979
V	GTG	NEUTRAL	0.9996280148791979
V	GTT	NEUTRAL	0.9996280148791979
Y	TAC	SELECTED	0.008856150062677462
Y	TAT	SELECTED	0.008856150062677462
