AminoAcid	CODON	GROUP	SUPPORT
A	GCA	NEUTRAL	0.9997217194604525
A	GCC	NEUTRAL	0.9997217194604525
A	GCG	NEUTRAL	0.9997217194604525
A	GCT	NEUTRAL	0.9997217194604525
C	TGC	SELECTED	0.01326445576175214
C	TGT	SELECTED	0.01326445576175214
D	GAC	SELECTED	0
D	GAT	SELECTED	0
E	GAA	SELECTED	0.0002451580963829426
E	GAG	SELECTED	0.0002451580963829426
F	TTC	NEUTRAL	0.9997217194604525
F	TTT	NEUTRAL	0.9997217194604525
G	GGA	SELECTED	0
G	GGC	SELECTED	0
G	GGG	SELECTED	0
G	GGT	SELECTED	0
H	CAC	SELECTED	0
H	CAT	SELECTED	0
I	ATA	SELECTED	0
I	ATC	SELECTED	0
I	ATT	SELECTED	0
K	AAA	AMBIGUOS	0.7807841741997862
K	AAG	AMBIGUOS	0.7807841741997862
L	CTA	NEUTRAL	0.9997217194604525
L	CTC	NEUTRAL	0.9997217194604525
L	CTG	NEUTRAL	0.9997217194604525
L	CTT	NEUTRAL	0.9997217194604525
L	TTA	NEUTRAL	0.9997217194604525
L	TTG	NEUTRAL	0.9997217194604525
N	AAC	SELECTED	0.0002273605962420239
N	AAT	SELECTED	0.0002273605962420239
P	CCA	NEUTRAL	0.9997217194604525
P	CCC	NEUTRAL	0.9997217194604525
P	CCG	NEUTRAL	0.9997217194604525
P	CCT	NEUTRAL	0.9997217194604525
Q	CAA	SELECTED	0.0003152986382397879
Q	CAG	SELECTED	0.0003152986382397879
R	AGA	SELECTED	0
R	AGG	SELECTED	0
R	CGA	SELECTED	0
R	CGC	SELECTED	0
R	CGG	SELECTED	0
R	CGT	SELECTED	0
S	AGC	SELECTED	0
S	AGT	SELECTED	0
S	TCA	SELECTED	0
S	TCC	SELECTED	0
S	TCG	SELECTED	0
S	TCT	SELECTED	0
T	ACA	SELECTED	0
T	ACC	SELECTED	0
T	ACG	SELECTED	0
T	ACT	SELECTED	0
V	GTA	NEUTRAL	0.9997217194604525
V	GTC	NEUTRAL	0.9997217194604525
V	GTG	NEUTRAL	0.9997217194604525
V	GTT	NEUTRAL	0.9997217194604525
Y	TAC	SELECTED	0.001126386730899763
Y	TAT	SELECTED	0.001126386730899763
