AminoAcid	CODON	GROUP	SUPPORT
A	GCA	NEUTRAL	0.9995090651125671
A	GCC	NEUTRAL	0.9995090651125671
A	GCG	NEUTRAL	0.9995090651125671
A	GCT	NEUTRAL	0.9995090651125671
C	TGC	AMBIGUOS	0.4551494312971724
C	TGT	AMBIGUOS	0.4551494312971724
D	GAC	SELECTED	0.01521483518393465
D	GAT	SELECTED	0.01521483518393465
E	GAA	SELECTED	0.001517780520375069
E	GAG	SELECTED	0.001517780520375069
F	TTC	NEUTRAL	0.9995090651125671
F	TTT	NEUTRAL	0.9995090651125671
G	GGA	SELECTED	0
G	GGC	SELECTED	0
G	GGG	SELECTED	0
G	GGT	SELECTED	0
H	CAC	SELECTED	0
H	CAT	SELECTED	0
I	ATA	SELECTED	0
I	ATC	SELECTED	0
I	ATT	SELECTED	0
K	AAA	SELECTED	0
K	AAG	SELECTED	0
L	CTA	NEUTRAL	0.9995090651125671
L	CTC	NEUTRAL	0.9995090651125671
L	CTG	NEUTRAL	0.9995090651125671
L	CTT	NEUTRAL	0.9995090651125671
L	TTA	NEUTRAL	0.9995090651125671
L	TTG	NEUTRAL	0.9995090651125671
N	AAC	SELECTED	0.01672426371328531
N	AAT	SELECTED	0.01672426371328531
P	CCA	NEUTRAL	0.9995090651125671
P	CCC	NEUTRAL	0.9995090651125671
P	CCG	NEUTRAL	0.9995090651125671
P	CCT	NEUTRAL	0.9995090651125671
Q	CAA	SELECTED	0.08698629131105218
Q	CAG	SELECTED	0.08698629131105218
R	AGA	SELECTED	0
R	AGG	SELECTED	0
R	CGA	SELECTED	0
R	CGC	SELECTED	0
R	CGG	SELECTED	0
R	CGT	SELECTED	0
S	AGC	SELECTED	0
S	AGT	SELECTED	0
S	TCA	SELECTED	0
S	TCC	SELECTED	0
S	TCG	SELECTED	0
S	TCT	SELECTED	0
T	ACA	SELECTED	0
T	ACC	SELECTED	0
T	ACG	SELECTED	0
T	ACT	SELECTED	0
V	GTA	NEUTRAL	0.9995090651125671
V	GTC	NEUTRAL	0.9995090651125671
V	GTG	NEUTRAL	0.9995090651125671
V	GTT	NEUTRAL	0.9995090651125671
Y	TAC	SELECTED	0
Y	TAT	SELECTED	0
