AminoAcid	CODON	GROUP	SUPPORT
A	GCA	NEUTRAL	0.9993133703357325
A	GCC	NEUTRAL	0.9993133703357325
A	GCG	NEUTRAL	0.9993133703357325
A	GCT	NEUTRAL	0.9993133703357325
C	TGC	SELECTED	0.01199633405109551
C	TGT	SELECTED	0.01199633405109551
D	GAC	SELECTED	0.001510826736707139
D	GAT	SELECTED	0.001510826736707139
E	GAA	AMBIGUOS	0.442662644239909
E	GAG	AMBIGUOS	0.442662644239909
F	TTC	NEUTRAL	0.9993133703357325
F	TTT	NEUTRAL	0.9993133703357325
G	GGA	SELECTED	0
G	GGC	SELECTED	0
G	GGG	SELECTED	0
G	GGT	SELECTED	0
H	CAC	SELECTED	0
H	CAT	SELECTED	0
I	ATA	SELECTED	0.0001171599780806826
I	ATC	SELECTED	0.0001171599780806826
I	ATT	SELECTED	0.0001171599780806826
K	AAA	SELECTED	0.0003307900327757515
K	AAG	SELECTED	0.0003307900327757515
L	CTA	NEUTRAL	0.9993133703357325
L	CTC	NEUTRAL	0.9993133703357325
L	CTG	NEUTRAL	0.9993133703357325
L	CTT	NEUTRAL	0.9993133703357325
L	TTA	NEUTRAL	0.9993133703357325
L	TTG	NEUTRAL	0.9993133703357325
N	AAC	AMBIGUOS	0.8311934785424215
N	AAT	AMBIGUOS	0.8311934785424215
P	CCA	NEUTRAL	0.9993133703357325
P	CCC	NEUTRAL	0.9993133703357325
P	CCG	NEUTRAL	0.9993133703357325
P	CCT	NEUTRAL	0.9993133703357325
Q	CAA	SELECTED	0
Q	CAG	SELECTED	0
R	AGA	SELECTED	0
R	AGG	SELECTED	0
R	CGA	SELECTED	0
R	CGC	SELECTED	0
R	CGG	SELECTED	0
R	CGT	SELECTED	0
S	AGC	SELECTED	0
S	AGT	SELECTED	0
S	TCA	SELECTED	0
S	TCC	SELECTED	0
S	TCG	SELECTED	0
S	TCT	SELECTED	0
T	ACA	SELECTED	0
T	ACC	SELECTED	0
T	ACG	SELECTED	0
T	ACT	SELECTED	0
V	GTA	NEUTRAL	0.9993133703357325
V	GTC	NEUTRAL	0.9993133703357325
V	GTG	NEUTRAL	0.9993133703357325
V	GTT	NEUTRAL	0.9993133703357325
Y	TAC	SELECTED	0.0002569046622193645
Y	TAT	SELECTED	0.0002569046622193645
