AminoAcid	CODON	GROUP	SUPPORT
A	GCA	NEUTRAL	0.9997678960350929
A	GCC	NEUTRAL	0.9997678960350929
A	GCG	NEUTRAL	0.9997678960350929
A	GCT	NEUTRAL	0.9997678960350929
C	TGC	SELECTED	0.0180583774730771
C	TGT	SELECTED	0.0180583774730771
D	GAC	SELECTED	0
D	GAT	SELECTED	0
E	GAA	SELECTED	0.001166693106304397
E	GAG	SELECTED	0.001166693106304397
F	TTC	NEUTRAL	0.9984242358659686
F	TTT	NEUTRAL	0.9984242358659686
G	GGA	SELECTED	0
G	GGC	SELECTED	0
G	GGG	SELECTED	0
G	GGT	SELECTED	0
H	CAC	SELECTED	0
H	CAT	SELECTED	0
I	ATA	SELECTED	0.0004325166636468217
I	ATC	SELECTED	0.0004325166636468217
I	ATT	SELECTED	0.0004325166636468217
K	AAA	SELECTED	0.0052630308298094
K	AAG	SELECTED	0.0052630308298094
L	CTA	NEUTRAL	0.9997678960350929
L	CTC	NEUTRAL	0.9997678960350929
L	CTG	NEUTRAL	0.9997678960350929
L	CTT	NEUTRAL	0.9997678960350929
L	TTA	NEUTRAL	0.9997678960350929
L	TTG	NEUTRAL	0.9997678960350929
N	AAC	SELECTED	0
N	AAT	SELECTED	0
P	CCA	NEUTRAL	0.9997678960350929
P	CCC	NEUTRAL	0.9997678960350929
P	CCG	NEUTRAL	0.9997678960350929
P	CCT	NEUTRAL	0.9997678960350929
Q	CAA	SELECTED	0.01240418751513043
Q	CAG	SELECTED	0.01240418751513043
R	AGA	SELECTED	0
R	AGG	SELECTED	0
R	CGA	SELECTED	0
R	CGC	SELECTED	0
R	CGG	SELECTED	0
R	CGT	SELECTED	0
S	AGC	SELECTED	0.000133877193026557
S	AGT	SELECTED	0.000133877193026557
S	TCA	SELECTED	0.000133877193026557
S	TCC	SELECTED	0.000133877193026557
S	TCG	SELECTED	0.000133877193026557
S	TCT	SELECTED	0.000133877193026557
T	ACA	SELECTED	0
T	ACC	SELECTED	0
T	ACG	SELECTED	0
T	ACT	SELECTED	0
V	GTA	NEUTRAL	0.9997678960350929
V	GTC	NEUTRAL	0.9997678960350929
V	GTG	NEUTRAL	0.9997678960350929
V	GTT	NEUTRAL	0.9997678960350929
Y	TAC	SELECTED	0.0002387283157875092
Y	TAT	SELECTED	0.0002387283157875092
