filename,TP,avg_TP_support,TN,avg_TN_support,FP,avg_FP_support,FN,avg_FN_support,accuracy,precision,recall,F1,ambiguous,avg_ambiguous_support
length500-aa-BIC-output18.tsv,20,0.9997217194604525,37,0.0008204680985684539,2,0.7807841741997862,0,,0.9661016949152542,0.9090909090909091,1.0,0.9523809523809523,"['AAA', 'AAG']",0.7807841741997862
