AminoAcid	CODON	GROUP	SUPPORT
A	GCA	NEUTRAL	0.999500155010918
A	GCC	NEUTRAL	0.999500155010918
A	GCG	NEUTRAL	0.999500155010918
A	GCT	NEUTRAL	0.999500155010918
C	TGC	SELECTED	0.008249550228994838
C	TGT	SELECTED	0.008249550228994838
D	GAC	SELECTED	0
D	GAT	SELECTED	0
E	GAA	SELECTED	0.002759077185358042
E	GAG	SELECTED	0.002759077185358042
F	TTC	NEUTRAL	0.9979515535779393
F	TTT	NEUTRAL	0.9979515535779393
G	GGA	SELECTED	0
G	GGC	SELECTED	0
G	GGG	SELECTED	0
G	GGT	SELECTED	0
H	CAC	SELECTED	0
H	CAT	SELECTED	0
I	ATA	SELECTED	0
I	ATC	SELECTED	0
I	ATT	SELECTED	0
K	AAA	SELECTED	0.008556850846307987
K	AAG	SELECTED	0.008556850846307987
L	CTA	NEUTRAL	0.999500155010918
L	CTC	NEUTRAL	0.999500155010918
L	CTG	NEUTRAL	0.999500155010918
L	CTT	NEUTRAL	0.999500155010918
L	TTA	NEUTRAL	0.999500155010918
L	TTG	NEUTRAL	0.999500155010918
N	AAC	SELECTED	0.07677040236972996
N	AAT	SELECTED	0.07677040236972996
P	CCA	NEUTRAL	0.999500155010918
P	CCC	NEUTRAL	0.999500155010918
P	CCG	NEUTRAL	0.999500155010918
P	CCT	NEUTRAL	0.999500155010918
Q	CAA	AMBIGUOS	0.3398078273360173
Q	CAG	AMBIGUOS	0.3398078273360173
R	AGA	SELECTED	0
R	AGG	SELECTED	0
R	CGA	SELECTED	0
R	CGC	SELECTED	0
R	CGG	SELECTED	0
R	CGT	SELECTED	0
S	AGC	SELECTED	0
S	AGT	SELECTED	0
S	TCA	SELECTED	0
S	TCC	SELECTED	0
S	TCG	SELECTED	0
S	TCT	SELECTED	0
T	ACA	SELECTED	0
T	ACC	SELECTED	0
T	ACG	SELECTED	0
T	ACT	SELECTED	0
V	GTA	NEUTRAL	0.999500155010918
V	GTC	NEUTRAL	0.999500155010918
V	GTG	NEUTRAL	0.999500155010918
V	GTT	NEUTRAL	0.999500155010918
Y	TAC	SELECTED	0
Y	TAT	SELECTED	0
