AminoAcid	CODON	GROUP	SUPPORT
A	GCA	NEUTRAL	0.9995125252200082
A	GCC	NEUTRAL	0.9995125252200082
A	GCG	NEUTRAL	0.9995125252200082
A	GCT	NEUTRAL	0.9995125252200082
C	TGC	SELECTED	0.007977438308343465
C	TGT	SELECTED	0.007977438308343465
D	GAC	SELECTED	0
D	GAT	SELECTED	0
E	GAA	SELECTED	0.0648835118052753
E	GAG	SELECTED	0.0648835118052753
F	TTC	NEUTRAL	0.9990875196983113
F	TTT	NEUTRAL	0.9990875196983113
G	GGA	SELECTED	0
G	GGC	SELECTED	0
G	GGG	SELECTED	0
G	GGT	SELECTED	0
H	CAC	SELECTED	0
H	CAT	SELECTED	0
I	ATA	SELECTED	0
I	ATC	SELECTED	0
I	ATT	SELECTED	0
K	AAA	SELECTED	0
K	AAG	SELECTED	0
L	CTA	NEUTRAL	0.9995125252200082
L	CTC	NEUTRAL	0.9995125252200082
L	CTG	NEUTRAL	0.9995125252200082
L	CTT	NEUTRAL	0.9995125252200082
L	TTA	NEUTRAL	0.9995125252200082
L	TTG	NEUTRAL	0.9995125252200082
N	AAC	AMBIGUOS	0.6315423824334547
N	AAT	AMBIGUOS	0.6315423824334547
P	CCA	NEUTRAL	0.9995125252200082
P	CCC	NEUTRAL	0.9995125252200082
P	CCG	NEUTRAL	0.9995125252200082
P	CCT	NEUTRAL	0.9995125252200082
Q	CAA	SELECTED	0.001734630243981392
Q	CAG	SELECTED	0.001734630243981392
R	AGA	SELECTED	0
R	AGG	SELECTED	0
R	CGA	SELECTED	0
R	CGC	SELECTED	0
R	CGG	SELECTED	0
R	CGT	SELECTED	0
S	AGC	SELECTED	0
S	AGT	SELECTED	0
S	TCA	SELECTED	0
S	TCC	SELECTED	0
S	TCG	SELECTED	0
S	TCT	SELECTED	0
T	ACA	SELECTED	0
T	ACC	SELECTED	0
T	ACG	SELECTED	0
T	ACT	SELECTED	0
V	GTA	NEUTRAL	0.9995125252200082
V	GTC	NEUTRAL	0.9995125252200082
V	GTG	NEUTRAL	0.9995125252200082
V	GTT	NEUTRAL	0.9995125252200082
Y	TAC	SELECTED	0
Y	TAT	SELECTED	0
