AminoAcid	CODON	GROUP	SUPPORT
A	GCA	NEUTRAL	0.9995276829601156
A	GCC	NEUTRAL	0.9995276829601156
A	GCG	NEUTRAL	0.9995276829601156
A	GCT	NEUTRAL	0.9995276829601156
C	TGC	SELECTED	0.0004993151394168655
C	TGT	SELECTED	0.0004993151394168655
D	GAC	SELECTED	0
D	GAT	SELECTED	0
E	GAA	SELECTED	0.002973462619667316
E	GAG	SELECTED	0.002973462619667316
F	TTC	NEUTRAL	0.9995276829601156
F	TTT	NEUTRAL	0.9995276829601156
G	GGA	SELECTED	0
G	GGC	SELECTED	0
G	GGG	SELECTED	0
G	GGT	SELECTED	0
H	CAC	SELECTED	0
H	CAT	SELECTED	0
I	ATA	SELECTED	0.0007950874096805821
I	ATC	SELECTED	0.0007950874096805821
I	ATT	SELECTED	0.0007950874096805821
K	AAA	SELECTED	0.0009920427148519674
K	AAG	SELECTED	0.0009920427148519674
L	CTA	NEUTRAL	0.9995276829601156
L	CTC	NEUTRAL	0.9995276829601156
L	CTG	NEUTRAL	0.9995276829601156
L	CTT	NEUTRAL	0.9995276829601156
L	TTA	NEUTRAL	0.9995276829601156
L	TTG	NEUTRAL	0.9995276829601156
N	AAC	SELECTED	0.01347988899009928
N	AAT	SELECTED	0.01347988899009928
P	CCA	NEUTRAL	0.9995276829601156
P	CCC	NEUTRAL	0.9995276829601156
P	CCG	NEUTRAL	0.9995276829601156
P	CCT	NEUTRAL	0.9995276829601156
Q	CAA	SELECTED	0.001478966333727658
Q	CAG	SELECTED	0.001478966333727658
R	AGA	SELECTED	0
R	AGG	SELECTED	0
R	CGA	SELECTED	0
R	CGC	SELECTED	0
R	CGG	SELECTED	0
R	CGT	SELECTED	0
S	AGC	SELECTED	0.05652782396114318
S	AGT	SELECTED	0.05652782396114318
S	TCA	SELECTED	0.05652782396114318
S	TCC	SELECTED	0.05652782396114318
S	TCG	SELECTED	0.05652782396114318
S	TCT	SELECTED	0.05652782396114318
T	ACA	SELECTED	0
T	ACC	SELECTED	0
T	ACG	SELECTED	0
T	ACT	SELECTED	0
V	GTA	NEUTRAL	0.9995276829601156
V	GTC	NEUTRAL	0.9995276829601156
V	GTG	NEUTRAL	0.9995276829601156
V	GTT	NEUTRAL	0.9995276829601156
Y	TAC	SELECTED	0.007668729891391857
Y	TAT	SELECTED	0.007668729891391857
