AminoAcid	CODON	GROUP	SUPPORT
A	GCA	NEUTRAL	0.9995141644747099
A	GCC	NEUTRAL	0.9995141644747099
A	GCG	NEUTRAL	0.9995141644747099
A	GCT	NEUTRAL	0.9995141644747099
C	TGC	SELECTED	0.01485316276032786
C	TGT	SELECTED	0.01485316276032786
D	GAC	SELECTED	0
D	GAT	SELECTED	0
E	GAA	SELECTED	0.0007736997948975537
E	GAG	SELECTED	0.0007736997948975537
F	TTC	NEUTRAL	0.9995141644747099
F	TTT	NEUTRAL	0.9995141644747099
G	GGA	SELECTED	0
G	GGC	SELECTED	0
G	GGG	SELECTED	0
G	GGT	SELECTED	0
H	CAC	SELECTED	0.000114721881573189
H	CAT	SELECTED	0.000114721881573189
I	ATA	SELECTED	0
I	ATC	SELECTED	0
I	ATT	SELECTED	0
K	AAA	SELECTED	0.009888689633053066
K	AAG	SELECTED	0.009888689633053066
L	CTA	NEUTRAL	0.9995141644747099
L	CTC	NEUTRAL	0.9995141644747099
L	CTG	NEUTRAL	0.9995141644747099
L	CTT	NEUTRAL	0.9995141644747099
L	TTA	NEUTRAL	0.9995141644747099
L	TTG	NEUTRAL	0.9995141644747099
N	AAC	AMBIGUOS	0.5917737035443961
N	AAT	AMBIGUOS	0.5917737035443961
P	CCA	NEUTRAL	0.9995141644747099
P	CCC	NEUTRAL	0.9995141644747099
P	CCG	NEUTRAL	0.9995141644747099
P	CCT	NEUTRAL	0.9995141644747099
Q	CAA	SELECTED	0
Q	CAG	SELECTED	0
R	AGA	SELECTED	0
R	AGG	SELECTED	0
R	CGA	SELECTED	0
R	CGC	SELECTED	0
R	CGG	SELECTED	0
R	CGT	SELECTED	0
S	AGC	SELECTED	0
S	AGT	SELECTED	0
S	TCA	SELECTED	0
S	TCC	SELECTED	0
S	TCG	SELECTED	0
S	TCT	SELECTED	0
T	ACA	SELECTED	0
T	ACC	SELECTED	0
T	ACG	SELECTED	0
T	ACT	SELECTED	0
V	GTA	NEUTRAL	0.9995141644747099
V	GTC	NEUTRAL	0.9995141644747099
V	GTG	NEUTRAL	0.9995141644747099
V	GTT	NEUTRAL	0.9995141644747099
Y	TAC	SELECTED	0.009870162873577165
Y	TAT	SELECTED	0.009870162873577165
