AminoAcid	CODON	GROUP	SUPPORT
A	GCA	NEUTRAL	0.9997466556632176
A	GCC	NEUTRAL	0.9997466556632176
A	GCG	NEUTRAL	0.9997466556632176
A	GCT	NEUTRAL	0.9997466556632176
C	TGC	SELECTED	0.01120924839432624
C	TGT	SELECTED	0.01120924839432624
D	GAC	SELECTED	0
D	GAT	SELECTED	0
E	GAA	SELECTED	0.01092334057137073
E	GAG	SELECTED	0.01092334057137073
F	TTC	NEUTRAL	0.9836506038529214
F	TTT	NEUTRAL	0.9836506038529214
G	GGA	SELECTED	0
G	GGC	SELECTED	0
G	GGG	SELECTED	0
G	GGT	SELECTED	0
H	CAC	SELECTED	0
H	CAT	SELECTED	0
I	ATA	SELECTED	0
I	ATC	SELECTED	0
I	ATT	SELECTED	0
K	AAA	SELECTED	0.0005565842495714235
K	AAG	SELECTED	0.0005565842495714235
L	CTA	NEUTRAL	0.9997466556632176
L	CTC	NEUTRAL	0.9997466556632176
L	CTG	NEUTRAL	0.9997466556632176
L	CTT	NEUTRAL	0.9997466556632176
L	TTA	NEUTRAL	0.9997466556632176
L	TTG	NEUTRAL	0.9997466556632176
N	AAC	AMBIGUOS	0.177111164368242
N	AAT	AMBIGUOS	0.177111164368242
P	CCA	NEUTRAL	0.9997466556632176
P	CCC	NEUTRAL	0.9997466556632176
P	CCG	NEUTRAL	0.9997466556632176
P	CCT	NEUTRAL	0.9997466556632176
Q	CAA	SELECTED	0
Q	CAG	SELECTED	0
R	AGA	SELECTED	0
R	AGG	SELECTED	0
R	CGA	SELECTED	0
R	CGC	SELECTED	0
R	CGG	SELECTED	0
R	CGT	SELECTED	0
S	AGC	SELECTED	0
S	AGT	SELECTED	0
S	TCA	SELECTED	0
S	TCC	SELECTED	0
S	TCG	SELECTED	0
S	TCT	SELECTED	0
T	ACA	SELECTED	0
T	ACC	SELECTED	0
T	ACG	SELECTED	0
T	ACT	SELECTED	0
V	GTA	NEUTRAL	0.9997466556632176
V	GTC	NEUTRAL	0.9997466556632176
V	GTG	NEUTRAL	0.9997466556632176
V	GTT	NEUTRAL	0.9997466556632176
Y	TAC	SELECTED	0.001045953087529621
Y	TAT	SELECTED	0.001045953087529621
