AminoAcid	CODON	GROUP	SUPPORT
A	GCA	NEUTRAL	0.9997340136617132
A	GCC	NEUTRAL	0.9997340136617132
A	GCG	NEUTRAL	0.9997340136617132
A	GCT	NEUTRAL	0.9997340136617132
C	TGC	SELECTED	0.001749132730107731
C	TGT	SELECTED	0.001749132730107731
D	GAC	SELECTED	0
D	GAT	SELECTED	0
E	GAA	SELECTED	0.001769659228062756
E	GAG	SELECTED	0.001769659228062756
F	TTC	NEUTRAL	0.9995689731383092
F	TTT	NEUTRAL	0.9995689731383092
G	GGA	SELECTED	0
G	GGC	SELECTED	0
G	GGG	SELECTED	0
G	GGT	SELECTED	0
H	CAC	SELECTED	0.001023658456568084
H	CAT	SELECTED	0.001023658456568084
I	ATA	SELECTED	0
I	ATC	SELECTED	0
I	ATT	SELECTED	0
K	AAA	SELECTED	0.0001766764026431816
K	AAG	SELECTED	0.0001766764026431816
L	CTA	NEUTRAL	0.9997340136617132
L	CTC	NEUTRAL	0.9997340136617132
L	CTG	NEUTRAL	0.9997340136617132
L	CTT	NEUTRAL	0.9997340136617132
L	TTA	NEUTRAL	0.9997340136617132
L	TTG	NEUTRAL	0.9997340136617132
N	AAC	SELECTED	0.04226882694652106
N	AAT	SELECTED	0.04226882694652106
P	CCA	NEUTRAL	0.9997340136617132
P	CCC	NEUTRAL	0.9997340136617132
P	CCG	NEUTRAL	0.9997340136617132
P	CCT	NEUTRAL	0.9997340136617132
Q	CAA	SELECTED	0.0005420396361733482
Q	CAG	SELECTED	0.0005420396361733482
R	AGA	SELECTED	0
R	AGG	SELECTED	0
R	CGA	SELECTED	0
R	CGC	SELECTED	0
R	CGG	SELECTED	0
R	CGT	SELECTED	0
S	AGC	SELECTED	0.0001749475320535941
S	AGT	SELECTED	0.0001749475320535941
S	TCA	SELECTED	0.0001749475320535941
S	TCC	SELECTED	0.0001749475320535941
S	TCG	SELECTED	0.0001749475320535941
S	TCT	SELECTED	0.0001749475320535941
T	ACA	SELECTED	0
T	ACC	SELECTED	0
T	ACG	SELECTED	0
T	ACT	SELECTED	0
V	GTA	NEUTRAL	0.9997340136617132
V	GTC	NEUTRAL	0.9997340136617132
V	GTG	NEUTRAL	0.9997340136617132
V	GTT	NEUTRAL	0.9997340136617132
Y	TAC	SELECTED	0.005822945139418284
Y	TAT	SELECTED	0.005822945139418284
