AminoAcid	CODON	GROUP	SUPPORT
A	GCA	NEUTRAL	0.9997434966943113
A	GCC	NEUTRAL	0.9997434966943113
A	GCG	NEUTRAL	0.9997434966943113
A	GCT	NEUTRAL	0.9997434966943113
C	TGC	SELECTED	0.01067912101137739
C	TGT	SELECTED	0.01067912101137739
D	GAC	SELECTED	0
D	GAT	SELECTED	0
E	GAA	SELECTED	0.01040977432050139
E	GAG	SELECTED	0.01040977432050139
F	TTC	NEUTRAL	0.9997434966943113
F	TTT	NEUTRAL	0.9997434966943113
G	GGA	SELECTED	0
G	GGC	SELECTED	0
G	GGG	SELECTED	0
G	GGT	SELECTED	0
H	CAC	SELECTED	0
H	CAT	SELECTED	0
I	ATA	SELECTED	0.00058167437574438
I	ATC	SELECTED	0.00058167437574438
I	ATT	SELECTED	0.00058167437574438
K	AAA	SELECTED	0.002378453680197955
K	AAG	SELECTED	0.002378453680197955
L	CTA	NEUTRAL	0.9997434966943113
L	CTC	NEUTRAL	0.9997434966943113
L	CTG	NEUTRAL	0.9997434966943113
L	CTT	NEUTRAL	0.9997434966943113
L	TTA	NEUTRAL	0.9997434966943113
L	TTG	NEUTRAL	0.9997434966943113
N	AAC	SELECTED	0.02169282756176011
N	AAT	SELECTED	0.02169282756176011
P	CCA	NEUTRAL	0.9997434966943113
P	CCC	NEUTRAL	0.9997434966943113
P	CCG	NEUTRAL	0.9997434966943113
P	CCT	NEUTRAL	0.9997434966943113
Q	CAA	SELECTED	0.001046472841777912
Q	CAG	SELECTED	0.001046472841777912
R	AGA	SELECTED	0
R	AGG	SELECTED	0
R	CGA	SELECTED	0
R	CGC	SELECTED	0
R	CGG	SELECTED	0
R	CGT	SELECTED	0
S	AGC	SELECTED	0
S	AGT	SELECTED	0
S	TCA	SELECTED	0
S	TCC	SELECTED	0
S	TCG	SELECTED	0
S	TCT	SELECTED	0
T	ACA	SELECTED	0
T	ACC	SELECTED	0
T	ACG	SELECTED	0
T	ACT	SELECTED	0
V	GTA	NEUTRAL	0.9997434966943113
V	GTC	NEUTRAL	0.9997434966943113
V	GTG	NEUTRAL	0.9997434966943113
V	GTT	NEUTRAL	0.9997434966943113
Y	TAC	SELECTED	0.0001489330666797632
Y	TAT	SELECTED	0.0001489330666797632
