AminoAcid	CODON	GROUP	SUPPORT
A	GCA	NEUTRAL	0.9995631891299839
A	GCC	NEUTRAL	0.9995631891299839
A	GCG	NEUTRAL	0.9995631891299839
A	GCT	NEUTRAL	0.9995631891299839
C	TGC	SELECTED	0.01480895519721879
C	TGT	SELECTED	0.01480895519721879
D	GAC	SELECTED	0
D	GAT	SELECTED	0
E	GAA	SELECTED	0.00614649621785471
E	GAG	SELECTED	0.00614649621785471
F	TTC	NEUTRAL	0.9995631891299839
F	TTT	NEUTRAL	0.9995631891299839
G	GGA	SELECTED	0
G	GGC	SELECTED	0
G	GGG	SELECTED	0
G	GGT	SELECTED	0
H	CAC	SELECTED	0.000116790431172101
H	CAT	SELECTED	0.000116790431172101
I	ATA	SELECTED	0
I	ATC	SELECTED	0
I	ATT	SELECTED	0
K	AAA	SELECTED	0.00202317382604488
K	AAG	SELECTED	0.00202317382604488
L	CTA	NEUTRAL	0.9995631891299839
L	CTC	NEUTRAL	0.9995631891299839
L	CTG	NEUTRAL	0.9995631891299839
L	CTT	NEUTRAL	0.9995631891299839
L	TTA	NEUTRAL	0.9995631891299839
L	TTG	NEUTRAL	0.9995631891299839
N	AAC	SELECTED	0.0004072846907766534
N	AAT	SELECTED	0.0004072846907766534
P	CCA	NEUTRAL	0.9995631891299839
P	CCC	NEUTRAL	0.9995631891299839
P	CCG	NEUTRAL	0.9995631891299839
P	CCT	NEUTRAL	0.9995631891299839
Q	CAA	SELECTED	0.01331438691273329
Q	CAG	SELECTED	0.01331438691273329
R	AGA	SELECTED	0
R	AGG	SELECTED	0
R	CGA	SELECTED	0
R	CGC	SELECTED	0
R	CGG	SELECTED	0
R	CGT	SELECTED	0
S	AGC	SELECTED	0.01298841500904275
S	AGT	SELECTED	0.01298841500904275
S	TCA	SELECTED	0.01298841500904275
S	TCC	SELECTED	0.01298841500904275
S	TCG	SELECTED	0.01298841500904275
S	TCT	SELECTED	0.01298841500904275
T	ACA	SELECTED	0
T	ACC	SELECTED	0
T	ACG	SELECTED	0
T	ACT	SELECTED	0
V	GTA	NEUTRAL	0.9995631891299839
V	GTC	NEUTRAL	0.9995631891299839
V	GTG	NEUTRAL	0.9995631891299839
V	GTT	NEUTRAL	0.9995631891299839
Y	TAC	SELECTED	0.003879755752478207
Y	TAT	SELECTED	0.003879755752478207
