filename,TP,avg_TP_support,TN,avg_TN_support,FP,avg_FP_support,FN,avg_FN_support,accuracy,precision,recall,F1,ambiguous,avg_ambiguous_support
length500-aa-BIC-output6.tsv,20,0.9996140688991714,37,0.0020005163708089785,2,0.1248843643238845,0,,0.9661016949152542,0.9090909090909091,1.0,0.9523809523809523,"['GAA', 'GAG']",0.1248843643238845
