filename,TP,avg_TP_support,TN,avg_TN_support,FP,avg_FP_support,FN,avg_FN_support,accuracy,precision,recall,F1,ambiguous,avg_ambiguous_support
length500-aa-BIC-output19.tsv,20,0.9994700246678386,37,0.004032193532843243,2,0.6315423824334547,0,,0.9661016949152542,0.9090909090909091,1.0,0.9523809523809523,"['AAC', 'AAT']",0.6315423824334547
