AminoAcid	CODON	GROUP	SUPPORT
A	GCA	NEUTRAL	0.9996188026710574
A	GCC	NEUTRAL	0.9996188026710574
A	GCG	NEUTRAL	0.9996188026710574
A	GCT	NEUTRAL	0.9996188026710574
C	TGC	SELECTED	0.009785544251324656
C	TGT	SELECTED	0.009785544251324656
D	GAC	SELECTED	0
D	GAT	SELECTED	0
E	GAA	SELECTED	0.000978957722121247
E	GAG	SELECTED	0.000978957722121247
F	TTC	NEUTRAL	0.9993558234951294
F	TTT	NEUTRAL	0.9993558234951294
G	GGA	SELECTED	0
G	GGC	SELECTED	0
G	GGG	SELECTED	0
G	GGT	SELECTED	0
H	CAC	SELECTED	0
H	CAT	SELECTED	0
I	ATA	SELECTED	0
I	ATC	SELECTED	0
I	ATT	SELECTED	0
K	AAA	SELECTED	0.002990209074898355
K	AAG	SELECTED	0.002990209074898355
L	CTA	NEUTRAL	0.9996188026710574
L	CTC	NEUTRAL	0.9996188026710574
L	CTG	NEUTRAL	0.9996188026710574
L	CTT	NEUTRAL	0.9996188026710574
L	TTA	NEUTRAL	0.9996188026710574
L	TTG	NEUTRAL	0.9996188026710574
N	AAC	AMBIGUOS	0.1211919962511427
N	AAT	AMBIGUOS	0.1211919962511427
P	CCA	NEUTRAL	0.9996188026710574
P	CCC	NEUTRAL	0.9996188026710574
P	CCG	NEUTRAL	0.9996188026710574
P	CCT	NEUTRAL	0.9996188026710574
Q	CAA	SELECTED	0.0004152965038630666
Q	CAG	SELECTED	0.0004152965038630666
R	AGA	SELECTED	0
R	AGG	SELECTED	0
R	CGA	SELECTED	0
R	CGC	SELECTED	0
R	CGG	SELECTED	0
R	CGT	SELECTED	0
S	AGC	SELECTED	0
S	AGT	SELECTED	0
S	TCA	SELECTED	0
S	TCC	SELECTED	0
S	TCG	SELECTED	0
S	TCT	SELECTED	0
T	ACA	SELECTED	0
T	ACC	SELECTED	0
T	ACG	SELECTED	0
T	ACT	SELECTED	0
V	GTA	NEUTRAL	0.9996188026710574
V	GTC	NEUTRAL	0.9996188026710574
V	GTG	NEUTRAL	0.9996188026710574
V	GTT	NEUTRAL	0.9996188026710574
Y	TAC	SELECTED	0.02845391873497609
Y	TAT	SELECTED	0.02845391873497609
