AminoAcid	CODON	GROUP	SUPPORT
A	GCA	NEUTRAL	0.9995410918275907
A	GCC	NEUTRAL	0.9995410918275907
A	GCG	NEUTRAL	0.9995410918275907
A	GCT	NEUTRAL	0.9995410918275907
C	TGC	SELECTED	0.05978975270251469
C	TGT	SELECTED	0.05978975270251469
D	GAC	SELECTED	0
D	GAT	SELECTED	0
E	GAA	SELECTED	0.009130039903913117
E	GAG	SELECTED	0.009130039903913117
F	TTC	NEUTRAL	0.9995410918275907
F	TTT	NEUTRAL	0.9995410918275907
G	GGA	SELECTED	0
G	GGC	SELECTED	0
G	GGG	SELECTED	0
G	GGT	SELECTED	0
H	CAC	SELECTED	0.0001032663847257684
H	CAT	SELECTED	0.0001032663847257684
I	ATA	SELECTED	0
I	ATC	SELECTED	0
I	ATT	SELECTED	0
K	AAA	SELECTED	0.008011929737817924
K	AAG	SELECTED	0.008011929737817924
L	CTA	NEUTRAL	0.9995410918275907
L	CTC	NEUTRAL	0.9995410918275907
L	CTG	NEUTRAL	0.9995410918275907
L	CTT	NEUTRAL	0.9995410918275907
L	TTA	NEUTRAL	0.9995410918275907
L	TTG	NEUTRAL	0.9995410918275907
N	AAC	SELECTED	0.002289612483966981
N	AAT	SELECTED	0.002289612483966981
P	CCA	NEUTRAL	0.9995410918275907
P	CCC	NEUTRAL	0.9995410918275907
P	CCG	NEUTRAL	0.9995410918275907
P	CCT	NEUTRAL	0.9995410918275907
Q	CAA	SELECTED	0.01412290808666776
Q	CAG	SELECTED	0.01412290808666776
R	AGA	SELECTED	0
R	AGG	SELECTED	0
R	CGA	SELECTED	0
R	CGC	SELECTED	0
R	CGG	SELECTED	0
R	CGT	SELECTED	0
S	AGC	SELECTED	0
S	AGT	SELECTED	0
S	TCA	SELECTED	0
S	TCC	SELECTED	0
S	TCG	SELECTED	0
S	TCT	SELECTED	0
T	ACA	SELECTED	0
T	ACC	SELECTED	0
T	ACG	SELECTED	0
T	ACT	SELECTED	0
V	GTA	NEUTRAL	0.9995410918275907
V	GTC	NEUTRAL	0.9995410918275907
V	GTG	NEUTRAL	0.9995410918275907
V	GTT	NEUTRAL	0.9995410918275907
Y	TAC	SELECTED	0.003489391174140669
Y	TAT	SELECTED	0.003489391174140669
