AminoAcid	CODON	GROUP	SUPPORT
A	GCA	SELECTED	0
A	GCC	SELECTED	0
A	GCG	SELECTED	0
A	GCT	SELECTED	0
C	TGC	AMBIGUOS	0.6424834014357435
C	TGT	AMBIGUOS	0.6424834014357435
D	GAC	AMBIGUOS	0.1153901482206194
D	GAT	AMBIGUOS	0.1153901482206194
E	GAA	AMBIGUOS	0.5088651859337963
E	GAG	AMBIGUOS	0.5088651859337963
F	TTC	AMBIGUOS	0.8953124551091234
F	TTT	AMBIGUOS	0.8953124551091234
G	GGA	SELECTED	0.0007965353789275592
G	GGC	SELECTED	0.0007965353789275592
G	GGG	SELECTED	0.0007965353789275592
G	GGT	SELECTED	0.0007965353789275592
H	CAC	AMBIGUOS	0.8942142477715163
H	CAT	AMBIGUOS	0.8942142477715163
I	ATA	AMBIGUOS	0.8890384024827882
I	ATC	AMBIGUOS	0.8890384024827882
I	ATT	AMBIGUOS	0.8890384024827882
K	AAA	AMBIGUOS	0.8397977956907055
K	AAG	AMBIGUOS	0.8397977956907055
L	CTA	NEUTRAL	0.9933296679662609
L	CTC	NEUTRAL	0.9933296679662609
L	CTG	NEUTRAL	0.9933296679662609
L	CTT	NEUTRAL	0.9933296679662609
L	TTA	NEUTRAL	0.9933296679662609
L	TTG	NEUTRAL	0.9933296679662609
N	AAC	AMBIGUOS	0.2283157602453802
N	AAT	AMBIGUOS	0.2283157602453802
P	CCA	SELECTED	0.0002996634030489035
P	CCC	SELECTED	0.0002996634030489035
P	CCG	SELECTED	0.0002996634030489035
P	CCT	SELECTED	0.0002996634030489035
Q	CAA	NEUTRAL	0.9846789599158086
Q	CAG	NEUTRAL	0.9846789599158086
R	AGA	AMBIGUOS	0.2839573436099153
R	AGG	AMBIGUOS	0.2839573436099153
R	CGA	AMBIGUOS	0.2839573436099153
R	CGC	AMBIGUOS	0.2839573436099153
R	CGG	AMBIGUOS	0.2839573436099153
R	CGT	AMBIGUOS	0.2839573436099153
S	AGC	SELECTED	0
S	AGT	SELECTED	0
S	TCA	SELECTED	0
S	TCC	SELECTED	0
S	TCG	SELECTED	0
S	TCT	SELECTED	0
T	ACA	SELECTED	0.0001563008278726195
T	ACC	SELECTED	0.0001563008278726195
T	ACG	SELECTED	0.0001563008278726195
T	ACT	SELECTED	0.0001563008278726195
V	GTA	SELECTED	0.0007029761548218045
V	GTC	SELECTED	0.0007029761548218045
V	GTG	SELECTED	0.0007029761548218045
V	GTT	SELECTED	0.0007029761548218045
Y	TAC	AMBIGUOS	0.7870398362345354
Y	TAT	AMBIGUOS	0.7870398362345354
