AminoAcid	CODON	GROUP	SUPPORT
A	GCA	SELECTED	0.002991036250553007
A	GCC	SELECTED	0.002991036250553007
A	GCG	SELECTED	0.002991036250553007
A	GCT	SELECTED	0.002991036250553007
C	TGC	AMBIGUOS	0.682022641082637
C	TGT	AMBIGUOS	0.682022641082637
D	GAC	AMBIGUOS	0.1181430541619183
D	GAT	AMBIGUOS	0.1181430541619183
E	GAA	AMBIGUOS	0.5094253042999736
E	GAG	AMBIGUOS	0.5094253042999736
F	TTC	AMBIGUOS	0.8997670114925029
F	TTT	AMBIGUOS	0.8997670114925029
G	GGA	SELECTED	0.0004668324133698029
G	GGC	SELECTED	0.0004668324133698029
G	GGG	SELECTED	0.0004668324133698029
G	GGT	SELECTED	0.0004668324133698029
H	CAC	AMBIGUOS	0.8902069022681371
H	CAT	AMBIGUOS	0.8902069022681371
I	ATA	AMBIGUOS	0.8875602173874235
I	ATC	AMBIGUOS	0.8875602173874235
I	ATT	AMBIGUOS	0.8875602173874235
K	AAA	AMBIGUOS	0.8374645124750996
K	AAG	AMBIGUOS	0.8374645124750996
L	CTA	NEUTRAL	0.9974070452617737
L	CTC	NEUTRAL	0.9974070452617737
L	CTG	NEUTRAL	0.9974070452617737
L	CTT	NEUTRAL	0.9974070452617737
L	TTA	NEUTRAL	0.9974070452617737
L	TTG	NEUTRAL	0.9974070452617737
N	AAC	AMBIGUOS	0.2264057520000395
N	AAT	AMBIGUOS	0.2264057520000395
P	CCA	SELECTED	0.0008267569809768793
P	CCC	SELECTED	0.0008267569809768793
P	CCG	SELECTED	0.0008267569809768793
P	CCT	SELECTED	0.0008267569809768793
Q	CAA	NEUTRAL	0.9970032926755213
Q	CAG	NEUTRAL	0.9970032926755213
R	AGA	AMBIGUOS	0.2735724260380054
R	AGG	AMBIGUOS	0.2735724260380054
R	CGA	AMBIGUOS	0.2735724260380054
R	CGC	AMBIGUOS	0.2735724260380054
R	CGG	AMBIGUOS	0.2735724260380054
R	CGT	AMBIGUOS	0.2735724260380054
S	AGC	SELECTED	0
S	AGT	SELECTED	0
S	TCA	SELECTED	0
S	TCC	SELECTED	0
S	TCG	SELECTED	0
S	TCT	SELECTED	0
T	ACA	SELECTED	0.0004030873398875568
T	ACC	SELECTED	0.0004030873398875568
T	ACG	SELECTED	0.0004030873398875568
T	ACT	SELECTED	0.0004030873398875568
V	GTA	SELECTED	0.0007988840967273328
V	GTC	SELECTED	0.0007988840967273328
V	GTG	SELECTED	0.0007988840967273328
V	GTT	SELECTED	0.0007988840967273328
Y	TAC	AMBIGUOS	0.7834283452794523
Y	TAT	AMBIGUOS	0.7834283452794523
