rate,MLE
A,0.8451542000451632
C,1.039704721954794
D,0.9361796654764006
E,1.057826316740877
F,1.430377742906284
G,0.8495643568532216
H,0.9982231925624588
I,0.9809566469102871
K,1.058476371653273
L,0.980256188531165
N,0.98367076349302
P,0.9883904524123508
Q,1.013148715850904
R,1.001343280761947
S,0.972161330249624
T,0.9031188622642804
V,0.8820660862212121
Y,1.079381105112738
