rate,MLE
A,0.8952881987229065
C,1.046323558182652
D,0.9554328571305555
E,1.214121748443425
F,1.443530880499695
G,0.8604234381760638
H,1.037807191429945
I,1.027772336476935
K,1.082496279315832
L,1.005188979064737
N,1.0268715704994
P,1.041781977474539
Q,1.141884600827091
R,1.027224992872395
S,1.027312132562753
T,0.9383849532142293
Y,1.108268262234702
