rate,MLE
A,0.855451089468929
C,1.02562850617504
D,0.9210712811856963
E,1.025307434676286
F,1.440897278756555
G,0.8621876838745193
H,0.992819137146465
I,0.9738597448550043
K,1.041430362013276
L,0.9911154706407074
N,0.9922466242641563
P,0.9772066666119846
Q,1.023800487513869
R,1.011268131115484
S,0.978990628395102
T,0.9077469664122151
Y,1.076207060209834
