rate,MLE
A,0.8450555348150327
C,1.028741504186887
D,0.9418043617433371
E,1.021911828152423
F,1.463364094498735
G,0.8602900403379653
H,0.9970132317373288
I,0.9930565206735329
K,1.031200176513397
L,0.9829090112106282
N,0.9970171068319059
P,0.9892130051004873
Q,1.024131993483034
R,1.013244363283551
S,0.9617146122568536
T,0.9003865118590549
Y,1.057118826599108
