rate,MLE
A,0.8680933127390447
C,1.012234712272482
D,0.9193931784511288
E,1.053590617513076
F,1.432643272317787
G,0.8500253158787068
H,1.018719054272802
I,1.001146622956719
K,1.03684203488676
L,0.9783238411916187
N,0.984133080347658
P,0.9887117289792103
Q,1.015818105604285
R,1.010285437849828
S,0.9637588762760044
T,0.9007646587554623
V,0.8953396792085463
Y,1.070176470498881
