rate,MLE
A,0.8971463254452715
C,1.179787927221604
D,1.021217246152637
E,0.9943634556742709
F,1.57556429712573
G,0.9579177177410106
H,1.1337020423885
I,1.040019274755005
K,1.105077767980653
L,1.048837605823605
N,1.070058838511066
P,1.029412631503112
Q,0.9775671612682643
R,1.066799608009998
S,1.022712075312661
T,0.9650322729969569
Y,1.161615162210714
