rate,MLE
A,0.8799176925484081
C,1.046034429630384
D,0.9248662934298703
E,1.138876681298066
F,1.436352376376843
G,0.8396635209093661
H,1.013798885050013
I,1.004685441738363
K,1.07110057756084
L,0.9870273311993536
N,0.9950290291854391
P,1.014235018030421
Q,1.086003118284072
R,1.005409857281118
S,1.009613636918383
T,0.9203165540427615
Y,1.07145297383397
