rate,MLE
A,0.894820095004317
C,1.110691400750719
D,0.9730366263461804
E,1.096335501662705
F,1.535789558168545
G,0.8968891061381874
H,1.081817818440107
I,1.039204202478444
K,1.099432418982974
L,1.023243786413657
N,1.044896565785228
P,1.02666979477336
Q,1.074846039286866
R,1.056303241268113
S,1.015088946789622
T,0.9539325423139825
Y,1.13937704366157
