rate,MLE
A,1.287024676799716
C,1.068184260587358
D,1.087184014073773
E,0.8588615521996646
F,0.8868583161810241
G,0.8866066270828159
H,1.124546055551494
I,0.8945086469102197
K,0.7337436248379938
L,0.6232709335861663
N,0.9379035677369896
P,0.8536060243016997
Q,1.042457264028027
R,0.7848673038435829
S,0.9977294981414166
T,0.87230578305517
Y,1.2362482655722
