AminoAcid	CODON	GROUP	SUPPORT
A	GCA	NEUTRAL	0.9933014162548216
A	GCC	NEUTRAL	0.9933014162548216
A	GCG	NEUTRAL	0.9933014162548216
A	GCT	NEUTRAL	0.9933014162548216
C	TGC	AMBIGUOS	0.6035894675253507
C	TGT	AMBIGUOS	0.6035894675253507
D	GAC	AMBIGUOS	0.8985303933014382
D	GAT	AMBIGUOS	0.8985303933014382
E	GAA	SELECTED	0.07871127679706962
E	GAG	SELECTED	0.07871127679706962
F	TTC	AMBIGUOS	0.8465708119496175
F	TTT	AMBIGUOS	0.8465708119496175
G	GGA	NEUTRAL	0.9930745645469841
G	GGC	NEUTRAL	0.9930745645469841
G	GGG	NEUTRAL	0.9930745645469841
G	GGT	NEUTRAL	0.9930745645469841
H	CAC	SELECTED	0.01480996040420855
H	CAT	SELECTED	0.01480996040420855
I	ATA	AMBIGUOS	0.2503454176381229
I	ATC	AMBIGUOS	0.2503454176381229
I	ATT	AMBIGUOS	0.2503454176381229
K	AAA	AMBIGUOS	0.4056834340373562
K	AAG	AMBIGUOS	0.4056834340373562
L	CTA	NEUTRAL	0.986621078374559
L	CTC	NEUTRAL	0.986621078374559
L	CTG	NEUTRAL	0.986621078374559
L	CTT	NEUTRAL	0.986621078374559
L	TTA	NEUTRAL	0.986621078374559
L	TTG	NEUTRAL	0.986621078374559
N	AAC	AMBIGUOS	0.6704545565253932
N	AAT	AMBIGUOS	0.6704545565253932
P	CCA	NEUTRAL	0.9950747268255986
P	CCC	NEUTRAL	0.9950747268255986
P	CCG	NEUTRAL	0.9950747268255986
P	CCT	NEUTRAL	0.9950747268255986
Q	CAA	SELECTED	0.008336177907803751
Q	CAG	SELECTED	0.008336177907803751
R	AGA	AMBIGUOS	0.3125780752713186
R	AGG	AMBIGUOS	0.3125780752713186
R	CGA	AMBIGUOS	0.3125780752713186
R	CGC	AMBIGUOS	0.3125780752713186
R	CGG	AMBIGUOS	0.3125780752713186
R	CGT	AMBIGUOS	0.3125780752713186
S	AGC	AMBIGUOS	0.1636396062815105
S	AGT	AMBIGUOS	0.1636396062815105
S	TCA	AMBIGUOS	0.1636396062815105
S	TCC	AMBIGUOS	0.1636396062815105
S	TCG	AMBIGUOS	0.1636396062815105
S	TCT	AMBIGUOS	0.1636396062815105
T	ACA	SELECTED	0.0415820324841469
T	ACC	SELECTED	0.0415820324841469
T	ACG	SELECTED	0.0415820324841469
T	ACT	SELECTED	0.0415820324841469
V	GTA	NEUTRAL	0.9943132174180686
V	GTC	NEUTRAL	0.9943132174180686
V	GTG	NEUTRAL	0.9943132174180686
V	GTT	NEUTRAL	0.9943132174180686
Y	TAC	AMBIGUOS	0.7618846543583897
Y	TAT	AMBIGUOS	0.7618846543583897
