AminoAcid	CODON	GROUP	SUPPORT
A	GCA	NEUTRAL	0.9675726781364588
A	GCC	NEUTRAL	0.9675726781364588
A	GCG	NEUTRAL	0.9675726781364588
A	GCT	NEUTRAL	0.9675726781364588
C	TGC	AMBIGUOS	0.5941110588289777
C	TGT	AMBIGUOS	0.5941110588289777
D	GAC	AMBIGUOS	0.6601401467512591
D	GAT	AMBIGUOS	0.6601401467512591
E	GAA	NEUTRAL	0.9496243139155134
E	GAG	NEUTRAL	0.9496243139155134
F	TTC	AMBIGUOS	0.8795587551695191
F	TTT	AMBIGUOS	0.8795587551695191
G	GGA	NEUTRAL	0.9566217510188918
G	GGC	NEUTRAL	0.9566217510188918
G	GGG	NEUTRAL	0.9566217510188918
G	GGT	NEUTRAL	0.9566217510188918
H	CAC	AMBIGUOS	0.4118107267808522
H	CAT	AMBIGUOS	0.4118107267808522
I	ATA	AMBIGUOS	0.4978206839746875
I	ATC	AMBIGUOS	0.4978206839746875
I	ATT	AMBIGUOS	0.4978206839746875
K	AAA	AMBIGUOS	0.3628633031976947
K	AAG	AMBIGUOS	0.3628633031976947
L	CTA	SELECTED	0.04558035994316804
L	CTC	SELECTED	0.04558035994316804
L	CTG	SELECTED	0.04558035994316804
L	CTT	SELECTED	0.04558035994316804
L	TTA	SELECTED	0.04558035994316804
L	TTG	SELECTED	0.04558035994316804
N	AAC	NEUTRAL	0.9544988963714617
N	AAT	NEUTRAL	0.9544988963714617
P	CCA	SELECTED	0.04979965974227298
P	CCC	SELECTED	0.04979965974227298
P	CCG	SELECTED	0.04979965974227298
P	CCT	SELECTED	0.04979965974227298
Q	CAA	AMBIGUOS	0.5865214268205585
Q	CAG	AMBIGUOS	0.5865214268205585
R	AGA	AMBIGUOS	0.6034256471703497
R	AGG	AMBIGUOS	0.6034256471703497
R	CGA	AMBIGUOS	0.6034256471703497
R	CGC	AMBIGUOS	0.6034256471703497
R	CGG	AMBIGUOS	0.6034256471703497
R	CGT	AMBIGUOS	0.6034256471703497
S	AGC	NEUTRAL	0.9375043396771368
S	AGT	NEUTRAL	0.9375043396771368
S	TCA	NEUTRAL	0.9375043396771368
S	TCC	NEUTRAL	0.9375043396771368
S	TCG	NEUTRAL	0.9375043396771368
S	TCT	NEUTRAL	0.9375043396771368
T	ACA	SELECTED	0.01432781553299058
T	ACC	SELECTED	0.01432781553299058
T	ACG	SELECTED	0.01432781553299058
T	ACT	SELECTED	0.01432781553299058
V	GTA	NEUTRAL	0.9655817259353811
V	GTC	NEUTRAL	0.9655817259353811
V	GTG	NEUTRAL	0.9655817259353811
V	GTT	NEUTRAL	0.9655817259353811
Y	TAC	AMBIGUOS	0.3480474985247369
Y	TAT	AMBIGUOS	0.3480474985247369
