AminoAcid	CODON	GROUP	SUPPORT
A	GCA	SELECTED	0.06445495902582951
A	GCC	SELECTED	0.06445495902582951
A	GCG	SELECTED	0.06445495902582951
A	GCT	SELECTED	0.06445495902582951
C	TGC	AMBIGUOS	0.2450817359556654
C	TGT	AMBIGUOS	0.2450817359556654
D	GAC	AMBIGUOS	0.5912084418696978
D	GAT	AMBIGUOS	0.5912084418696978
E	GAA	AMBIGUOS	0.7622499715343438
E	GAG	AMBIGUOS	0.7622499715343438
F	TTC	SELECTED	0.07640455157053609
F	TTT	SELECTED	0.07640455157053609
G	GGA	NEUTRAL	0.9939904580358144
G	GGC	NEUTRAL	0.9939904580358144
G	GGG	NEUTRAL	0.9939904580358144
G	GGT	NEUTRAL	0.9939904580358144
H	CAC	SELECTED	0.08950233447864277
H	CAT	SELECTED	0.08950233447864277
I	ATA	AMBIGUOS	0.6067987847131224
I	ATC	AMBIGUOS	0.6067987847131224
I	ATT	AMBIGUOS	0.6067987847131224
K	AAA	AMBIGUOS	0.2007080748760237
K	AAG	AMBIGUOS	0.2007080748760237
L	CTA	SELECTED	0.03642243446544907
L	CTC	SELECTED	0.03642243446544907
L	CTG	SELECTED	0.03642243446544907
L	CTT	SELECTED	0.03642243446544907
L	TTA	SELECTED	0.03642243446544907
L	TTG	SELECTED	0.03642243446544907
N	AAC	AMBIGUOS	0.7543082334116072
N	AAT	AMBIGUOS	0.7543082334116072
P	CCA	SELECTED	0.03300817029991843
P	CCC	SELECTED	0.03300817029991843
P	CCG	SELECTED	0.03300817029991843
P	CCT	SELECTED	0.03300817029991843
Q	CAA	AMBIGUOS	0.4684801776632344
Q	CAG	AMBIGUOS	0.4684801776632344
R	AGA	SELECTED	0.09049067920861822
R	AGG	SELECTED	0.09049067920861822
R	CGA	SELECTED	0.09049067920861822
R	CGC	SELECTED	0.09049067920861822
R	CGG	SELECTED	0.09049067920861822
R	CGT	SELECTED	0.09049067920861822
S	AGC	AMBIGUOS	0.2297590552444521
S	AGT	AMBIGUOS	0.2297590552444521
S	TCA	AMBIGUOS	0.2297590552444521
S	TCC	AMBIGUOS	0.2297590552444521
S	TCG	AMBIGUOS	0.2297590552444521
S	TCT	AMBIGUOS	0.2297590552444521
T	ACA	SELECTED	0.0185072473817373
T	ACC	SELECTED	0.0185072473817373
T	ACG	SELECTED	0.0185072473817373
T	ACT	SELECTED	0.0185072473817373
V	GTA	SELECTED	0.07939021569282509
V	GTC	SELECTED	0.07939021569282509
V	GTG	SELECTED	0.07939021569282509
V	GTT	SELECTED	0.07939021569282509
Y	TAC	AMBIGUOS	0.2011624456748388
Y	TAT	AMBIGUOS	0.2011624456748388
