AminoAcid	CODON	GROUP	SUPPORT
A	GCA	NEUTRAL	0.9693668583925917
A	GCC	NEUTRAL	0.9693668583925917
A	GCG	NEUTRAL	0.9693668583925917
A	GCT	NEUTRAL	0.9693668583925917
C	TGC	AMBIGUOS	0.5763921332165727
C	TGT	AMBIGUOS	0.5763921332165727
D	GAC	AMBIGUOS	0.2001544331514299
D	GAT	AMBIGUOS	0.2001544331514299
E	GAA	NEUTRAL	0.9458778491739097
E	GAG	NEUTRAL	0.9458778491739097
F	TTC	AMBIGUOS	0.8998343784847546
F	TTT	AMBIGUOS	0.8998343784847546
G	GGA	NEUTRAL	0.9761672193043526
G	GGC	NEUTRAL	0.9761672193043526
G	GGG	NEUTRAL	0.9761672193043526
G	GGT	NEUTRAL	0.9761672193043526
H	CAC	AMBIGUOS	0.4083151721235463
H	CAT	AMBIGUOS	0.4083151721235463
I	ATA	SELECTED	0.02511925489186024
I	ATC	SELECTED	0.02511925489186024
I	ATT	SELECTED	0.02511925489186024
K	AAA	AMBIGUOS	0.8915017213448798
K	AAG	AMBIGUOS	0.8915017213448798
L	CTA	AMBIGUOS	0.3516718159189277
L	CTC	AMBIGUOS	0.3516718159189277
L	CTG	AMBIGUOS	0.3516718159189277
L	CTT	AMBIGUOS	0.3516718159189277
L	TTA	AMBIGUOS	0.3516718159189277
L	TTG	AMBIGUOS	0.3516718159189277
N	AAC	NEUTRAL	0.9233075503958053
N	AAT	NEUTRAL	0.9233075503958053
P	CCA	SELECTED	0.02008247581639022
P	CCC	SELECTED	0.02008247581639022
P	CCG	SELECTED	0.02008247581639022
P	CCT	SELECTED	0.02008247581639022
Q	CAA	AMBIGUOS	0.2861715685157429
Q	CAG	AMBIGUOS	0.2861715685157429
R	AGA	NEUTRAL	0.9629165453486886
R	AGG	NEUTRAL	0.9629165453486886
R	CGA	NEUTRAL	0.9629165453486886
R	CGC	NEUTRAL	0.9629165453486886
R	CGG	NEUTRAL	0.9629165453486886
R	CGT	NEUTRAL	0.9629165453486886
S	AGC	AMBIGUOS	0.8320340814727769
S	AGT	AMBIGUOS	0.8320340814727769
S	TCA	AMBIGUOS	0.8320340814727769
S	TCC	AMBIGUOS	0.8320340814727769
S	TCG	AMBIGUOS	0.8320340814727769
S	TCT	AMBIGUOS	0.8320340814727769
T	ACA	SELECTED	0.02513876050607776
T	ACC	SELECTED	0.02513876050607776
T	ACG	SELECTED	0.02513876050607776
T	ACT	SELECTED	0.02513876050607776
V	GTA	AMBIGUOS	0.5734970074160111
V	GTC	AMBIGUOS	0.5734970074160111
V	GTG	AMBIGUOS	0.5734970074160111
V	GTT	AMBIGUOS	0.5734970074160111
Y	TAC	AMBIGUOS	0.7289359499650195
Y	TAT	AMBIGUOS	0.7289359499650195
