AminoAcid	CODON	GROUP	SUPPORT
A	GCA	AMBIGUOS	0.4122553534171972
A	GCC	AMBIGUOS	0.4122553534171972
A	GCG	AMBIGUOS	0.4122553534171972
A	GCT	AMBIGUOS	0.4122553534171972
C	TGC	AMBIGUOS	0.7779493604762584
C	TGT	AMBIGUOS	0.7779493604762584
D	GAC	AMBIGUOS	0.1433452567250399
D	GAT	AMBIGUOS	0.1433452567250399
E	GAA	SELECTED	0.078843605746255
E	GAG	SELECTED	0.078843605746255
F	TTC	AMBIGUOS	0.1145399566339259
F	TTT	AMBIGUOS	0.1145399566339259
G	GGA	AMBIGUOS	0.5372090203544115
G	GGC	AMBIGUOS	0.5372090203544115
G	GGG	AMBIGUOS	0.5372090203544115
G	GGT	AMBIGUOS	0.5372090203544115
H	CAC	AMBIGUOS	0.1072901713308861
H	CAT	AMBIGUOS	0.1072901713308861
I	ATA	AMBIGUOS	0.3508262017688967
I	ATC	AMBIGUOS	0.3508262017688967
I	ATT	AMBIGUOS	0.3508262017688967
K	AAA	AMBIGUOS	0.7279925029091437
K	AAG	AMBIGUOS	0.7279925029091437
L	CTA	SELECTED	0.02701042143610528
L	CTC	SELECTED	0.02701042143610528
L	CTG	SELECTED	0.02701042143610528
L	CTT	SELECTED	0.02701042143610528
L	TTA	SELECTED	0.02701042143610528
L	TTG	SELECTED	0.02701042143610528
N	AAC	AMBIGUOS	0.8554209299227472
N	AAT	AMBIGUOS	0.8554209299227472
P	CCA	AMBIGUOS	0.8617009021230436
P	CCC	AMBIGUOS	0.8617009021230436
P	CCG	AMBIGUOS	0.8617009021230436
P	CCT	AMBIGUOS	0.8617009021230436
Q	CAA	AMBIGUOS	0.8628396062781371
Q	CAG	AMBIGUOS	0.8628396062781371
R	AGA	AMBIGUOS	0.1922860243001367
R	AGG	AMBIGUOS	0.1922860243001367
R	CGA	AMBIGUOS	0.1922860243001367
R	CGC	AMBIGUOS	0.1922860243001367
R	CGG	AMBIGUOS	0.1922860243001367
R	CGT	AMBIGUOS	0.1922860243001367
S	AGC	AMBIGUOS	0.4871660042638909
S	AGT	AMBIGUOS	0.4871660042638909
S	TCA	AMBIGUOS	0.4871660042638909
S	TCC	AMBIGUOS	0.4871660042638909
S	TCG	AMBIGUOS	0.4871660042638909
S	TCT	AMBIGUOS	0.4871660042638909
T	ACA	AMBIGUOS	0.7651731378167652
T	ACC	AMBIGUOS	0.7651731378167652
T	ACG	AMBIGUOS	0.7651731378167652
T	ACT	AMBIGUOS	0.7651731378167652
V	GTA	AMBIGUOS	0.1529888847306413
V	GTC	AMBIGUOS	0.1529888847306413
V	GTG	AMBIGUOS	0.1529888847306413
V	GTT	AMBIGUOS	0.1529888847306413
Y	TAC	AMBIGUOS	0.6167174215210176
Y	TAT	AMBIGUOS	0.6167174215210176
