AminoAcid	CODON	GROUP	SUPPORT
A	GCA	NEUTRAL	0.9427039092924011
A	GCC	NEUTRAL	0.9427039092924011
A	GCG	NEUTRAL	0.9427039092924011
A	GCT	NEUTRAL	0.9427039092924011
C	TGC	AMBIGUOS	0.8049881014568693
C	TGT	AMBIGUOS	0.8049881014568693
D	GAC	AMBIGUOS	0.4944258235315255
D	GAT	AMBIGUOS	0.4944258235315255
E	GAA	AMBIGUOS	0.7438775734518095
E	GAG	AMBIGUOS	0.7438775734518095
F	TTC	NEUTRAL	0.9360144818647215
F	TTT	NEUTRAL	0.9360144818647215
G	GGA	NEUTRAL	0.9344959702044783
G	GGC	NEUTRAL	0.9344959702044783
G	GGG	NEUTRAL	0.9344959702044783
G	GGT	NEUTRAL	0.9344959702044783
H	CAC	AMBIGUOS	0.5199789071679318
H	CAT	AMBIGUOS	0.5199789071679318
I	ATA	NEUTRAL	0.9444445017798641
I	ATC	NEUTRAL	0.9444445017798641
I	ATT	NEUTRAL	0.9444445017798641
K	AAA	AMBIGUOS	0.6280718862659971
K	AAG	AMBIGUOS	0.6280718862659971
L	CTA	NEUTRAL	0.9589801637081218
L	CTC	NEUTRAL	0.9589801637081218
L	CTG	NEUTRAL	0.9589801637081218
L	CTT	NEUTRAL	0.9589801637081218
L	TTA	NEUTRAL	0.9589801637081218
L	TTG	NEUTRAL	0.9589801637081218
N	AAC	AMBIGUOS	0.5442413181791
N	AAT	AMBIGUOS	0.5442413181791
P	CCA	SELECTED	0.02502280950522576
P	CCC	SELECTED	0.02502280950522576
P	CCG	SELECTED	0.02502280950522576
P	CCT	SELECTED	0.02502280950522576
Q	CAA	AMBIGUOS	0.2792010635916662
Q	CAG	AMBIGUOS	0.2792010635916662
R	AGA	SELECTED	0.05821544755118856
R	AGG	SELECTED	0.05821544755118856
R	CGA	SELECTED	0.05821544755118856
R	CGC	SELECTED	0.05821544755118856
R	CGG	SELECTED	0.05821544755118856
R	CGT	SELECTED	0.05821544755118856
S	AGC	AMBIGUOS	0.3184139000397819
S	AGT	AMBIGUOS	0.3184139000397819
S	TCA	AMBIGUOS	0.3184139000397819
S	TCC	AMBIGUOS	0.3184139000397819
S	TCG	AMBIGUOS	0.3184139000397819
S	TCT	AMBIGUOS	0.3184139000397819
T	ACA	SELECTED	0.06254635162355983
T	ACC	SELECTED	0.06254635162355983
T	ACG	SELECTED	0.06254635162355983
T	ACT	SELECTED	0.06254635162355983
V	GTA	NEUTRAL	0.975877004403375
V	GTC	NEUTRAL	0.975877004403375
V	GTG	NEUTRAL	0.975877004403375
V	GTT	NEUTRAL	0.975877004403375
Y	TAC	AMBIGUOS	0.1070818779973536
Y	TAT	AMBIGUOS	0.1070818779973536
