AminoAcid	CODON	GROUP	SUPPORT
A	GCA	AMBIGUOS	0.6491459427804033
A	GCC	AMBIGUOS	0.6491459427804033
A	GCG	AMBIGUOS	0.6491459427804033
A	GCT	AMBIGUOS	0.6491459427804033
C	TGC	AMBIGUOS	0.4023208107972371
C	TGT	AMBIGUOS	0.4023208107972371
D	GAC	AMBIGUOS	0.8000610725485349
D	GAT	AMBIGUOS	0.8000610725485349
E	GAA	NEUTRAL	0.9416033266224784
E	GAG	NEUTRAL	0.9416033266224784
F	TTC	SELECTED	0.06427103931798671
F	TTT	SELECTED	0.06427103931798671
G	GGA	NEUTRAL	0.958539911198383
G	GGC	NEUTRAL	0.958539911198383
G	GGG	NEUTRAL	0.958539911198383
G	GGT	NEUTRAL	0.958539911198383
H	CAC	AMBIGUOS	0.3040150529451206
H	CAT	AMBIGUOS	0.3040150529451206
I	ATA	AMBIGUOS	0.8723047182203361
I	ATC	AMBIGUOS	0.8723047182203361
I	ATT	AMBIGUOS	0.8723047182203361
K	AAA	AMBIGUOS	0.3478122770354081
K	AAG	AMBIGUOS	0.3478122770354081
L	CTA	SELECTED	0.00239102257748441
L	CTC	SELECTED	0.00239102257748441
L	CTG	SELECTED	0.00239102257748441
L	CTT	SELECTED	0.00239102257748441
L	TTA	SELECTED	0.00239102257748441
L	TTG	SELECTED	0.00239102257748441
N	AAC	AMBIGUOS	0.8828155635924128
N	AAT	AMBIGUOS	0.8828155635924128
P	CCA	AMBIGUOS	0.413928063627516
P	CCC	AMBIGUOS	0.413928063627516
P	CCG	AMBIGUOS	0.413928063627516
P	CCT	AMBIGUOS	0.413928063627516
Q	CAA	AMBIGUOS	0.4012406764067061
Q	CAG	AMBIGUOS	0.4012406764067061
R	AGA	SELECTED	0.02671558880315369
R	AGG	SELECTED	0.02671558880315369
R	CGA	SELECTED	0.02671558880315369
R	CGC	SELECTED	0.02671558880315369
R	CGG	SELECTED	0.02671558880315369
R	CGT	SELECTED	0.02671558880315369
S	AGC	SELECTED	0.007435304225425388
S	AGT	SELECTED	0.007435304225425388
S	TCA	SELECTED	0.007435304225425388
S	TCC	SELECTED	0.007435304225425388
S	TCG	SELECTED	0.007435304225425388
S	TCT	SELECTED	0.007435304225425388
T	ACA	AMBIGUOS	0.2247000397112267
T	ACC	AMBIGUOS	0.2247000397112267
T	ACG	AMBIGUOS	0.2247000397112267
T	ACT	AMBIGUOS	0.2247000397112267
V	GTA	NEUTRAL	0.9510998299782981
V	GTC	NEUTRAL	0.9510998299782981
V	GTG	NEUTRAL	0.9510998299782981
V	GTT	NEUTRAL	0.9510998299782981
Y	TAC	AMBIGUOS	0.8573786684981096
Y	TAT	AMBIGUOS	0.8573786684981096
