AminoAcid	CODON	GROUP	SUPPORT
A	GCA	AMBIGUOS	0.5621311129121817
A	GCC	AMBIGUOS	0.5621311129121817
A	GCG	AMBIGUOS	0.5621311129121817
A	GCT	AMBIGUOS	0.5621311129121817
C	TGC	AMBIGUOS	0.3565177255381693
C	TGT	AMBIGUOS	0.3565177255381693
D	GAC	SELECTED	0.07035824222483199
D	GAT	SELECTED	0.07035824222483199
E	GAA	AMBIGUOS	0.7486854158712709
E	GAG	AMBIGUOS	0.7486854158712709
F	TTC	AMBIGUOS	0.7772261727563303
F	TTT	AMBIGUOS	0.7772261727563303
G	GGA	NEUTRAL	0.9525590027893449
G	GGC	NEUTRAL	0.9525590027893449
G	GGG	NEUTRAL	0.9525590027893449
G	GGT	NEUTRAL	0.9525590027893449
H	CAC	AMBIGUOS	0.3137262529996102
H	CAT	AMBIGUOS	0.3137262529996102
I	ATA	SELECTED	0.01074120511959156
I	ATC	SELECTED	0.01074120511959156
I	ATT	SELECTED	0.01074120511959156
K	AAA	AMBIGUOS	0.1408997565993564
K	AAG	AMBIGUOS	0.1408997565993564
L	CTA	AMBIGUOS	0.8878191298114876
L	CTC	AMBIGUOS	0.8878191298114876
L	CTG	AMBIGUOS	0.8878191298114876
L	CTT	AMBIGUOS	0.8878191298114876
L	TTA	AMBIGUOS	0.8878191298114876
L	TTG	AMBIGUOS	0.8878191298114876
N	AAC	AMBIGUOS	0.5574973838774555
N	AAT	AMBIGUOS	0.5574973838774555
P	CCA	AMBIGUOS	0.42910097237054
P	CCC	AMBIGUOS	0.42910097237054
P	CCG	AMBIGUOS	0.42910097237054
P	CCT	AMBIGUOS	0.42910097237054
Q	CAA	AMBIGUOS	0.4029092799873972
Q	CAG	AMBIGUOS	0.4029092799873972
R	AGA	NEUTRAL	0.9547582960305073
R	AGG	NEUTRAL	0.9547582960305073
R	CGA	NEUTRAL	0.9547582960305073
R	CGC	NEUTRAL	0.9547582960305073
R	CGG	NEUTRAL	0.9547582960305073
R	CGT	NEUTRAL	0.9547582960305073
S	AGC	SELECTED	0.01729863471868784
S	AGT	SELECTED	0.01729863471868784
S	TCA	SELECTED	0.01729863471868784
S	TCC	SELECTED	0.01729863471868784
S	TCG	SELECTED	0.01729863471868784
S	TCT	SELECTED	0.01729863471868784
T	ACA	AMBIGUOS	0.2885402555993283
T	ACC	AMBIGUOS	0.2885402555993283
T	ACG	AMBIGUOS	0.2885402555993283
T	ACT	AMBIGUOS	0.2885402555993283
V	GTA	NEUTRAL	0.95757511251285
V	GTC	NEUTRAL	0.95757511251285
V	GTG	NEUTRAL	0.95757511251285
V	GTT	NEUTRAL	0.95757511251285
Y	TAC	AMBIGUOS	0.8668653485494587
Y	TAT	AMBIGUOS	0.8668653485494587
