AminoAcid	CODON	GROUP	SUPPORT
A	GCA	NEUTRAL	0.9719047312782891
A	GCC	NEUTRAL	0.9719047312782891
A	GCG	NEUTRAL	0.9719047312782891
A	GCT	NEUTRAL	0.9719047312782891
C	TGC	AMBIGUOS	0.3963071172530164
C	TGT	AMBIGUOS	0.3963071172530164
D	GAC	AMBIGUOS	0.5030180582108725
D	GAT	AMBIGUOS	0.5030180582108725
E	GAA	AMBIGUOS	0.7337541455127446
E	GAG	AMBIGUOS	0.7337541455127446
F	TTC	AMBIGUOS	0.2107760770414941
F	TTT	AMBIGUOS	0.2107760770414941
G	GGA	AMBIGUOS	0.4029269457912167
G	GGC	AMBIGUOS	0.4029269457912167
G	GGG	AMBIGUOS	0.4029269457912167
G	GGT	AMBIGUOS	0.4029269457912167
H	CAC	AMBIGUOS	0.3687709038385311
H	CAT	AMBIGUOS	0.3687709038385311
I	ATA	NEUTRAL	0.9073462446565402
I	ATC	NEUTRAL	0.9073462446565402
I	ATT	NEUTRAL	0.9073462446565402
K	AAA	AMBIGUOS	0.574268042692611
K	AAG	AMBIGUOS	0.574268042692611
L	CTA	AMBIGUOS	0.6742216866307027
L	CTC	AMBIGUOS	0.6742216866307027
L	CTG	AMBIGUOS	0.6742216866307027
L	CTT	AMBIGUOS	0.6742216866307027
L	TTA	AMBIGUOS	0.6742216866307027
L	TTG	AMBIGUOS	0.6742216866307027
N	AAC	NEUTRAL	0.9611414313807159
N	AAT	NEUTRAL	0.9611414313807159
P	CCA	SELECTED	0.02687838240931124
P	CCC	SELECTED	0.02687838240931124
P	CCG	SELECTED	0.02687838240931124
P	CCT	SELECTED	0.02687838240931124
Q	CAA	NEUTRAL	0.9261466355714282
Q	CAG	NEUTRAL	0.9261466355714282
R	AGA	SELECTED	0.05983409272042652
R	AGG	SELECTED	0.05983409272042652
R	CGA	SELECTED	0.05983409272042652
R	CGC	SELECTED	0.05983409272042652
R	CGG	SELECTED	0.05983409272042652
R	CGT	SELECTED	0.05983409272042652
S	AGC	AMBIGUOS	0.1483493013311857
S	AGT	AMBIGUOS	0.1483493013311857
S	TCA	AMBIGUOS	0.1483493013311857
S	TCC	AMBIGUOS	0.1483493013311857
S	TCG	AMBIGUOS	0.1483493013311857
S	TCT	AMBIGUOS	0.1483493013311857
T	ACA	NEUTRAL	0.9184694005221959
T	ACC	NEUTRAL	0.9184694005221959
T	ACG	NEUTRAL	0.9184694005221959
T	ACT	NEUTRAL	0.9184694005221959
V	GTA	NEUTRAL	0.9741438145898386
V	GTC	NEUTRAL	0.9741438145898386
V	GTG	NEUTRAL	0.9741438145898386
V	GTT	NEUTRAL	0.9741438145898386
Y	TAC	NEUTRAL	0.9291714817136315
Y	TAT	NEUTRAL	0.9291714817136315
