AminoAcid	CODON	GROUP	SUPPORT
A	GCA	NEUTRAL	0.9149240758473766
A	GCC	NEUTRAL	0.9149240758473766
A	GCG	NEUTRAL	0.9149240758473766
A	GCT	NEUTRAL	0.9149240758473766
C	TGC	AMBIGUOS	0.6061039526881944
C	TGT	AMBIGUOS	0.6061039526881944
D	GAC	SELECTED	0.01746355752767773
D	GAT	SELECTED	0.01746355752767773
E	GAA	AMBIGUOS	0.8683461246670137
E	GAG	AMBIGUOS	0.8683461246670137
F	TTC	AMBIGUOS	0.1498121018814236
F	TTT	AMBIGUOS	0.1498121018814236
G	GGA	NEUTRAL	0.9735731892126495
G	GGC	NEUTRAL	0.9735731892126495
G	GGG	NEUTRAL	0.9735731892126495
G	GGT	NEUTRAL	0.9735731892126495
H	CAC	AMBIGUOS	0.3569150691200376
H	CAT	AMBIGUOS	0.3569150691200376
I	ATA	AMBIGUOS	0.5422502906973906
I	ATC	AMBIGUOS	0.5422502906973906
I	ATT	AMBIGUOS	0.5422502906973906
K	AAA	NEUTRAL	0.9222742348210174
K	AAG	NEUTRAL	0.9222742348210174
L	CTA	AMBIGUOS	0.3211347143904936
L	CTC	AMBIGUOS	0.3211347143904936
L	CTG	AMBIGUOS	0.3211347143904936
L	CTT	AMBIGUOS	0.3211347143904936
L	TTA	AMBIGUOS	0.3211347143904936
L	TTG	AMBIGUOS	0.3211347143904936
N	AAC	AMBIGUOS	0.38702022696397
N	AAT	AMBIGUOS	0.38702022696397
P	CCA	SELECTED	0.01502247984430608
P	CCC	SELECTED	0.01502247984430608
P	CCG	SELECTED	0.01502247984430608
P	CCT	SELECTED	0.01502247984430608
Q	CAA	NEUTRAL	0.9120967896021297
Q	CAG	NEUTRAL	0.9120967896021297
R	AGA	NEUTRAL	0.9629933729988942
R	AGG	NEUTRAL	0.9629933729988942
R	CGA	NEUTRAL	0.9629933729988942
R	CGC	NEUTRAL	0.9629933729988942
R	CGG	NEUTRAL	0.9629933729988942
R	CGT	NEUTRAL	0.9629933729988942
S	AGC	SELECTED	0.01207550841619628
S	AGT	SELECTED	0.01207550841619628
S	TCA	SELECTED	0.01207550841619628
S	TCC	SELECTED	0.01207550841619628
S	TCG	SELECTED	0.01207550841619628
S	TCT	SELECTED	0.01207550841619628
T	ACA	AMBIGUOS	0.2476953364799311
T	ACC	AMBIGUOS	0.2476953364799311
T	ACG	AMBIGUOS	0.2476953364799311
T	ACT	AMBIGUOS	0.2476953364799311
V	GTA	NEUTRAL	0.9792281691069994
V	GTC	NEUTRAL	0.9792281691069994
V	GTG	NEUTRAL	0.9792281691069994
V	GTT	NEUTRAL	0.9792281691069994
Y	TAC	NEUTRAL	0.9643162235927779
Y	TAT	NEUTRAL	0.9643162235927779
