AminoAcid	CODON	GROUP	SUPPORT
A	GCA	AMBIGUOS	0.7263605865843187
A	GCC	AMBIGUOS	0.7263605865843187
A	GCG	AMBIGUOS	0.7263605865843187
A	GCT	AMBIGUOS	0.7263605865843187
C	TGC	AMBIGUOS	0.647774848091462
C	TGT	AMBIGUOS	0.647774848091462
D	GAC	AMBIGUOS	0.1261609619571155
D	GAT	AMBIGUOS	0.1261609619571155
E	GAA	AMBIGUOS	0.741542388613465
E	GAG	AMBIGUOS	0.741542388613465
F	TTC	AMBIGUOS	0.5571993283534418
F	TTT	AMBIGUOS	0.5571993283534418
G	GGA	AMBIGUOS	0.6972480077766073
G	GGC	AMBIGUOS	0.6972480077766073
G	GGG	AMBIGUOS	0.6972480077766073
G	GGT	AMBIGUOS	0.6972480077766073
H	CAC	AMBIGUOS	0.822756769266914
H	CAT	AMBIGUOS	0.822756769266914
I	ATA	AMBIGUOS	0.4851469016615684
I	ATC	AMBIGUOS	0.4851469016615684
I	ATT	AMBIGUOS	0.4851469016615684
K	AAA	AMBIGUOS	0.5698121556980371
K	AAG	AMBIGUOS	0.5698121556980371
L	CTA	AMBIGUOS	0.681552768846423
L	CTC	AMBIGUOS	0.681552768846423
L	CTG	AMBIGUOS	0.681552768846423
L	CTT	AMBIGUOS	0.681552768846423
L	TTA	AMBIGUOS	0.681552768846423
L	TTG	AMBIGUOS	0.681552768846423
N	AAC	AMBIGUOS	0.1572030726446865
N	AAT	AMBIGUOS	0.1572030726446865
P	CCA	AMBIGUOS	0.7966788213324709
P	CCC	AMBIGUOS	0.7966788213324709
P	CCG	AMBIGUOS	0.7966788213324709
P	CCT	AMBIGUOS	0.7966788213324709
Q	CAA	AMBIGUOS	0.858333979380574
Q	CAG	AMBIGUOS	0.858333979380574
R	AGA	AMBIGUOS	0.8956282677081169
R	AGG	AMBIGUOS	0.8956282677081169
R	CGA	AMBIGUOS	0.8956282677081169
R	CGC	AMBIGUOS	0.8956282677081169
R	CGG	AMBIGUOS	0.8956282677081169
R	CGT	AMBIGUOS	0.8956282677081169
S	AGC	AMBIGUOS	0.6163960445292556
S	AGT	AMBIGUOS	0.6163960445292556
S	TCA	AMBIGUOS	0.6163960445292556
S	TCC	AMBIGUOS	0.6163960445292556
S	TCG	AMBIGUOS	0.6163960445292556
S	TCT	AMBIGUOS	0.6163960445292556
T	ACA	AMBIGUOS	0.2398332370279556
T	ACC	AMBIGUOS	0.2398332370279556
T	ACG	AMBIGUOS	0.2398332370279556
T	ACT	AMBIGUOS	0.2398332370279556
V	GTA	NEUTRAL	0.954979377528087
V	GTC	NEUTRAL	0.954979377528087
V	GTG	NEUTRAL	0.954979377528087
V	GTT	NEUTRAL	0.954979377528087
Y	TAC	AMBIGUOS	0.1236075347026428
Y	TAT	AMBIGUOS	0.1236075347026428
