AminoAcid	CODON	GROUP	SUPPORT
A	GCA	SELECTED	0.06568347020665825
A	GCC	SELECTED	0.06568347020665825
A	GCG	SELECTED	0.06568347020665825
A	GCT	SELECTED	0.06568347020665825
C	TGC	AMBIGUOS	0.5513712822620546
C	TGT	AMBIGUOS	0.5513712822620546
D	GAC	AMBIGUOS	0.3976568940354512
D	GAT	AMBIGUOS	0.3976568940354512
E	GAA	NEUTRAL	0.9710694164458752
E	GAG	NEUTRAL	0.9710694164458752
F	TTC	SELECTED	0.08058752749287108
F	TTT	SELECTED	0.08058752749287108
G	GGA	NEUTRAL	0.9823492771235709
G	GGC	NEUTRAL	0.9823492771235709
G	GGG	NEUTRAL	0.9823492771235709
G	GGT	NEUTRAL	0.9823492771235709
H	CAC	AMBIGUOS	0.2362240956729919
H	CAT	AMBIGUOS	0.2362240956729919
I	ATA	AMBIGUOS	0.3250094543940025
I	ATC	AMBIGUOS	0.3250094543940025
I	ATT	AMBIGUOS	0.3250094543940025
K	AAA	SELECTED	0.09632048489747914
K	AAG	SELECTED	0.09632048489747914
L	CTA	SELECTED	0.01125379617514108
L	CTC	SELECTED	0.01125379617514108
L	CTG	SELECTED	0.01125379617514108
L	CTT	SELECTED	0.01125379617514108
L	TTA	SELECTED	0.01125379617514108
L	TTG	SELECTED	0.01125379617514108
N	AAC	NEUTRAL	0.9615684608297892
N	AAT	NEUTRAL	0.9615684608297892
P	CCA	AMBIGUOS	0.3383115223053222
P	CCC	AMBIGUOS	0.3383115223053222
P	CCG	AMBIGUOS	0.3383115223053222
P	CCT	AMBIGUOS	0.3383115223053222
Q	CAA	AMBIGUOS	0.2120182597365136
Q	CAG	AMBIGUOS	0.2120182597365136
R	AGA	AMBIGUOS	0.3698961918251658
R	AGG	AMBIGUOS	0.3698961918251658
R	CGA	AMBIGUOS	0.3698961918251658
R	CGC	AMBIGUOS	0.3698961918251658
R	CGG	AMBIGUOS	0.3698961918251658
R	CGT	AMBIGUOS	0.3698961918251658
S	AGC	AMBIGUOS	0.2302254267765943
S	AGT	AMBIGUOS	0.2302254267765943
S	TCA	AMBIGUOS	0.2302254267765943
S	TCC	AMBIGUOS	0.2302254267765943
S	TCG	AMBIGUOS	0.2302254267765943
S	TCT	AMBIGUOS	0.2302254267765943
T	ACA	AMBIGUOS	0.6105729321306054
T	ACC	AMBIGUOS	0.6105729321306054
T	ACG	AMBIGUOS	0.6105729321306054
T	ACT	AMBIGUOS	0.6105729321306054
V	GTA	SELECTED	0.03545126887354439
V	GTC	SELECTED	0.03545126887354439
V	GTG	SELECTED	0.03545126887354439
V	GTT	SELECTED	0.03545126887354439
Y	TAC	SELECTED	0.06663872603551441
Y	TAT	SELECTED	0.06663872603551441
