AminoAcid	CODON	GROUP	SUPPORT
A	GCA	NEUTRAL	0.973584910237893
A	GCC	NEUTRAL	0.973584910237893
A	GCG	NEUTRAL	0.973584910237893
A	GCT	NEUTRAL	0.973584910237893
C	TGC	AMBIGUOS	0.3601479358297196
C	TGT	AMBIGUOS	0.3601479358297196
D	GAC	AMBIGUOS	0.5125213000779021
D	GAT	AMBIGUOS	0.5125213000779021
E	GAA	AMBIGUOS	0.5367434166788171
E	GAG	AMBIGUOS	0.5367434166788171
F	TTC	SELECTED	0.03945608888513751
F	TTT	SELECTED	0.03945608888513751
G	GGA	NEUTRAL	0.9346188934916064
G	GGC	NEUTRAL	0.9346188934916064
G	GGG	NEUTRAL	0.9346188934916064
G	GGT	NEUTRAL	0.9346188934916064
H	CAC	NEUTRAL	0.9458345194482782
H	CAT	NEUTRAL	0.9458345194482782
I	ATA	AMBIGUOS	0.1110302588970514
I	ATC	AMBIGUOS	0.1110302588970514
I	ATT	AMBIGUOS	0.1110302588970514
K	AAA	NEUTRAL	0.9417623005731678
K	AAG	NEUTRAL	0.9417623005731678
L	CTA	AMBIGUOS	0.1791372450510259
L	CTC	AMBIGUOS	0.1791372450510259
L	CTG	AMBIGUOS	0.1791372450510259
L	CTT	AMBIGUOS	0.1791372450510259
L	TTA	AMBIGUOS	0.1791372450510259
L	TTG	AMBIGUOS	0.1791372450510259
N	AAC	AMBIGUOS	0.5575075807744121
N	AAT	AMBIGUOS	0.5575075807744121
P	CCA	AMBIGUOS	0.8939862380180305
P	CCC	AMBIGUOS	0.8939862380180305
P	CCG	AMBIGUOS	0.8939862380180305
P	CCT	AMBIGUOS	0.8939862380180305
Q	CAA	NEUTRAL	0.9141271441541282
Q	CAG	NEUTRAL	0.9141271441541282
R	AGA	AMBIGUOS	0.1149665149394717
R	AGG	AMBIGUOS	0.1149665149394717
R	CGA	AMBIGUOS	0.1149665149394717
R	CGC	AMBIGUOS	0.1149665149394717
R	CGG	AMBIGUOS	0.1149665149394717
R	CGT	AMBIGUOS	0.1149665149394717
S	AGC	AMBIGUOS	0.3124588258235437
S	AGT	AMBIGUOS	0.3124588258235437
S	TCA	AMBIGUOS	0.3124588258235437
S	TCC	AMBIGUOS	0.3124588258235437
S	TCG	AMBIGUOS	0.3124588258235437
S	TCT	AMBIGUOS	0.3124588258235437
T	ACA	AMBIGUOS	0.4177094254894024
T	ACC	AMBIGUOS	0.4177094254894024
T	ACG	AMBIGUOS	0.4177094254894024
T	ACT	AMBIGUOS	0.4177094254894024
V	GTA	AMBIGUOS	0.6581914682045631
V	GTC	AMBIGUOS	0.6581914682045631
V	GTG	AMBIGUOS	0.6581914682045631
V	GTT	AMBIGUOS	0.6581914682045631
Y	TAC	NEUTRAL	0.9617617804398203
Y	TAT	NEUTRAL	0.9617617804398203
