AminoAcid	CODON	GROUP	SUPPORT
A	GCA	NEUTRAL	0.9934896088515188
A	GCC	NEUTRAL	0.9934896088515188
A	GCG	NEUTRAL	0.9934896088515188
A	GCT	NEUTRAL	0.9934896088515188
C	TGC	AMBIGUOS	0.5684328684038086
C	TGT	AMBIGUOS	0.5684328684038086
D	GAC	AMBIGUOS	0.1866014500716051
D	GAT	AMBIGUOS	0.1866014500716051
E	GAA	NEUTRAL	0.9802578095985721
E	GAG	NEUTRAL	0.9802578095985721
F	TTC	AMBIGUOS	0.8465493073568107
F	TTT	AMBIGUOS	0.8465493073568107
G	GGA	NEUTRAL	0.9897277551678785
G	GGC	NEUTRAL	0.9897277551678785
G	GGG	NEUTRAL	0.9897277551678785
G	GGT	NEUTRAL	0.9897277551678785
H	CAC	NEUTRAL	0.9040389497463158
H	CAT	NEUTRAL	0.9040389497463158
I	ATA	SELECTED	0.005926938470549102
I	ATC	SELECTED	0.005926938470549102
I	ATT	SELECTED	0.005926938470549102
K	AAA	AMBIGUOS	0.7936951290896934
K	AAG	AMBIGUOS	0.7936951290896934
L	CTA	AMBIGUOS	0.7452478844350553
L	CTC	AMBIGUOS	0.7452478844350553
L	CTG	AMBIGUOS	0.7452478844350553
L	CTT	AMBIGUOS	0.7452478844350553
L	TTA	AMBIGUOS	0.7452478844350553
L	TTG	AMBIGUOS	0.7452478844350553
N	AAC	AMBIGUOS	0.8918772628089938
N	AAT	AMBIGUOS	0.8918772628089938
P	CCA	NEUTRAL	0.9049544010892389
P	CCC	NEUTRAL	0.9049544010892389
P	CCG	NEUTRAL	0.9049544010892389
P	CCT	NEUTRAL	0.9049544010892389
Q	CAA	AMBIGUOS	0.6869921971484537
Q	CAG	AMBIGUOS	0.6869921971484537
R	AGA	NEUTRAL	0.9926877743871053
R	AGG	NEUTRAL	0.9926877743871053
R	CGA	NEUTRAL	0.9926877743871053
R	CGC	NEUTRAL	0.9926877743871053
R	CGG	NEUTRAL	0.9926877743871053
R	CGT	NEUTRAL	0.9926877743871053
S	AGC	AMBIGUOS	0.8901961923074597
S	AGT	AMBIGUOS	0.8901961923074597
S	TCA	AMBIGUOS	0.8901961923074597
S	TCC	AMBIGUOS	0.8901961923074597
S	TCG	AMBIGUOS	0.8901961923074597
S	TCT	AMBIGUOS	0.8901961923074597
T	ACA	SELECTED	0.0008967452093975626
T	ACC	SELECTED	0.0008967452093975626
T	ACG	SELECTED	0.0008967452093975626
T	ACT	SELECTED	0.0008967452093975626
V	GTA	NEUTRAL	0.9875881053964284
V	GTC	NEUTRAL	0.9875881053964284
V	GTG	NEUTRAL	0.9875881053964284
V	GTT	NEUTRAL	0.9875881053964284
Y	TAC	AMBIGUOS	0.4806202771209846
Y	TAT	AMBIGUOS	0.4806202771209846
