AminoAcid	CODON	GROUP	SUPPORT
A	GCA	NEUTRAL	0.9521279351438697
A	GCC	NEUTRAL	0.9521279351438697
A	GCG	NEUTRAL	0.9521279351438697
A	GCT	NEUTRAL	0.9521279351438697
C	TGC	AMBIGUOS	0.2553396051400607
C	TGT	AMBIGUOS	0.2553396051400607
D	GAC	NEUTRAL	0.9107996681030666
D	GAT	NEUTRAL	0.9107996681030666
E	GAA	NEUTRAL	0.9544702610465635
E	GAG	NEUTRAL	0.9544702610465635
F	TTC	SELECTED	0.05388849685348991
F	TTT	SELECTED	0.05388849685348991
G	GGA	NEUTRAL	0.9315958465111112
G	GGC	NEUTRAL	0.9315958465111112
G	GGG	NEUTRAL	0.9315958465111112
G	GGT	NEUTRAL	0.9315958465111112
H	CAC	SELECTED	0.04489435322151968
H	CAT	SELECTED	0.04489435322151968
I	ATA	AMBIGUOS	0.4376728070813688
I	ATC	AMBIGUOS	0.4376728070813688
I	ATT	AMBIGUOS	0.4376728070813688
K	AAA	AMBIGUOS	0.728469510313521
K	AAG	AMBIGUOS	0.728469510313521
L	CTA	AMBIGUOS	0.5730894609392373
L	CTC	AMBIGUOS	0.5730894609392373
L	CTG	AMBIGUOS	0.5730894609392373
L	CTT	AMBIGUOS	0.5730894609392373
L	TTA	AMBIGUOS	0.5730894609392373
L	TTG	AMBIGUOS	0.5730894609392373
N	AAC	AMBIGUOS	0.6076593049900736
N	AAT	AMBIGUOS	0.6076593049900736
P	CCA	AMBIGUOS	0.4014345058043425
P	CCC	AMBIGUOS	0.4014345058043425
P	CCG	AMBIGUOS	0.4014345058043425
P	CCT	AMBIGUOS	0.4014345058043425
Q	CAA	AMBIGUOS	0.1972403781052308
Q	CAG	AMBIGUOS	0.1972403781052308
R	AGA	NEUTRAL	0.9772807097205378
R	AGG	NEUTRAL	0.9772807097205378
R	CGA	NEUTRAL	0.9772807097205378
R	CGC	NEUTRAL	0.9772807097205378
R	CGG	NEUTRAL	0.9772807097205378
R	CGT	NEUTRAL	0.9772807097205378
S	AGC	AMBIGUOS	0.3466963457100466
S	AGT	AMBIGUOS	0.3466963457100466
S	TCA	AMBIGUOS	0.3466963457100466
S	TCC	AMBIGUOS	0.3466963457100466
S	TCG	AMBIGUOS	0.3466963457100466
S	TCT	AMBIGUOS	0.3466963457100466
T	ACA	SELECTED	0.037045835945397
T	ACC	SELECTED	0.037045835945397
T	ACG	SELECTED	0.037045835945397
T	ACT	SELECTED	0.037045835945397
V	GTA	NEUTRAL	0.9844289069922234
V	GTC	NEUTRAL	0.9844289069922234
V	GTG	NEUTRAL	0.9844289069922234
V	GTT	NEUTRAL	0.9844289069922234
Y	TAC	AMBIGUOS	0.536457897283821
Y	TAT	AMBIGUOS	0.536457897283821
