AminoAcid	CODON	GROUP	SUPPORT
A	GCA	NEUTRAL	0.9471383943528197
A	GCC	NEUTRAL	0.9471383943528197
A	GCG	NEUTRAL	0.9471383943528197
A	GCT	NEUTRAL	0.9471383943528197
C	TGC	SELECTED	0.05080753341941274
C	TGT	SELECTED	0.05080753341941274
D	GAC	AMBIGUOS	0.6162174777419492
D	GAT	AMBIGUOS	0.6162174777419492
E	GAA	AMBIGUOS	0.8987702697199138
E	GAG	AMBIGUOS	0.8987702697199138
F	TTC	AMBIGUOS	0.3787379107551482
F	TTT	AMBIGUOS	0.3787379107551482
G	GGA	AMBIGUOS	0.6014308478181762
G	GGC	AMBIGUOS	0.6014308478181762
G	GGG	AMBIGUOS	0.6014308478181762
G	GGT	AMBIGUOS	0.6014308478181762
H	CAC	AMBIGUOS	0.2352013562386183
H	CAT	AMBIGUOS	0.2352013562386183
I	ATA	NEUTRAL	0.9164374903272607
I	ATC	NEUTRAL	0.9164374903272607
I	ATT	NEUTRAL	0.9164374903272607
K	AAA	NEUTRAL	0.9308167035199779
K	AAG	NEUTRAL	0.9308167035199779
L	CTA	SELECTED	0.01581253333705011
L	CTC	SELECTED	0.01581253333705011
L	CTG	SELECTED	0.01581253333705011
L	CTT	SELECTED	0.01581253333705011
L	TTA	SELECTED	0.01581253333705011
L	TTG	SELECTED	0.01581253333705011
N	AAC	AMBIGUOS	0.8969870203591382
N	AAT	AMBIGUOS	0.8969870203591382
P	CCA	AMBIGUOS	0.4073117913758278
P	CCC	AMBIGUOS	0.4073117913758278
P	CCG	AMBIGUOS	0.4073117913758278
P	CCT	AMBIGUOS	0.4073117913758278
Q	CAA	AMBIGUOS	0.6482790050029581
Q	CAG	AMBIGUOS	0.6482790050029581
R	AGA	AMBIGUOS	0.484310845367056
R	AGG	AMBIGUOS	0.484310845367056
R	CGA	AMBIGUOS	0.484310845367056
R	CGC	AMBIGUOS	0.484310845367056
R	CGG	AMBIGUOS	0.484310845367056
R	CGT	AMBIGUOS	0.484310845367056
S	AGC	SELECTED	0.06130052040490332
S	AGT	SELECTED	0.06130052040490332
S	TCA	SELECTED	0.06130052040490332
S	TCC	SELECTED	0.06130052040490332
S	TCG	SELECTED	0.06130052040490332
S	TCT	SELECTED	0.06130052040490332
T	ACA	AMBIGUOS	0.2871892337109743
T	ACC	AMBIGUOS	0.2871892337109743
T	ACG	AMBIGUOS	0.2871892337109743
T	ACT	AMBIGUOS	0.2871892337109743
V	GTA	NEUTRAL	0.9362835754134129
V	GTC	NEUTRAL	0.9362835754134129
V	GTG	NEUTRAL	0.9362835754134129
V	GTT	NEUTRAL	0.9362835754134129
Y	TAC	AMBIGUOS	0.7179893988936652
Y	TAT	AMBIGUOS	0.7179893988936652
