AminoAcid	CODON	GROUP	SUPPORT
A	GCA	AMBIGUOS	0.8445535872192134
A	GCC	AMBIGUOS	0.8445535872192134
A	GCG	AMBIGUOS	0.8445535872192134
A	GCT	AMBIGUOS	0.8445535872192134
C	TGC	AMBIGUOS	0.2142150383088788
C	TGT	AMBIGUOS	0.2142150383088788
D	GAC	AMBIGUOS	0.1588970138790051
D	GAT	AMBIGUOS	0.1588970138790051
E	GAA	AMBIGUOS	0.8958615064195911
E	GAG	AMBIGUOS	0.8958615064195911
F	TTC	AMBIGUOS	0.3966388389656826
F	TTT	AMBIGUOS	0.3966388389656826
G	GGA	AMBIGUOS	0.4158493078627158
G	GGC	AMBIGUOS	0.4158493078627158
G	GGG	AMBIGUOS	0.4158493078627158
G	GGT	AMBIGUOS	0.4158493078627158
H	CAC	AMBIGUOS	0.1963614466183387
H	CAT	AMBIGUOS	0.1963614466183387
I	ATA	AMBIGUOS	0.3180237922864132
I	ATC	AMBIGUOS	0.3180237922864132
I	ATT	AMBIGUOS	0.3180237922864132
K	AAA	AMBIGUOS	0.2198382296252204
K	AAG	AMBIGUOS	0.2198382296252204
L	CTA	AMBIGUOS	0.7135939972202893
L	CTC	AMBIGUOS	0.7135939972202893
L	CTG	AMBIGUOS	0.7135939972202893
L	CTT	AMBIGUOS	0.7135939972202893
L	TTA	AMBIGUOS	0.7135939972202893
L	TTG	AMBIGUOS	0.7135939972202893
N	AAC	NEUTRAL	0.9226500129468497
N	AAT	NEUTRAL	0.9226500129468497
P	CCA	AMBIGUOS	0.5785506493351452
P	CCC	AMBIGUOS	0.5785506493351452
P	CCG	AMBIGUOS	0.5785506493351452
P	CCT	AMBIGUOS	0.5785506493351452
Q	CAA	AMBIGUOS	0.8640907629397236
Q	CAG	AMBIGUOS	0.8640907629397236
R	AGA	AMBIGUOS	0.8764571070212794
R	AGG	AMBIGUOS	0.8764571070212794
R	CGA	AMBIGUOS	0.8764571070212794
R	CGC	AMBIGUOS	0.8764571070212794
R	CGG	AMBIGUOS	0.8764571070212794
R	CGT	AMBIGUOS	0.8764571070212794
S	AGC	AMBIGUOS	0.7602625108411341
S	AGT	AMBIGUOS	0.7602625108411341
S	TCA	AMBIGUOS	0.7602625108411341
S	TCC	AMBIGUOS	0.7602625108411341
S	TCG	AMBIGUOS	0.7602625108411341
S	TCT	AMBIGUOS	0.7602625108411341
T	ACA	AMBIGUOS	0.1511191463079222
T	ACC	AMBIGUOS	0.1511191463079222
T	ACG	AMBIGUOS	0.1511191463079222
T	ACT	AMBIGUOS	0.1511191463079222
V	GTA	AMBIGUOS	0.4653888863372146
V	GTC	AMBIGUOS	0.4653888863372146
V	GTG	AMBIGUOS	0.4653888863372146
V	GTT	AMBIGUOS	0.4653888863372146
Y	TAC	AMBIGUOS	0.6556610889745287
Y	TAT	AMBIGUOS	0.6556610889745287
