AminoAcid	CODON	GROUP	SUPPORT
A	GCA	NEUTRAL	0.9782807994352167
A	GCC	NEUTRAL	0.9782807994352167
A	GCG	NEUTRAL	0.9782807994352167
A	GCT	NEUTRAL	0.9782807994352167
C	TGC	AMBIGUOS	0.892653812476546
C	TGT	AMBIGUOS	0.892653812476546
D	GAC	AMBIGUOS	0.2029303165799635
D	GAT	AMBIGUOS	0.2029303165799635
E	GAA	AMBIGUOS	0.8808728960294514
E	GAG	AMBIGUOS	0.8808728960294514
F	TTC	AMBIGUOS	0.7753205154903005
F	TTT	AMBIGUOS	0.7753205154903005
G	GGA	NEUTRAL	0.9430012439647487
G	GGC	NEUTRAL	0.9430012439647487
G	GGG	NEUTRAL	0.9430012439647487
G	GGT	NEUTRAL	0.9430012439647487
H	CAC	SELECTED	0.01710133952286852
H	CAT	SELECTED	0.01710133952286852
I	ATA	AMBIGUOS	0.406266014746628
I	ATC	AMBIGUOS	0.406266014746628
I	ATT	AMBIGUOS	0.406266014746628
K	AAA	AMBIGUOS	0.7636598684928491
K	AAG	AMBIGUOS	0.7636598684928491
L	CTA	SELECTED	0.01533966370348062
L	CTC	SELECTED	0.01533966370348062
L	CTG	SELECTED	0.01533966370348062
L	CTT	SELECTED	0.01533966370348062
L	TTA	SELECTED	0.01533966370348062
L	TTG	SELECTED	0.01533966370348062
N	AAC	NEUTRAL	0.9685374654073678
N	AAT	NEUTRAL	0.9685374654073678
P	CCA	AMBIGUOS	0.6448097637226639
P	CCC	AMBIGUOS	0.6448097637226639
P	CCG	AMBIGUOS	0.6448097637226639
P	CCT	AMBIGUOS	0.6448097637226639
Q	CAA	AMBIGUOS	0.32835693457872
Q	CAG	AMBIGUOS	0.32835693457872
R	AGA	NEUTRAL	0.9313965486353215
R	AGG	NEUTRAL	0.9313965486353215
R	CGA	NEUTRAL	0.9313965486353215
R	CGC	NEUTRAL	0.9313965486353215
R	CGG	NEUTRAL	0.9313965486353215
R	CGT	NEUTRAL	0.9313965486353215
S	AGC	AMBIGUOS	0.5528187297464774
S	AGT	AMBIGUOS	0.5528187297464774
S	TCA	AMBIGUOS	0.5528187297464774
S	TCC	AMBIGUOS	0.5528187297464774
S	TCG	AMBIGUOS	0.5528187297464774
S	TCT	AMBIGUOS	0.5528187297464774
T	ACA	AMBIGUOS	0.1864346446836341
T	ACC	AMBIGUOS	0.1864346446836341
T	ACG	AMBIGUOS	0.1864346446836341
T	ACT	AMBIGUOS	0.1864346446836341
V	GTA	AMBIGUOS	0.2758489717971986
V	GTC	AMBIGUOS	0.2758489717971986
V	GTG	AMBIGUOS	0.2758489717971986
V	GTT	AMBIGUOS	0.2758489717971986
Y	TAC	AMBIGUOS	0.4603243603583329
Y	TAT	AMBIGUOS	0.4603243603583329
