AminoAcid	CODON	GROUP	SUPPORT
A	GCA	NEUTRAL	0.9713247051819701
A	GCC	NEUTRAL	0.9713247051819701
A	GCG	NEUTRAL	0.9713247051819701
A	GCT	NEUTRAL	0.9713247051819701
C	TGC	AMBIGUOS	0.7613900256313678
C	TGT	AMBIGUOS	0.7613900256313678
D	GAC	AMBIGUOS	0.1820285164069383
D	GAT	AMBIGUOS	0.1820285164069383
E	GAA	NEUTRAL	0.9563517007982791
E	GAG	NEUTRAL	0.9563517007982791
F	TTC	AMBIGUOS	0.6901102136103727
F	TTT	AMBIGUOS	0.6901102136103727
G	GGA	NEUTRAL	0.9915410876520813
G	GGC	NEUTRAL	0.9915410876520813
G	GGG	NEUTRAL	0.9915410876520813
G	GGT	NEUTRAL	0.9915410876520813
H	CAC	AMBIGUOS	0.2783463403003041
H	CAT	AMBIGUOS	0.2783463403003041
I	ATA	AMBIGUOS	0.1631817236168635
I	ATC	AMBIGUOS	0.1631817236168635
I	ATT	AMBIGUOS	0.1631817236168635
K	AAA	AMBIGUOS	0.3760989023020431
K	AAG	AMBIGUOS	0.3760989023020431
L	CTA	NEUTRAL	0.9045030354109695
L	CTC	NEUTRAL	0.9045030354109695
L	CTG	NEUTRAL	0.9045030354109695
L	CTT	NEUTRAL	0.9045030354109695
L	TTA	NEUTRAL	0.9045030354109695
L	TTG	NEUTRAL	0.9045030354109695
N	AAC	AMBIGUOS	0.8923167918985407
N	AAT	AMBIGUOS	0.8923167918985407
P	CCA	SELECTED	0.02969533384279461
P	CCC	SELECTED	0.02969533384279461
P	CCG	SELECTED	0.02969533384279461
P	CCT	SELECTED	0.02969533384279461
Q	CAA	AMBIGUOS	0.8629156634914232
Q	CAG	AMBIGUOS	0.8629156634914232
R	AGA	SELECTED	0.01114665588289604
R	AGG	SELECTED	0.01114665588289604
R	CGA	SELECTED	0.01114665588289604
R	CGC	SELECTED	0.01114665588289604
R	CGG	SELECTED	0.01114665588289604
R	CGT	SELECTED	0.01114665588289604
S	AGC	AMBIGUOS	0.8205160461762552
S	AGT	AMBIGUOS	0.8205160461762552
S	TCA	AMBIGUOS	0.8205160461762552
S	TCC	AMBIGUOS	0.8205160461762552
S	TCG	AMBIGUOS	0.8205160461762552
S	TCT	AMBIGUOS	0.8205160461762552
T	ACA	SELECTED	0.004622751355495027
T	ACC	SELECTED	0.004622751355495027
T	ACG	SELECTED	0.004622751355495027
T	ACT	SELECTED	0.004622751355495027
V	GTA	SELECTED	0.005626732366761197
V	GTC	SELECTED	0.005626732366761197
V	GTG	SELECTED	0.005626732366761197
V	GTT	SELECTED	0.005626732366761197
Y	TAC	AMBIGUOS	0.6968250646730295
Y	TAT	AMBIGUOS	0.6968250646730295
