AminoAcid	CODON	GROUP	SUPPORT
A	GCA	NEUTRAL	0.9876952240257547
A	GCC	NEUTRAL	0.9876952240257547
A	GCG	NEUTRAL	0.9876952240257547
A	GCT	NEUTRAL	0.9876952240257547
C	TGC	AMBIGUOS	0.5927442217112706
C	TGT	AMBIGUOS	0.5927442217112706
D	GAC	NEUTRAL	0.9838540051716159
D	GAT	NEUTRAL	0.9838540051716159
E	GAA	NEUTRAL	0.9543462490258066
E	GAG	NEUTRAL	0.9543462490258066
F	TTC	AMBIGUOS	0.2304776131855384
F	TTT	AMBIGUOS	0.2304776131855384
G	GGA	AMBIGUOS	0.8977922998578793
G	GGC	AMBIGUOS	0.8977922998578793
G	GGG	AMBIGUOS	0.8977922998578793
G	GGT	AMBIGUOS	0.8977922998578793
H	CAC	SELECTED	0.0490816596628051
H	CAT	SELECTED	0.0490816596628051
I	ATA	AMBIGUOS	0.1758098810775502
I	ATC	AMBIGUOS	0.1758098810775502
I	ATT	AMBIGUOS	0.1758098810775502
K	AAA	AMBIGUOS	0.3530276124572629
K	AAG	AMBIGUOS	0.3530276124572629
L	CTA	AMBIGUOS	0.6672785364979213
L	CTC	AMBIGUOS	0.6672785364979213
L	CTG	AMBIGUOS	0.6672785364979213
L	CTT	AMBIGUOS	0.6672785364979213
L	TTA	AMBIGUOS	0.6672785364979213
L	TTG	AMBIGUOS	0.6672785364979213
N	AAC	AMBIGUOS	0.8464153873412911
N	AAT	AMBIGUOS	0.8464153873412911
P	CCA	NEUTRAL	0.9596449478219576
P	CCC	NEUTRAL	0.9596449478219576
P	CCG	NEUTRAL	0.9596449478219576
P	CCT	NEUTRAL	0.9596449478219576
Q	CAA	AMBIGUOS	0.6511622185219821
Q	CAG	AMBIGUOS	0.6511622185219821
R	AGA	AMBIGUOS	0.1824914307992504
R	AGG	AMBIGUOS	0.1824914307992504
R	CGA	AMBIGUOS	0.1824914307992504
R	CGC	AMBIGUOS	0.1824914307992504
R	CGG	AMBIGUOS	0.1824914307992504
R	CGT	AMBIGUOS	0.1824914307992504
S	AGC	AMBIGUOS	0.1416431042840482
S	AGT	AMBIGUOS	0.1416431042840482
S	TCA	AMBIGUOS	0.1416431042840482
S	TCC	AMBIGUOS	0.1416431042840482
S	TCG	AMBIGUOS	0.1416431042840482
S	TCT	AMBIGUOS	0.1416431042840482
T	ACA	AMBIGUOS	0.1645265324134975
T	ACC	AMBIGUOS	0.1645265324134975
T	ACG	AMBIGUOS	0.1645265324134975
T	ACT	AMBIGUOS	0.1645265324134975
V	GTA	NEUTRAL	0.9787558969114929
V	GTC	NEUTRAL	0.9787558969114929
V	GTG	NEUTRAL	0.9787558969114929
V	GTT	NEUTRAL	0.9787558969114929
Y	TAC	AMBIGUOS	0.7686520015533103
Y	TAT	AMBIGUOS	0.7686520015533103
