AminoAcid	CODON	GROUP	SUPPORT
A	GCA	AMBIGUOS	0.1253460205949031
A	GCC	AMBIGUOS	0.1253460205949031
A	GCG	AMBIGUOS	0.1253460205949031
A	GCT	AMBIGUOS	0.1253460205949031
C	TGC	AMBIGUOS	0.2714219776187397
C	TGT	AMBIGUOS	0.2714219776187397
D	GAC	AMBIGUOS	0.1154451490024485
D	GAT	AMBIGUOS	0.1154451490024485
E	GAA	AMBIGUOS	0.8948668337214456
E	GAG	AMBIGUOS	0.8948668337214456
F	TTC	AMBIGUOS	0.2211669378797756
F	TTT	AMBIGUOS	0.2211669378797756
G	GGA	AMBIGUOS	0.4861750627000526
G	GGC	AMBIGUOS	0.4861750627000526
G	GGG	AMBIGUOS	0.4861750627000526
G	GGT	AMBIGUOS	0.4861750627000526
H	CAC	AMBIGUOS	0.6051109666139425
H	CAT	AMBIGUOS	0.6051109666139425
I	ATA	AMBIGUOS	0.6767609770987553
I	ATC	AMBIGUOS	0.6767609770987553
I	ATT	AMBIGUOS	0.6767609770987553
K	AAA	AMBIGUOS	0.4014484334533542
K	AAG	AMBIGUOS	0.4014484334533542
L	CTA	AMBIGUOS	0.6137223560086675
L	CTC	AMBIGUOS	0.6137223560086675
L	CTG	AMBIGUOS	0.6137223560086675
L	CTT	AMBIGUOS	0.6137223560086675
L	TTA	AMBIGUOS	0.6137223560086675
L	TTG	AMBIGUOS	0.6137223560086675
N	AAC	AMBIGUOS	0.5306903061273719
N	AAT	AMBIGUOS	0.5306903061273719
P	CCA	AMBIGUOS	0.1196845376069213
P	CCC	AMBIGUOS	0.1196845376069213
P	CCG	AMBIGUOS	0.1196845376069213
P	CCT	AMBIGUOS	0.1196845376069213
Q	CAA	AMBIGUOS	0.1483161665600869
Q	CAG	AMBIGUOS	0.1483161665600869
R	AGA	SELECTED	0.09793197705046609
R	AGG	SELECTED	0.09793197705046609
R	CGA	SELECTED	0.09793197705046609
R	CGC	SELECTED	0.09793197705046609
R	CGG	SELECTED	0.09793197705046609
R	CGT	SELECTED	0.09793197705046609
S	AGC	NEUTRAL	0.9209640155746668
S	AGT	NEUTRAL	0.9209640155746668
S	TCA	NEUTRAL	0.9209640155746668
S	TCC	NEUTRAL	0.9209640155746668
S	TCG	NEUTRAL	0.9209640155746668
S	TCT	NEUTRAL	0.9209640155746668
T	ACA	SELECTED	0.07565959913815813
T	ACC	SELECTED	0.07565959913815813
T	ACG	SELECTED	0.07565959913815813
T	ACT	SELECTED	0.07565959913815813
V	GTA	AMBIGUOS	0.412273359303481
V	GTC	AMBIGUOS	0.412273359303481
V	GTG	AMBIGUOS	0.412273359303481
V	GTT	AMBIGUOS	0.412273359303481
Y	TAC	AMBIGUOS	0.876075807707298
Y	TAT	AMBIGUOS	0.876075807707298
