AminoAcid	CODON	GROUP	SUPPORT
A	GCA	SELECTED	0.07960064849736347
A	GCC	SELECTED	0.07960064849736347
A	GCG	SELECTED	0.07960064849736347
A	GCT	SELECTED	0.07960064849736347
C	TGC	AMBIGUOS	0.4607975012857678
C	TGT	AMBIGUOS	0.4607975012857678
D	GAC	AMBIGUOS	0.6622043432682223
D	GAT	AMBIGUOS	0.6622043432682223
E	GAA	NEUTRAL	0.9376111785969071
E	GAG	NEUTRAL	0.9376111785969071
F	TTC	AMBIGUOS	0.1607931623648408
F	TTT	AMBIGUOS	0.1607931623648408
G	GGA	AMBIGUOS	0.3000468936787045
G	GGC	AMBIGUOS	0.3000468936787045
G	GGG	AMBIGUOS	0.3000468936787045
G	GGT	AMBIGUOS	0.3000468936787045
H	CAC	AMBIGUOS	0.5076845116634772
H	CAT	AMBIGUOS	0.5076845116634772
I	ATA	NEUTRAL	0.9321112126588674
I	ATC	NEUTRAL	0.9321112126588674
I	ATT	NEUTRAL	0.9321112126588674
K	AAA	SELECTED	0.07474757903455283
K	AAG	SELECTED	0.07474757903455283
L	CTA	SELECTED	0.02464545738935881
L	CTC	SELECTED	0.02464545738935881
L	CTG	SELECTED	0.02464545738935881
L	CTT	SELECTED	0.02464545738935881
L	TTA	SELECTED	0.02464545738935881
L	TTG	SELECTED	0.02464545738935881
N	AAC	AMBIGUOS	0.3329756256048668
N	AAT	AMBIGUOS	0.3329756256048668
P	CCA	AMBIGUOS	0.2811766394907405
P	CCC	AMBIGUOS	0.2811766394907405
P	CCG	AMBIGUOS	0.2811766394907405
P	CCT	AMBIGUOS	0.2811766394907405
Q	CAA	AMBIGUOS	0.8498846914022928
Q	CAG	AMBIGUOS	0.8498846914022928
R	AGA	SELECTED	0.08485776501453378
R	AGG	SELECTED	0.08485776501453378
R	CGA	SELECTED	0.08485776501453378
R	CGC	SELECTED	0.08485776501453378
R	CGG	SELECTED	0.08485776501453378
R	CGT	SELECTED	0.08485776501453378
S	AGC	AMBIGUOS	0.6740345223115661
S	AGT	AMBIGUOS	0.6740345223115661
S	TCA	AMBIGUOS	0.6740345223115661
S	TCC	AMBIGUOS	0.6740345223115661
S	TCG	AMBIGUOS	0.6740345223115661
S	TCT	AMBIGUOS	0.6740345223115661
T	ACA	AMBIGUOS	0.1151191113904539
T	ACC	AMBIGUOS	0.1151191113904539
T	ACG	AMBIGUOS	0.1151191113904539
T	ACT	AMBIGUOS	0.1151191113904539
V	GTA	SELECTED	0.05993203268719073
V	GTC	SELECTED	0.05993203268719073
V	GTG	SELECTED	0.05993203268719073
V	GTT	SELECTED	0.05993203268719073
Y	TAC	AMBIGUOS	0.5301864568874388
Y	TAT	AMBIGUOS	0.5301864568874388
