AminoAcid	CODON	GROUP	SUPPORT
A	GCA	SELECTED	0.06023716239736428
A	GCC	SELECTED	0.06023716239736428
A	GCG	SELECTED	0.06023716239736428
A	GCT	SELECTED	0.06023716239736428
C	TGC	AMBIGUOS	0.725647572754715
C	TGT	AMBIGUOS	0.725647572754715
D	GAC	AMBIGUOS	0.2483492528939904
D	GAT	AMBIGUOS	0.2483492528939904
E	GAA	AMBIGUOS	0.8853159937477616
E	GAG	AMBIGUOS	0.8853159937477616
F	TTC	AMBIGUOS	0.7420314632659969
F	TTT	AMBIGUOS	0.7420314632659969
G	GGA	NEUTRAL	0.9616172377074994
G	GGC	NEUTRAL	0.9616172377074994
G	GGG	NEUTRAL	0.9616172377074994
G	GGT	NEUTRAL	0.9616172377074994
H	CAC	AMBIGUOS	0.1297942664862884
H	CAT	AMBIGUOS	0.1297942664862884
I	ATA	AMBIGUOS	0.5160164373905819
I	ATC	AMBIGUOS	0.5160164373905819
I	ATT	AMBIGUOS	0.5160164373905819
K	AAA	AMBIGUOS	0.605202067217012
K	AAG	AMBIGUOS	0.605202067217012
L	CTA	SELECTED	0.02420535638279213
L	CTC	SELECTED	0.02420535638279213
L	CTG	SELECTED	0.02420535638279213
L	CTT	SELECTED	0.02420535638279213
L	TTA	SELECTED	0.02420535638279213
L	TTG	SELECTED	0.02420535638279213
N	AAC	AMBIGUOS	0.4674180110804337
N	AAT	AMBIGUOS	0.4674180110804337
P	CCA	SELECTED	0.06523259531156429
P	CCC	SELECTED	0.06523259531156429
P	CCG	SELECTED	0.06523259531156429
P	CCT	SELECTED	0.06523259531156429
Q	CAA	AMBIGUOS	0.3154325563003137
Q	CAG	AMBIGUOS	0.3154325563003137
R	AGA	AMBIGUOS	0.7962726455011311
R	AGG	AMBIGUOS	0.7962726455011311
R	CGA	AMBIGUOS	0.7962726455011311
R	CGC	AMBIGUOS	0.7962726455011311
R	CGG	AMBIGUOS	0.7962726455011311
R	CGT	AMBIGUOS	0.7962726455011311
S	AGC	NEUTRAL	0.915354785863998
S	AGT	NEUTRAL	0.915354785863998
S	TCA	NEUTRAL	0.915354785863998
S	TCC	NEUTRAL	0.915354785863998
S	TCG	NEUTRAL	0.915354785863998
S	TCT	NEUTRAL	0.915354785863998
T	ACA	SELECTED	0.03601577921032193
T	ACC	SELECTED	0.03601577921032193
T	ACG	SELECTED	0.03601577921032193
T	ACT	SELECTED	0.03601577921032193
V	GTA	AMBIGUOS	0.1208175624975753
V	GTC	AMBIGUOS	0.1208175624975753
V	GTG	AMBIGUOS	0.1208175624975753
V	GTT	AMBIGUOS	0.1208175624975753
Y	TAC	AMBIGUOS	0.7667610806509796
Y	TAT	AMBIGUOS	0.7667610806509796
