AminoAcid	CODON	GROUP	SUPPORT
A	GCA	SELECTED	0.04937600670215158
A	GCC	SELECTED	0.04937600670215158
A	GCG	SELECTED	0.04937600670215158
A	GCT	SELECTED	0.04937600670215158
C	TGC	AMBIGUOS	0.7243496049018846
C	TGT	AMBIGUOS	0.7243496049018846
D	GAC	AMBIGUOS	0.5849024085641581
D	GAT	AMBIGUOS	0.5849024085641581
E	GAA	AMBIGUOS	0.1122338713431424
E	GAG	AMBIGUOS	0.1122338713431424
F	TTC	AMBIGUOS	0.2593472897980549
F	TTT	AMBIGUOS	0.2593472897980549
G	GGA	NEUTRAL	0.9621022959734683
G	GGC	NEUTRAL	0.9621022959734683
G	GGG	NEUTRAL	0.9621022959734683
G	GGT	NEUTRAL	0.9621022959734683
H	CAC	AMBIGUOS	0.3453284380632275
H	CAT	AMBIGUOS	0.3453284380632275
I	ATA	AMBIGUOS	0.7117788942466597
I	ATC	AMBIGUOS	0.7117788942466597
I	ATT	AMBIGUOS	0.7117788942466597
K	AAA	AMBIGUOS	0.109625333986911
K	AAG	AMBIGUOS	0.109625333986911
L	CTA	AMBIGUOS	0.3002661320710849
L	CTC	AMBIGUOS	0.3002661320710849
L	CTG	AMBIGUOS	0.3002661320710849
L	CTT	AMBIGUOS	0.3002661320710849
L	TTA	AMBIGUOS	0.3002661320710849
L	TTG	AMBIGUOS	0.3002661320710849
N	AAC	AMBIGUOS	0.4948738308785703
N	AAT	AMBIGUOS	0.4948738308785703
P	CCA	SELECTED	0.04209098626740928
P	CCC	SELECTED	0.04209098626740928
P	CCG	SELECTED	0.04209098626740928
P	CCT	SELECTED	0.04209098626740928
Q	CAA	NEUTRAL	0.9094580360098483
Q	CAG	NEUTRAL	0.9094580360098483
R	AGA	AMBIGUOS	0.1482414582908889
R	AGG	AMBIGUOS	0.1482414582908889
R	CGA	AMBIGUOS	0.1482414582908889
R	CGC	AMBIGUOS	0.1482414582908889
R	CGG	AMBIGUOS	0.1482414582908889
R	CGT	AMBIGUOS	0.1482414582908889
S	AGC	SELECTED	0.03700851172031384
S	AGT	SELECTED	0.03700851172031384
S	TCA	SELECTED	0.03700851172031384
S	TCC	SELECTED	0.03700851172031384
S	TCG	SELECTED	0.03700851172031384
S	TCT	SELECTED	0.03700851172031384
T	ACA	SELECTED	0.06308932559581323
T	ACC	SELECTED	0.06308932559581323
T	ACG	SELECTED	0.06308932559581323
T	ACT	SELECTED	0.06308932559581323
V	GTA	AMBIGUOS	0.8340421029308259
V	GTC	AMBIGUOS	0.8340421029308259
V	GTG	AMBIGUOS	0.8340421029308259
V	GTT	AMBIGUOS	0.8340421029308259
Y	TAC	NEUTRAL	0.9249810460995531
Y	TAT	NEUTRAL	0.9249810460995531
