AminoAcid	CODON	GROUP	SUPPORT
A	GCA	SELECTED	0.01654656318746273
A	GCC	SELECTED	0.01654656318746273
A	GCG	SELECTED	0.01654656318746273
A	GCT	SELECTED	0.01654656318746273
C	TGC	AMBIGUOS	0.589013319029484
C	TGT	AMBIGUOS	0.589013319029484
D	GAC	AMBIGUOS	0.1378702382445217
D	GAT	AMBIGUOS	0.1378702382445217
E	GAA	AMBIGUOS	0.8181577277120122
E	GAG	AMBIGUOS	0.8181577277120122
F	TTC	AMBIGUOS	0.3543475629901228
F	TTT	AMBIGUOS	0.3543475629901228
G	GGA	NEUTRAL	0.9849937869215244
G	GGC	NEUTRAL	0.9849937869215244
G	GGG	NEUTRAL	0.9849937869215244
G	GGT	NEUTRAL	0.9849937869215244
H	CAC	SELECTED	0.009668477879342469
H	CAT	SELECTED	0.009668477879342469
I	ATA	AMBIGUOS	0.4704860966182465
I	ATC	AMBIGUOS	0.4704860966182465
I	ATT	AMBIGUOS	0.4704860966182465
K	AAA	AMBIGUOS	0.750242026493624
K	AAG	AMBIGUOS	0.750242026493624
L	CTA	SELECTED	0.07109639584453661
L	CTC	SELECTED	0.07109639584453661
L	CTG	SELECTED	0.07109639584453661
L	CTT	SELECTED	0.07109639584453661
L	TTA	SELECTED	0.07109639584453661
L	TTG	SELECTED	0.07109639584453661
N	AAC	NEUTRAL	0.9839725681972729
N	AAT	NEUTRAL	0.9839725681972729
P	CCA	AMBIGUOS	0.1674478798249673
P	CCC	AMBIGUOS	0.1674478798249673
P	CCG	AMBIGUOS	0.1674478798249673
P	CCT	AMBIGUOS	0.1674478798249673
Q	CAA	AMBIGUOS	0.7951337873374166
Q	CAG	AMBIGUOS	0.7951337873374166
R	AGA	SELECTED	0.004919906991747319
R	AGG	SELECTED	0.004919906991747319
R	CGA	SELECTED	0.004919906991747319
R	CGC	SELECTED	0.004919906991747319
R	CGG	SELECTED	0.004919906991747319
R	CGT	SELECTED	0.004919906991747319
S	AGC	SELECTED	0.01536926496976747
S	AGT	SELECTED	0.01536926496976747
S	TCA	SELECTED	0.01536926496976747
S	TCC	SELECTED	0.01536926496976747
S	TCG	SELECTED	0.01536926496976747
S	TCT	SELECTED	0.01536926496976747
T	ACA	SELECTED	0.04979553862672642
T	ACC	SELECTED	0.04979553862672642
T	ACG	SELECTED	0.04979553862672642
T	ACT	SELECTED	0.04979553862672642
V	GTA	AMBIGUOS	0.2662374720013809
V	GTC	AMBIGUOS	0.2662374720013809
V	GTG	AMBIGUOS	0.2662374720013809
V	GTT	AMBIGUOS	0.2662374720013809
Y	TAC	AMBIGUOS	0.4549863739322136
Y	TAT	AMBIGUOS	0.4549863739322136
