AminoAcid	CODON	GROUP	SUPPORT
A	GCA	NEUTRAL	0.9999999100329484
A	GCC	NEUTRAL	0.9999999100329484
A	GCG	NEUTRAL	0.9999999100329484
A	GCT	NEUTRAL	0.9999999100329484
C	TGC	NEUTRAL	0.9999999100329484
C	TGT	NEUTRAL	0.9999999100329484
D	GAC	NEUTRAL	0.9999999100329484
D	GAT	NEUTRAL	0.9999999100329484
E	GAA	NEUTRAL	0.999955448955095
E	GAG	NEUTRAL	0.999955448955095
F	TTC	NEUTRAL	0.9999999100329484
F	TTT	NEUTRAL	0.9999999100329484
G	GGA	NEUTRAL	0.999955448955095
G	GGC	NEUTRAL	0.999955448955095
G	GGG	NEUTRAL	0.999955448955095
G	GGT	NEUTRAL	0.999955448955095
H	CAC	NEUTRAL	0.9999999100329484
H	CAT	NEUTRAL	0.9999999100329484
I	ATA	NEUTRAL	0.9999999100329484
I	ATC	NEUTRAL	0.9999999100329484
I	ATT	NEUTRAL	0.9999999100329484
K	AAA	SELECTED	0.9999999100329484
K	AAG	SELECTED	0.9999999100329484
L	CTA	SELECTED	0.9999999100329484
L	CTC	SELECTED	0.9999999100329484
L	CTG	SELECTED	0.9999999100329484
L	CTT	SELECTED	0.9999999100329484
L	TTA	SELECTED	0.9999999100329484
L	TTG	SELECTED	0.9999999100329484
N	AAC	NEUTRAL	0.9999999100329484
N	AAT	NEUTRAL	0.9999999100329484
P	CCA	NEUTRAL	0.999955448955095
P	CCC	NEUTRAL	0.999955448955095
P	CCG	NEUTRAL	0.999955448955095
P	CCT	NEUTRAL	0.999955448955095
Q	CAA	NEUTRAL	0.9999999100329484
Q	CAG	NEUTRAL	0.9999999100329484
R	AGA	NEUTRAL	0.999955448955095
R	AGG	NEUTRAL	0.999955448955095
R	CGA	NEUTRAL	0.999955448955095
R	CGC	NEUTRAL	0.999955448955095
R	CGG	NEUTRAL	0.999955448955095
R	CGT	NEUTRAL	0.999955448955095
S	AGC	NEUTRAL	0.9999999100329484
S	AGT	NEUTRAL	0.9999999100329484
S	TCA	NEUTRAL	0.9999999100329484
S	TCC	NEUTRAL	0.9999999100329484
S	TCG	NEUTRAL	0.9999999100329484
S	TCT	NEUTRAL	0.9999999100329484
T	ACA	NEUTRAL	0.999955448955095
T	ACC	NEUTRAL	0.999955448955095
T	ACG	NEUTRAL	0.999955448955095
T	ACT	NEUTRAL	0.999955448955095
V	GTA	NEUTRAL	0.9999999100329484
V	GTC	NEUTRAL	0.9999999100329484
V	GTG	NEUTRAL	0.9999999100329484
V	GTT	NEUTRAL	0.9999999100329484
Y	TAC	NEUTRAL	0.9999999100329484
Y	TAT	NEUTRAL	0.9999999100329484
