AminoAcid	CODON	GROUP	SUPPORT
A	GCA	AMBIGUOS	0.4628428052136765
A	GCC	AMBIGUOS	0.4628428052136765
A	GCG	AMBIGUOS	0.4628428052136765
A	GCT	AMBIGUOS	0.4628428052136765
C	TGC	AMBIGUOS	0.8428662144634925
C	TGT	AMBIGUOS	0.8428662144634925
D	GAC	AMBIGUOS	0.6638194257380277
D	GAT	AMBIGUOS	0.6638194257380277
E	GAA	AMBIGUOS	0.3708708054563681
E	GAG	AMBIGUOS	0.3708708054563681
F	TTC	AMBIGUOS	0.8401304949740722
F	TTT	AMBIGUOS	0.8401304949740722
G	GGA	AMBIGUOS	0.7687412267491808
G	GGC	AMBIGUOS	0.7687412267491808
G	GGG	AMBIGUOS	0.7687412267491808
G	GGT	AMBIGUOS	0.7687412267491808
H	CAC	AMBIGUOS	0.5153945671479011
H	CAT	AMBIGUOS	0.5153945671479011
I	ATA	AMBIGUOS	0.5785527037551705
I	ATC	AMBIGUOS	0.5785527037551705
I	ATT	AMBIGUOS	0.5785527037551705
K	AAA	AMBIGUOS	0.2724572291877067
K	AAG	AMBIGUOS	0.2724572291877067
L	CTA	AMBIGUOS	0.3837279355669392
L	CTC	AMBIGUOS	0.3837279355669392
L	CTG	AMBIGUOS	0.3837279355669392
L	CTT	AMBIGUOS	0.3837279355669392
L	TTA	AMBIGUOS	0.3837279355669392
L	TTG	AMBIGUOS	0.3837279355669392
N	AAC	SELECTED	0.05812944283962405
N	AAT	SELECTED	0.05812944283962405
P	CCA	AMBIGUOS	0.6692686065172893
P	CCC	AMBIGUOS	0.6692686065172893
P	CCG	AMBIGUOS	0.6692686065172893
P	CCT	AMBIGUOS	0.6692686065172893
Q	CAA	AMBIGUOS	0.3313493938587043
Q	CAG	AMBIGUOS	0.3313493938587043
R	AGA	AMBIGUOS	0.8546092700164611
R	AGG	AMBIGUOS	0.8546092700164611
R	CGA	AMBIGUOS	0.8546092700164611
R	CGC	AMBIGUOS	0.8546092700164611
R	CGG	AMBIGUOS	0.8546092700164611
R	CGT	AMBIGUOS	0.8546092700164611
S	AGC	SELECTED	0.01303657908779982
S	AGT	SELECTED	0.01303657908779982
S	TCA	SELECTED	0.01303657908779982
S	TCC	SELECTED	0.01303657908779982
S	TCG	SELECTED	0.01303657908779982
S	TCT	SELECTED	0.01303657908779982
T	ACA	SELECTED	0.04287701942547233
T	ACC	SELECTED	0.04287701942547233
T	ACG	SELECTED	0.04287701942547233
T	ACT	SELECTED	0.04287701942547233
V	GTA	SELECTED	0.09819964952662796
V	GTC	SELECTED	0.09819964952662796
V	GTG	SELECTED	0.09819964952662796
V	GTT	SELECTED	0.09819964952662796
Y	TAC	AMBIGUOS	0.7009179336950174
Y	TAT	AMBIGUOS	0.7009179336950174
