{"baseline-AICc": {"individual": [], "joint": 3001257.458077936}, "baseline-loglikelihood": {"individual": [], "joint": -1475978.546684878}, "joint-AICc": {"individual": [], "joint": 3004386.36836519}, "joint-loglikelihood": {"individual": [], "joint": -1475898.256555022}, "AAA|AAG": {"individual": [], "joint": {"secondary": 1.046567326366499, "primary": 1.043680135440352}}, "AAC|AAT": {"individual": [], "joint": {"secondary": 1.050675135779549, "primary": 0.9343968559023708}}, "ACA|ACC": {"individual": [], "joint": {"secondary": 0.9610346813501821, "primary": 1.026079169637378}}, "ACA|ACG": {"individual": [], "joint": {"secondary": 1.146590793334623, "primary": 0.9683994171002482}}, "ACA|ACT": {"individual": [], "joint": {"secondary": 0.7638780793190195, "primary": 1.062936693040249}}, "ACC|ACG": {"individual": [], "joint": {"secondary": 0.9941821223552284, "primary": 0.9807920350508342}}, "ACC|ACT": {"individual": [], "joint": {"secondary": 0.9833066473470362, "primary": 1.054545250414937}}, "ACG|ACT": {"individual": [], "joint": {"secondary": 1.072238362761815, "primary": 0.9162016678018998}}, "AGA|AGG": {"individual": [], "joint": {"secondary": 1.129455606261553, "primary": 1.019508931137695}}, "AGA|CGA": {"individual": [], "joint": {"secondary": 0.7029835215257768, "primary": 1.016036343569306}}, "AGC|AGT": {"individual": [], "joint": {"secondary": 0.8469258224444774, "primary": 0.9517008576365851}}, "AGG|CGG": {"individual": [], "joint": {"secondary": 0.7949294266853104, "primary": 1.001176795636308}}, "ATA|ATC": {"individual": [], "joint": {"secondary": 0.9325428670008692, "primary": 0.9983508195199239}}, "ATA|ATT": {"individual": [], "joint": {"secondary": 0.7404518116106095, "primary": 1.020107272417978}}, "ATC|ATT": {"individual": [], "joint": {"secondary": 0.9803890112230124, "primary": 1.020913724806579}}, "CAA|CAG": {"individual": [], "joint": {"secondary": 1.203862022756405, "primary": 0.9897666708118104}}, "CAC|CAT": {"individual": [], "joint": {"secondary": 1.068729528721047, "primary": 0.9880893896059003}}, "CCA|CCC": {"individual": [], "joint": {"secondary": 1.222982997594091, "primary": 0.8988089146755298}}, "CCA|CCG": {"individual": [], "joint": {"secondary": 1.093277594127712, "primary": 1.039712511797668}}, "CCA|CCT": {"individual": [], "joint": {"secondary": 1.061351531287232, "primary": 0.9640634582142091}}, "CCC|CCG": {"individual": [], "joint": {"secondary": 0.8478207753237693, "primary": 0.9996535646684513}}, "CCC|CCT": {"individual": [], "joint": {"secondary": 0.8923328083653779, "primary": 1.034690459236086}}, "CCG|CCT": {"individual": [], "joint": {"secondary": 1.334828693307237, "primary": 0.9928251299459868}}, "CGA|CGC": {"individual": [], "joint": {"secondary": 0.8888949915990402, "primary": 0.9649877279036982}}, "CGA|CGG": {"individual": [], "joint": {"secondary": 0.8656586244358973, "primary": 1.024419905421763}}, "CGA|CGT": {"individual": [], "joint": {"secondary": 0.9644071837931087, "primary": 1.094843212834993}}, "CGC|CGG": {"individual": [], "joint": {"secondary": 0.9366305666045093, "primary": 0.9895826150344412}}, "CGC|CGT": {"individual": [], "joint": {"secondary": 1.009672311520549, "primary": 0.9815320027057493}}, "CGG|CGT": {"individual": [], "joint": {"secondary": 0.9121955945513045, "primary": 1.084839361766924}}, "CTA|CTC": {"individual": [], "joint": {"secondary": 0.9032955061350354, "primary": 1.051549181064189}}, "CTA|CTG": {"individual": [], "joint": {"secondary": 0.8743701594022201, "primary": 0.9773718961174918}}, "CTA|CTT": {"individual": [], "joint": {"secondary": 0.8619004811156052, "primary": 1.067837796943035}}, "CTA|TTA": {"individual": [], "joint": {"secondary": 0.7434821658987724, "primary": 0.9817804806668176}}, "CTC|CTG": {"individual": [], "joint": {"secondary": 1.127142031256837, "primary": 1.000593521323621}}, "CTC|CTT": {"individual": [], "joint": {"secondary": 1.167814901627897, "primary": 0.9712421355042842}}, "CTG|CTT": {"individual": [], "joint": {"secondary": 1.110096607284115, "primary": 0.9321142931289721}}, "CTG|TTG": {"individual": [], "joint": {"secondary": 1.066921079588571, "primary": 0.9734749413144504}}, "GAA|GAG": {"individual": [], "joint": {"secondary": 0.9254668602922251, "primary": 0.9679722805515566}}, "GAC|GAT": {"individual": [], "joint": {"secondary": 0.9185355962580382, "primary": 1.015656332871465}}, "GCA|GCC": {"individual": [], "joint": {"secondary": 0.9502995390763297, "primary": 0.9222706970634245}}, "GCA|GCG": {"individual": [], "joint": {"secondary": 1.051367423872238, "primary": 0.9834101861634106}}, "GCA|GCT": {"individual": [], "joint": {"secondary": 0.8835679026022909, "primary": 1.03763402814287}}, "GCC|GCG": {"individual": [], "joint": {"secondary": 1.004101448108576, "primary": 1.026264958934779}}, "GCC|GCT": {"individual": [], "joint": {"secondary": 0.8680645948111229, "primary": 1.040032859311426}}, "GCG|GCT": {"individual": [], "joint": {"secondary": 0.8969223310933819, "primary": 1.00624283205504}}, "GGA|GGC": {"individual": [], "joint": {"secondary": 1.100833696843432, "primary": 1.044641327684399}}, "GGA|GGG": {"individual": [], "joint": {"secondary": 0.9079789073226666, "primary": 1.080439280109795}}, "GGA|GGT": {"individual": [], "joint": {"secondary": 1.254894206747509, "primary": 0.824519544440587}}, "GGC|GGG": {"individual": [], "joint": {"secondary": 1.013995001207675, "primary": 1.020326950174905}}, "GGC|GGT": {"individual": [], "joint": {"secondary": 0.9728323641126277, "primary": 0.9935309311921291}}, "GGG|GGT": {"individual": [], "joint": {"secondary": 0.9931195724291356, "primary": 1.003339165656004}}, "GTA|GTC": {"individual": [], "joint": {"secondary": 1.1347347882302, "primary": 0.9413766521257296}}, "GTA|GTG": {"individual": [], "joint": {"secondary": 0.9467284314582198, "primary": 0.9728964479448219}}, "GTA|GTT": {"individual": [], "joint": {"secondary": 1.031434665560455, "primary": 1.062086411028319}}, "GTC|GTG": {"individual": [], "joint": {"secondary": 0.9977306411903493, "primary": 0.9969862685793013}}, "GTC|GTT": {"individual": [], "joint": {"secondary": 0.998900905274988, "primary": 0.9745357984071773}}, "GTG|GTT": {"individual": [], "joint": {"secondary": 1.342260232841344, "primary": 0.9832631943463273}}, "TAC|TAT": {"individual": [], "joint": {"secondary": 1.048779081285134, "primary": 0.9797687418170875}}, "TCA|TCC": {"individual": [], "joint": {"secondary": 1.4077726792535, "primary": 1.024099880174894}}, "TCA|TCG": {"individual": [], "joint": {"secondary": 1.014719211755305, "primary": 1.043600588360615}}, "TCA|TCT": {"individual": [], "joint": {"secondary": 0.68733518313911, "primary": 1.029749196470976}}, "TCC|TCG": {"individual": [], "joint": {"secondary": 1.030279694675914, "primary": 0.9747461030020607}}, "TCC|TCT": {"individual": [], "joint": {"secondary": 1.15450793885625, "primary": 0.9731331478099684}}, "TCG|TCT": {"individual": [], "joint": {"secondary": 0.9224247866515344, "primary": 1.066263887970165}}, "TGC|TGT": {"individual": [], "joint": {"secondary": 0.8709761221472635, "primary": 1.024105252170449}}, "TTA|TTG": {"individual": [], "joint": {"secondary": 1.168112425576271, "primary": 0.9751802886025438}}, "TTC|TTT": {"individual": [], "joint": {"secondary": 1.197504395665025, "primary": 0.9933216270390453}}, "model_mixture_p": 0.8585288150615746}