AminoAcid	CODON	GROUP	SUPPORT
A	GCA	NEUTRAL	0.9977690788568574
A	GCC	NEUTRAL	0.9977690788568574
A	GCG	NEUTRAL	0.9977690788568574
A	GCT	NEUTRAL	0.9977690788568574
C	TGC	AMBIGUOS	0.4658410545971059
C	TGT	AMBIGUOS	0.4658410545971059
D	GAC	SELECTED	0.001675892479958294
D	GAT	SELECTED	0.001675892479958294
E	GAA	AMBIGUOS	0.7960460773542423
E	GAG	AMBIGUOS	0.7960460773542423
F	TTC	AMBIGUOS	0.5329263464929546
F	TTT	AMBIGUOS	0.5329263464929546
G	GGA	SELECTED	0.0009446435111121541
G	GGC	SELECTED	0.0009446435111121541
G	GGG	SELECTED	0.0009446435111121541
G	GGT	SELECTED	0.0009446435111121541
H	CAC	SELECTED	0.02717416763188638
H	CAT	SELECTED	0.02717416763188638
I	ATA	SELECTED	0
I	ATC	SELECTED	0
I	ATT	SELECTED	0
K	AAA	SELECTED	0.03171193849381972
K	AAG	SELECTED	0.03171193849381972
L	CTA	NEUTRAL	0.9977690788568574
L	CTC	NEUTRAL	0.9977690788568574
L	CTG	NEUTRAL	0.9977690788568574
L	CTT	NEUTRAL	0.9977690788568574
L	TTA	NEUTRAL	0.9977690788568574
L	TTG	NEUTRAL	0.9977690788568574
N	AAC	AMBIGUOS	0.2279592065264159
N	AAT	AMBIGUOS	0.2279592065264159
P	CCA	NEUTRAL	0.9977690788568574
P	CCC	NEUTRAL	0.9977690788568574
P	CCG	NEUTRAL	0.9977690788568574
P	CCT	NEUTRAL	0.9977690788568574
Q	CAA	AMBIGUOS	0.3388954809423471
Q	CAG	AMBIGUOS	0.3388954809423471
R	AGA	AMBIGUOS	0.3077788529792069
R	AGG	AMBIGUOS	0.3077788529792069
R	CGA	AMBIGUOS	0.3077788529792069
R	CGC	AMBIGUOS	0.3077788529792069
R	CGG	AMBIGUOS	0.3077788529792069
R	CGT	AMBIGUOS	0.3077788529792069
S	AGC	SELECTED	0
S	AGT	SELECTED	0
S	TCA	SELECTED	0
S	TCC	SELECTED	0
S	TCG	SELECTED	0
S	TCT	SELECTED	0
T	ACA	SELECTED	0
T	ACC	SELECTED	0
T	ACG	SELECTED	0
T	ACT	SELECTED	0
V	GTA	NEUTRAL	0.9977690788568574
V	GTC	NEUTRAL	0.9977690788568574
V	GTG	NEUTRAL	0.9977690788568574
V	GTT	NEUTRAL	0.9977690788568574
Y	TAC	AMBIGUOS	0.5331961126882426
Y	TAT	AMBIGUOS	0.5331961126882426
