AminoAcid	CODON	GROUP	SUPPORT
A	GCA	NEUTRAL	0.9974571968336222
A	GCC	NEUTRAL	0.9974571968336222
A	GCG	NEUTRAL	0.9974571968336222
A	GCT	NEUTRAL	0.9974571968336222
C	TGC	AMBIGUOS	0.2060197286007115
C	TGT	AMBIGUOS	0.2060197286007115
D	GAC	SELECTED	0.002801283458504858
D	GAT	SELECTED	0.002801283458504858
E	GAA	SELECTED	0.03585885799970794
E	GAG	SELECTED	0.03585885799970794
F	TTC	AMBIGUOS	0.7548345747308917
F	TTT	AMBIGUOS	0.7548345747308917
G	GGA	SELECTED	0.00449283739695218
G	GGC	SELECTED	0.00449283739695218
G	GGG	SELECTED	0.00449283739695218
G	GGT	SELECTED	0.00449283739695218
H	CAC	AMBIGUOS	0.7369360897745206
H	CAT	AMBIGUOS	0.7369360897745206
I	ATA	SELECTED	0
I	ATC	SELECTED	0
I	ATT	SELECTED	0
K	AAA	AMBIGUOS	0.1013802184127261
K	AAG	AMBIGUOS	0.1013802184127261
L	CTA	NEUTRAL	0.997793257954163
L	CTC	NEUTRAL	0.997793257954163
L	CTG	NEUTRAL	0.997793257954163
L	CTT	NEUTRAL	0.997793257954163
L	TTA	NEUTRAL	0.997793257954163
L	TTG	NEUTRAL	0.997793257954163
N	AAC	AMBIGUOS	0.1872753174727846
N	AAT	AMBIGUOS	0.1872753174727846
P	CCA	NEUTRAL	0.997793257954163
P	CCC	NEUTRAL	0.997793257954163
P	CCG	NEUTRAL	0.997793257954163
P	CCT	NEUTRAL	0.997793257954163
Q	CAA	SELECTED	0.0007837221057064602
Q	CAG	SELECTED	0.0007837221057064602
R	AGA	AMBIGUOS	0.1188413739716202
R	AGG	AMBIGUOS	0.1188413739716202
R	CGA	AMBIGUOS	0.1188413739716202
R	CGC	AMBIGUOS	0.1188413739716202
R	CGG	AMBIGUOS	0.1188413739716202
R	CGT	AMBIGUOS	0.1188413739716202
S	AGC	AMBIGUOS	0.3668971276608405
S	AGT	AMBIGUOS	0.3668971276608405
S	TCA	AMBIGUOS	0.3668971276608405
S	TCC	AMBIGUOS	0.3668971276608405
S	TCG	AMBIGUOS	0.3668971276608405
S	TCT	AMBIGUOS	0.3668971276608405
T	ACA	SELECTED	0.001137412996476037
T	ACC	SELECTED	0.001137412996476037
T	ACG	SELECTED	0.001137412996476037
T	ACT	SELECTED	0.001137412996476037
V	GTA	NEUTRAL	0.997793257954163
V	GTC	NEUTRAL	0.997793257954163
V	GTG	NEUTRAL	0.997793257954163
V	GTT	NEUTRAL	0.997793257954163
Y	TAC	AMBIGUOS	0.5977100266364705
Y	TAT	AMBIGUOS	0.5977100266364705
