AminoAcid	CODON	GROUP	SUPPORT
A	GCA	NEUTRAL	0.9956359972628542
A	GCC	NEUTRAL	0.9956359972628542
A	GCG	NEUTRAL	0.9956359972628542
A	GCT	NEUTRAL	0.9956359972628542
C	TGC	AMBIGUOS	0.2151621509206657
C	TGT	AMBIGUOS	0.2151621509206657
D	GAC	SELECTED	0
D	GAT	SELECTED	0
E	GAA	AMBIGUOS	0.6209762611269134
E	GAG	AMBIGUOS	0.6209762611269134
F	TTC	AMBIGUOS	0.3848681644309561
F	TTT	AMBIGUOS	0.3848681644309561
G	GGA	SELECTED	0.01145227019034189
G	GGC	SELECTED	0.01145227019034189
G	GGG	SELECTED	0.01145227019034189
G	GGT	SELECTED	0.01145227019034189
H	CAC	AMBIGUOS	0.3045659695651603
H	CAT	AMBIGUOS	0.3045659695651603
I	ATA	SELECTED	0.007887711603793904
I	ATC	SELECTED	0.007887711603793904
I	ATT	SELECTED	0.007887711603793904
K	AAA	AMBIGUOS	0.3375601974459452
K	AAG	AMBIGUOS	0.3375601974459452
L	CTA	NEUTRAL	0.997942229492313
L	CTC	NEUTRAL	0.997942229492313
L	CTG	NEUTRAL	0.997942229492313
L	CTT	NEUTRAL	0.997942229492313
L	TTA	NEUTRAL	0.997942229492313
L	TTG	NEUTRAL	0.997942229492313
N	AAC	AMBIGUOS	0.2727750524116452
N	AAT	AMBIGUOS	0.2727750524116452
P	CCA	NEUTRAL	0.997942229492313
P	CCC	NEUTRAL	0.997942229492313
P	CCG	NEUTRAL	0.997942229492313
P	CCT	NEUTRAL	0.997942229492313
Q	CAA	AMBIGUOS	0.1732949265141824
Q	CAG	AMBIGUOS	0.1732949265141824
R	AGA	SELECTED	0.01228120599316783
R	AGG	SELECTED	0.01228120599316783
R	CGA	SELECTED	0.01228120599316783
R	CGC	SELECTED	0.01228120599316783
R	CGG	SELECTED	0.01228120599316783
R	CGT	SELECTED	0.01228120599316783
S	AGC	SELECTED	0.0459582203515715
S	AGT	SELECTED	0.0459582203515715
S	TCA	SELECTED	0.0459582203515715
S	TCC	SELECTED	0.0459582203515715
S	TCG	SELECTED	0.0459582203515715
S	TCT	SELECTED	0.0459582203515715
T	ACA	SELECTED	0
T	ACC	SELECTED	0
T	ACG	SELECTED	0
T	ACT	SELECTED	0
V	GTA	NEUTRAL	0.997942229492313
V	GTC	NEUTRAL	0.997942229492313
V	GTG	NEUTRAL	0.997942229492313
V	GTT	NEUTRAL	0.997942229492313
Y	TAC	AMBIGUOS	0.6699436724298145
Y	TAT	AMBIGUOS	0.6699436724298145
