AminoAcid	CODON	GROUP	SUPPORT
A	GCA	NEUTRAL	0.998634599940356
A	GCC	NEUTRAL	0.998634599940356
A	GCG	NEUTRAL	0.998634599940356
A	GCT	NEUTRAL	0.998634599940356
C	TGC	AMBIGUOS	0.4156574565436939
C	TGT	AMBIGUOS	0.4156574565436939
D	GAC	SELECTED	0.0006787861872022164
D	GAT	SELECTED	0.0006787861872022164
E	GAA	AMBIGUOS	0.3794480204104076
E	GAG	AMBIGUOS	0.3794480204104076
F	TTC	AMBIGUOS	0.8500404746303701
F	TTT	AMBIGUOS	0.8500404746303701
G	GGA	SELECTED	0.004326616165187669
G	GGC	SELECTED	0.004326616165187669
G	GGG	SELECTED	0.004326616165187669
G	GGT	SELECTED	0.004326616165187669
H	CAC	SELECTED	0.0006614376479053153
H	CAT	SELECTED	0.0006614376479053153
I	ATA	SELECTED	0.0005038183355809366
I	ATC	SELECTED	0.0005038183355809366
I	ATT	SELECTED	0.0005038183355809366
K	AAA	SELECTED	0.07675000231015607
K	AAG	SELECTED	0.07675000231015607
L	CTA	NEUTRAL	0.998634599940356
L	CTC	NEUTRAL	0.998634599940356
L	CTG	NEUTRAL	0.998634599940356
L	CTT	NEUTRAL	0.998634599940356
L	TTA	NEUTRAL	0.998634599940356
L	TTG	NEUTRAL	0.998634599940356
N	AAC	AMBIGUOS	0.1934623144300367
N	AAT	AMBIGUOS	0.1934623144300367
P	CCA	NEUTRAL	0.998634599940356
P	CCC	NEUTRAL	0.998634599940356
P	CCG	NEUTRAL	0.998634599940356
P	CCT	NEUTRAL	0.998634599940356
Q	CAA	SELECTED	0.07545725713179785
Q	CAG	SELECTED	0.07545725713179785
R	AGA	SELECTED	0
R	AGG	SELECTED	0
R	CGA	SELECTED	0
R	CGC	SELECTED	0
R	CGG	SELECTED	0
R	CGT	SELECTED	0
S	AGC	AMBIGUOS	0.5715482765485053
S	AGT	AMBIGUOS	0.5715482765485053
S	TCA	AMBIGUOS	0.5715482765485053
S	TCC	AMBIGUOS	0.5715482765485053
S	TCG	AMBIGUOS	0.5715482765485053
S	TCT	AMBIGUOS	0.5715482765485053
T	ACA	SELECTED	0
T	ACC	SELECTED	0
T	ACG	SELECTED	0
T	ACT	SELECTED	0
V	GTA	NEUTRAL	0.998634599940356
V	GTC	NEUTRAL	0.998634599940356
V	GTG	NEUTRAL	0.998634599940356
V	GTT	NEUTRAL	0.998634599940356
Y	TAC	NEUTRAL	0.9827596632519193
Y	TAT	NEUTRAL	0.9827596632519193
