AminoAcid	CODON	GROUP	SUPPORT
A	GCA	NEUTRAL	0.9972576030686507
A	GCC	NEUTRAL	0.9972576030686507
A	GCG	NEUTRAL	0.9972576030686507
A	GCT	NEUTRAL	0.9972576030686507
C	TGC	AMBIGUOS	0.4030660184150877
C	TGT	AMBIGUOS	0.4030660184150877
D	GAC	AMBIGUOS	0.1779130697507544
D	GAT	AMBIGUOS	0.1779130697507544
E	GAA	SELECTED	0.04809208524383936
E	GAG	SELECTED	0.04809208524383936
F	TTC	AMBIGUOS	0.6774263449514094
F	TTT	AMBIGUOS	0.6774263449514094
G	GGA	SELECTED	0.003354533037909294
G	GGC	SELECTED	0.003354533037909294
G	GGG	SELECTED	0.003354533037909294
G	GGT	SELECTED	0.003354533037909294
H	CAC	SELECTED	0.02408824608442002
H	CAT	SELECTED	0.02408824608442002
I	ATA	SELECTED	0.0006499697658939161
I	ATC	SELECTED	0.0006499697658939161
I	ATT	SELECTED	0.0006499697658939161
K	AAA	AMBIGUOS	0.8577431319290866
K	AAG	AMBIGUOS	0.8577431319290866
L	CTA	NEUTRAL	0.9975645668912054
L	CTC	NEUTRAL	0.9975645668912054
L	CTG	NEUTRAL	0.9975645668912054
L	CTT	NEUTRAL	0.9975645668912054
L	TTA	NEUTRAL	0.9975645668912054
L	TTG	NEUTRAL	0.9975645668912054
N	AAC	SELECTED	0.09866502498046874
N	AAT	SELECTED	0.09866502498046874
P	CCA	NEUTRAL	0.9975645668912054
P	CCC	NEUTRAL	0.9975645668912054
P	CCG	NEUTRAL	0.9975645668912054
P	CCT	NEUTRAL	0.9975645668912054
Q	CAA	SELECTED	0.00154730004866091
Q	CAG	SELECTED	0.00154730004866091
R	AGA	SELECTED	0.0007443031188288562
R	AGG	SELECTED	0.0007443031188288562
R	CGA	SELECTED	0.0007443031188288562
R	CGC	SELECTED	0.0007443031188288562
R	CGG	SELECTED	0.0007443031188288562
R	CGT	SELECTED	0.0007443031188288562
S	AGC	SELECTED	0.0002868267322063556
S	AGT	SELECTED	0.0002868267322063556
S	TCA	SELECTED	0.0002868267322063556
S	TCC	SELECTED	0.0002868267322063556
S	TCG	SELECTED	0.0002868267322063556
S	TCT	SELECTED	0.0002868267322063556
T	ACA	SELECTED	0.0002329736159069454
T	ACC	SELECTED	0.0002329736159069454
T	ACG	SELECTED	0.0002329736159069454
T	ACT	SELECTED	0.0002329736159069454
V	GTA	NEUTRAL	0.9975645668912054
V	GTC	NEUTRAL	0.9975645668912054
V	GTG	NEUTRAL	0.9975645668912054
V	GTT	NEUTRAL	0.9975645668912054
Y	TAC	AMBIGUOS	0.4706946037367684
Y	TAT	AMBIGUOS	0.4706946037367684
