AminoAcid	CODON	GROUP	SUPPORT
A	GCA	NEUTRAL	0.9982602838694463
A	GCC	NEUTRAL	0.9982602838694463
A	GCG	NEUTRAL	0.9982602838694463
A	GCT	NEUTRAL	0.9982602838694463
C	TGC	AMBIGUOS	0.1181420968340561
C	TGT	AMBIGUOS	0.1181420968340561
D	GAC	SELECTED	0.0001698492451208062
D	GAT	SELECTED	0.0001698492451208062
E	GAA	AMBIGUOS	0.7671578169705716
E	GAG	AMBIGUOS	0.7671578169705716
F	TTC	AMBIGUOS	0.8825379388410113
F	TTT	AMBIGUOS	0.8825379388410113
G	GGA	AMBIGUOS	0.1831810547378675
G	GGC	AMBIGUOS	0.1831810547378675
G	GGG	AMBIGUOS	0.1831810547378675
G	GGT	AMBIGUOS	0.1831810547378675
H	CAC	AMBIGUOS	0.1815476292812569
H	CAT	AMBIGUOS	0.1815476292812569
I	ATA	AMBIGUOS	0.5740569679912254
I	ATC	AMBIGUOS	0.5740569679912254
I	ATT	AMBIGUOS	0.5740569679912254
K	AAA	AMBIGUOS	0.1504908074309683
K	AAG	AMBIGUOS	0.1504908074309683
L	CTA	NEUTRAL	0.9982602838694463
L	CTC	NEUTRAL	0.9982602838694463
L	CTG	NEUTRAL	0.9982602838694463
L	CTT	NEUTRAL	0.9982602838694463
L	TTA	NEUTRAL	0.9982602838694463
L	TTG	NEUTRAL	0.9982602838694463
N	AAC	AMBIGUOS	0.7899164770335375
N	AAT	AMBIGUOS	0.7899164770335375
P	CCA	NEUTRAL	0.9982602838694463
P	CCC	NEUTRAL	0.9982602838694463
P	CCG	NEUTRAL	0.9982602838694463
P	CCT	NEUTRAL	0.9982602838694463
Q	CAA	SELECTED	0.0774368667421394
Q	CAG	SELECTED	0.0774368667421394
R	AGA	SELECTED	0.01847342732103163
R	AGG	SELECTED	0.01847342732103163
R	CGA	SELECTED	0.01847342732103163
R	CGC	SELECTED	0.01847342732103163
R	CGG	SELECTED	0.01847342732103163
R	CGT	SELECTED	0.01847342732103163
S	AGC	SELECTED	0.004489580819692437
S	AGT	SELECTED	0.004489580819692437
S	TCA	SELECTED	0.004489580819692437
S	TCC	SELECTED	0.004489580819692437
S	TCG	SELECTED	0.004489580819692437
S	TCT	SELECTED	0.004489580819692437
T	ACA	SELECTED	0.001765394637652713
T	ACC	SELECTED	0.001765394637652713
T	ACG	SELECTED	0.001765394637652713
T	ACT	SELECTED	0.001765394637652713
V	GTA	NEUTRAL	0.9982602838694463
V	GTC	NEUTRAL	0.9982602838694463
V	GTG	NEUTRAL	0.9982602838694463
V	GTT	NEUTRAL	0.9982602838694463
Y	TAC	AMBIGUOS	0.6068183880995788
Y	TAT	AMBIGUOS	0.6068183880995788
