AminoAcid	CODON	GROUP	SUPPORT
A	GCA	NEUTRAL	0.9962929354158278
A	GCC	NEUTRAL	0.9962929354158278
A	GCG	NEUTRAL	0.9962929354158278
A	GCT	NEUTRAL	0.9962929354158278
C	TGC	AMBIGUOS	0.6018334682212598
C	TGT	AMBIGUOS	0.6018334682212598
D	GAC	SELECTED	0.001353075270044479
D	GAT	SELECTED	0.001353075270044479
E	GAA	AMBIGUOS	0.4038466199982846
E	GAG	AMBIGUOS	0.4038466199982846
F	TTC	NEUTRAL	0.9550210028382063
F	TTT	NEUTRAL	0.9550210028382063
G	GGA	SELECTED	0.0002520445600143086
G	GGC	SELECTED	0.0002520445600143086
G	GGG	SELECTED	0.0002520445600143086
G	GGT	SELECTED	0.0002520445600143086
H	CAC	AMBIGUOS	0.3395380387597066
H	CAT	AMBIGUOS	0.3395380387597066
I	ATA	AMBIGUOS	0.1600387648019135
I	ATC	AMBIGUOS	0.1600387648019135
I	ATT	AMBIGUOS	0.1600387648019135
K	AAA	SELECTED	0.09679638720050719
K	AAG	SELECTED	0.09679638720050719
L	CTA	NEUTRAL	0.9977414244370784
L	CTC	NEUTRAL	0.9977414244370784
L	CTG	NEUTRAL	0.9977414244370784
L	CTT	NEUTRAL	0.9977414244370784
L	TTA	NEUTRAL	0.9977414244370784
L	TTG	NEUTRAL	0.9977414244370784
N	AAC	SELECTED	0.008793018195769751
N	AAT	SELECTED	0.008793018195769751
P	CCA	NEUTRAL	0.9977414244370784
P	CCC	NEUTRAL	0.9977414244370784
P	CCG	NEUTRAL	0.9977414244370784
P	CCT	NEUTRAL	0.9977414244370784
Q	CAA	SELECTED	0.03589858496519353
Q	CAG	SELECTED	0.03589858496519353
R	AGA	AMBIGUOS	0.595496547783162
R	AGG	AMBIGUOS	0.595496547783162
R	CGA	AMBIGUOS	0.595496547783162
R	CGC	AMBIGUOS	0.595496547783162
R	CGG	AMBIGUOS	0.595496547783162
R	CGT	AMBIGUOS	0.595496547783162
S	AGC	SELECTED	0.01105630247747189
S	AGT	SELECTED	0.01105630247747189
S	TCA	SELECTED	0.01105630247747189
S	TCC	SELECTED	0.01105630247747189
S	TCG	SELECTED	0.01105630247747189
S	TCT	SELECTED	0.01105630247747189
T	ACA	SELECTED	0
T	ACC	SELECTED	0
T	ACG	SELECTED	0
T	ACT	SELECTED	0
V	GTA	NEUTRAL	0.9977414244370784
V	GTC	NEUTRAL	0.9977414244370784
V	GTG	NEUTRAL	0.9977414244370784
V	GTT	NEUTRAL	0.9977414244370784
Y	TAC	SELECTED	0.0809100421834341
Y	TAT	SELECTED	0.0809100421834341
