AminoAcid	CODON	GROUP	SUPPORT
A	GCA	NEUTRAL	0.9976131840813092
A	GCC	NEUTRAL	0.9976131840813092
A	GCG	NEUTRAL	0.9976131840813092
A	GCT	NEUTRAL	0.9976131840813092
C	TGC	SELECTED	0.02165076101975884
C	TGT	SELECTED	0.02165076101975884
D	GAC	SELECTED	0.000881843564270586
D	GAT	SELECTED	0.000881843564270586
E	GAA	SELECTED	0.09334825746389518
E	GAG	SELECTED	0.09334825746389518
F	TTC	AMBIGUOS	0.383507374927997
F	TTT	AMBIGUOS	0.383507374927997
G	GGA	AMBIGUOS	0.3850872782809706
G	GGC	AMBIGUOS	0.3850872782809706
G	GGG	AMBIGUOS	0.3850872782809706
G	GGT	AMBIGUOS	0.3850872782809706
H	CAC	AMBIGUOS	0.4616046224131883
H	CAT	AMBIGUOS	0.4616046224131883
I	ATA	AMBIGUOS	0.3935537129562903
I	ATC	AMBIGUOS	0.3935537129562903
I	ATT	AMBIGUOS	0.3935537129562903
K	AAA	SELECTED	0.01994941653143009
K	AAG	SELECTED	0.01994941653143009
L	CTA	NEUTRAL	0.9976131840813092
L	CTC	NEUTRAL	0.9976131840813092
L	CTG	NEUTRAL	0.9976131840813092
L	CTT	NEUTRAL	0.9976131840813092
L	TTA	NEUTRAL	0.9976131840813092
L	TTG	NEUTRAL	0.9976131840813092
N	AAC	AMBIGUOS	0.8674699571756515
N	AAT	AMBIGUOS	0.8674699571756515
P	CCA	NEUTRAL	0.9976131840813092
P	CCC	NEUTRAL	0.9976131840813092
P	CCG	NEUTRAL	0.9976131840813092
P	CCT	NEUTRAL	0.9976131840813092
Q	CAA	SELECTED	0.06946733410557322
Q	CAG	SELECTED	0.06946733410557322
R	AGA	SELECTED	0.002263928533540207
R	AGG	SELECTED	0.002263928533540207
R	CGA	SELECTED	0.002263928533540207
R	CGC	SELECTED	0.002263928533540207
R	CGG	SELECTED	0.002263928533540207
R	CGT	SELECTED	0.002263928533540207
S	AGC	SELECTED	0.000360046609228166
S	AGT	SELECTED	0.000360046609228166
S	TCA	SELECTED	0.000360046609228166
S	TCC	SELECTED	0.000360046609228166
S	TCG	SELECTED	0.000360046609228166
S	TCT	SELECTED	0.000360046609228166
T	ACA	SELECTED	0.00210806576706112
T	ACC	SELECTED	0.00210806576706112
T	ACG	SELECTED	0.00210806576706112
T	ACT	SELECTED	0.00210806576706112
V	GTA	NEUTRAL	0.9976131840813092
V	GTC	NEUTRAL	0.9976131840813092
V	GTG	NEUTRAL	0.9976131840813092
V	GTT	NEUTRAL	0.9976131840813092
Y	TAC	AMBIGUOS	0.3919091348804904
Y	TAT	AMBIGUOS	0.3919091348804904
