AminoAcid	CODON	GROUP	SUPPORT
A	GCA	NEUTRAL	0.9983006535837778
A	GCC	NEUTRAL	0.9983006535837778
A	GCG	NEUTRAL	0.9983006535837778
A	GCT	NEUTRAL	0.9983006535837778
C	TGC	AMBIGUOS	0.5187569300362874
C	TGT	AMBIGUOS	0.5187569300362874
D	GAC	SELECTED	0
D	GAT	SELECTED	0
E	GAA	AMBIGUOS	0.6229218496481116
E	GAG	AMBIGUOS	0.6229218496481116
F	TTC	NEUTRAL	0.9760958311941726
F	TTT	NEUTRAL	0.9760958311941726
G	GGA	NEUTRAL	0.9303187118821175
G	GGC	NEUTRAL	0.9303187118821175
G	GGG	NEUTRAL	0.9303187118821175
G	GGT	NEUTRAL	0.9303187118821175
H	CAC	AMBIGUOS	0.162575446211681
H	CAT	AMBIGUOS	0.162575446211681
I	ATA	SELECTED	0
I	ATC	SELECTED	0
I	ATT	SELECTED	0
K	AAA	AMBIGUOS	0.2538387746956176
K	AAG	AMBIGUOS	0.2538387746956176
L	CTA	NEUTRAL	0.9983006535837778
L	CTC	NEUTRAL	0.9983006535837778
L	CTG	NEUTRAL	0.9983006535837778
L	CTT	NEUTRAL	0.9983006535837778
L	TTA	NEUTRAL	0.9983006535837778
L	TTG	NEUTRAL	0.9983006535837778
N	AAC	NEUTRAL	0.9302409825699701
N	AAT	NEUTRAL	0.9302409825699701
P	CCA	NEUTRAL	0.9983006535837778
P	CCC	NEUTRAL	0.9983006535837778
P	CCG	NEUTRAL	0.9983006535837778
P	CCT	NEUTRAL	0.9983006535837778
Q	CAA	SELECTED	0.08036324185244587
Q	CAG	SELECTED	0.08036324185244587
R	AGA	SELECTED	0.001457149804759292
R	AGG	SELECTED	0.001457149804759292
R	CGA	SELECTED	0.001457149804759292
R	CGC	SELECTED	0.001457149804759292
R	CGG	SELECTED	0.001457149804759292
R	CGT	SELECTED	0.001457149804759292
S	AGC	AMBIGUOS	0.3017399622489513
S	AGT	AMBIGUOS	0.3017399622489513
S	TCA	AMBIGUOS	0.3017399622489513
S	TCC	AMBIGUOS	0.3017399622489513
S	TCG	AMBIGUOS	0.3017399622489513
S	TCT	AMBIGUOS	0.3017399622489513
T	ACA	SELECTED	0.009742966328307578
T	ACC	SELECTED	0.009742966328307578
T	ACG	SELECTED	0.009742966328307578
T	ACT	SELECTED	0.009742966328307578
V	GTA	NEUTRAL	0.9983006535837778
V	GTC	NEUTRAL	0.9983006535837778
V	GTG	NEUTRAL	0.9983006535837778
V	GTT	NEUTRAL	0.9983006535837778
Y	TAC	AMBIGUOS	0.7547713180401125
Y	TAT	AMBIGUOS	0.7547713180401125
