AminoAcid	CODON	GROUP	SUPPORT
A	GCA	NEUTRAL	0.9970809374785067
A	GCC	NEUTRAL	0.9970809374785067
A	GCG	NEUTRAL	0.9970809374785067
A	GCT	NEUTRAL	0.9970809374785067
C	TGC	AMBIGUOS	0.5066411082833161
C	TGT	AMBIGUOS	0.5066411082833161
D	GAC	SELECTED	0
D	GAT	SELECTED	0
E	GAA	AMBIGUOS	0.1682057728116643
E	GAG	AMBIGUOS	0.1682057728116643
F	TTC	AMBIGUOS	0.8148726877903032
F	TTT	AMBIGUOS	0.8148726877903032
G	GGA	SELECTED	0.0001292742445534516
G	GGC	SELECTED	0.0001292742445534516
G	GGG	SELECTED	0.0001292742445534516
G	GGT	SELECTED	0.0001292742445534516
H	CAC	AMBIGUOS	0.1458570824498234
H	CAT	AMBIGUOS	0.1458570824498234
I	ATA	SELECTED	0.04308742611344325
I	ATC	SELECTED	0.04308742611344325
I	ATT	SELECTED	0.04308742611344325
K	AAA	AMBIGUOS	0.5750281355511279
K	AAG	AMBIGUOS	0.5750281355511279
L	CTA	NEUTRAL	0.9980224725139807
L	CTC	NEUTRAL	0.9980224725139807
L	CTG	NEUTRAL	0.9980224725139807
L	CTT	NEUTRAL	0.9980224725139807
L	TTA	NEUTRAL	0.9980224725139807
L	TTG	NEUTRAL	0.9980224725139807
N	AAC	AMBIGUOS	0.5561984157129967
N	AAT	AMBIGUOS	0.5561984157129967
P	CCA	NEUTRAL	0.9980224725139807
P	CCC	NEUTRAL	0.9980224725139807
P	CCG	NEUTRAL	0.9980224725139807
P	CCT	NEUTRAL	0.9980224725139807
Q	CAA	SELECTED	0.002928772757538395
Q	CAG	SELECTED	0.002928772757538395
R	AGA	SELECTED	0.0402841962505806
R	AGG	SELECTED	0.0402841962505806
R	CGA	SELECTED	0.0402841962505806
R	CGC	SELECTED	0.0402841962505806
R	CGG	SELECTED	0.0402841962505806
R	CGT	SELECTED	0.0402841962505806
S	AGC	AMBIGUOS	0.8984391439776752
S	AGT	AMBIGUOS	0.8984391439776752
S	TCA	AMBIGUOS	0.8984391439776752
S	TCC	AMBIGUOS	0.8984391439776752
S	TCG	AMBIGUOS	0.8984391439776752
S	TCT	AMBIGUOS	0.8984391439776752
T	ACA	SELECTED	0.02343731814133163
T	ACC	SELECTED	0.02343731814133163
T	ACG	SELECTED	0.02343731814133163
T	ACT	SELECTED	0.02343731814133163
V	GTA	NEUTRAL	0.9980224725139807
V	GTC	NEUTRAL	0.9980224725139807
V	GTG	NEUTRAL	0.9980224725139807
V	GTT	NEUTRAL	0.9980224725139807
Y	TAC	AMBIGUOS	0.6930703553883099
Y	TAT	AMBIGUOS	0.6930703553883099
