AminoAcid	CODON	GROUP	SUPPORT
A	GCA	NEUTRAL	0.9987241991340878
A	GCC	NEUTRAL	0.9987241991340878
A	GCG	NEUTRAL	0.9987241991340878
A	GCT	NEUTRAL	0.9987241991340878
C	TGC	AMBIGUOS	0.2413011631590899
C	TGT	AMBIGUOS	0.2413011631590899
D	GAC	SELECTED	0.0001301477612453231
D	GAT	SELECTED	0.0001301477612453231
E	GAA	AMBIGUOS	0.1385559474613555
E	GAG	AMBIGUOS	0.1385559474613555
F	TTC	AMBIGUOS	0.5650105081720279
F	TTT	AMBIGUOS	0.5650105081720279
G	GGA	SELECTED	0.003477952037634837
G	GGC	SELECTED	0.003477952037634837
G	GGG	SELECTED	0.003477952037634837
G	GGT	SELECTED	0.003477952037634837
H	CAC	AMBIGUOS	0.4969061460031234
H	CAT	AMBIGUOS	0.4969061460031234
I	ATA	SELECTED	0.002369038403298005
I	ATC	SELECTED	0.002369038403298005
I	ATT	SELECTED	0.002369038403298005
K	AAA	SELECTED	0.06152544813289245
K	AAG	SELECTED	0.06152544813289245
L	CTA	NEUTRAL	0.9987241991340878
L	CTC	NEUTRAL	0.9987241991340878
L	CTG	NEUTRAL	0.9987241991340878
L	CTT	NEUTRAL	0.9987241991340878
L	TTA	NEUTRAL	0.9987241991340878
L	TTG	NEUTRAL	0.9987241991340878
N	AAC	NEUTRAL	0.9737067870923692
N	AAT	NEUTRAL	0.9737067870923692
P	CCA	NEUTRAL	0.9987241991340878
P	CCC	NEUTRAL	0.9987241991340878
P	CCG	NEUTRAL	0.9987241991340878
P	CCT	NEUTRAL	0.9987241991340878
Q	CAA	SELECTED	0.007350554781116519
Q	CAG	SELECTED	0.007350554781116519
R	AGA	SELECTED	0.002646374279681597
R	AGG	SELECTED	0.002646374279681597
R	CGA	SELECTED	0.002646374279681597
R	CGC	SELECTED	0.002646374279681597
R	CGG	SELECTED	0.002646374279681597
R	CGT	SELECTED	0.002646374279681597
S	AGC	AMBIGUOS	0.8062600907182139
S	AGT	AMBIGUOS	0.8062600907182139
S	TCA	AMBIGUOS	0.8062600907182139
S	TCC	AMBIGUOS	0.8062600907182139
S	TCG	AMBIGUOS	0.8062600907182139
S	TCT	AMBIGUOS	0.8062600907182139
T	ACA	SELECTED	0.007906240135940573
T	ACC	SELECTED	0.007906240135940573
T	ACG	SELECTED	0.007906240135940573
T	ACT	SELECTED	0.007906240135940573
V	GTA	NEUTRAL	0.9987241991340878
V	GTC	NEUTRAL	0.9987241991340878
V	GTG	NEUTRAL	0.9987241991340878
V	GTT	NEUTRAL	0.9987241991340878
Y	TAC	AMBIGUOS	0.8036004509295457
Y	TAT	AMBIGUOS	0.8036004509295457
