AminoAcid	CODON	GROUP	SUPPORT
A	GCA	NEUTRAL	0.9978201318690465
A	GCC	NEUTRAL	0.9978201318690465
A	GCG	NEUTRAL	0.9978201318690465
A	GCT	NEUTRAL	0.9978201318690465
C	TGC	AMBIGUOS	0.1487536766012606
C	TGT	AMBIGUOS	0.1487536766012606
D	GAC	SELECTED	0.001682011918708046
D	GAT	SELECTED	0.001682011918708046
E	GAA	AMBIGUOS	0.2408686640603545
E	GAG	AMBIGUOS	0.2408686640603545
F	TTC	AMBIGUOS	0.7823727746387888
F	TTT	AMBIGUOS	0.7823727746387888
G	GGA	SELECTED	0.0002346907860293686
G	GGC	SELECTED	0.0002346907860293686
G	GGG	SELECTED	0.0002346907860293686
G	GGT	SELECTED	0.0002346907860293686
H	CAC	SELECTED	0.01470752908812373
H	CAT	SELECTED	0.01470752908812373
I	ATA	SELECTED	0
I	ATC	SELECTED	0
I	ATT	SELECTED	0
K	AAA	AMBIGUOS	0.7486570957089046
K	AAG	AMBIGUOS	0.7486570957089046
L	CTA	NEUTRAL	0.9978201318690465
L	CTC	NEUTRAL	0.9978201318690465
L	CTG	NEUTRAL	0.9978201318690465
L	CTT	NEUTRAL	0.9978201318690465
L	TTA	NEUTRAL	0.9978201318690465
L	TTG	NEUTRAL	0.9978201318690465
N	AAC	AMBIGUOS	0.7539595522762437
N	AAT	AMBIGUOS	0.7539595522762437
P	CCA	NEUTRAL	0.9978201318690465
P	CCC	NEUTRAL	0.9978201318690465
P	CCG	NEUTRAL	0.9978201318690465
P	CCT	NEUTRAL	0.9978201318690465
Q	CAA	SELECTED	0.03238165524278661
Q	CAG	SELECTED	0.03238165524278661
R	AGA	SELECTED	0.04784422283346814
R	AGG	SELECTED	0.04784422283346814
R	CGA	SELECTED	0.04784422283346814
R	CGC	SELECTED	0.04784422283346814
R	CGG	SELECTED	0.04784422283346814
R	CGT	SELECTED	0.04784422283346814
S	AGC	SELECTED	0.0003553956756413085
S	AGT	SELECTED	0.0003553956756413085
S	TCA	SELECTED	0.0003553956756413085
S	TCC	SELECTED	0.0003553956756413085
S	TCG	SELECTED	0.0003553956756413085
S	TCT	SELECTED	0.0003553956756413085
T	ACA	AMBIGUOS	0.1193809187316671
T	ACC	AMBIGUOS	0.1193809187316671
T	ACG	AMBIGUOS	0.1193809187316671
T	ACT	AMBIGUOS	0.1193809187316671
V	GTA	NEUTRAL	0.9978201318690465
V	GTC	NEUTRAL	0.9978201318690465
V	GTG	NEUTRAL	0.9978201318690465
V	GTT	NEUTRAL	0.9978201318690465
Y	TAC	AMBIGUOS	0.3945614276712114
Y	TAT	AMBIGUOS	0.3945614276712114
