AminoAcid	CODON	GROUP	SUPPORT
A	GCA	NEUTRAL	0.9980449892833071
A	GCC	NEUTRAL	0.9980449892833071
A	GCG	NEUTRAL	0.9980449892833071
A	GCT	NEUTRAL	0.9980449892833071
C	TGC	AMBIGUOS	0.1237748604720469
C	TGT	AMBIGUOS	0.1237748604720469
D	GAC	SELECTED	0
D	GAT	SELECTED	0
E	GAA	SELECTED	0.02452107855840963
E	GAG	SELECTED	0.02452107855840963
F	TTC	AMBIGUOS	0.404820989424631
F	TTT	AMBIGUOS	0.404820989424631
G	GGA	AMBIGUOS	0.2730499098007379
G	GGC	AMBIGUOS	0.2730499098007379
G	GGG	AMBIGUOS	0.2730499098007379
G	GGT	AMBIGUOS	0.2730499098007379
H	CAC	SELECTED	0.02108573521808213
H	CAT	SELECTED	0.02108573521808213
I	ATA	AMBIGUOS	0.1189471402337714
I	ATC	AMBIGUOS	0.1189471402337714
I	ATT	AMBIGUOS	0.1189471402337714
K	AAA	SELECTED	0.05185544027638748
K	AAG	SELECTED	0.05185544027638748
L	CTA	NEUTRAL	0.9983122782494352
L	CTC	NEUTRAL	0.9983122782494352
L	CTG	NEUTRAL	0.9983122782494352
L	CTT	NEUTRAL	0.9983122782494352
L	TTA	NEUTRAL	0.9983122782494352
L	TTG	NEUTRAL	0.9983122782494352
N	AAC	AMBIGUOS	0.8337775008025889
N	AAT	AMBIGUOS	0.8337775008025889
P	CCA	NEUTRAL	0.9983122782494352
P	CCC	NEUTRAL	0.9983122782494352
P	CCG	NEUTRAL	0.9983122782494352
P	CCT	NEUTRAL	0.9983122782494352
Q	CAA	SELECTED	0.003570831749255787
Q	CAG	SELECTED	0.003570831749255787
R	AGA	AMBIGUOS	0.3045663230236807
R	AGG	AMBIGUOS	0.3045663230236807
R	CGA	AMBIGUOS	0.3045663230236807
R	CGC	AMBIGUOS	0.3045663230236807
R	CGG	AMBIGUOS	0.3045663230236807
R	CGT	AMBIGUOS	0.3045663230236807
S	AGC	AMBIGUOS	0.1265528309193781
S	AGT	AMBIGUOS	0.1265528309193781
S	TCA	AMBIGUOS	0.1265528309193781
S	TCC	AMBIGUOS	0.1265528309193781
S	TCG	AMBIGUOS	0.1265528309193781
S	TCT	AMBIGUOS	0.1265528309193781
T	ACA	SELECTED	0.004290380760779897
T	ACC	SELECTED	0.004290380760779897
T	ACG	SELECTED	0.004290380760779897
T	ACT	SELECTED	0.004290380760779897
V	GTA	NEUTRAL	0.9983122782494352
V	GTC	NEUTRAL	0.9983122782494352
V	GTG	NEUTRAL	0.9983122782494352
V	GTT	NEUTRAL	0.9983122782494352
Y	TAC	AMBIGUOS	0.6535668788503463
Y	TAT	AMBIGUOS	0.6535668788503463
