AminoAcid	CODON	GROUP	SUPPORT
A	GCA	NEUTRAL	0.9979365187279556
A	GCC	NEUTRAL	0.9979365187279556
A	GCG	NEUTRAL	0.9979365187279556
A	GCT	NEUTRAL	0.9979365187279556
C	TGC	AMBIGUOS	0.1712042916381936
C	TGT	AMBIGUOS	0.1712042916381936
D	GAC	SELECTED	0.0006366108481421766
D	GAT	SELECTED	0.0006366108481421766
E	GAA	SELECTED	0.01819164576573599
E	GAG	SELECTED	0.01819164576573599
F	TTC	AMBIGUOS	0.2945659373887606
F	TTT	AMBIGUOS	0.2945659373887606
G	GGA	NEUTRAL	0.9629747431230199
G	GGC	NEUTRAL	0.9629747431230199
G	GGG	NEUTRAL	0.9629747431230199
G	GGT	NEUTRAL	0.9629747431230199
H	CAC	AMBIGUOS	0.2166518455502903
H	CAT	AMBIGUOS	0.2166518455502903
I	ATA	SELECTED	0.002426073105193148
I	ATC	SELECTED	0.002426073105193148
I	ATT	SELECTED	0.002426073105193148
K	AAA	AMBIGUOS	0.3480960777176972
K	AAG	AMBIGUOS	0.3480960777176972
L	CTA	NEUTRAL	0.9979365187279556
L	CTC	NEUTRAL	0.9979365187279556
L	CTG	NEUTRAL	0.9979365187279556
L	CTT	NEUTRAL	0.9979365187279556
L	TTA	NEUTRAL	0.9979365187279556
L	TTG	NEUTRAL	0.9979365187279556
N	AAC	NEUTRAL	0.9630108819993274
N	AAT	NEUTRAL	0.9630108819993274
P	CCA	NEUTRAL	0.9979365187279556
P	CCC	NEUTRAL	0.9979365187279556
P	CCG	NEUTRAL	0.9979365187279556
P	CCT	NEUTRAL	0.9979365187279556
Q	CAA	AMBIGUOS	0.1417836276826512
Q	CAG	AMBIGUOS	0.1417836276826512
R	AGA	SELECTED	0.0001130753289432288
R	AGG	SELECTED	0.0001130753289432288
R	CGA	SELECTED	0.0001130753289432288
R	CGC	SELECTED	0.0001130753289432288
R	CGG	SELECTED	0.0001130753289432288
R	CGT	SELECTED	0.0001130753289432288
S	AGC	SELECTED	0.000727039143009494
S	AGT	SELECTED	0.000727039143009494
S	TCA	SELECTED	0.000727039143009494
S	TCC	SELECTED	0.000727039143009494
S	TCG	SELECTED	0.000727039143009494
S	TCT	SELECTED	0.000727039143009494
T	ACA	SELECTED	0
T	ACC	SELECTED	0
T	ACG	SELECTED	0
T	ACT	SELECTED	0
V	GTA	NEUTRAL	0.9979365187279556
V	GTC	NEUTRAL	0.9979365187279556
V	GTG	NEUTRAL	0.9979365187279556
V	GTT	NEUTRAL	0.9979365187279556
Y	TAC	AMBIGUOS	0.4665410582036656
Y	TAT	AMBIGUOS	0.4665410582036656
