AminoAcid	CODON	GROUP	SUPPORT
A	GCA	NEUTRAL	0.9986766791640739
A	GCC	NEUTRAL	0.9986766791640739
A	GCG	NEUTRAL	0.9986766791640739
A	GCT	NEUTRAL	0.9986766791640739
C	TGC	AMBIGUOS	0.3369767336612493
C	TGT	AMBIGUOS	0.3369767336612493
D	GAC	SELECTED	0.004206189959752689
D	GAT	SELECTED	0.004206189959752689
E	GAA	SELECTED	0.00802765600998407
E	GAG	SELECTED	0.00802765600998407
F	TTC	AMBIGUOS	0.7568357539808698
F	TTT	AMBIGUOS	0.7568357539808698
G	GGA	SELECTED	0.00497973390445053
G	GGC	SELECTED	0.00497973390445053
G	GGG	SELECTED	0.00497973390445053
G	GGT	SELECTED	0.00497973390445053
H	CAC	SELECTED	0.01420855953516418
H	CAT	SELECTED	0.01420855953516418
I	ATA	AMBIGUOS	0.404099132626338
I	ATC	AMBIGUOS	0.404099132626338
I	ATT	AMBIGUOS	0.404099132626338
K	AAA	AMBIGUOS	0.4028294445191585
K	AAG	AMBIGUOS	0.4028294445191585
L	CTA	NEUTRAL	0.9986766791640739
L	CTC	NEUTRAL	0.9986766791640739
L	CTG	NEUTRAL	0.9986766791640739
L	CTT	NEUTRAL	0.9986766791640739
L	TTA	NEUTRAL	0.9986766791640739
L	TTG	NEUTRAL	0.9986766791640739
N	AAC	AMBIGUOS	0.6479747987648317
N	AAT	AMBIGUOS	0.6479747987648317
P	CCA	NEUTRAL	0.9986766791640739
P	CCC	NEUTRAL	0.9986766791640739
P	CCG	NEUTRAL	0.9986766791640739
P	CCT	NEUTRAL	0.9986766791640739
Q	CAA	SELECTED	0.05171821904733283
Q	CAG	SELECTED	0.05171821904733283
R	AGA	SELECTED	0
R	AGG	SELECTED	0
R	CGA	SELECTED	0
R	CGC	SELECTED	0
R	CGG	SELECTED	0
R	CGT	SELECTED	0
S	AGC	SELECTED	0.02386339421038453
S	AGT	SELECTED	0.02386339421038453
S	TCA	SELECTED	0.02386339421038453
S	TCC	SELECTED	0.02386339421038453
S	TCG	SELECTED	0.02386339421038453
S	TCT	SELECTED	0.02386339421038453
T	ACA	SELECTED	0
T	ACC	SELECTED	0
T	ACG	SELECTED	0
T	ACT	SELECTED	0
V	GTA	NEUTRAL	0.9986766791640739
V	GTC	NEUTRAL	0.9986766791640739
V	GTG	NEUTRAL	0.9986766791640739
V	GTT	NEUTRAL	0.9986766791640739
Y	TAC	AMBIGUOS	0.415024251316785
Y	TAT	AMBIGUOS	0.415024251316785
