AminoAcid	CODON	GROUP	SUPPORT
A	GCA	NEUTRAL	0.9977256857173571
A	GCC	NEUTRAL	0.9977256857173571
A	GCG	NEUTRAL	0.9977256857173571
A	GCT	NEUTRAL	0.9977256857173571
C	TGC	AMBIGUOS	0.3930407288498032
C	TGT	AMBIGUOS	0.3930407288498032
D	GAC	SELECTED	0
D	GAT	SELECTED	0
E	GAA	SELECTED	0.0172619922607324
E	GAG	SELECTED	0.0172619922607324
F	TTC	AMBIGUOS	0.5832830458715607
F	TTT	AMBIGUOS	0.5832830458715607
G	GGA	SELECTED	0.001094421302070111
G	GGC	SELECTED	0.001094421302070111
G	GGG	SELECTED	0.001094421302070111
G	GGT	SELECTED	0.001094421302070111
H	CAC	AMBIGUOS	0.1434034435255155
H	CAT	AMBIGUOS	0.1434034435255155
I	ATA	AMBIGUOS	0.2315896158114519
I	ATC	AMBIGUOS	0.2315896158114519
I	ATT	AMBIGUOS	0.2315896158114519
K	AAA	AMBIGUOS	0.4269188605190086
K	AAG	AMBIGUOS	0.4269188605190086
L	CTA	NEUTRAL	0.9977256857173571
L	CTC	NEUTRAL	0.9977256857173571
L	CTG	NEUTRAL	0.9977256857173571
L	CTT	NEUTRAL	0.9977256857173571
L	TTA	NEUTRAL	0.9977256857173571
L	TTG	NEUTRAL	0.9977256857173571
N	AAC	SELECTED	0.09690014266435812
N	AAT	SELECTED	0.09690014266435812
P	CCA	NEUTRAL	0.9977256857173571
P	CCC	NEUTRAL	0.9977256857173571
P	CCG	NEUTRAL	0.9977256857173571
P	CCT	NEUTRAL	0.9977256857173571
Q	CAA	SELECTED	0.03630608854603347
Q	CAG	SELECTED	0.03630608854603347
R	AGA	SELECTED	0.02454768348585101
R	AGG	SELECTED	0.02454768348585101
R	CGA	SELECTED	0.02454768348585101
R	CGC	SELECTED	0.02454768348585101
R	CGG	SELECTED	0.02454768348585101
R	CGT	SELECTED	0.02454768348585101
S	AGC	AMBIGUOS	0.11120271002522
S	AGT	AMBIGUOS	0.11120271002522
S	TCA	AMBIGUOS	0.11120271002522
S	TCC	AMBIGUOS	0.11120271002522
S	TCG	AMBIGUOS	0.11120271002522
S	TCT	AMBIGUOS	0.11120271002522
T	ACA	SELECTED	0.003515994577371501
T	ACC	SELECTED	0.003515994577371501
T	ACG	SELECTED	0.003515994577371501
T	ACT	SELECTED	0.003515994577371501
V	GTA	NEUTRAL	0.9977256857173571
V	GTC	NEUTRAL	0.9977256857173571
V	GTG	NEUTRAL	0.9977256857173571
V	GTT	NEUTRAL	0.9977256857173571
Y	TAC	AMBIGUOS	0.5239392283037629
Y	TAT	AMBIGUOS	0.5239392283037629
