AminoAcid	CODON	GROUP	SUPPORT
A	GCA	NEUTRAL	0.9982705214518331
A	GCC	NEUTRAL	0.9982705214518331
A	GCG	NEUTRAL	0.9982705214518331
A	GCT	NEUTRAL	0.9982705214518331
C	TGC	AMBIGUOS	0.1906855225295231
C	TGT	AMBIGUOS	0.1906855225295231
D	GAC	SELECTED	0.08658956643814124
D	GAT	SELECTED	0.08658956643814124
E	GAA	AMBIGUOS	0.8795556214293495
E	GAG	AMBIGUOS	0.8795556214293495
F	TTC	NEUTRAL	0.973202061708322
F	TTT	NEUTRAL	0.973202061708322
G	GGA	SELECTED	0.002488986395397906
G	GGC	SELECTED	0.002488986395397906
G	GGG	SELECTED	0.002488986395397906
G	GGT	SELECTED	0.002488986395397906
H	CAC	SELECTED	0.003556232518770689
H	CAT	SELECTED	0.003556232518770689
I	ATA	SELECTED	0.05371865274679496
I	ATC	SELECTED	0.05371865274679496
I	ATT	SELECTED	0.05371865274679496
K	AAA	AMBIGUOS	0.2829396844805626
K	AAG	AMBIGUOS	0.2829396844805626
L	CTA	NEUTRAL	0.9982705214518331
L	CTC	NEUTRAL	0.9982705214518331
L	CTG	NEUTRAL	0.9982705214518331
L	CTT	NEUTRAL	0.9982705214518331
L	TTA	NEUTRAL	0.9982705214518331
L	TTG	NEUTRAL	0.9982705214518331
N	AAC	AMBIGUOS	0.1114821284266265
N	AAT	AMBIGUOS	0.1114821284266265
P	CCA	NEUTRAL	0.9982705214518331
P	CCC	NEUTRAL	0.9982705214518331
P	CCG	NEUTRAL	0.9982705214518331
P	CCT	NEUTRAL	0.9982705214518331
Q	CAA	SELECTED	0.007847451729136482
Q	CAG	SELECTED	0.007847451729136482
R	AGA	SELECTED	0.002939723374321482
R	AGG	SELECTED	0.002939723374321482
R	CGA	SELECTED	0.002939723374321482
R	CGC	SELECTED	0.002939723374321482
R	CGG	SELECTED	0.002939723374321482
R	CGT	SELECTED	0.002939723374321482
S	AGC	AMBIGUOS	0.2321764729339623
S	AGT	AMBIGUOS	0.2321764729339623
S	TCA	AMBIGUOS	0.2321764729339623
S	TCC	AMBIGUOS	0.2321764729339623
S	TCG	AMBIGUOS	0.2321764729339623
S	TCT	AMBIGUOS	0.2321764729339623
T	ACA	SELECTED	0.0002162593862069149
T	ACC	SELECTED	0.0002162593862069149
T	ACG	SELECTED	0.0002162593862069149
T	ACT	SELECTED	0.0002162593862069149
V	GTA	NEUTRAL	0.9982705214518331
V	GTC	NEUTRAL	0.9982705214518331
V	GTG	NEUTRAL	0.9982705214518331
V	GTT	NEUTRAL	0.9982705214518331
Y	TAC	AMBIGUOS	0.4761790663933016
Y	TAT	AMBIGUOS	0.4761790663933016
