AminoAcid	CODON	GROUP	SUPPORT
A	GCA	NEUTRAL	0.9980893804452222
A	GCC	NEUTRAL	0.9980893804452222
A	GCG	NEUTRAL	0.9980893804452222
A	GCT	NEUTRAL	0.9980893804452222
C	TGC	AMBIGUOS	0.316676338308677
C	TGT	AMBIGUOS	0.316676338308677
D	GAC	SELECTED	0.007368320819068997
D	GAT	SELECTED	0.007368320819068997
E	GAA	AMBIGUOS	0.2243670322512468
E	GAG	AMBIGUOS	0.2243670322512468
F	TTC	AMBIGUOS	0.8693998144225691
F	TTT	AMBIGUOS	0.8693998144225691
G	GGA	SELECTED	0.0933413392268936
G	GGC	SELECTED	0.0933413392268936
G	GGG	SELECTED	0.0933413392268936
G	GGT	SELECTED	0.0933413392268936
H	CAC	AMBIGUOS	0.8045769022574694
H	CAT	AMBIGUOS	0.8045769022574694
I	ATA	SELECTED	0.01963871177173437
I	ATC	SELECTED	0.01963871177173437
I	ATT	SELECTED	0.01963871177173437
K	AAA	AMBIGUOS	0.5524377466641569
K	AAG	AMBIGUOS	0.5524377466641569
L	CTA	NEUTRAL	0.9980893804452222
L	CTC	NEUTRAL	0.9980893804452222
L	CTG	NEUTRAL	0.9980893804452222
L	CTT	NEUTRAL	0.9980893804452222
L	TTA	NEUTRAL	0.9980893804452222
L	TTG	NEUTRAL	0.9980893804452222
N	AAC	AMBIGUOS	0.4989569506310633
N	AAT	AMBIGUOS	0.4989569506310633
P	CCA	NEUTRAL	0.9980893804452222
P	CCC	NEUTRAL	0.9980893804452222
P	CCG	NEUTRAL	0.9980893804452222
P	CCT	NEUTRAL	0.9980893804452222
Q	CAA	AMBIGUOS	0.2431311854392005
Q	CAG	AMBIGUOS	0.2431311854392005
R	AGA	SELECTED	0
R	AGG	SELECTED	0
R	CGA	SELECTED	0
R	CGC	SELECTED	0
R	CGG	SELECTED	0
R	CGT	SELECTED	0
S	AGC	AMBIGUOS	0.1392193517768106
S	AGT	AMBIGUOS	0.1392193517768106
S	TCA	AMBIGUOS	0.1392193517768106
S	TCC	AMBIGUOS	0.1392193517768106
S	TCG	AMBIGUOS	0.1392193517768106
S	TCT	AMBIGUOS	0.1392193517768106
T	ACA	SELECTED	0.00373936910757597
T	ACC	SELECTED	0.00373936910757597
T	ACG	SELECTED	0.00373936910757597
T	ACT	SELECTED	0.00373936910757597
V	GTA	NEUTRAL	0.9980893804452222
V	GTC	NEUTRAL	0.9980893804452222
V	GTG	NEUTRAL	0.9980893804452222
V	GTT	NEUTRAL	0.9980893804452222
Y	TAC	NEUTRAL	0.9643344322667048
Y	TAT	NEUTRAL	0.9643344322667048
