AminoAcid	CODON	GROUP	SUPPORT
A	GCA	NEUTRAL	0.9984684861942137
A	GCC	NEUTRAL	0.9984684861942137
A	GCG	NEUTRAL	0.9984684861942137
A	GCT	NEUTRAL	0.9984684861942137
C	TGC	AMBIGUOS	0.368754338242279
C	TGT	AMBIGUOS	0.368754338242279
D	GAC	SELECTED	0.0001638336307225846
D	GAT	SELECTED	0.0001638336307225846
E	GAA	NEUTRAL	0.9020199861951118
E	GAG	NEUTRAL	0.9020199861951118
F	TTC	NEUTRAL	0.990747296408951
F	TTT	NEUTRAL	0.990747296408951
G	GGA	SELECTED	0.0529768496666998
G	GGC	SELECTED	0.0529768496666998
G	GGG	SELECTED	0.0529768496666998
G	GGT	SELECTED	0.0529768496666998
H	CAC	AMBIGUOS	0.2486167867920692
H	CAT	AMBIGUOS	0.2486167867920692
I	ATA	SELECTED	0.002991217515566633
I	ATC	SELECTED	0.002991217515566633
I	ATT	SELECTED	0.002991217515566633
K	AAA	AMBIGUOS	0.4743645860271337
K	AAG	AMBIGUOS	0.4743645860271337
L	CTA	NEUTRAL	0.9984684861942137
L	CTC	NEUTRAL	0.9984684861942137
L	CTG	NEUTRAL	0.9984684861942137
L	CTT	NEUTRAL	0.9984684861942137
L	TTA	NEUTRAL	0.9984684861942137
L	TTG	NEUTRAL	0.9984684861942137
N	AAC	AMBIGUOS	0.2527176026124702
N	AAT	AMBIGUOS	0.2527176026124702
P	CCA	NEUTRAL	0.9984684861942137
P	CCC	NEUTRAL	0.9984684861942137
P	CCG	NEUTRAL	0.9984684861942137
P	CCT	NEUTRAL	0.9984684861942137
Q	CAA	AMBIGUOS	0.2259105575882128
Q	CAG	AMBIGUOS	0.2259105575882128
R	AGA	SELECTED	0.001283590698007232
R	AGG	SELECTED	0.001283590698007232
R	CGA	SELECTED	0.001283590698007232
R	CGC	SELECTED	0.001283590698007232
R	CGG	SELECTED	0.001283590698007232
R	CGT	SELECTED	0.001283590698007232
S	AGC	SELECTED	0
S	AGT	SELECTED	0
S	TCA	SELECTED	0
S	TCC	SELECTED	0
S	TCG	SELECTED	0
S	TCT	SELECTED	0
T	ACA	SELECTED	0
T	ACC	SELECTED	0
T	ACG	SELECTED	0
T	ACT	SELECTED	0
V	GTA	NEUTRAL	0.9984684861942137
V	GTC	NEUTRAL	0.9984684861942137
V	GTG	NEUTRAL	0.9984684861942137
V	GTT	NEUTRAL	0.9984684861942137
Y	TAC	AMBIGUOS	0.3743966812866437
Y	TAT	AMBIGUOS	0.3743966812866437
