AminoAcid	CODON	GROUP	SUPPORT
A	GCA	NEUTRAL	0.9976466320350763
A	GCC	NEUTRAL	0.9976466320350763
A	GCG	NEUTRAL	0.9976466320350763
A	GCT	NEUTRAL	0.9976466320350763
C	TGC	SELECTED	0.0276514846526756
C	TGT	SELECTED	0.0276514846526756
D	GAC	SELECTED	0.002418939413409859
D	GAT	SELECTED	0.002418939413409859
E	GAA	SELECTED	0.003612699325136928
E	GAG	SELECTED	0.003612699325136928
F	TTC	AMBIGUOS	0.7789566144005711
F	TTT	AMBIGUOS	0.7789566144005711
G	GGA	NEUTRAL	0.9351062756021019
G	GGC	NEUTRAL	0.9351062756021019
G	GGG	NEUTRAL	0.9351062756021019
G	GGT	NEUTRAL	0.9351062756021019
H	CAC	AMBIGUOS	0.4169617336811818
H	CAT	AMBIGUOS	0.4169617336811818
I	ATA	SELECTED	0.002547662750692704
I	ATC	SELECTED	0.002547662750692704
I	ATT	SELECTED	0.002547662750692704
K	AAA	AMBIGUOS	0.2985724699809124
K	AAG	AMBIGUOS	0.2985724699809124
L	CTA	NEUTRAL	0.9976466320350763
L	CTC	NEUTRAL	0.9976466320350763
L	CTG	NEUTRAL	0.9976466320350763
L	CTT	NEUTRAL	0.9976466320350763
L	TTA	NEUTRAL	0.9976466320350763
L	TTG	NEUTRAL	0.9976466320350763
N	AAC	AMBIGUOS	0.8367121557434756
N	AAT	AMBIGUOS	0.8367121557434756
P	CCA	NEUTRAL	0.9975036581493789
P	CCC	NEUTRAL	0.9975036581493789
P	CCG	NEUTRAL	0.9975036581493789
P	CCT	NEUTRAL	0.9975036581493789
Q	CAA	SELECTED	0.05735373981754685
Q	CAG	SELECTED	0.05735373981754685
R	AGA	SELECTED	0.02207045090153291
R	AGG	SELECTED	0.02207045090153291
R	CGA	SELECTED	0.02207045090153291
R	CGC	SELECTED	0.02207045090153291
R	CGG	SELECTED	0.02207045090153291
R	CGT	SELECTED	0.02207045090153291
S	AGC	AMBIGUOS	0.3423112535015466
S	AGT	AMBIGUOS	0.3423112535015466
S	TCA	AMBIGUOS	0.3423112535015466
S	TCC	AMBIGUOS	0.3423112535015466
S	TCG	AMBIGUOS	0.3423112535015466
S	TCT	AMBIGUOS	0.3423112535015466
T	ACA	SELECTED	0.0003030404495007003
T	ACC	SELECTED	0.0003030404495007003
T	ACG	SELECTED	0.0003030404495007003
T	ACT	SELECTED	0.0003030404495007003
V	GTA	NEUTRAL	0.9976466320350763
V	GTC	NEUTRAL	0.9976466320350763
V	GTG	NEUTRAL	0.9976466320350763
V	GTT	NEUTRAL	0.9976466320350763
Y	TAC	AMBIGUOS	0.4566987570232215
Y	TAT	AMBIGUOS	0.4566987570232215
