AminoAcid	CODON	GROUP	SUPPORT
A	GCA	NEUTRAL	0.9968598914904945
A	GCC	NEUTRAL	0.9968598914904945
A	GCG	NEUTRAL	0.9968598914904945
A	GCT	NEUTRAL	0.9968598914904945
C	TGC	AMBIGUOS	0.5165355334845452
C	TGT	AMBIGUOS	0.5165355334845452
D	GAC	SELECTED	0.0004702583339607558
D	GAT	SELECTED	0.0004702583339607558
E	GAA	SELECTED	0.04803712580457558
E	GAG	SELECTED	0.04803712580457558
F	TTC	AMBIGUOS	0.2247211148437208
F	TTT	AMBIGUOS	0.2247211148437208
G	GGA	SELECTED	0.0006820439686601163
G	GGC	SELECTED	0.0006820439686601163
G	GGG	SELECTED	0.0006820439686601163
G	GGT	SELECTED	0.0006820439686601163
H	CAC	AMBIGUOS	0.4100256041046231
H	CAT	AMBIGUOS	0.4100256041046231
I	ATA	AMBIGUOS	0.151203967581435
I	ATC	AMBIGUOS	0.151203967581435
I	ATT	AMBIGUOS	0.151203967581435
K	AAA	AMBIGUOS	0.2081935022262605
K	AAG	AMBIGUOS	0.2081935022262605
L	CTA	NEUTRAL	0.9974621431502945
L	CTC	NEUTRAL	0.9974621431502945
L	CTG	NEUTRAL	0.9974621431502945
L	CTT	NEUTRAL	0.9974621431502945
L	TTA	NEUTRAL	0.9974621431502945
L	TTG	NEUTRAL	0.9974621431502945
N	AAC	AMBIGUOS	0.1652215696208272
N	AAT	AMBIGUOS	0.1652215696208272
P	CCA	NEUTRAL	0.9974621431502945
P	CCC	NEUTRAL	0.9974621431502945
P	CCG	NEUTRAL	0.9974621431502945
P	CCT	NEUTRAL	0.9974621431502945
Q	CAA	AMBIGUOS	0.5083655058566449
Q	CAG	AMBIGUOS	0.5083655058566449
R	AGA	SELECTED	0.001898080902046741
R	AGG	SELECTED	0.001898080902046741
R	CGA	SELECTED	0.001898080902046741
R	CGC	SELECTED	0.001898080902046741
R	CGG	SELECTED	0.001898080902046741
R	CGT	SELECTED	0.001898080902046741
S	AGC	SELECTED	0.0002499800931645152
S	AGT	SELECTED	0.0002499800931645152
S	TCA	SELECTED	0.0002499800931645152
S	TCC	SELECTED	0.0002499800931645152
S	TCG	SELECTED	0.0002499800931645152
S	TCT	SELECTED	0.0002499800931645152
T	ACA	SELECTED	0.0002316813813279421
T	ACC	SELECTED	0.0002316813813279421
T	ACG	SELECTED	0.0002316813813279421
T	ACT	SELECTED	0.0002316813813279421
V	GTA	NEUTRAL	0.9974621431502945
V	GTC	NEUTRAL	0.9974621431502945
V	GTG	NEUTRAL	0.9974621431502945
V	GTT	NEUTRAL	0.9974621431502945
Y	TAC	AMBIGUOS	0.2058364692246711
Y	TAT	AMBIGUOS	0.2058364692246711
