AminoAcid	CODON	GROUP	SUPPORT
A	GCA	NEUTRAL	0.9979111141477105
A	GCC	NEUTRAL	0.9979111141477105
A	GCG	NEUTRAL	0.9979111141477105
A	GCT	NEUTRAL	0.9979111141477105
C	TGC	AMBIGUOS	0.2634185762803903
C	TGT	AMBIGUOS	0.2634185762803903
D	GAC	SELECTED	0.003974448011525714
D	GAT	SELECTED	0.003974448011525714
E	GAA	AMBIGUOS	0.2113090871969779
E	GAG	AMBIGUOS	0.2113090871969779
F	TTC	AMBIGUOS	0.6739415477137818
F	TTT	AMBIGUOS	0.6739415477137818
G	GGA	SELECTED	0.001774296570569646
G	GGC	SELECTED	0.001774296570569646
G	GGG	SELECTED	0.001774296570569646
G	GGT	SELECTED	0.001774296570569646
H	CAC	AMBIGUOS	0.2487577877136034
H	CAT	AMBIGUOS	0.2487577877136034
I	ATA	SELECTED	0.03509853463166696
I	ATC	SELECTED	0.03509853463166696
I	ATT	SELECTED	0.03509853463166696
K	AAA	AMBIGUOS	0.1788611354982025
K	AAG	AMBIGUOS	0.1788611354982025
L	CTA	NEUTRAL	0.9979111141477105
L	CTC	NEUTRAL	0.9979111141477105
L	CTG	NEUTRAL	0.9979111141477105
L	CTT	NEUTRAL	0.9979111141477105
L	TTA	NEUTRAL	0.9979111141477105
L	TTG	NEUTRAL	0.9979111141477105
N	AAC	SELECTED	0.0696111505007655
N	AAT	SELECTED	0.0696111505007655
P	CCA	NEUTRAL	0.9979111141477105
P	CCC	NEUTRAL	0.9979111141477105
P	CCG	NEUTRAL	0.9979111141477105
P	CCT	NEUTRAL	0.9979111141477105
Q	CAA	AMBIGUOS	0.1076550353828755
Q	CAG	AMBIGUOS	0.1076550353828755
R	AGA	SELECTED	0.0001347888225001177
R	AGG	SELECTED	0.0001347888225001177
R	CGA	SELECTED	0.0001347888225001177
R	CGC	SELECTED	0.0001347888225001177
R	CGG	SELECTED	0.0001347888225001177
R	CGT	SELECTED	0.0001347888225001177
S	AGC	SELECTED	0.003822841276932072
S	AGT	SELECTED	0.003822841276932072
S	TCA	SELECTED	0.003822841276932072
S	TCC	SELECTED	0.003822841276932072
S	TCG	SELECTED	0.003822841276932072
S	TCT	SELECTED	0.003822841276932072
T	ACA	SELECTED	0.003605850755403722
T	ACC	SELECTED	0.003605850755403722
T	ACG	SELECTED	0.003605850755403722
T	ACT	SELECTED	0.003605850755403722
V	GTA	NEUTRAL	0.9979111141477105
V	GTC	NEUTRAL	0.9979111141477105
V	GTG	NEUTRAL	0.9979111141477105
V	GTT	NEUTRAL	0.9979111141477105
Y	TAC	AMBIGUOS	0.5945783782179386
Y	TAT	AMBIGUOS	0.5945783782179386
