AminoAcid	CODON	GROUP	SUPPORT
A	GCA	NEUTRAL	0.9974752575640211
A	GCC	NEUTRAL	0.9974752575640211
A	GCG	NEUTRAL	0.9974752575640211
A	GCT	NEUTRAL	0.9974752575640211
C	TGC	AMBIGUOS	0.2031070306394902
C	TGT	AMBIGUOS	0.2031070306394902
D	GAC	SELECTED	0
D	GAT	SELECTED	0
E	GAA	SELECTED	0.05947572192684897
E	GAG	SELECTED	0.05947572192684897
F	TTC	AMBIGUOS	0.7652803365893346
F	TTT	AMBIGUOS	0.7652803365893346
G	GGA	SELECTED	0.002091465501382232
G	GGC	SELECTED	0.002091465501382232
G	GGG	SELECTED	0.002091465501382232
G	GGT	SELECTED	0.002091465501382232
H	CAC	SELECTED	0.04149397717557558
H	CAT	SELECTED	0.04149397717557558
I	ATA	SELECTED	0.01003974813312982
I	ATC	SELECTED	0.01003974813312982
I	ATT	SELECTED	0.01003974813312982
K	AAA	SELECTED	0.05371362094871279
K	AAG	SELECTED	0.05371362094871279
L	CTA	NEUTRAL	0.9985130420859993
L	CTC	NEUTRAL	0.9985130420859993
L	CTG	NEUTRAL	0.9985130420859993
L	CTT	NEUTRAL	0.9985130420859993
L	TTA	NEUTRAL	0.9985130420859993
L	TTG	NEUTRAL	0.9985130420859993
N	AAC	AMBIGUOS	0.5064919705725851
N	AAT	AMBIGUOS	0.5064919705725851
P	CCA	NEUTRAL	0.9985130420859993
P	CCC	NEUTRAL	0.9985130420859993
P	CCG	NEUTRAL	0.9985130420859993
P	CCT	NEUTRAL	0.9985130420859993
Q	CAA	SELECTED	0.03288784097875874
Q	CAG	SELECTED	0.03288784097875874
R	AGA	SELECTED	0.0003057757273597103
R	AGG	SELECTED	0.0003057757273597103
R	CGA	SELECTED	0.0003057757273597103
R	CGC	SELECTED	0.0003057757273597103
R	CGG	SELECTED	0.0003057757273597103
R	CGT	SELECTED	0.0003057757273597103
S	AGC	AMBIGUOS	0.2673345439726798
S	AGT	AMBIGUOS	0.2673345439726798
S	TCA	AMBIGUOS	0.2673345439726798
S	TCC	AMBIGUOS	0.2673345439726798
S	TCG	AMBIGUOS	0.2673345439726798
S	TCT	AMBIGUOS	0.2673345439726798
T	ACA	AMBIGUOS	0.2353352292530087
T	ACC	AMBIGUOS	0.2353352292530087
T	ACG	AMBIGUOS	0.2353352292530087
T	ACT	AMBIGUOS	0.2353352292530087
V	GTA	NEUTRAL	0.9985130420859993
V	GTC	NEUTRAL	0.9985130420859993
V	GTG	NEUTRAL	0.9985130420859993
V	GTT	NEUTRAL	0.9985130420859993
Y	TAC	NEUTRAL	0.9424859860401096
Y	TAT	NEUTRAL	0.9424859860401096
