AminoAcid	CODON	GROUP	SUPPORT
A	GCA	NEUTRAL	0.9966815519095528
A	GCC	NEUTRAL	0.9966815519095528
A	GCG	NEUTRAL	0.9966815519095528
A	GCT	NEUTRAL	0.9966815519095528
C	TGC	AMBIGUOS	0.3734998874096813
C	TGT	AMBIGUOS	0.3734998874096813
D	GAC	SELECTED	0
D	GAT	SELECTED	0
E	GAA	SELECTED	0.03692431838657176
E	GAG	SELECTED	0.03692431838657176
F	TTC	AMBIGUOS	0.699942205940181
F	TTT	AMBIGUOS	0.699942205940181
G	GGA	SELECTED	0
G	GGC	SELECTED	0
G	GGG	SELECTED	0
G	GGT	SELECTED	0
H	CAC	AMBIGUOS	0.2956220988379118
H	CAT	AMBIGUOS	0.2956220988379118
I	ATA	AMBIGUOS	0.1845923150880402
I	ATC	AMBIGUOS	0.1845923150880402
I	ATT	AMBIGUOS	0.1845923150880402
K	AAA	AMBIGUOS	0.2151984644437862
K	AAG	AMBIGUOS	0.2151984644437862
L	CTA	NEUTRAL	0.9983194676182083
L	CTC	NEUTRAL	0.9983194676182083
L	CTG	NEUTRAL	0.9983194676182083
L	CTT	NEUTRAL	0.9983194676182083
L	TTA	NEUTRAL	0.9983194676182083
L	TTG	NEUTRAL	0.9983194676182083
N	AAC	AMBIGUOS	0.5076292226514431
N	AAT	AMBIGUOS	0.5076292226514431
P	CCA	NEUTRAL	0.9983194676182083
P	CCC	NEUTRAL	0.9983194676182083
P	CCG	NEUTRAL	0.9983194676182083
P	CCT	NEUTRAL	0.9983194676182083
Q	CAA	SELECTED	0.0003093701517649093
Q	CAG	SELECTED	0.0003093701517649093
R	AGA	SELECTED	0
R	AGG	SELECTED	0
R	CGA	SELECTED	0
R	CGC	SELECTED	0
R	CGG	SELECTED	0
R	CGT	SELECTED	0
S	AGC	SELECTED	0.002606321745073272
S	AGT	SELECTED	0.002606321745073272
S	TCA	SELECTED	0.002606321745073272
S	TCC	SELECTED	0.002606321745073272
S	TCG	SELECTED	0.002606321745073272
S	TCT	SELECTED	0.002606321745073272
T	ACA	SELECTED	0
T	ACC	SELECTED	0
T	ACG	SELECTED	0
T	ACT	SELECTED	0
V	GTA	NEUTRAL	0.9983194676182083
V	GTC	NEUTRAL	0.9983194676182083
V	GTG	NEUTRAL	0.9983194676182083
V	GTT	NEUTRAL	0.9983194676182083
Y	TAC	AMBIGUOS	0.7969305159883756
Y	TAT	AMBIGUOS	0.7969305159883756
