AminoAcid	CODON	GROUP	SUPPORT
A	GCA	NEUTRAL	0.9984082298791865
A	GCC	NEUTRAL	0.9984082298791865
A	GCG	NEUTRAL	0.9984082298791865
A	GCT	NEUTRAL	0.9984082298791865
C	TGC	AMBIGUOS	0.3908256997674944
C	TGT	AMBIGUOS	0.3908256997674944
D	GAC	SELECTED	0.007794453554511343
D	GAT	SELECTED	0.007794453554511343
E	GAA	AMBIGUOS	0.5670155453651005
E	GAG	AMBIGUOS	0.5670155453651005
F	TTC	AMBIGUOS	0.4595398970284523
F	TTT	AMBIGUOS	0.4595398970284523
G	GGA	NEUTRAL	0.995070600287275
G	GGC	NEUTRAL	0.995070600287275
G	GGG	NEUTRAL	0.995070600287275
G	GGT	NEUTRAL	0.995070600287275
H	CAC	AMBIGUOS	0.5001068244033392
H	CAT	AMBIGUOS	0.5001068244033392
I	ATA	SELECTED	0.00776770744093913
I	ATC	SELECTED	0.00776770744093913
I	ATT	SELECTED	0.00776770744093913
K	AAA	AMBIGUOS	0.5583370449434252
K	AAG	AMBIGUOS	0.5583370449434252
L	CTA	NEUTRAL	0.9984082298791865
L	CTC	NEUTRAL	0.9984082298791865
L	CTG	NEUTRAL	0.9984082298791865
L	CTT	NEUTRAL	0.9984082298791865
L	TTA	NEUTRAL	0.9984082298791865
L	TTG	NEUTRAL	0.9984082298791865
N	AAC	AMBIGUOS	0.8189222700912744
N	AAT	AMBIGUOS	0.8189222700912744
P	CCA	NEUTRAL	0.9984082298791865
P	CCC	NEUTRAL	0.9984082298791865
P	CCG	NEUTRAL	0.9984082298791865
P	CCT	NEUTRAL	0.9984082298791865
Q	CAA	SELECTED	0.04412670104872564
Q	CAG	SELECTED	0.04412670104872564
R	AGA	SELECTED	0.0001092925120889406
R	AGG	SELECTED	0.0001092925120889406
R	CGA	SELECTED	0.0001092925120889406
R	CGC	SELECTED	0.0001092925120889406
R	CGG	SELECTED	0.0001092925120889406
R	CGT	SELECTED	0.0001092925120889406
S	AGC	SELECTED	0.07265362355158776
S	AGT	SELECTED	0.07265362355158776
S	TCA	SELECTED	0.07265362355158776
S	TCC	SELECTED	0.07265362355158776
S	TCG	SELECTED	0.07265362355158776
S	TCT	SELECTED	0.07265362355158776
T	ACA	SELECTED	0
T	ACC	SELECTED	0
T	ACG	SELECTED	0
T	ACT	SELECTED	0
V	GTA	NEUTRAL	0.9984082298791865
V	GTC	NEUTRAL	0.9984082298791865
V	GTG	NEUTRAL	0.9984082298791865
V	GTT	NEUTRAL	0.9984082298791865
Y	TAC	SELECTED	0.05582895005950414
Y	TAT	SELECTED	0.05582895005950414
