{"AAA|AAG": {"individual": [], "joint": {"secondary": 1.083806470462779, "primary": 1.138650132787925}}, "AAC|AAT": {"individual": [], "joint": {"secondary": 1.023242806172913, "primary": 1.020344421060107}}, "ACA|ACC": {"individual": [], "joint": {"secondary": 1.032405128567793, "primary": 1.084375224984813}}, "ACA|ACG": {"individual": [], "joint": {"secondary": 0.9245658683907628, "primary": 1.06150170499976}}, "ACA|ACT": {"individual": [], "joint": {"secondary": 1.190408579090882, "primary": 1.178915057390394}}, "ACC|ACG": {"individual": [], "joint": {"secondary": 0.7077971176003212, "primary": 0.7550165277477408}}, "ACC|ACT": {"individual": [], "joint": {"secondary": 0.8756710546882046, "primary": 0.8469708211747033}}, "ACG|ACT": {"individual": [], "joint": {"secondary": 0.9683983125792701, "primary": 1.05438869575031}}, "AGA|AGG": {"individual": [], "joint": {"secondary": 1.144786668276502, "primary": 1.126004715049215}}, "AGA|CGA": {"individual": [], "joint": {"secondary": 0.8797347634339661, "primary": 0.915228008653873}}, "AGC|AGT": {"individual": [], "joint": {"secondary": 0.9700085343839735, "primary": 0.9725605093916175}}, "AGG|CGG": {"individual": [], "joint": {"secondary": 1.096211034572985, "primary": 1.321297107268452}}, "ATA|ATC": {"individual": [], "joint": {"secondary": 0.8307447934923387, "primary": 0.7687001311792335}}, "ATA|ATT": {"individual": [], "joint": {"secondary": 1.382707508172031, "primary": 1.164517444700509}}, "ATC|ATT": {"individual": [], "joint": {"secondary": 0.99715449445114, "primary": 1.020884192468271}}, "CAA|CAG": {"individual": [], "joint": {"secondary": 0.9966410566608166, "primary": 1.181673851364024}}, "CAC|CAT": {"individual": [], "joint": {"secondary": 1.085014694730124, "primary": 0.9858037371794289}}, "CCA|CCC": {"individual": [], "joint": {"secondary": 1.103395481084958, "primary": 1.11166664100706}}, "CCA|CCG": {"individual": [], "joint": {"secondary": 1.047639812944165, "primary": 1.176236160052912}}, "CCA|CCT": {"individual": [], "joint": {"secondary": 1.078762221595194, "primary": 0.9885456541107291}}, "CCC|CCG": {"individual": [], "joint": {"secondary": 0.919973810992272, "primary": 0.9752066126487681}}, "CCC|CCT": {"individual": [], "joint": {"secondary": 0.9331610530911488, "primary": 0.8484459809187722}}, "CCG|CCT": {"individual": [], "joint": {"secondary": 0.9994780047804832, "primary": 1.106736168028139}}, "CGA|CGC": {"individual": [], "joint": {"secondary": 0.9750945966074994, "primary": 0.9245325459127981}}, "CGA|CGG": {"individual": [], "joint": {"secondary": 0.9987272025450815, "primary": 0.8870112363704364}}, "CGA|CGT": {"individual": [], "joint": {"secondary": 1.231966548050798, "primary": 1.184170949512831}}, "CGC|CGG": {"individual": [], "joint": {"secondary": 0.9628042633355761, "primary": 1.005243473445585}}, "CGC|CGT": {"individual": [], "joint": {"secondary": 1.046331357427988, "primary": 1.000437246080059}}, "CGG|CGT": {"individual": [], "joint": {"secondary": 0.9798297979062189, "primary": 0.952117724336812}}, "CTA|CTC": {"individual": [], "joint": {"secondary": 0.816941924165339, "primary": 0.93587315073554}}, "CTA|CTG": {"individual": [], "joint": {"secondary": 1.011786113277121, "primary": 0.9486427064244518}}, "CTA|CTT": {"individual": [], "joint": {"secondary": 1.536609539197294, "primary": 1.440713256027905}}, "CTA|TTA": {"individual": [], "joint": {"secondary": 1.229344054505203, "primary": 1.276858611292704}}, "CTC|CTG": {"individual": [], "joint": {"secondary": 0.8126992876963872, "primary": 0.9278394256372066}}, "CTC|CTT": {"individual": [], "joint": {"secondary": 1.305666498188708, "primary": 1.261213558030386}}, "CTG|CTT": {"individual": [], "joint": {"secondary": 0.9864191807028571, "primary": 0.8688729745124204}}, "CTG|TTG": {"individual": [], "joint": {"secondary": 0.9200298913613891, "primary": 1.097718328649902}}, "GAA|GAG": {"individual": [], "joint": {"secondary": 1.037760476494479, "primary": 1.229260552926568}}, "GAC|GAT": {"individual": [], "joint": {"secondary": 0.9669712445474207, "primary": 0.9746369274198202}}, "GCA|GCC": {"individual": [], "joint": {"secondary": 1.000557829728774, "primary": 0.984844908437503}}, "GCA|GCG": {"individual": [], "joint": {"secondary": 0.885001975027765, "primary": 0.9614426742651432}}, "GCA|GCT": {"individual": [], "joint": {"secondary": 1.138149675443962, "primary": 1.268415256242977}}, "GCC|GCG": {"individual": [], "joint": {"secondary": 0.6140603700818978, "primary": 0.6457827941060296}}, "GCC|GCT": {"individual": [], "joint": {"secondary": 0.8495355448663264, "primary": 0.889927831820222}}, "GCG|GCT": {"individual": [], "joint": {"secondary": 0.8789028876773604, "primary": 0.7433148498210482}}, "GGA|GGC": {"individual": [], "joint": {"secondary": 1.085357694760949, "primary": 1.098932088928339}}, "GGA|GGG": {"individual": [], "joint": {"secondary": 0.6181531206871331, "primary": 0.3128755530216459}}, "GGA|GGT": {"individual": [], "joint": {"secondary": 1.17129083509603, "primary": 1.264952459147754}}, "GGC|GGG": {"individual": [], "joint": {"secondary": 0.7092433398391789, "primary": 0.4119676057028301}}, "GGC|GGT": {"individual": [], "joint": {"secondary": 1.053384351374073, "primary": 1.070887070258615}}, "GGG|GGT": {"individual": [], "joint": {"secondary": 0.8369023151794583, "primary": 0.4230135226774598}}, "GTA|GTC": {"individual": [], "joint": {"secondary": 0.6965757020146296, "primary": 0.6948993892390958}}, "GTA|GTG": {"individual": [], "joint": {"secondary": 0.915290559756793, "primary": 0.809518134690791}}, "GTA|GTT": {"individual": [], "joint": {"secondary": 1.131658366889522, "primary": 1.068957117461082}}, "GTC|GTG": {"individual": [], "joint": {"secondary": 0.7568207880521841, "primary": 0.930678514642781}}, "GTC|GTT": {"individual": [], "joint": {"secondary": 0.8655043207127625, "primary": 0.8960862483496265}}, "GTG|GTT": {"individual": [], "joint": {"secondary": 1.02783298394492, "primary": 1.255107462749431}}, "TAC|TAT": {"individual": [], "joint": {"secondary": 1.1284016480456, "primary": 1.134805011143614}}, "TCA|TCC": {"individual": [], "joint": {"secondary": 0.9459942279412973, "primary": 0.8266453355299704}}, "TCA|TCG": {"individual": [], "joint": {"secondary": 1.016481845259241, "primary": 1.102024423168958}}, "TCA|TCT": {"individual": [], "joint": {"secondary": 0.9949780356144675, "primary": 0.9353342764377185}}, "TCC|TCG": {"individual": [], "joint": {"secondary": 0.9838292944897011, "primary": 1.162166768741428}}, "TCC|TCT": {"individual": [], "joint": {"secondary": 1.035280500541398, "primary": 0.9605268722273573}}, "TCG|TCT": {"individual": [], "joint": {"secondary": 0.9598148765025913, "primary": 1.089584081444641}}, "TGC|TGT": {"individual": [], "joint": {"secondary": 1.082120303908151, "primary": 1.171439144551595}}, "TTA|TTG": {"individual": [], "joint": {"secondary": 0.9508026135513892, "primary": 0.8176215114978987}}, "TTC|TTT": {"individual": [], "joint": {"secondary": 1.577382746788026, "primary": 1.349436926462275}}}