{"AAA|AAG": {"individual": [], "joint": {"secondary": 1.059721953155363, "primary": 0.8911599663305227}}, "AAC|AAT": {"individual": [], "joint": {"secondary": 1.080807335369751, "primary": 1.121602607286307}}, "ACA|ACC": {"individual": [], "joint": {"secondary": 1.377310592258018, "primary": 1.141140461069418}}, "ACA|ACG": {"individual": [], "joint": {"secondary": 1.228216715554374, "primary": 1.181716355847783}}, "ACA|ACT": {"individual": [], "joint": {"secondary": 1.486554324311335, "primary": 1.176939975662042}}, "ACC|ACG": {"individual": [], "joint": {"secondary": 0.8244146382613908, "primary": 1.044881713998077}}, "ACC|ACT": {"individual": [], "joint": {"secondary": 1.329808898516896, "primary": 1.198736858767227}}, "ACG|ACT": {"individual": [], "joint": {"secondary": 1.293507443638107, "primary": 1.374317627408877}}, "AGA|AGG": {"individual": [], "joint": {"secondary": 0.8504113789761015, "primary": 1.063197134456814}}, "AGA|CGA": {"individual": [], "joint": {"secondary": 0.2004487816664327, "primary": 0.6690722487377503}}, "AGC|AGT": {"individual": [], "joint": {"secondary": 1.174755050394355, "primary": 1.157114997888987}}, "AGG|CGG": {"individual": [], "joint": {"secondary": 0.9668771385387852, "primary": 0.9006685112042355}}, "ATA|ATC": {"individual": [], "joint": {"secondary": 0.5963978948778274, "primary": 0.8529152031986618}}, "ATA|ATT": {"individual": [], "joint": {"secondary": 0.7762869025019024, "primary": 0.9499345038333548}}, "ATC|ATT": {"individual": [], "joint": {"secondary": 1.340005763683532, "primary": 1.199790831380855}}, "CAA|CAG": {"individual": [], "joint": {"secondary": 0.9634727390043882, "primary": 0.9360958779502891}}, "CAC|CAT": {"individual": [], "joint": {"secondary": 1.141357402624743, "primary": 1.090985194822757}}, "CCA|CCC": {"individual": [], "joint": {"secondary": 0.80864050981672, "primary": 1.065470824454531}}, "CCA|CCG": {"individual": [], "joint": {"secondary": 0.4869893804083014, "primary": 0.956932571272398}}, "CCA|CCT": {"individual": [], "joint": {"secondary": 1.255456003599345, "primary": 1.04612715450323}}, "CCC|CCG": {"individual": [], "joint": {"secondary": 0.9527341019257052, "primary": 0.9194769040439914}}, "CCC|CCT": {"individual": [], "joint": {"secondary": 1.105996411533775, "primary": 1.098506748681223}}, "CCG|CCT": {"individual": [], "joint": {"secondary": 0.7887723701964661, "primary": 1.070421320987119}}, "CGA|CGC": {"individual": [], "joint": {"secondary": 0.7327788234427863, "primary": 0.5643357078820215}}, "CGA|CGG": {"individual": [], "joint": {"secondary": 1.040422807501729, "primary": 0.7771526541984937}}, "CGA|CGT": {"individual": [], "joint": {"secondary": 0.1764301313836189, "primary": 0.435199615854782}}, "CGC|CGG": {"individual": [], "joint": {"secondary": 1.211855541072949, "primary": 1.017876827061025}}, "CGC|CGT": {"individual": [], "joint": {"secondary": 0.4434394143515424, "primary": 0.9204707853628374}}, "CGG|CGT": {"individual": [], "joint": {"secondary": 0.1439756942093733, "primary": 0.759101867781215}}, "CTA|CTC": {"individual": [], "joint": {"secondary": 0.6257461230407948, "primary": 0.8730843121826942}}, "CTA|CTG": {"individual": [], "joint": {"secondary": 1.39039755685607, "primary": 0.993139255653496}}, "CTA|CTT": {"individual": [], "joint": {"secondary": 1.186684223715234, "primary": 0.9918619760723072}}, "CTA|TTA": {"individual": [], "joint": {"secondary": 1.547733092850855, "primary": 1.198119212838628}}, "CTC|CTG": {"individual": [], "joint": {"secondary": 0.5991237520023205, "primary": 0.7817136563126228}}, "CTC|CTT": {"individual": [], "joint": {"secondary": 0.6115741737333124, "primary": 0.9793490143806208}}, "CTG|CTT": {"individual": [], "joint": {"secondary": 1.405441065521271, "primary": 1.024297423956325}}, "CTG|TTG": {"individual": [], "joint": {"secondary": 1.145971269469334, "primary": 1.089606558220849}}, "GAA|GAG": {"individual": [], "joint": {"secondary": 1.124632688121702, "primary": 0.8674920353574017}}, "GAC|GAT": {"individual": [], "joint": {"secondary": 1.081928615807386, "primary": 1.077735419176952}}, "GCA|GCC": {"individual": [], "joint": {"secondary": 1.462530141647659, "primary": 1.01289175989786}}, "GCA|GCG": {"individual": [], "joint": {"secondary": 1.133201660679281, "primary": 1.018800248549834}}, "GCA|GCT": {"individual": [], "joint": {"secondary": 1.27329968819932, "primary": 1.149212102244335}}, "GCC|GCG": {"individual": [], "joint": {"secondary": 0.9733228737651268, "primary": 0.8911160055440238}}, "GCC|GCT": {"individual": [], "joint": {"secondary": 1.134900710058961, "primary": 1.020168935493698}}, "GCG|GCT": {"individual": [], "joint": {"secondary": 0.9505194504890534, "primary": 0.9788851342085426}}, "GGA|GGC": {"individual": [], "joint": {"secondary": 1.652079048859461, "primary": 1.160554591757433}}, "GGA|GGG": {"individual": [], "joint": {"secondary": 1.144750559477046, "primary": 1.068342540101978}}, "GGA|GGT": {"individual": [], "joint": {"secondary": 0.4640393468697801, "primary": 0.8705790887758674}}, "GGC|GGG": {"individual": [], "joint": {"secondary": 0.9459632103455456, "primary": 0.7780669254571141}}, "GGC|GGT": {"individual": [], "joint": {"secondary": 0.630912675961769, "primary": 1.190756097859244}}, "GGG|GGT": {"individual": [], "joint": {"secondary": 0.7814855183115635, "primary": 1.043000949986548}}, "GTA|GTC": {"individual": [], "joint": {"secondary": 0.830631010575629, "primary": 0.7754952270994617}}, "GTA|GTG": {"individual": [], "joint": {"secondary": 0.9776738352300236, "primary": 0.9832094064495787}}, "GTA|GTT": {"individual": [], "joint": {"secondary": 0.5799003425728363, "primary": 0.8508358869404126}}, "GTC|GTG": {"individual": [], "joint": {"secondary": 0.937144569688565, "primary": 0.8614331702952122}}, "GTC|GTT": {"individual": [], "joint": {"secondary": 1.183634831966001, "primary": 0.997802277098289}}, "GTG|GTT": {"individual": [], "joint": {"secondary": 1.441711995059106, "primary": 1.146001040168799}}, "TAC|TAT": {"individual": [], "joint": {"secondary": 0.9934944637199531, "primary": 1.055153834690247}}, "TCA|TCC": {"individual": [], "joint": {"secondary": 1.110152918835275, "primary": 0.9127214069122915}}, "TCA|TCG": {"individual": [], "joint": {"secondary": 1.297138298484522, "primary": 1.095940760602156}}, "TCA|TCT": {"individual": [], "joint": {"secondary": 1.359439012885165, "primary": 1.069989537378511}}, "TCC|TCG": {"individual": [], "joint": {"secondary": 0.9433151041311821, "primary": 0.9967447680826289}}, "TCC|TCT": {"individual": [], "joint": {"secondary": 1.269229938287946, "primary": 1.125296580830889}}, "TCG|TCT": {"individual": [], "joint": {"secondary": 1.002121158958723, "primary": 1.123337837936746}}, "TGC|TGT": {"individual": [], "joint": {"secondary": 0.7536113191039772, "primary": 1.133140170525615}}, "TTA|TTG": {"individual": [], "joint": {"secondary": 1.12172399274247, "primary": 1.000050007011518}}, "TTC|TTT": {"individual": [], "joint": {"secondary": 1.094993619200175, "primary": 1.232731792022451}}}