{"baseline-AICc": {"individual": [], "joint": 198497.971356009}, "baseline-loglikelihood": {"individual": [], "joint": -96008.11644760237}, "joint-AICc": {"individual": [], "joint": 200104.1876315553}, "joint-loglikelihood": {"individual": [], "joint": -95945.08077335653}, "AAA|AAG": {"individual": [], "joint": {"secondary": 1.174092802795736, "primary": 1.099902702939895}}, "AAC|AAT": {"individual": [], "joint": {"secondary": 1.00869305541364, "primary": 1.039760318762063}}, "ACA|ACC": {"individual": [], "joint": {"secondary": 0.9893954662034566, "primary": 0.7800430229612011}}, "ACA|ACG": {"individual": [], "joint": {"secondary": 0.9486309539208775, "primary": 0.9237188954754428}}, "ACA|ACT": {"individual": [], "joint": {"secondary": 0.7948259024568447, "primary": 1.003023878322875}}, "ACC|ACG": {"individual": [], "joint": {"secondary": 1.101543644201477, "primary": 0.9395182097904418}}, "ACC|ACT": {"individual": [], "joint": {"secondary": 0.9200585217299556, "primary": 0.7919812599150049}}, "ACG|ACT": {"individual": [], "joint": {"secondary": 0.9094314679936495, "primary": 0.9428397192790717}}, "AGA|AGG": {"individual": [], "joint": {"secondary": 0.9700168007867741, "primary": 1.030412187089068}}, "AGA|CGA": {"individual": [], "joint": {"secondary": 1.292507334456239, "primary": 1.015880413150873}}, "AGC|AGT": {"individual": [], "joint": {"secondary": 0.8791770803694919, "primary": 0.910427887262647}}, "AGG|CGG": {"individual": [], "joint": {"secondary": 1.086263990273966, "primary": 1.156699873486652}}, "ATA|ATC": {"individual": [], "joint": {"secondary": 1.044047467661844, "primary": 0.9603186693076808}}, "ATA|ATT": {"individual": [], "joint": {"secondary": 1.163412843403932, "primary": 1.038763306278111}}, "ATC|ATT": {"individual": [], "joint": {"secondary": 1.094183526104281, "primary": 1.033041918800059}}, "CAA|CAG": {"individual": [], "joint": {"secondary": 1.043505177315201, "primary": 0.9566755285162913}}, "CAC|CAT": {"individual": [], "joint": {"secondary": 0.9817699654930819, "primary": 1.033790895527279}}, "CCA|CCC": {"individual": [], "joint": {"secondary": 1.245908092622439, "primary": 0.7501984954832951}}, "CCA|CCG": {"individual": [], "joint": {"secondary": 0.7408896377006432, "primary": 1.183055554215474}}, "CCA|CCT": {"individual": [], "joint": {"secondary": 1.078915338497367, "primary": 0.5000708168424586}}, "CCC|CCG": {"individual": [], "joint": {"secondary": 0.8560603929322151, "primary": 1.047811547514186}}, "CCC|CCT": {"individual": [], "joint": {"secondary": 1.074181354542081, "primary": 1.077681217511923}}, "CCG|CCT": {"individual": [], "joint": {"secondary": 0.7621884136117741, "primary": 1.101011692440575}}, "CGA|CGC": {"individual": [], "joint": {"secondary": 1.19333871055699, "primary": 1.003732843206955}}, "CGA|CGG": {"individual": [], "joint": {"secondary": 0.8745067506071308, "primary": 0.8681530452478179}}, "CGA|CGT": {"individual": [], "joint": {"secondary": 0.418376314576604, "primary": 1.063707830324329}}, "CGC|CGG": {"individual": [], "joint": {"secondary": 0.9153646207810756, "primary": 0.9368716519946514}}, "CGC|CGT": {"individual": [], "joint": {"secondary": 0.8644683001242734, "primary": 1.248772103176295}}, "CGG|CGT": {"individual": [], "joint": {"secondary": 0.890400486085517, "primary": 1.345892113294611}}, "CTA|CTC": {"individual": [], "joint": {"secondary": 1.08347917950702, "primary": 0.8672640187002678}}, "CTA|CTG": {"individual": [], "joint": {"secondary": 1.072258792134082, "primary": 1.103980844280446}}, "CTA|CTT": {"individual": [], "joint": {"secondary": 0.970968182311423, "primary": 0.9412523584692166}}, "CTA|TTA": {"individual": [], "joint": {"secondary": 1.047274543725863, "primary": 0.8556071331586813}}, "CTC|CTG": {"individual": [], "joint": {"secondary": 1.052126511591008, "primary": 1.082572469842666}}, "CTC|CTT": {"individual": [], "joint": {"secondary": 1.000213799970398, "primary": 0.8933353468820572}}, "CTG|CTT": {"individual": [], "joint": {"secondary": 1.341800359809391, "primary": 0.8457856225421132}}, "CTG|TTG": {"individual": [], "joint": {"secondary": 1.150632296434096, "primary": 1.095474639563712}}, "GAA|GAG": {"individual": [], "joint": {"secondary": 0.9777857201851727, "primary": 0.9949203051550606}}, "GAC|GAT": {"individual": [], "joint": {"secondary": 0.9308162412126513, "primary": 0.9718559023210515}}, "GCA|GCC": {"individual": [], "joint": {"secondary": 1.049652387005587, "primary": 1.017397582020422}}, "GCA|GCG": {"individual": [], "joint": {"secondary": 1.138039622867372, "primary": 1.036788460575195}}, "GCA|GCT": {"individual": [], "joint": {"secondary": 0.7848644623116922, "primary": 1.28138395913904}}, "GCC|GCG": {"individual": [], "joint": {"secondary": 1.014941194156987, "primary": 0.8492439001005256}}, "GCC|GCT": {"individual": [], "joint": {"secondary": 1.069599724236405, "primary": 1.15673161161713}}, "GCG|GCT": {"individual": [], "joint": {"secondary": 1.023905951084261, "primary": 0.999753506079911}}, "GGA|GGC": {"individual": [], "joint": {"secondary": 0.9106006166444448, "primary": 0.9478287816797938}}, "GGA|GGG": {"individual": [], "joint": {"secondary": 1.04583803737508, "primary": 0.9308264449656418}}, "GGA|GGT": {"individual": [], "joint": {"secondary": 0.9116972561656401, "primary": 1.097084399070134}}, "GGC|GGG": {"individual": [], "joint": {"secondary": 1.153975578100815, "primary": 1.055580803624395}}, "GGC|GGT": {"individual": [], "joint": {"secondary": 0.8650784663955698, "primary": 1.044651550613489}}, "GGG|GGT": {"individual": [], "joint": {"secondary": 1.301282874062665, "primary": 0.7645617558790082}}, "GTA|GTC": {"individual": [], "joint": {"secondary": 0.9218630789638685, "primary": 1.047901427164564}}, "GTA|GTG": {"individual": [], "joint": {"secondary": 1.046432065672396, "primary": 1.051533082135927}}, "GTA|GTT": {"individual": [], "joint": {"secondary": 0.6018227349676105, "primary": 0.9842825845408585}}, "GTC|GTG": {"individual": [], "joint": {"secondary": 0.8970559027756052, "primary": 1.01340518204216}}, "GTC|GTT": {"individual": [], "joint": {"secondary": 0.9861668354442207, "primary": 0.9297313354933389}}, "GTG|GTT": {"individual": [], "joint": {"secondary": 0.8956441572232197, "primary": 0.9140446968793088}}, "TAC|TAT": {"individual": [], "joint": {"secondary": 1.120938061312339, "primary": 1.02789201409734}}, "TCA|TCC": {"individual": [], "joint": {"secondary": 0.7009507459300396, "primary": 1.217168358445443}}, "TCA|TCG": {"individual": [], "joint": {"secondary": 1.476337599190219, "primary": 0.7248461231401297}}, "TCA|TCT": {"individual": [], "joint": {"secondary": 1.444005097993708, "primary": 1.229210582123272}}, "TCC|TCG": {"individual": [], "joint": {"secondary": 1.180594003339037, "primary": 0.9740345272237988}}, "TCC|TCT": {"individual": [], "joint": {"secondary": 1.124180774047347, "primary": 0.899227964470657}}, "TCG|TCT": {"individual": [], "joint": {"secondary": 0.6585799004990116, "primary": 1.39032157182131}}, "TGC|TGT": {"individual": [], "joint": {"secondary": 0.899308501574747, "primary": 0.7816226701336051}}, "TTA|TTG": {"individual": [], "joint": {"secondary": 0.9543905502875808, "primary": 1.167966189795378}}, "TTC|TTT": {"individual": [], "joint": {"secondary": 0.8787437802728415, "primary": 1.029172696095709}}, "model_mixture_p": 0.5625461162699715}