{"AAA|AAG": {"individual": [], "joint": {"secondary": 1.413113523035405, "primary": 1.190952448593148}}, "AAC|AAT": {"individual": [], "joint": {"secondary": 1.047797260217384, "primary": 1.238361615812021}}, "ACA|ACC": {"individual": [], "joint": {"secondary": 2.186785141315968, "primary": 1.146285525605391}}, "ACA|ACG": {"individual": [], "joint": {"secondary": 1.217454911551475, "primary": 0.9820865885812596}}, "ACA|ACT": {"individual": [], "joint": {"secondary": 1.476436931513542, "primary": 1.40922511441038}}, "ACC|ACG": {"individual": [], "joint": {"secondary": 0.5265612104625133, "primary": 0.8171338184124454}}, "ACC|ACT": {"individual": [], "joint": {"secondary": 1.031874932810181, "primary": 0.8508849979174998}}, "ACG|ACT": {"individual": [], "joint": {"secondary": 0.6414919795405016, "primary": 0.9649037121669904}}, "AGA|AGG": {"individual": [], "joint": {"secondary": 0.2532357693265089, "primary": 0.7606020994993103}}, "AGA|CGA": {"individual": [], "joint": {"secondary": 2.257493914323719, "primary": 1.477298479433573}}, "AGC|AGT": {"individual": [], "joint": {"secondary": 0.8088982888681238, "primary": 1.000566605448352}}, "AGG|CGG": {"individual": [], "joint": {"secondary": 2.036377437302404, "primary": 1.476844925671843}}, "ATA|ATC": {"individual": [], "joint": {"secondary": 0.1640454736199503, "primary": 0.5646847378334621}}, "ATA|ATT": {"individual": [], "joint": {"secondary": 0.2159033777532396, "primary": 0.6039169245468518}}, "ATC|ATT": {"individual": [], "joint": {"secondary": 1.123208900577179, "primary": 1.081670757286714}}, "CAA|CAG": {"individual": [], "joint": {"secondary": 1.748576534452792, "primary": 1.113775094782649}}, "CAC|CAT": {"individual": [], "joint": {"secondary": 1.091017863514929, "primary": 1.171453518921802}}, "CCA|CCC": {"individual": [], "joint": {"secondary": 0.2270678337472667, "primary": 0.6277185205695134}}, "CCA|CCG": {"individual": [], "joint": {"secondary": 0.6632820411050625, "primary": 1.035099383638362}}, "CCA|CCT": {"individual": [], "joint": {"secondary": 0.8370480790802576, "primary": 1.079649233266187}}, "CCC|CCG": {"individual": [], "joint": {"secondary": 0.7115763594514235, "primary": 0.8191479124202542}}, "CCC|CCT": {"individual": [], "joint": {"secondary": 0.8058924347215314, "primary": 0.8907046456150487}}, "CCG|CCT": {"individual": [], "joint": {"secondary": 0.8401492909883542, "primary": 1.045570321861465}}, "CGA|CGC": {"individual": [], "joint": {"secondary": 1.476834781419493, "primary": 0.6022304865481019}}, "CGA|CGG": {"individual": [], "joint": {"secondary": 0.8296835973539377, "primary": 0.890892518804607}}, "CGA|CGT": {"individual": [], "joint": {"secondary": 1.312718545949224, "primary": 1.178791991481801}}, "CGC|CGG": {"individual": [], "joint": {"secondary": 0.1131983495160506, "primary": 0.8223522987225809}}, "CGC|CGT": {"individual": [], "joint": {"secondary": 0.7958978159633044, "primary": 0.8677500762266823}}, "CGG|CGT": {"individual": [], "joint": {"secondary": 0.2447115872022015, "primary": 0.5484396254218119}}, "CTA|CTC": {"individual": [], "joint": {"secondary": 0.2937044202158273, "primary": 0.6124186785272081}}, "CTA|CTG": {"individual": [], "joint": {"secondary": 0.590447430386445, "primary": 0.8018705324746254}}, "CTA|CTT": {"individual": [], "joint": {"secondary": 0.270917541187821, "primary": 0.9522873377210169}}, "CTA|TTA": {"individual": [], "joint": {"secondary": 1.833464900900704, "primary": 1.709175994661377}}, "CTC|CTG": {"individual": [], "joint": {"secondary": 1.730286162043327, "primary": 1.755439228655406}}, "CTC|CTT": {"individual": [], "joint": {"secondary": 1.147417302442741, "primary": 0.9777207349396739}}, "CTG|CTT": {"individual": [], "joint": {"secondary": 1.714230905837584, "primary": 1.453041123830321}}, "CTG|TTG": {"individual": [], "joint": {"secondary": 2.189636477182711, "primary": 1.952731804714088}}, "GAA|GAG": {"individual": [], "joint": {"secondary": 1.771550907238165, "primary": 1.209108179995851}}, "GAC|GAT": {"individual": [], "joint": {"secondary": 1.188672139433072, "primary": 1.118749207659523}}, "GCA|GCC": {"individual": [], "joint": {"secondary": 1.649962044925205, "primary": 1.16676995467152}}, "GCA|GCG": {"individual": [], "joint": {"secondary": 1.088916773900804, "primary": 0.9692672916538037}}, "GCA|GCT": {"individual": [], "joint": {"secondary": 1.512045092258553, "primary": 1.349045451466037}}, "GCC|GCG": {"individual": [], "joint": {"secondary": 0.446387642300787, "primary": 0.7867433878124972}}, "GCC|GCT": {"individual": [], "joint": {"secondary": 1.056968606226147, "primary": 0.8771642239274369}}, "GCG|GCT": {"individual": [], "joint": {"secondary": 0.5335440303045415, "primary": 0.7558521489438362}}, "GGA|GGC": {"individual": [], "joint": {"secondary": 0.3770982512160508, "primary": 0.60954543772188}}, "GGA|GGG": {"individual": [], "joint": {"secondary": 0.2008569250699632, "primary": 0.4152170639926225}}, "GGA|GGT": {"individual": [], "joint": {"secondary": 1.062170623815745, "primary": 1.016411691954587}}, "GGC|GGG": {"individual": [], "joint": {"secondary": 0.2778525301455119, "primary": 0.6173090906036841}}, "GGC|GGT": {"individual": [], "joint": {"secondary": 0.645538982989278, "primary": 0.8808070307900316}}, "GGG|GGT": {"individual": [], "joint": {"secondary": 0.4363139719220095, "primary": 0.6358485298020871}}, "GTA|GTC": {"individual": [], "joint": {"secondary": 0.6053479635615941, "primary": 0.5760175303501583}}, "GTA|GTG": {"individual": [], "joint": {"secondary": 0.768335193254266, "primary": 0.7485134568748447}}, "GTA|GTT": {"individual": [], "joint": {"secondary": 0.6132701671033295, "primary": 0.7713958238881872}}, "GTC|GTG": {"individual": [], "joint": {"secondary": 1.039716298183349, "primary": 1.15033820559939}}, "GTC|GTT": {"individual": [], "joint": {"secondary": 1.121444458575383, "primary": 0.8798480801795074}}, "GTG|GTT": {"individual": [], "joint": {"secondary": 1.447355779764071, "primary": 1.353846588208183}}, "TAC|TAT": {"individual": [], "joint": {"secondary": 1.011279453157141, "primary": 1.151836351074786}}, "TCA|TCC": {"individual": [], "joint": {"secondary": 1.585866278571699, "primary": 1.219894327684149}}, "TCA|TCG": {"individual": [], "joint": {"secondary": 1.417427547680911, "primary": 1.17626757217384}}, "TCA|TCT": {"individual": [], "joint": {"secondary": 1.671406424555772, "primary": 1.124255704120811}}, "TCC|TCG": {"individual": [], "joint": {"secondary": 1.21754356545336, "primary": 0.9596494969034638}}, "TCC|TCT": {"individual": [], "joint": {"secondary": 1.1037824059493, "primary": 1.026438087607351}}, "TCG|TCT": {"individual": [], "joint": {"secondary": 1.185166308671279, "primary": 1.104188282212387}}, "TGC|TGT": {"individual": [], "joint": {"secondary": 1.114507993923962, "primary": 1.245833798844366}}, "TTA|TTG": {"individual": [], "joint": {"secondary": 0.3278761667515787, "primary": 0.6752831233282988}}, "TTC|TTT": {"individual": [], "joint": {"secondary": 0.6533561662160522, "primary": 0.9548754649310568}}}