{"AAA|AAG": {"individual": [], "joint": {"secondary": 1.088325485414061, "primary": 1.042300649459413}}, "AAC|AAT": {"individual": [], "joint": {"secondary": 1.060117416767647, "primary": 0.9591248792571766}}, "ACA|ACC": {"individual": [], "joint": {"secondary": 0.9871707161290476, "primary": 1.036182354485926}}, "ACA|ACG": {"individual": [], "joint": {"secondary": 0.9581073233432389, "primary": 1.017529183517341}}, "ACA|ACT": {"individual": [], "joint": {"secondary": 1.227442498218081, "primary": 1.187680637674094}}, "ACC|ACG": {"individual": [], "joint": {"secondary": 0.7185293049461619, "primary": 0.7442580032153614}}, "ACC|ACT": {"individual": [], "joint": {"secondary": 0.8436593354324726, "primary": 0.9132167967239381}}, "ACG|ACT": {"individual": [], "joint": {"secondary": 0.9996361703022691, "primary": 1.042342474554298}}, "AGA|AGG": {"individual": [], "joint": {"secondary": 1.167980890896408, "primary": 1.217704573164849}}, "AGA|CGA": {"individual": [], "joint": {"secondary": 0.8939004837149779, "primary": 1.048481233379867}}, "AGC|AGT": {"individual": [], "joint": {"secondary": 0.9615605678312366, "primary": 0.9722215656035399}}, "AGG|CGG": {"individual": [], "joint": {"secondary": 1.120008173514463, "primary": 1.137648769338387}}, "ATA|ATC": {"individual": [], "joint": {"secondary": 0.827472645619311, "primary": 0.7143632319480137}}, "ATA|ATT": {"individual": [], "joint": {"secondary": 1.301328793318, "primary": 1.248182525779842}}, "ATC|ATT": {"individual": [], "joint": {"secondary": 0.9587062180906651, "primary": 1.058873406389517}}, "CAA|CAG": {"individual": [], "joint": {"secondary": 0.9633634501363685, "primary": 1.251868246059379}}, "CAC|CAT": {"individual": [], "joint": {"secondary": 1.048249113963035, "primary": 1.010899493620692}}, "CCA|CCC": {"individual": [], "joint": {"secondary": 1.115814585991264, "primary": 1.044309585991156}}, "CCA|CCG": {"individual": [], "joint": {"secondary": 1.027150040371599, "primary": 1.132991839521989}}, "CCA|CCT": {"individual": [], "joint": {"secondary": 1.080478070412279, "primary": 0.943618250176391}}, "CCC|CCG": {"individual": [], "joint": {"secondary": 0.8896857268395633, "primary": 0.9325432357945013}}, "CCC|CCT": {"individual": [], "joint": {"secondary": 0.8521801375805591, "primary": 0.8989942935921369}}, "CCG|CCT": {"individual": [], "joint": {"secondary": 1.06821525465183, "primary": 1.109698883474977}}, "CGA|CGC": {"individual": [], "joint": {"secondary": 0.9238343210990324, "primary": 0.9718661425200664}}, "CGA|CGG": {"individual": [], "joint": {"secondary": 0.9484005146048535, "primary": 1.038268934536273}}, "CGA|CGT": {"individual": [], "joint": {"secondary": 1.242132668776271, "primary": 1.242564516998566}}, "CGC|CGG": {"individual": [], "joint": {"secondary": 0.9441314920989838, "primary": 1.00685406085432}}, "CGC|CGT": {"individual": [], "joint": {"secondary": 1.071083145402469, "primary": 0.9705798637389985}}, "CGG|CGT": {"individual": [], "joint": {"secondary": 1.001356577188345, "primary": 0.86964593639086}}, "CTA|CTC": {"individual": [], "joint": {"secondary": 0.8184441529889395, "primary": 0.8374276161521192}}, "CTA|CTG": {"individual": [], "joint": {"secondary": 1.014816640707998, "primary": 0.9498643518771053}}, "CTA|CTT": {"individual": [], "joint": {"secondary": 1.509630569725001, "primary": 1.631135150376916}}, "CTA|TTA": {"individual": [], "joint": {"secondary": 1.181967081305216, "primary": 0.9980751503505817}}, "CTC|CTG": {"individual": [], "joint": {"secondary": 0.8113534517422923, "primary": 0.9221295287688267}}, "CTC|CTT": {"individual": [], "joint": {"secondary": 1.328074805025552, "primary": 1.234281562956828}}, "CTG|CTT": {"individual": [], "joint": {"secondary": 0.9745911130861968, "primary": 0.9021326833500752}}, "CTG|TTG": {"individual": [], "joint": {"secondary": 0.9925296432941693, "primary": 1.01721848305978}}, "GAA|GAG": {"individual": [], "joint": {"secondary": 1.011855243160671, "primary": 1.157540735876003}}, "GAC|GAT": {"individual": [], "joint": {"secondary": 0.9594656607722227, "primary": 0.9243834210084783}}, "GCA|GCC": {"individual": [], "joint": {"secondary": 0.9964740573193035, "primary": 1.033792446274462}}, "GCA|GCG": {"individual": [], "joint": {"secondary": 0.9339811899052735, "primary": 0.9506153722004066}}, "GCA|GCT": {"individual": [], "joint": {"secondary": 1.11532199775849, "primary": 1.279462955836838}}, "GCC|GCG": {"individual": [], "joint": {"secondary": 0.6347229963385644, "primary": 0.6056734225646039}}, "GCC|GCT": {"individual": [], "joint": {"secondary": 0.8339258401270833, "primary": 0.9341921821038001}}, "GCG|GCT": {"individual": [], "joint": {"secondary": 0.7797843407093173, "primary": 0.8825205039259456}}, "GGA|GGC": {"individual": [], "joint": {"secondary": 1.082132127907037, "primary": 1.0673521725304}}, "GGA|GGG": {"individual": [], "joint": {"secondary": 0.6237189525598007, "primary": 0.3181358104892517}}, "GGA|GGT": {"individual": [], "joint": {"secondary": 1.208131344084006, "primary": 1.250887191376923}}, "GGC|GGG": {"individual": [], "joint": {"secondary": 0.6615859273072964, "primary": 0.4242298328039227}}, "GGC|GGT": {"individual": [], "joint": {"secondary": 1.046716235342866, "primary": 1.15750103767797}}, "GGG|GGT": {"individual": [], "joint": {"secondary": 0.870231229551339, "primary": 0.4621364644106423}}, "GTA|GTC": {"individual": [], "joint": {"secondary": 0.7183152559738109, "primary": 0.8126408371393117}}, "GTA|GTG": {"individual": [], "joint": {"secondary": 0.9180717593136695, "primary": 0.8974238895474209}}, "GTA|GTT": {"individual": [], "joint": {"secondary": 1.145730421039922, "primary": 1.136947488939381}}, "GTC|GTG": {"individual": [], "joint": {"secondary": 0.8052749636352391, "primary": 0.9051910042421214}}, "GTC|GTT": {"individual": [], "joint": {"secondary": 0.8373792608700932, "primary": 0.8721000909650738}}, "GTG|GTT": {"individual": [], "joint": {"secondary": 1.05811865745855, "primary": 1.239331913503039}}, "TAC|TAT": {"individual": [], "joint": {"secondary": 1.128041361128139, "primary": 1.107702298461267}}, "TCA|TCC": {"individual": [], "joint": {"secondary": 1.018825199691225, "primary": 0.7693385350574153}}, "TCA|TCG": {"individual": [], "joint": {"secondary": 1.096768855188239, "primary": 1.064424686610438}}, "TCA|TCT": {"individual": [], "joint": {"secondary": 1.067387542501119, "primary": 0.923195437670166}}, "TCC|TCG": {"individual": [], "joint": {"secondary": 0.9567572890254492, "primary": 1.145985220437609}}, "TCC|TCT": {"individual": [], "joint": {"secondary": 1.016989522496135, "primary": 0.9455529941185264}}, "TCG|TCT": {"individual": [], "joint": {"secondary": 0.9032429238476599, "primary": 1.101127373753009}}, "TGC|TGT": {"individual": [], "joint": {"secondary": 1.055588704823461, "primary": 1.144982304844124}}, "TTA|TTG": {"individual": [], "joint": {"secondary": 1.033955139620847, "primary": 0.8409224083926767}}, "TTC|TTT": {"individual": [], "joint": {"secondary": 1.560077420013286, "primary": 1.387631872584689}}}