{"AAA|AAG": {"individual": [], "joint": {"secondary": 1.159205256890268, "primary": 1.418429147675963}}, "AAC|AAT": {"individual": [], "joint": {"secondary": 1.198473027799276, "primary": 1.19352305929829}}, "ACA|ACC": {"individual": [], "joint": {"secondary": 1.146336704578121, "primary": 1.53292008084288}}, "ACA|ACG": {"individual": [], "joint": {"secondary": 0.9604873226595197, "primary": 1.105241036137967}}, "ACA|ACT": {"individual": [], "joint": {"secondary": 1.373009243561128, "primary": 1.62784675527847}}, "ACC|ACG": {"individual": [], "joint": {"secondary": 0.852522150955935, "primary": 0.6324542633436051}}, "ACC|ACT": {"individual": [], "joint": {"secondary": 0.8462891748253142, "primary": 1.042684334824667}}, "ACG|ACT": {"individual": [], "joint": {"secondary": 0.9721228562301911, "primary": 0.8536002258915008}}, "AGA|AGG": {"individual": [], "joint": {"secondary": 0.8550700871248218, "primary": 0.3872303486116013}}, "AGA|CGA": {"individual": [], "joint": {"secondary": 1.359843499013035, "primary": 2.241885094427899}}, "AGC|AGT": {"individual": [], "joint": {"secondary": 1.022049047749109, "primary": 0.9469711949203298}}, "AGG|CGG": {"individual": [], "joint": {"secondary": 1.582999885532146, "primary": 1.616727085489629}}, "ATA|ATC": {"individual": [], "joint": {"secondary": 0.6607700581435374, "primary": 0.2578764369698552}}, "ATA|ATT": {"individual": [], "joint": {"secondary": 0.6934038017453811, "primary": 0.2524632546854867}}, "ATC|ATT": {"individual": [], "joint": {"secondary": 1.039838512886854, "primary": 1.121256304211929}}, "CAA|CAG": {"individual": [], "joint": {"secondary": 1.101788934192359, "primary": 1.416558384600792}}, "CAC|CAT": {"individual": [], "joint": {"secondary": 1.127287606347404, "primary": 1.091678931058789}}, "CCA|CCC": {"individual": [], "joint": {"secondary": 0.6522834745410547, "primary": 0.2891850571433502}}, "CCA|CCG": {"individual": [], "joint": {"secondary": 1.058806413670314, "primary": 0.8436375154059313}}, "CCA|CCT": {"individual": [], "joint": {"secondary": 1.136207891117748, "primary": 0.7798674002378407}}, "CCC|CCG": {"individual": [], "joint": {"secondary": 0.8858715175356174, "primary": 0.6013587139516727}}, "CCC|CCT": {"individual": [], "joint": {"secondary": 0.7700231975657256, "primary": 0.9240737229472066}}, "CCG|CCT": {"individual": [], "joint": {"secondary": 1.028661929157701, "primary": 1.069474329551349}}, "CGA|CGC": {"individual": [], "joint": {"secondary": 0.5783788384782027, "primary": 1.145776648432879}}, "CGA|CGG": {"individual": [], "joint": {"secondary": 0.844425453122037, "primary": 0.8761324550744046}}, "CGA|CGT": {"individual": [], "joint": {"secondary": 1.123688479584992, "primary": 1.393756455583343}}, "CGC|CGG": {"individual": [], "joint": {"secondary": 0.7860889968598533, "primary": 0.2876639677260112}}, "CGC|CGT": {"individual": [], "joint": {"secondary": 0.852292689952012, "primary": 0.8673241658646748}}, "CGG|CGT": {"individual": [], "joint": {"secondary": 0.5875021435752704, "primary": 0.247947465229066}}, "CTA|CTC": {"individual": [], "joint": {"secondary": 0.6560757079837579, "primary": 0.3178354153110662}}, "CTA|CTG": {"individual": [], "joint": {"secondary": 0.849849315886217, "primary": 0.6734131102115147}}, "CTA|CTT": {"individual": [], "joint": {"secondary": 0.994364795629437, "primary": 0.4181856689932071}}, "CTA|TTA": {"individual": [], "joint": {"secondary": 1.68391391688073, "primary": 1.693796333964082}}, "CTC|CTG": {"individual": [], "joint": {"secondary": 1.826894054928788, "primary": 1.654170319518364}}, "CTC|CTT": {"individual": [], "joint": {"secondary": 0.9752791346094115, "primary": 1.057848467826406}}, "CTG|CTT": {"individual": [], "joint": {"secondary": 1.408605591647076, "primary": 1.709468221859779}}, "CTG|TTG": {"individual": [], "joint": {"secondary": 1.911952766924708, "primary": 2.093168705988659}}, "GAA|GAG": {"individual": [], "joint": {"secondary": 1.191734741441244, "primary": 1.549117429053978}}, "GAC|GAT": {"individual": [], "joint": {"secondary": 1.118157241016199, "primary": 1.144027535232853}}, "GCA|GCC": {"individual": [], "joint": {"secondary": 1.10619383810101, "primary": 1.415284380405071}}, "GCA|GCG": {"individual": [], "joint": {"secondary": 0.9498515078848798, "primary": 1.132431769708179}}, "GCA|GCT": {"individual": [], "joint": {"secondary": 1.308633606399327, "primary": 1.591624301952958}}, "GCC|GCG": {"individual": [], "joint": {"secondary": 0.8264026296457744, "primary": 0.5460907491481429}}, "GCC|GCT": {"individual": [], "joint": {"secondary": 0.8207526048450486, "primary": 1.041158133773341}}, "GCG|GCT": {"individual": [], "joint": {"secondary": 0.8275919331585749, "primary": 0.6420231565348268}}, "GGA|GGC": {"individual": [], "joint": {"secondary": 0.6012044282409184, "primary": 0.5045891376714341}}, "GGA|GGG": {"individual": [], "joint": {"secondary": 0.4383773394483777, "primary": 0.2246024104746181}}, "GGA|GGT": {"individual": [], "joint": {"secondary": 0.8608239682221597, "primary": 1.117019594526112}}, "GGC|GGG": {"individual": [], "joint": {"secondary": 0.7121996718900645, "primary": 0.4884392732022443}}, "GGC|GGT": {"individual": [], "joint": {"secondary": 0.8719955757017238, "primary": 0.786419244332893}}, "GGG|GGT": {"individual": [], "joint": {"secondary": 0.6756006363026406, "primary": 0.4153018946753164}}, "GTA|GTC": {"individual": [], "joint": {"secondary": 0.6397610881385911, "primary": 0.5108307119145558}}, "GTA|GTG": {"individual": [], "joint": {"secondary": 0.7653292291461604, "primary": 0.6450595303102842}}, "GTA|GTT": {"individual": [], "joint": {"secondary": 0.7584782499784728, "primary": 0.5976565979152413}}, "GTC|GTG": {"individual": [], "joint": {"secondary": 1.140216450251335, "primary": 1.121042598423983}}, "GTC|GTT": {"individual": [], "joint": {"secondary": 0.8739521917306022, "primary": 1.060825314210484}}, "GTG|GTT": {"individual": [], "joint": {"secondary": 1.342779677355651, "primary": 1.384471764789748}}, "TAC|TAT": {"individual": [], "joint": {"secondary": 1.185358599802115, "primary": 1.080158301680646}}, "TCA|TCC": {"individual": [], "joint": {"secondary": 1.231533548523279, "primary": 1.926200166220521}}, "TCA|TCG": {"individual": [], "joint": {"secondary": 1.180432346154074, "primary": 1.409076396140662}}, "TCA|TCT": {"individual": [], "joint": {"secondary": 1.063338261265216, "primary": 1.437526595958438}}, "TCC|TCG": {"individual": [], "joint": {"secondary": 0.9540295622780127, "primary": 1.066285271207985}}, "TCC|TCT": {"individual": [], "joint": {"secondary": 0.9473668291143944, "primary": 1.076591148262957}}, "TCG|TCT": {"individual": [], "joint": {"secondary": 1.126282447131147, "primary": 1.137463447114232}}, "TGC|TGT": {"individual": [], "joint": {"secondary": 1.23198797851827, "primary": 1.128242936328024}}, "TTA|TTG": {"individual": [], "joint": {"secondary": 0.6860084844486304, "primary": 0.4303931725818753}}, "TTC|TTT": {"individual": [], "joint": {"secondary": 1.000961853981036, "primary": 0.7066169571578972}}}