{"AAA|AAG": {"individual": [], "joint": {"secondary": 0.5722065527550995, "primary": 0.7305820821492182}}, "AAC|AAT": {"individual": [], "joint": {"secondary": 1.314935145581765, "primary": 1.1890065009656}}, "ACA|ACC": {"individual": [], "joint": {"secondary": 0.7889604295595423, "primary": 0.9984297256903129}}, "ACA|ACG": {"individual": [], "joint": {"secondary": 1.946445085998085, "primary": 1.646305403307276}}, "ACA|ACT": {"individual": [], "joint": {"secondary": 1.381199959527274, "primary": 1.210046146071726}}, "ACC|ACG": {"individual": [], "joint": {"secondary": 1.026900492317476, "primary": 1.025009079885364}}, "ACC|ACT": {"individual": [], "joint": {"secondary": 1.072318857775919, "primary": 1.099268808789688}}, "ACG|ACT": {"individual": [], "joint": {"secondary": 1.741355680154154, "primary": 1.509266350639539}}, "AGA|AGG": {"individual": [], "joint": {"secondary": 0.6773357439951674, "primary": 0.7426058892088171}}, "AGA|CGA": {"individual": [], "joint": {"secondary": 0.8959820057318951, "primary": 1.247777476956449}}, "AGC|AGT": {"individual": [], "joint": {"secondary": 1.137182703401325, "primary": 1.015614608082583}}, "AGG|CGG": {"individual": [], "joint": {"secondary": 1.179692497746323, "primary": 1.30304936349458}}, "ATA|ATC": {"individual": [], "joint": {"secondary": 0.7373818742391028, "primary": 0.9072413377634685}}, "ATA|ATT": {"individual": [], "joint": {"secondary": 0.8838684182321642, "primary": 0.923800675668873}}, "ATC|ATT": {"individual": [], "joint": {"secondary": 0.9968594234376313, "primary": 0.9096629696463955}}, "CAA|CAG": {"individual": [], "joint": {"secondary": 0.6257306102809933, "primary": 0.9438088672211661}}, "CAC|CAT": {"individual": [], "joint": {"secondary": 1.475279992409164, "primary": 1.430909081734772}}, "CCA|CCC": {"individual": [], "joint": {"secondary": 1.036877391063526, "primary": 0.9890474822662156}}, "CCA|CCG": {"individual": [], "joint": {"secondary": 1.823319733941304, "primary": 1.47547863487017}}, "CCA|CCT": {"individual": [], "joint": {"secondary": 1.381709118956582, "primary": 1.263905777129405}}, "CCC|CCG": {"individual": [], "joint": {"secondary": 1.148499702204283, "primary": 1.291083906948366}}, "CCC|CCT": {"individual": [], "joint": {"secondary": 1.212161154722593, "primary": 1.058901730828272}}, "CCG|CCT": {"individual": [], "joint": {"secondary": 1.114128471692505, "primary": 1.021744866314924}}, "CGA|CGC": {"individual": [], "joint": {"secondary": 1.158434894564941, "primary": 1.04723053544615}}, "CGA|CGG": {"individual": [], "joint": {"secondary": 0.6755528574911317, "primary": 0.8338591805155386}}, "CGA|CGT": {"individual": [], "joint": {"secondary": 1.561561880978505, "primary": 1.033056434554404}}, "CGC|CGG": {"individual": [], "joint": {"secondary": 0.8049197952636585, "primary": 0.7382945421034217}}, "CGC|CGT": {"individual": [], "joint": {"secondary": 1.106213163107044, "primary": 1.03821178867797}}, "CGG|CGT": {"individual": [], "joint": {"secondary": 0.8348016316549466, "primary": 0.9276068626120222}}, "CTA|CTC": {"individual": [], "joint": {"secondary": 0.6440379998788361, "primary": 0.8032835100978964}}, "CTA|CTG": {"individual": [], "joint": {"secondary": 0.6654672781453552, "primary": 0.9392449946078213}}, "CTA|CTT": {"individual": [], "joint": {"secondary": 0.6980940741107233, "primary": 0.6931573378761899}}, "CTA|TTA": {"individual": [], "joint": {"secondary": 0.4932909962646588, "primary": 0.6507302094152897}}, "CTC|CTG": {"individual": [], "joint": {"secondary": 0.8040561112816209, "primary": 1.008891739558586}}, "CTC|CTT": {"individual": [], "joint": {"secondary": 0.916519125466863, "primary": 0.969124331860764}}, "CTG|CTT": {"individual": [], "joint": {"secondary": 0.8010095456244014, "primary": 0.9434199600547922}}, "CTG|TTG": {"individual": [], "joint": {"secondary": 0.4607310569373053, "primary": 0.9048747687744791}}, "GAA|GAG": {"individual": [], "joint": {"secondary": 0.7151264470154985, "primary": 0.8408111070261317}}, "GAC|GAT": {"individual": [], "joint": {"secondary": 1.224432267652064, "primary": 1.145168952567864}}, "GCA|GCC": {"individual": [], "joint": {"secondary": 1.00105903501087, "primary": 0.991862696994958}}, "GCA|GCG": {"individual": [], "joint": {"secondary": 1.734434819714845, "primary": 1.316335178247275}}, "GCA|GCT": {"individual": [], "joint": {"secondary": 1.408787002682952, "primary": 1.186286601740592}}, "GCC|GCG": {"individual": [], "joint": {"secondary": 0.8344245598621713, "primary": 0.7714749030957726}}, "GCC|GCT": {"individual": [], "joint": {"secondary": 1.129631631493833, "primary": 1.014982702131109}}, "GCG|GCT": {"individual": [], "joint": {"secondary": 1.18920590611278, "primary": 0.9189315955328683}}, "GGA|GGC": {"individual": [], "joint": {"secondary": 0.8306545946521645, "primary": 0.8511994406810941}}, "GGA|GGG": {"individual": [], "joint": {"secondary": 0.6756000002785401, "primary": 0.7789216406675442}}, "GGA|GGT": {"individual": [], "joint": {"secondary": 0.8537186075915179, "primary": 0.7877502419848628}}, "GGC|GGG": {"individual": [], "joint": {"secondary": 0.673695060598551, "primary": 0.6985415733008663}}, "GGC|GGT": {"individual": [], "joint": {"secondary": 1.086718308672338, "primary": 1.002728368580939}}, "GGG|GGT": {"individual": [], "joint": {"secondary": 0.9452876469786127, "primary": 0.9628062912707749}}, "GTA|GTC": {"individual": [], "joint": {"secondary": 0.5706895920135381, "primary": 0.7941308374887849}}, "GTA|GTG": {"individual": [], "joint": {"secondary": 0.6899304278443871, "primary": 0.9748549547382365}}, "GTA|GTT": {"individual": [], "joint": {"secondary": 0.7372275159374393, "primary": 0.8509995548301024}}, "GTC|GTG": {"individual": [], "joint": {"secondary": 0.628292124538101, "primary": 0.6643980127238954}}, "GTC|GTT": {"individual": [], "joint": {"secondary": 0.6968523615089729, "primary": 0.7914303159903454}}, "GTG|GTT": {"individual": [], "joint": {"secondary": 0.7930731552741276, "primary": 0.9414648723461038}}, "TAC|TAT": {"individual": [], "joint": {"secondary": 1.435348066643243, "primary": 1.496346333607231}}, "TCA|TCC": {"individual": [], "joint": {"secondary": 0.8836060982309353, "primary": 1.065525426105311}}, "TCA|TCG": {"individual": [], "joint": {"secondary": 1.78481112974008, "primary": 1.39111917871694}}, "TCA|TCT": {"individual": [], "joint": {"secondary": 1.17990159381419, "primary": 1.051164576501915}}, "TCC|TCG": {"individual": [], "joint": {"secondary": 0.8855332278478907, "primary": 0.7612486426435265}}, "TCC|TCT": {"individual": [], "joint": {"secondary": 1.02222549321884, "primary": 1.060351588681042}}, "TCG|TCT": {"individual": [], "joint": {"secondary": 1.110623239001012, "primary": 0.8921928888296919}}, "TGC|TGT": {"individual": [], "joint": {"secondary": 1.051818098841239, "primary": 0.9639162659270673}}, "TTA|TTG": {"individual": [], "joint": {"secondary": 0.5406592594100375, "primary": 0.691729472984481}}, "TTC|TTT": {"individual": [], "joint": {"secondary": 0.8916112713253538, "primary": 0.8777928222741485}}}