{"AAA|AAG": {"individual": [], "joint": {"secondary": 0.8775289157053318, "primary": 1.146581917819669}}, "AAC|AAT": {"individual": [], "joint": {"secondary": 1.090300911800252, "primary": 0.9773922802725739}}, "ACA|ACC": {"individual": [], "joint": {"secondary": 1.121441240519851, "primary": 1.250200637521995}}, "ACA|ACG": {"individual": [], "joint": {"secondary": 1.143197615222966, "primary": 1.180933222592603}}, "ACA|ACT": {"individual": [], "joint": {"secondary": 1.242073116278108, "primary": 1.408866322860804}}, "ACC|ACG": {"individual": [], "joint": {"secondary": 1.006523768160127, "primary": 0.8391967170282889}}, "ACC|ACT": {"individual": [], "joint": {"secondary": 1.211874375450512, "primary": 1.233255818845078}}, "ACG|ACT": {"individual": [], "joint": {"secondary": 1.273285861082303, "primary": 1.161653609901146}}, "AGA|AGG": {"individual": [], "joint": {"secondary": 1.050111064526596, "primary": 0.7465036604069923}}, "AGA|CGA": {"individual": [], "joint": {"secondary": 0.6640446693113328, "primary": 0.09926508147209868}}, "AGC|AGT": {"individual": [], "joint": {"secondary": 1.138835786703664, "primary": 1.061372594021338}}, "AGG|CGG": {"individual": [], "joint": {"secondary": 0.9337966674069996, "primary": 0.7576492580588834}}, "ATA|ATC": {"individual": [], "joint": {"secondary": 0.8384412435621174, "primary": 0.5984695264481632}}, "ATA|ATT": {"individual": [], "joint": {"secondary": 0.9773744325738168, "primary": 0.4614245188343935}}, "ATC|ATT": {"individual": [], "joint": {"secondary": 1.21140471130295, "primary": 1.311339267075326}}, "CAA|CAG": {"individual": [], "joint": {"secondary": 0.9573893495548959, "primary": 0.9596780455018736}}, "CAC|CAT": {"individual": [], "joint": {"secondary": 1.086050249490274, "primary": 1.060423576752904}}, "CCA|CCC": {"individual": [], "joint": {"secondary": 1.07371060490086, "primary": 0.8728109523259461}}, "CCA|CCG": {"individual": [], "joint": {"secondary": 0.9742993695680653, "primary": 0.3542339472546297}}, "CCA|CCT": {"individual": [], "joint": {"secondary": 1.033251896122428, "primary": 1.300700235439654}}, "CCC|CCG": {"individual": [], "joint": {"secondary": 0.7659959027968389, "primary": 1.031768019405202}}, "CCC|CCT": {"individual": [], "joint": {"secondary": 1.144507980969001, "primary": 0.9509061096698332}}, "CCG|CCT": {"individual": [], "joint": {"secondary": 1.108618642763874, "primary": 0.4866098240141212}}, "CGA|CGC": {"individual": [], "joint": {"secondary": 0.522972623668796, "primary": 0.2395652976296088}}, "CGA|CGG": {"individual": [], "joint": {"secondary": 0.8209550056312106, "primary": 6.361965807211887}}, "CGA|CGT": {"individual": [], "joint": {"secondary": 0.6114133935687727, "primary": 0}}, "CGC|CGG": {"individual": [], "joint": {"secondary": 1.049503382592764, "primary": 0.5160118480982917}}, "CGC|CGT": {"individual": [], "joint": {"secondary": 0.922941316337019, "primary": 0.3483125096130431}}, "CGG|CGT": {"individual": [], "joint": {"secondary": 0.6824560597442421, "primary": 0.2355634627117158}}, "CTA|CTC": {"individual": [], "joint": {"secondary": 0.7975551077890028, "primary": 0.6194816156737999}}, "CTA|CTG": {"individual": [], "joint": {"secondary": 0.9986857194147297, "primary": 1.177932719019772}}, "CTA|CTT": {"individual": [], "joint": {"secondary": 1.028333234573037, "primary": 0.7407758751221368}}, "CTA|TTA": {"individual": [], "joint": {"secondary": 1.232440604218895, "primary": 1.659915695247776}}, "CTC|CTG": {"individual": [], "joint": {"secondary": 0.8468228820566855, "primary": 0.2000609686416575}}, "CTC|CTT": {"individual": [], "joint": {"secondary": 0.9171757491740333, "primary": 0.6351721187775504}}, "CTG|CTT": {"individual": [], "joint": {"secondary": 1.021550611960686, "primary": 1.483141258757838}}, "CTG|TTG": {"individual": [], "joint": {"secondary": 1.122457415541769, "primary": 0.9517809402851853}}, "GAA|GAG": {"individual": [], "joint": {"secondary": 0.8616611272365362, "primary": 1.095732510267108}}, "GAC|GAT": {"individual": [], "joint": {"secondary": 1.056823837176508, "primary": 1.087088123065064}}, "GCA|GCC": {"individual": [], "joint": {"secondary": 1.058848972341714, "primary": 1.451195163842349}}, "GCA|GCG": {"individual": [], "joint": {"secondary": 1.029324551357171, "primary": 0.9809915731246471}}, "GCA|GCT": {"individual": [], "joint": {"secondary": 1.201883699611714, "primary": 1.443948566690013}}, "GCC|GCG": {"individual": [], "joint": {"secondary": 0.845466079598142, "primary": 0.6937491508019414}}, "GCC|GCT": {"individual": [], "joint": {"secondary": 1.062288965069388, "primary": 1.160565726855583}}, "GCG|GCT": {"individual": [], "joint": {"secondary": 1.026337104900438, "primary": 0.8283047905648879}}, "GGA|GGC": {"individual": [], "joint": {"secondary": 1.129383617778893, "primary": 1.321893674140084}}, "GGA|GGG": {"individual": [], "joint": {"secondary": 1.083951544836082, "primary": 1.011608499765704}}, "GGA|GGT": {"individual": [], "joint": {"secondary": 0.905559988955848, "primary": 0.5949427899410167}}, "GGC|GGG": {"individual": [], "joint": {"secondary": 0.7939641206465423, "primary": 0.8449846342362989}}, "GGC|GGT": {"individual": [], "joint": {"secondary": 1.144828739347092, "primary": 0.5066306855152449}}, "GGG|GGT": {"individual": [], "joint": {"secondary": 1.005425543457508, "primary": 0.7644541533304423}}, "GTA|GTC": {"individual": [], "joint": {"secondary": 0.8148283186595318, "primary": 0.5345583399651253}}, "GTA|GTG": {"individual": [], "joint": {"secondary": 1.020169349055003, "primary": 0.8647732714829615}}, "GTA|GTT": {"individual": [], "joint": {"secondary": 0.8032022786092824, "primary": 0.5436124250969662}}, "GTC|GTG": {"individual": [], "joint": {"secondary": 0.8382332653973434, "primary": 1.05412708601583}}, "GTC|GTT": {"individual": [], "joint": {"secondary": 1.003526469792982, "primary": 1.194087471269383}}, "GTG|GTT": {"individual": [], "joint": {"secondary": 1.122521139043506, "primary": 1.251644176882225}}, "TAC|TAT": {"individual": [], "joint": {"secondary": 1.09364097773976, "primary": 0.9818199372190325}}, "TCA|TCC": {"individual": [], "joint": {"secondary": 0.8786779506662478, "primary": 1.332699994914953}}, "TCA|TCG": {"individual": [], "joint": {"secondary": 1.065472358232192, "primary": 1.330155920873569}}, "TCA|TCT": {"individual": [], "joint": {"secondary": 1.070412747048725, "primary": 1.251286612161208}}, "TCC|TCG": {"individual": [], "joint": {"secondary": 0.946866194297326, "primary": 1.010512280130588}}, "TCC|TCT": {"individual": [], "joint": {"secondary": 1.12661327005815, "primary": 1.400288026231756}}, "TCG|TCT": {"individual": [], "joint": {"secondary": 1.156676952240915, "primary": 1.039091632726171}}, "TGC|TGT": {"individual": [], "joint": {"secondary": 1.126090123753867, "primary": 0.7462034702140186}}, "TTA|TTG": {"individual": [], "joint": {"secondary": 1.002558825108745, "primary": 1.133094451583988}}, "TTC|TTT": {"individual": [], "joint": {"secondary": 1.225440405938024, "primary": 1.125039600778047}}}