{"AAA|AAG": {"individual": [], "joint": {"secondary": 0.9247384575405428, "primary": 0.7902835365286502}}, "AAC|AAT": {"individual": [], "joint": {"secondary": 1.154045815169976, "primary": 1.093353748001784}}, "ACA|ACC": {"individual": [], "joint": {"secondary": 0.8972859217661967, "primary": 1.155063435591069}}, "ACA|ACG": {"individual": [], "joint": {"secondary": 1.265151447102116, "primary": 1.462700262822678}}, "ACA|ACT": {"individual": [], "joint": {"secondary": 1.010848056021999, "primary": 1.28995559125225}}, "ACC|ACG": {"individual": [], "joint": {"secondary": 1.186055885692399, "primary": 0.7186588809984471}}, "ACC|ACT": {"individual": [], "joint": {"secondary": 0.9001946576511727, "primary": 0.9473830286428742}}, "ACG|ACT": {"individual": [], "joint": {"secondary": 1.089404355312197, "primary": 1.129519233862285}}, "AGA|AGG": {"individual": [], "joint": {"secondary": 0.7665965659246549, "primary": 0.8534528261050693}}, "AGA|CGA": {"individual": [], "joint": {"secondary": 1.085638848516021, "primary": 1.004417992378804}}, "AGC|AGT": {"individual": [], "joint": {"secondary": 1.161173373257822, "primary": 1.012707843820448}}, "AGG|CGG": {"individual": [], "joint": {"secondary": 1.085860194745122, "primary": 0.9853775700965005}}, "ATA|ATC": {"individual": [], "joint": {"secondary": 1.069323625475484, "primary": 0.8559286406565251}}, "ATA|ATT": {"individual": [], "joint": {"secondary": 0.8939008653395962, "primary": 1.053761618467866}}, "ATC|ATT": {"individual": [], "joint": {"secondary": 1.053979754859893, "primary": 0.9320849445374914}}, "CAA|CAG": {"individual": [], "joint": {"secondary": 0.9977281224882427, "primary": 0.8615208779032948}}, "CAC|CAT": {"individual": [], "joint": {"secondary": 1.348879197271456, "primary": 1.000389871680595}}, "CCA|CCC": {"individual": [], "joint": {"secondary": 0.8905837889506348, "primary": 1.277481259904009}}, "CCA|CCG": {"individual": [], "joint": {"secondary": 0.9554504379637258, "primary": 1.562337138269201}}, "CCA|CCT": {"individual": [], "joint": {"secondary": 0.7777461225951295, "primary": 0.983239604282338}}, "CCC|CCG": {"individual": [], "joint": {"secondary": 0.8017051335255354, "primary": 1.065536031640043}}, "CCC|CCT": {"individual": [], "joint": {"secondary": 0.7755107761958084, "primary": 1.396383952443275}}, "CCG|CCT": {"individual": [], "joint": {"secondary": 0.9417726122846412, "primary": 1.033044080631931}}, "CGA|CGC": {"individual": [], "joint": {"secondary": 0.7865748335351163, "primary": 0.7286154884392428}}, "CGA|CGG": {"individual": [], "joint": {"secondary": 1.09136121215072, "primary": 1.006122647901328}}, "CGA|CGT": {"individual": [], "joint": {"secondary": 0.6552301493744865, "primary": 0.9844853581133606}}, "CGC|CGG": {"individual": [], "joint": {"secondary": 1.391804893243768, "primary": 0.7822117632790719}}, "CGC|CGT": {"individual": [], "joint": {"secondary": 1.511369970728005, "primary": 1.140990505167639}}, "CGG|CGT": {"individual": [], "joint": {"secondary": 1.225971161660199, "primary": 0.8954341184256285}}, "CTA|CTC": {"individual": [], "joint": {"secondary": 1.284909884457395, "primary": 0.8520894249960645}}, "CTA|CTG": {"individual": [], "joint": {"secondary": 1.019041716495909, "primary": 0.824271637515086}}, "CTA|CTT": {"individual": [], "joint": {"secondary": 1.022421476758777, "primary": 0.9126688804826967}}, "CTA|TTA": {"individual": [], "joint": {"secondary": 1.203778027154619, "primary": 0.8881443028198635}}, "CTC|CTG": {"individual": [], "joint": {"secondary": 0.9979141784581758, "primary": 0.9019762212374098}}, "CTC|CTT": {"individual": [], "joint": {"secondary": 1.209295257892204, "primary": 0.853313071493533}}, "CTG|CTT": {"individual": [], "joint": {"secondary": 0.8152334858996177, "primary": 0.8157998610750098}}, "CTG|TTG": {"individual": [], "joint": {"secondary": 1.012542106516874, "primary": 0.9962730593940804}}, "GAA|GAG": {"individual": [], "joint": {"secondary": 0.8738305904648033, "primary": 0.7738065287538112}}, "GAC|GAT": {"individual": [], "joint": {"secondary": 1.066708281520175, "primary": 1.10250761605921}}, "GCA|GCC": {"individual": [], "joint": {"secondary": 0.5222132425940006, "primary": 1.046668583671598}}, "GCA|GCG": {"individual": [], "joint": {"secondary": 0.9547124199290369, "primary": 1.279249875498781}}, "GCA|GCT": {"individual": [], "joint": {"secondary": 1.337660475843027, "primary": 0.942324639209869}}, "GCC|GCG": {"individual": [], "joint": {"secondary": 0.6870547048764134, "primary": 1.282828211045719}}, "GCC|GCT": {"individual": [], "joint": {"secondary": 0.8809709420074363, "primary": 0.8873813974404172}}, "GCG|GCT": {"individual": [], "joint": {"secondary": 0.8378937145469743, "primary": 0.9014596886365498}}, "GGA|GGC": {"individual": [], "joint": {"secondary": 1.03214518222441, "primary": 1.052272828964384}}, "GGA|GGG": {"individual": [], "joint": {"secondary": 0.7575512245133144, "primary": 0.9263537852886314}}, "GGA|GGT": {"individual": [], "joint": {"secondary": 0.7333765485560945, "primary": 0.6574630557112316}}, "GGC|GGG": {"individual": [], "joint": {"secondary": 1.06963788850216, "primary": 0.8354137989743587}}, "GGC|GGT": {"individual": [], "joint": {"secondary": 1.012107823643758, "primary": 1.139746840472474}}, "GGG|GGT": {"individual": [], "joint": {"secondary": 0.921179928607491, "primary": 0.9969423586348438}}, "GTA|GTC": {"individual": [], "joint": {"secondary": 0.9263880612408084, "primary": 0.6997013259571746}}, "GTA|GTG": {"individual": [], "joint": {"secondary": 0.7093076214024443, "primary": 0.7431044643444721}}, "GTA|GTT": {"individual": [], "joint": {"secondary": 1.029103420194338, "primary": 0.8016943919683133}}, "GTC|GTG": {"individual": [], "joint": {"secondary": 0.8246500462028559, "primary": 0.8643762526453509}}, "GTC|GTT": {"individual": [], "joint": {"secondary": 0.8768487117170879, "primary": 1.036139590081251}}, "GTG|GTT": {"individual": [], "joint": {"secondary": 1.117917016712077, "primary": 0.8362257942825398}}, "TAC|TAT": {"individual": [], "joint": {"secondary": 1.117433680920949, "primary": 1.154318303978088}}, "TCA|TCC": {"individual": [], "joint": {"secondary": 1.299715270419357, "primary": 1.038396135664186}}, "TCA|TCG": {"individual": [], "joint": {"secondary": 1.31684281074938, "primary": 1.43245817550206}}, "TCA|TCT": {"individual": [], "joint": {"secondary": 0.8243075095679261, "primary": 0.8971753793137488}}, "TCC|TCG": {"individual": [], "joint": {"secondary": 0.9724872520032267, "primary": 1.323407832991057}}, "TCC|TCT": {"individual": [], "joint": {"secondary": 0.7605902156009343, "primary": 1.163498842802686}}, "TCG|TCT": {"individual": [], "joint": {"secondary": 0.9522400241202038, "primary": 1.16371423756909}}, "TGC|TGT": {"individual": [], "joint": {"secondary": 1.386145758515474, "primary": 0.9723528901968165}}, "TTA|TTG": {"individual": [], "joint": {"secondary": 0.8941508760069604, "primary": 0.82865415505655}}, "TTC|TTT": {"individual": [], "joint": {"secondary": 1.043806386820667, "primary": 1.173384708427288}}}