{"baseline-AICc": {"individual": [], "joint": 247084.5859479541}, "baseline-loglikelihood": {"individual": [], "joint": -120324.3679505159}, "joint-AICc": {"individual": [], "joint": 248690.1097371456}, "joint-loglikelihood": {"individual": [], "joint": -120260.9860330926}, "AAA|AAG": {"individual": [], "joint": {"secondary": 0.7919812200503247, "primary": 1.054807612689611}}, "AAC|AAT": {"individual": [], "joint": {"secondary": 0.9580828747941958, "primary": 0.9525692023307519}}, "ACA|ACC": {"individual": [], "joint": {"secondary": 0.9360016615590953, "primary": 0.8511038338800485}}, "ACA|ACG": {"individual": [], "joint": {"secondary": 0.8464550362607945, "primary": 0.8411949303710383}}, "ACA|ACT": {"individual": [], "joint": {"secondary": 0.3685400030551005, "primary": 2.410230031558309}}, "ACC|ACG": {"individual": [], "joint": {"secondary": 0.9825593434977496, "primary": 0.9015790228001394}}, "ACC|ACT": {"individual": [], "joint": {"secondary": 1.252718033922041, "primary": 0.7898023099978961}}, "ACG|ACT": {"individual": [], "joint": {"secondary": 0.779992404486479, "primary": 1.406199130624401}}, "AGA|AGG": {"individual": [], "joint": {"secondary": 1.069489005757802, "primary": 0.9683382042207459}}, "AGA|CGA": {"individual": [], "joint": {"secondary": 1.004421568898983, "primary": 0.5708038234879953}}, "AGC|AGT": {"individual": [], "joint": {"secondary": 1.068100424438574, "primary": 0.9971521290240288}}, "AGG|CGG": {"individual": [], "joint": {"secondary": 0.8768558384542905, "primary": 1.210619360121652}}, "ATA|ATC": {"individual": [], "joint": {"secondary": 0.7242989908718362, "primary": 1.468364942026086}}, "ATA|ATT": {"individual": [], "joint": {"secondary": 1.301040549361458, "primary": 1.14176853341446}}, "ATC|ATT": {"individual": [], "joint": {"secondary": 0.9840399157252872, "primary": 1.23908127900873}}, "CAA|CAG": {"individual": [], "joint": {"secondary": 0.7765103725770172, "primary": 0.8451336490100101}}, "CAC|CAT": {"individual": [], "joint": {"secondary": 0.6514989362488175, "primary": 1.080815891497674}}, "CCA|CCC": {"individual": [], "joint": {"secondary": 1.142823824970065, "primary": 0.4717725314155906}}, "CCA|CCG": {"individual": [], "joint": {"secondary": 1.176396310550544, "primary": 0.7173046801111068}}, "CCA|CCT": {"individual": [], "joint": {"secondary": 0.8271361558361522, "primary": 1.784568973729464}}, "CCC|CCG": {"individual": [], "joint": {"secondary": 0.9247399752613318, "primary": 0.9844426497207798}}, "CCC|CCT": {"individual": [], "joint": {"secondary": 1.168683420713311, "primary": 0.739265727402478}}, "CCG|CCT": {"individual": [], "joint": {"secondary": 0.8569747248615864, "primary": 1.086167339645093}}, "CGA|CGC": {"individual": [], "joint": {"secondary": 1.02868049367026, "primary": 1.020858978591258}}, "CGA|CGG": {"individual": [], "joint": {"secondary": 1.005279872274287, "primary": 0.9037811644702305}}, "CGA|CGT": {"individual": [], "joint": {"secondary": 0.8969666136159823, "primary": 0.925662011673659}}, "CGC|CGG": {"individual": [], "joint": {"secondary": 0.9323361398833314, "primary": 1.050969161152434}}, "CGC|CGT": {"individual": [], "joint": {"secondary": 1.000178100816558, "primary": 0.8425745332716622}}, "CGG|CGT": {"individual": [], "joint": {"secondary": 0.6979967223198573, "primary": 1.206552157310794}}, "CTA|CTC": {"individual": [], "joint": {"secondary": 1.432229730148036, "primary": 0.8230941745022632}}, "CTA|CTG": {"individual": [], "joint": {"secondary": 1.267581339215519, "primary": 1.038407201011782}}, "CTA|CTT": {"individual": [], "joint": {"secondary": 0.871684429051633, "primary": 0.8183497930488984}}, "CTA|TTA": {"individual": [], "joint": {"secondary": 1.114639041273873, "primary": 0.9388488342451351}}, "CTC|CTG": {"individual": [], "joint": {"secondary": 0.9100410230580839, "primary": 1.377847744467157}}, "CTC|CTT": {"individual": [], "joint": {"secondary": 0.8709603180387684, "primary": 1.150922614566855}}, "CTG|CTT": {"individual": [], "joint": {"secondary": 1.004526181708063, "primary": 0.9682380895306519}}, "CTG|TTG": {"individual": [], "joint": {"secondary": 0.9429378425250512, "primary": 0.9673619230699225}}, "GAA|GAG": {"individual": [], "joint": {"secondary": 0.9694282521984583, "primary": 0.8484401629295365}}, "GAC|GAT": {"individual": [], "joint": {"secondary": 1.125856598206099, "primary": 0.9457675294813024}}, "GCA|GCC": {"individual": [], "joint": {"secondary": 1.15557881907673, "primary": 0.5966031319509117}}, "GCA|GCG": {"individual": [], "joint": {"secondary": 0.9096870616285431, "primary": 0.9363864489324276}}, "GCA|GCT": {"individual": [], "joint": {"secondary": 0.8205050721976763, "primary": 0.6363134552482066}}, "GCC|GCG": {"individual": [], "joint": {"secondary": 1.001296967451645, "primary": 0.9009229884284329}}, "GCC|GCT": {"individual": [], "joint": {"secondary": 1.227205034215476, "primary": 1.208424040002771}}, "GCG|GCT": {"individual": [], "joint": {"secondary": 0.8115379670178133, "primary": 0.8174704167239325}}, "GGA|GGC": {"individual": [], "joint": {"secondary": 1.077414987781709, "primary": 1.386537110052346}}, "GGA|GGG": {"individual": [], "joint": {"secondary": 1.286965829567952, "primary": 0.6995863669508187}}, "GGA|GGT": {"individual": [], "joint": {"secondary": 1.407007289897787, "primary": 0.9996917038218177}}, "GGC|GGG": {"individual": [], "joint": {"secondary": 0.9296195468735649, "primary": 1.149366857323609}}, "GGC|GGT": {"individual": [], "joint": {"secondary": 0.8451646163564077, "primary": 0.9043471145669779}}, "GGG|GGT": {"individual": [], "joint": {"secondary": 1.561002361051624, "primary": 0.5343605284546654}}, "GTA|GTC": {"individual": [], "joint": {"secondary": 1.518402387022507, "primary": 0.9885558524336407}}, "GTA|GTG": {"individual": [], "joint": {"secondary": 0.7546619051832592, "primary": 0.7951682262672399}}, "GTA|GTT": {"individual": [], "joint": {"secondary": 0.8193624505835808, "primary": 0.8579183377424608}}, "GTC|GTG": {"individual": [], "joint": {"secondary": 1.046307015740624, "primary": 0.7764837636425783}}, "GTC|GTT": {"individual": [], "joint": {"secondary": 1.103784579135852, "primary": 0.7214278689800746}}, "GTG|GTT": {"individual": [], "joint": {"secondary": 1.054303624485185, "primary": 1.068678005380893}}, "TAC|TAT": {"individual": [], "joint": {"secondary": 0.9594419299561197, "primary": 0.9520644983381741}}, "TCA|TCC": {"individual": [], "joint": {"secondary": 1.081463569473908, "primary": 1.446815966902051}}, "TCA|TCG": {"individual": [], "joint": {"secondary": 0.9035743174149896, "primary": 1.220258150123259}}, "TCA|TCT": {"individual": [], "joint": {"secondary": 0.5604403872401348, "primary": 1.439077967103384}}, "TCC|TCG": {"individual": [], "joint": {"secondary": 0.9774583495566472, "primary": 1.121360852442857}}, "TCC|TCT": {"individual": [], "joint": {"secondary": 1.045960042162751, "primary": 0.8375819868092522}}, "TCG|TCT": {"individual": [], "joint": {"secondary": 1.029994443201474, "primary": 0.9344772299707702}}, "TGC|TGT": {"individual": [], "joint": {"secondary": 1.218267165155378, "primary": 0.8871403696700114}}, "TTA|TTG": {"individual": [], "joint": {"secondary": 1.155426128947902, "primary": 0.9821381716336255}}, "TTC|TTT": {"individual": [], "joint": {"secondary": 1.197502861466053, "primary": 0.860080728691173}}, "model_mixture_p": 0.437572390179925}