{"AAA|AAG": {"individual": [], "joint": {"secondary": 0.8734497941511755, "primary": 1.137084386635697}}, "AAC|AAT": {"individual": [], "joint": {"secondary": 1.103101102045229, "primary": 1.07907506096026}}, "ACA|ACC": {"individual": [], "joint": {"secondary": 1.120955239584382, "primary": 1.495866158807523}}, "ACA|ACG": {"individual": [], "joint": {"secondary": 1.107931711270417, "primary": 1.18764904831893}}, "ACA|ACT": {"individual": [], "joint": {"secondary": 1.21097310900476, "primary": 1.269773903899372}}, "ACC|ACG": {"individual": [], "joint": {"secondary": 0.9650913401705019, "primary": 0.866024581363253}}, "ACC|ACT": {"individual": [], "joint": {"secondary": 1.176031135631644, "primary": 1.261799994898959}}, "ACG|ACT": {"individual": [], "joint": {"secondary": 1.277274275393798, "primary": 1.193945532546955}}, "AGA|AGG": {"individual": [], "joint": {"secondary": 1.055464851610262, "primary": 0.9152237027618728}}, "AGA|CGA": {"individual": [], "joint": {"secondary": 0.6432776154017348, "primary": 0.200442247427158}}, "AGC|AGT": {"individual": [], "joint": {"secondary": 1.099494129657509, "primary": 1.09570161994268}}, "AGG|CGG": {"individual": [], "joint": {"secondary": 0.944110698250469, "primary": 1.102218354559952}}, "ATA|ATC": {"individual": [], "joint": {"secondary": 0.8192130107760877, "primary": 0.5988679680672909}}, "ATA|ATT": {"individual": [], "joint": {"secondary": 0.97243261913972, "primary": 0.606434050072406}}, "ATC|ATT": {"individual": [], "joint": {"secondary": 1.182540976011334, "primary": 1.334278106799914}}, "CAA|CAG": {"individual": [], "joint": {"secondary": 0.9307289586633962, "primary": 0.9949049185749604}}, "CAC|CAT": {"individual": [], "joint": {"secondary": 1.103480148717016, "primary": 1.136030682246454}}, "CCA|CCC": {"individual": [], "joint": {"secondary": 1.142115931260629, "primary": 0.8596352847220451}}, "CCA|CCG": {"individual": [], "joint": {"secondary": 0.9671043570173596, "primary": 0.4625196892829718}}, "CCA|CCT": {"individual": [], "joint": {"secondary": 1.041941155622274, "primary": 1.338406786566523}}, "CCC|CCG": {"individual": [], "joint": {"secondary": 0.926078419387362, "primary": 1.009746290469199}}, "CCC|CCT": {"individual": [], "joint": {"secondary": 1.051596748714727, "primary": 1.105143875587801}}, "CCG|CCT": {"individual": [], "joint": {"secondary": 1.007097064725692, "primary": 0.813947128350889}}, "CGA|CGC": {"individual": [], "joint": {"secondary": 0.5015261445522503, "primary": 0.8070704037975629}}, "CGA|CGG": {"individual": [], "joint": {"secondary": 0.7575665703819989, "primary": 0.9247748362419718}}, "CGA|CGT": {"individual": [], "joint": {"secondary": 0.4389765775673152, "primary": 0.2551998218936958}}, "CGC|CGG": {"individual": [], "joint": {"secondary": 1.08744754629517, "primary": 1.516063677295421}}, "CGC|CGT": {"individual": [], "joint": {"secondary": 0.9921718876061815, "primary": 0.428704219786498}}, "CGG|CGT": {"individual": [], "joint": {"secondary": 0.8404768823674198, "primary": 0.1957221936418357}}, "CTA|CTC": {"individual": [], "joint": {"secondary": 0.8264025176464515, "primary": 0.7923578310033387}}, "CTA|CTG": {"individual": [], "joint": {"secondary": 1.011716567846239, "primary": 1.2339420926052}}, "CTA|CTT": {"individual": [], "joint": {"secondary": 0.9510620097099621, "primary": 1.245949577454979}}, "CTA|TTA": {"individual": [], "joint": {"secondary": 1.224410180914278, "primary": 1.551055927198145}}, "CTC|CTG": {"individual": [], "joint": {"secondary": 0.798508151257143, "primary": 0.5000893577293913}}, "CTC|CTT": {"individual": [], "joint": {"secondary": 0.9587916538294335, "primary": 0.7562117692179005}}, "CTG|CTT": {"individual": [], "joint": {"secondary": 1.045417266088678, "primary": 1.531311491744601}}, "CTG|TTG": {"individual": [], "joint": {"secondary": 1.095497224690363, "primary": 1.021837869844371}}, "GAA|GAG": {"individual": [], "joint": {"secondary": 0.8751474030355485, "primary": 1.062699121022782}}, "GAC|GAT": {"individual": [], "joint": {"secondary": 1.055979503069625, "primary": 1.093292924380352}}, "GCA|GCC": {"individual": [], "joint": {"secondary": 0.9963900407212738, "primary": 1.41012600427332}}, "GCA|GCG": {"individual": [], "joint": {"secondary": 1.027346720696188, "primary": 1.184560887608959}}, "GCA|GCT": {"individual": [], "joint": {"secondary": 1.257440496277824, "primary": 1.322050043535418}}, "GCC|GCG": {"individual": [], "joint": {"secondary": 0.9469535673911678, "primary": 0.8026906411452635}}, "GCC|GCT": {"individual": [], "joint": {"secondary": 1.078691153801857, "primary": 1.148834633289516}}, "GCG|GCT": {"individual": [], "joint": {"secondary": 0.9575765824138488, "primary": 0.6566696297376248}}, "GGA|GGC": {"individual": [], "joint": {"secondary": 1.146992028698147, "primary": 1.613531247825297}}, "GGA|GGG": {"individual": [], "joint": {"secondary": 1.119913933625276, "primary": 1.047049721909969}}, "GGA|GGT": {"individual": [], "joint": {"secondary": 0.89223392542245, "primary": 0.5390389858070678}}, "GGC|GGG": {"individual": [], "joint": {"secondary": 0.8577392562594911, "primary": 0.8477093695374578}}, "GGC|GGT": {"individual": [], "joint": {"secondary": 1.174056606268406, "primary": 0.6372456758899688}}, "GGG|GGT": {"individual": [], "joint": {"secondary": 1.02219922134362, "primary": 0.8039971193859186}}, "GTA|GTC": {"individual": [], "joint": {"secondary": 0.8264105810217801, "primary": 0.6270648278766963}}, "GTA|GTG": {"individual": [], "joint": {"secondary": 1.004147626711965, "primary": 0.8910683785079115}}, "GTA|GTT": {"individual": [], "joint": {"secondary": 0.7979609563006123, "primary": 0.6111739464691355}}, "GTC|GTG": {"individual": [], "joint": {"secondary": 0.7819990569787908, "primary": 1.107219028304118}}, "GTC|GTT": {"individual": [], "joint": {"secondary": 1.023123996984618, "primary": 1.141848968294882}}, "GTG|GTT": {"individual": [], "joint": {"secondary": 1.168036664486042, "primary": 1.417294834609335}}, "TAC|TAT": {"individual": [], "joint": {"secondary": 1.078428290885849, "primary": 1.094406924987219}}, "TCA|TCC": {"individual": [], "joint": {"secondary": 0.9226104324897714, "primary": 1.078669872210303}}, "TCA|TCG": {"individual": [], "joint": {"secondary": 1.090817368514023, "primary": 1.187402087100894}}, "TCA|TCT": {"individual": [], "joint": {"secondary": 1.053671690861293, "primary": 1.231995532664782}}, "TCC|TCG": {"individual": [], "joint": {"secondary": 0.9560841191087561, "primary": 0.8779682186457486}}, "TCC|TCT": {"individual": [], "joint": {"secondary": 1.112497863735035, "primary": 1.292288375114829}}, "TCG|TCT": {"individual": [], "joint": {"secondary": 1.138429954418561, "primary": 1.376486663847529}}, "TGC|TGT": {"individual": [], "joint": {"secondary": 1.144937309549188, "primary": 0.8288625629667197}}, "TTA|TTG": {"individual": [], "joint": {"secondary": 1.003912218166288, "primary": 1.155369669478137}}, "TTC|TTT": {"individual": [], "joint": {"secondary": 1.236815857802332, "primary": 1.086373661254861}}}