{"AAA|AAG": {"individual": [], "joint": {"secondary": 0.6208359923691786, "primary": 0.7054597574035457}}, "AAC|AAT": {"individual": [], "joint": {"secondary": 1.262344360388451, "primary": 1.149866949217498}}, "ACA|ACC": {"individual": [], "joint": {"secondary": 0.8139750454508665, "primary": 1.055495311914051}}, "ACA|ACG": {"individual": [], "joint": {"secondary": 1.930078305585904, "primary": 1.642934277877753}}, "ACA|ACT": {"individual": [], "joint": {"secondary": 1.205154911379114, "primary": 1.15988434446382}}, "ACC|ACG": {"individual": [], "joint": {"secondary": 1.109099889382984, "primary": 1.089573682678141}}, "ACC|ACT": {"individual": [], "joint": {"secondary": 1.115486682036351, "primary": 1.159062182049724}}, "ACG|ACT": {"individual": [], "joint": {"secondary": 1.613610506057642, "primary": 1.483778861305098}}, "AGA|AGG": {"individual": [], "joint": {"secondary": 0.6148068483272765, "primary": 0.8046938920409535}}, "AGA|CGA": {"individual": [], "joint": {"secondary": 0.9566799196986444, "primary": 1.223957108151795}}, "AGC|AGT": {"individual": [], "joint": {"secondary": 1.149226790226205, "primary": 1.053612080573033}}, "AGG|CGG": {"individual": [], "joint": {"secondary": 1.19511718738444, "primary": 1.264690061250443}}, "ATA|ATC": {"individual": [], "joint": {"secondary": 0.8751935427460004, "primary": 0.8282554185112635}}, "ATA|ATT": {"individual": [], "joint": {"secondary": 0.872830068504344, "primary": 0.9079743636065704}}, "ATC|ATT": {"individual": [], "joint": {"secondary": 1.0418658014088, "primary": 0.8932004057247837}}, "CAA|CAG": {"individual": [], "joint": {"secondary": 0.6532111425912006, "primary": 0.9842907563022062}}, "CAC|CAT": {"individual": [], "joint": {"secondary": 1.51211876451892, "primary": 1.407375560670766}}, "CCA|CCC": {"individual": [], "joint": {"secondary": 0.9991237278275218, "primary": 1.110298725206478}}, "CCA|CCG": {"individual": [], "joint": {"secondary": 1.935288111790781, "primary": 1.384930166039629}}, "CCA|CCT": {"individual": [], "joint": {"secondary": 1.444222012802569, "primary": 1.246488691264595}}, "CCC|CCG": {"individual": [], "joint": {"secondary": 1.170384516418163, "primary": 1.096409453061332}}, "CCC|CCT": {"individual": [], "joint": {"secondary": 1.122516912597363, "primary": 1.060151001773641}}, "CCG|CCT": {"individual": [], "joint": {"secondary": 1.122538369986844, "primary": 0.9336092268396328}}, "CGA|CGC": {"individual": [], "joint": {"secondary": 1.05508147469019, "primary": 0.9483857292653085}}, "CGA|CGG": {"individual": [], "joint": {"secondary": 0.6909212358741902, "primary": 0.8313783062618574}}, "CGA|CGT": {"individual": [], "joint": {"secondary": 1.185380187857448, "primary": 1.034231815408614}}, "CGC|CGG": {"individual": [], "joint": {"secondary": 0.8140451353917074, "primary": 0.7451748200686158}}, "CGC|CGT": {"individual": [], "joint": {"secondary": 1.1276888726868, "primary": 1.055736431864516}}, "CGG|CGT": {"individual": [], "joint": {"secondary": 0.9745660348432675, "primary": 0.9553039626809926}}, "CTA|CTC": {"individual": [], "joint": {"secondary": 0.7105937921130282, "primary": 0.907245289299829}}, "CTA|CTG": {"individual": [], "joint": {"secondary": 0.671520576517506, "primary": 0.9833317797095619}}, "CTA|CTT": {"individual": [], "joint": {"secondary": 0.6736131028313683, "primary": 0.7924629607120675}}, "CTA|TTA": {"individual": [], "joint": {"secondary": 0.5516136664008533, "primary": 0.6928546550096844}}, "CTC|CTG": {"individual": [], "joint": {"secondary": 0.8269954917267338, "primary": 1.038289628821676}}, "CTC|CTT": {"individual": [], "joint": {"secondary": 0.8653347068153361, "primary": 0.9519741909260956}}, "CTG|CTT": {"individual": [], "joint": {"secondary": 0.8300774556280569, "primary": 0.9374302853894867}}, "CTG|TTG": {"individual": [], "joint": {"secondary": 0.4959597429912703, "primary": 0.9613030758760343}}, "GAA|GAG": {"individual": [], "joint": {"secondary": 0.7486676427443193, "primary": 0.8679694501491642}}, "GAC|GAT": {"individual": [], "joint": {"secondary": 1.278383272179093, "primary": 1.154346088164421}}, "GCA|GCC": {"individual": [], "joint": {"secondary": 0.9661755919247283, "primary": 0.9842551992994383}}, "GCA|GCG": {"individual": [], "joint": {"secondary": 1.727185142945975, "primary": 1.268797093455095}}, "GCA|GCT": {"individual": [], "joint": {"secondary": 1.357849232865342, "primary": 1.164979482690859}}, "GCC|GCG": {"individual": [], "joint": {"secondary": 0.8748086889075268, "primary": 0.7307838620109322}}, "GCC|GCT": {"individual": [], "joint": {"secondary": 1.113789898441166, "primary": 1.019978161221886}}, "GCG|GCT": {"individual": [], "joint": {"secondary": 1.110892634171806, "primary": 0.9484776600278532}}, "GGA|GGC": {"individual": [], "joint": {"secondary": 0.806477742158443, "primary": 0.9310944160919362}}, "GGA|GGG": {"individual": [], "joint": {"secondary": 0.7099582648170938, "primary": 0.8170447209887967}}, "GGA|GGT": {"individual": [], "joint": {"secondary": 0.8569959318145848, "primary": 0.7394748815020273}}, "GGC|GGG": {"individual": [], "joint": {"secondary": 0.6499981614624077, "primary": 0.7173348931791582}}, "GGC|GGT": {"individual": [], "joint": {"secondary": 1.06462247899231, "primary": 0.9710432077176431}}, "GGG|GGT": {"individual": [], "joint": {"secondary": 0.9172172129199611, "primary": 0.9423191291860925}}, "GTA|GTC": {"individual": [], "joint": {"secondary": 0.5974189619730992, "primary": 0.6882173197188802}}, "GTA|GTG": {"individual": [], "joint": {"secondary": 0.6773061773552204, "primary": 0.9853162796532647}}, "GTA|GTT": {"individual": [], "joint": {"secondary": 0.7178429511394148, "primary": 0.8611882337944115}}, "GTC|GTG": {"individual": [], "joint": {"secondary": 0.6521846304841221, "primary": 0.6767504519118468}}, "GTC|GTT": {"individual": [], "joint": {"secondary": 0.7056386091480792, "primary": 0.8014881512413358}}, "GTG|GTT": {"individual": [], "joint": {"secondary": 0.8024289136331613, "primary": 0.9262828229123542}}, "TAC|TAT": {"individual": [], "joint": {"secondary": 1.400961125343937, "primary": 1.494658540682748}}, "TCA|TCC": {"individual": [], "joint": {"secondary": 0.9514724050070856, "primary": 1.129478261322065}}, "TCA|TCG": {"individual": [], "joint": {"secondary": 1.748938473538366, "primary": 1.307601002965676}}, "TCA|TCT": {"individual": [], "joint": {"secondary": 1.329880363095743, "primary": 1.036423183691479}}, "TCC|TCG": {"individual": [], "joint": {"secondary": 0.9666166890087352, "primary": 0.794641550373372}}, "TCC|TCT": {"individual": [], "joint": {"secondary": 1.001749931243217, "primary": 1.045130502196201}}, "TCG|TCT": {"individual": [], "joint": {"secondary": 1.012937267128667, "primary": 0.8751681366618648}}, "TGC|TGT": {"individual": [], "joint": {"secondary": 0.9937064913884343, "primary": 1.02159888880372}}, "TTA|TTG": {"individual": [], "joint": {"secondary": 0.5778222696533626, "primary": 0.7408951793737022}}, "TTC|TTT": {"individual": [], "joint": {"secondary": 0.8709719586672696, "primary": 0.8761680397906605}}}