{"AAA|AAG": {"individual": [], "joint": {"secondary": 1.174715628053765, "primary": 1.440286593312421}}, "AAC|AAT": {"individual": [], "joint": {"secondary": 1.195285430286243, "primary": 1.11134642253419}}, "ACA|ACC": {"individual": [], "joint": {"secondary": 1.191678458474188, "primary": 1.733549959501312}}, "ACA|ACG": {"individual": [], "joint": {"secondary": 1.001466853676401, "primary": 1.179043899516015}}, "ACA|ACT": {"individual": [], "joint": {"secondary": 1.321656805457401, "primary": 1.531158275272933}}, "ACC|ACG": {"individual": [], "joint": {"secondary": 0.8274125344747472, "primary": 0.7091762478635845}}, "ACC|ACT": {"individual": [], "joint": {"secondary": 0.8520130366355276, "primary": 0.9964923164336242}}, "ACG|ACT": {"individual": [], "joint": {"secondary": 0.9763377150116418, "primary": 0.6338437112817512}}, "AGA|AGG": {"individual": [], "joint": {"secondary": 0.8269107022969093, "primary": 0.3366701438192332}}, "AGA|CGA": {"individual": [], "joint": {"secondary": 1.414514821427201, "primary": 1.926544556311069}}, "AGC|AGT": {"individual": [], "joint": {"secondary": 0.9893197196647124, "primary": 0.9412213582465496}}, "AGG|CGG": {"individual": [], "joint": {"secondary": 1.397532434620409, "primary": 2.080900205575278}}, "ATA|ATC": {"individual": [], "joint": {"secondary": 0.6326712197327014, "primary": 0.2578813085377432}}, "ATA|ATT": {"individual": [], "joint": {"secondary": 0.6632035607792788, "primary": 0.21374662333734}}, "ATC|ATT": {"individual": [], "joint": {"secondary": 1.042001175565754, "primary": 1.128424824387013}}, "CAA|CAG": {"individual": [], "joint": {"secondary": 1.11842596113117, "primary": 1.41637564100572}}, "CAC|CAT": {"individual": [], "joint": {"secondary": 1.140535277058066, "primary": 1.219815274095557}}, "CCA|CCC": {"individual": [], "joint": {"secondary": 0.6457782147448464, "primary": 0.2948194465701917}}, "CCA|CCG": {"individual": [], "joint": {"secondary": 1.096734575657137, "primary": 0.8384604368736376}}, "CCA|CCT": {"individual": [], "joint": {"secondary": 1.062507627071152, "primary": 0.8174098135150235}}, "CCC|CCG": {"individual": [], "joint": {"secondary": 0.8267248549239149, "primary": 0.6947069680325757}}, "CCC|CCT": {"individual": [], "joint": {"secondary": 0.8864066784847663, "primary": 0.7578887744471664}}, "CCG|CCT": {"individual": [], "joint": {"secondary": 1.029969530860581, "primary": 1.134794674856068}}, "CGA|CGC": {"individual": [], "joint": {"secondary": 0.6018118733875956, "primary": 1.134372047899117}}, "CGA|CGG": {"individual": [], "joint": {"secondary": 0.8257293849242436, "primary": 0.8536404061273503}}, "CGA|CGT": {"individual": [], "joint": {"secondary": 1.0935810382017, "primary": 1.446815296013872}}, "CGC|CGG": {"individual": [], "joint": {"secondary": 0.772366488214513, "primary": 0.4073291516644205}}, "CGC|CGT": {"individual": [], "joint": {"secondary": 0.9156374421089991, "primary": 0.9189833582764473}}, "CGG|CGT": {"individual": [], "joint": {"secondary": 0.551933093204091, "primary": 0.2055838618185069}}, "CTA|CTC": {"individual": [], "joint": {"secondary": 0.6363915908549326, "primary": 0.2821670106175881}}, "CTA|CTG": {"individual": [], "joint": {"secondary": 0.8269031371711945, "primary": 0.6642520230157146}}, "CTA|CTT": {"individual": [], "joint": {"secondary": 1.003663408501798, "primary": 0.4636759791476593}}, "CTA|TTA": {"individual": [], "joint": {"secondary": 1.58004965985903, "primary": 1.759942697236087}}, "CTC|CTG": {"individual": [], "joint": {"secondary": 1.724879402708597, "primary": 1.845436216672346}}, "CTC|CTT": {"individual": [], "joint": {"secondary": 0.945674169577758, "primary": 1.063331518652437}}, "CTG|CTT": {"individual": [], "joint": {"secondary": 1.517510844355181, "primary": 1.60643286384807}}, "CTG|TTG": {"individual": [], "joint": {"secondary": 1.942611722421091, "primary": 2.145108672129506}}, "GAA|GAG": {"individual": [], "joint": {"secondary": 1.190837312408958, "primary": 1.498029127025184}}, "GAC|GAT": {"individual": [], "joint": {"secondary": 1.098704962155249, "primary": 1.119558052113435}}, "GCA|GCC": {"individual": [], "joint": {"secondary": 1.15053217945291, "primary": 1.480194043755761}}, "GCA|GCG": {"individual": [], "joint": {"secondary": 0.991084204952089, "primary": 1.154662672188055}}, "GCA|GCT": {"individual": [], "joint": {"secondary": 1.331156756020877, "primary": 1.623522631248258}}, "GCC|GCG": {"individual": [], "joint": {"secondary": 0.7858441135255998, "primary": 0.5522304895277133}}, "GCC|GCT": {"individual": [], "joint": {"secondary": 0.8248812290382083, "primary": 0.9903378579544897}}, "GCG|GCT": {"individual": [], "joint": {"secondary": 0.8622100651804033, "primary": 0.5422236533375939}}, "GGA|GGC": {"individual": [], "joint": {"secondary": 0.6008544899349246, "primary": 0.4510965664345573}}, "GGA|GGG": {"individual": [], "joint": {"secondary": 0.4129707213507696, "primary": 0.2372130975070252}}, "GGA|GGT": {"individual": [], "joint": {"secondary": 0.9311311075363311, "primary": 1.054615478895559}}, "GGC|GGG": {"individual": [], "joint": {"secondary": 0.80667278279044, "primary": 0.4935913663567801}}, "GGC|GGT": {"individual": [], "joint": {"secondary": 0.9519548575390551, "primary": 0.6877286284434843}}, "GGG|GGT": {"individual": [], "joint": {"secondary": 0.69504676093817, "primary": 0.4515957354937274}}, "GTA|GTC": {"individual": [], "joint": {"secondary": 0.5545758179259277, "primary": 0.5278945839163365}}, "GTA|GTG": {"individual": [], "joint": {"secondary": 0.7188378489055395, "primary": 0.6918349625739111}}, "GTA|GTT": {"individual": [], "joint": {"secondary": 0.7706062702802164, "primary": 0.6848975250704707}}, "GTC|GTG": {"individual": [], "joint": {"secondary": 1.178593822724103, "primary": 1.024089705675011}}, "GTC|GTT": {"individual": [], "joint": {"secondary": 0.9318778003141513, "primary": 1.036627632338527}}, "GTG|GTT": {"individual": [], "joint": {"secondary": 1.366090331475444, "primary": 1.330415835450032}}, "TAC|TAT": {"individual": [], "joint": {"secondary": 1.18172851764133, "primary": 1.095743524300374}}, "TCA|TCC": {"individual": [], "joint": {"secondary": 1.138238907119781, "primary": 1.504987986370836}}, "TCA|TCG": {"individual": [], "joint": {"secondary": 1.154938631945035, "primary": 1.414140019527749}}, "TCA|TCT": {"individual": [], "joint": {"secondary": 1.188369242028413, "primary": 1.483372556822966}}, "TCC|TCG": {"individual": [], "joint": {"secondary": 1.028999026248526, "primary": 1.146637352468423}}, "TCC|TCT": {"individual": [], "joint": {"secondary": 0.9502101403991314, "primary": 1.019216170523179}}, "TCG|TCT": {"individual": [], "joint": {"secondary": 1.007003970684585, "primary": 1.24851926434408}}, "TGC|TGT": {"individual": [], "joint": {"secondary": 1.253501550190607, "primary": 1.132906146873345}}, "TTA|TTG": {"individual": [], "joint": {"secondary": 0.7017501326837879, "primary": 0.4253547763799979}}, "TTC|TTT": {"individual": [], "joint": {"secondary": 0.9882503750301974, "primary": 0.7051339786380023}}}