{"AAA|AAG": {"individual": [], "joint": {"secondary": 1.062590762467674, "primary": 1.086765989900725}}, "AAC|AAT": {"individual": [], "joint": {"secondary": 1.033532592940885, "primary": 1.040886923661744}}, "ACA|ACC": {"individual": [], "joint": {"secondary": 1.086727050179953, "primary": 0.9763162183149304}}, "ACA|ACG": {"individual": [], "joint": {"secondary": 1.012001027386857, "primary": 0.9585040202786591}}, "ACA|ACT": {"individual": [], "joint": {"secondary": 1.157445342382751, "primary": 1.253937889260064}}, "ACC|ACG": {"individual": [], "joint": {"secondary": 0.7306940607198164, "primary": 0.7509233122234666}}, "ACC|ACT": {"individual": [], "joint": {"secondary": 0.853341029447835, "primary": 0.7997695205231047}}, "ACG|ACT": {"individual": [], "joint": {"secondary": 0.9749188136055559, "primary": 0.9709999197251484}}, "AGA|AGG": {"individual": [], "joint": {"secondary": 1.232605101502863, "primary": 1.185772241483867}}, "AGA|CGA": {"individual": [], "joint": {"secondary": 0.95322314704793, "primary": 0.8405930375046533}}, "AGC|AGT": {"individual": [], "joint": {"secondary": 0.9291933137971417, "primary": 0.8995850538474531}}, "AGG|CGG": {"individual": [], "joint": {"secondary": 0.9747859921984904, "primary": 1.313048744455596}}, "ATA|ATC": {"individual": [], "joint": {"secondary": 0.8664737972016484, "primary": 0.7667503191118984}}, "ATA|ATT": {"individual": [], "joint": {"secondary": 1.262687837487668, "primary": 1.34226888412307}}, "ATC|ATT": {"individual": [], "joint": {"secondary": 0.9900802479259485, "primary": 1.063534501501748}}, "CAA|CAG": {"individual": [], "joint": {"secondary": 0.9665097112842178, "primary": 1.22336969923699}}, "CAC|CAT": {"individual": [], "joint": {"secondary": 1.022899560998257, "primary": 1.089984730797659}}, "CCA|CCC": {"individual": [], "joint": {"secondary": 1.109315686822846, "primary": 1.050215145481177}}, "CCA|CCG": {"individual": [], "joint": {"secondary": 1.048649962770486, "primary": 1.184163565314191}}, "CCA|CCT": {"individual": [], "joint": {"secondary": 1.068907667893037, "primary": 1.147679560138447}}, "CCC|CCG": {"individual": [], "joint": {"secondary": 0.8418794605294396, "primary": 0.9851640059388483}}, "CCC|CCT": {"individual": [], "joint": {"secondary": 0.9771908868711227, "primary": 0.8309128765304695}}, "CCG|CCT": {"individual": [], "joint": {"secondary": 1.019159096863559, "primary": 1.031910861069661}}, "CGA|CGC": {"individual": [], "joint": {"secondary": 0.9933717918613372, "primary": 0.9937094630359282}}, "CGA|CGG": {"individual": [], "joint": {"secondary": 0.9655891026254577, "primary": 1.125589201117826}}, "CGA|CGT": {"individual": [], "joint": {"secondary": 1.025988905286618, "primary": 1.395581574482796}}, "CGC|CGG": {"individual": [], "joint": {"secondary": 1.042973750881081, "primary": 0.95984691606118}}, "CGC|CGT": {"individual": [], "joint": {"secondary": 0.9708885932317259, "primary": 1.084521867125003}}, "CGG|CGT": {"individual": [], "joint": {"secondary": 0.9467861801114654, "primary": 0.9718981901551217}}, "CTA|CTC": {"individual": [], "joint": {"secondary": 0.8620220797011465, "primary": 0.8096923170963715}}, "CTA|CTG": {"individual": [], "joint": {"secondary": 1.059734460554191, "primary": 0.9071078748987098}}, "CTA|CTT": {"individual": [], "joint": {"secondary": 1.475674777780578, "primary": 1.246310510920819}}, "CTA|TTA": {"individual": [], "joint": {"secondary": 1.172922908184164, "primary": 1.034759239707211}}, "CTC|CTG": {"individual": [], "joint": {"secondary": 0.8072355260242083, "primary": 0.8772624725443138}}, "CTC|CTT": {"individual": [], "joint": {"secondary": 1.273159270098596, "primary": 1.219780281696818}}, "CTG|CTT": {"individual": [], "joint": {"secondary": 1.062679347202008, "primary": 0.8490851667334011}}, "CTG|TTG": {"individual": [], "joint": {"secondary": 1.042007854024631, "primary": 0.949754010287434}}, "GAA|GAG": {"individual": [], "joint": {"secondary": 1.033680146997789, "primary": 1.105779521021901}}, "GAC|GAT": {"individual": [], "joint": {"secondary": 0.9751843988997484, "primary": 0.9756449380744425}}, "GCA|GCC": {"individual": [], "joint": {"secondary": 1.026552019236309, "primary": 0.9762443604088704}}, "GCA|GCG": {"individual": [], "joint": {"secondary": 0.9156835465998078, "primary": 0.99575296727002}}, "GCA|GCT": {"individual": [], "joint": {"secondary": 1.096402769221289, "primary": 1.302357294769429}}, "GCC|GCG": {"individual": [], "joint": {"secondary": 0.6445554664054267, "primary": 0.5735249470862965}}, "GCC|GCT": {"individual": [], "joint": {"secondary": 0.8550917835686913, "primary": 0.8376542928043854}}, "GCG|GCT": {"individual": [], "joint": {"secondary": 0.7814025098571102, "primary": 0.8879299724863517}}, "GGA|GGC": {"individual": [], "joint": {"secondary": 1.073018068965359, "primary": 1.093569049257634}}, "GGA|GGG": {"individual": [], "joint": {"secondary": 0.6303806193448922, "primary": 0.4016401094857681}}, "GGA|GGT": {"individual": [], "joint": {"secondary": 1.052521904138343, "primary": 1.33022889761442}}, "GGC|GGG": {"individual": [], "joint": {"secondary": 0.7654034035927155, "primary": 0.4806431772356058}}, "GGC|GGT": {"individual": [], "joint": {"secondary": 1.031182515310205, "primary": 1.122465540260414}}, "GGG|GGT": {"individual": [], "joint": {"secondary": 0.7977296981913699, "primary": 0.6191710585663581}}, "GTA|GTC": {"individual": [], "joint": {"secondary": 0.7769336888578307, "primary": 0.7287700646690768}}, "GTA|GTG": {"individual": [], "joint": {"secondary": 0.9394123809008925, "primary": 0.8242057540640583}}, "GTA|GTT": {"individual": [], "joint": {"secondary": 1.014671772104671, "primary": 1.195091559363565}}, "GTC|GTG": {"individual": [], "joint": {"secondary": 0.8217664920731949, "primary": 0.8717761751209923}}, "GTC|GTT": {"individual": [], "joint": {"secondary": 0.8950950921403386, "primary": 0.835335887845479}}, "GTG|GTT": {"individual": [], "joint": {"secondary": 1.06596640598032, "primary": 1.149812835676278}}, "TAC|TAT": {"individual": [], "joint": {"secondary": 1.077589988915646, "primary": 1.154327660129757}}, "TCA|TCC": {"individual": [], "joint": {"secondary": 1.010228921374826, "primary": 0.864102893444964}}, "TCA|TCG": {"individual": [], "joint": {"secondary": 1.082906727320028, "primary": 1.05490496057438}}, "TCA|TCT": {"individual": [], "joint": {"secondary": 0.9677032893978529, "primary": 1.00449963762601}}, "TCC|TCG": {"individual": [], "joint": {"secondary": 0.9817962492825473, "primary": 1.067488041906816}}, "TCC|TCT": {"individual": [], "joint": {"secondary": 1.052086676515089, "primary": 0.8875731975389152}}, "TCG|TCT": {"individual": [], "joint": {"secondary": 1.078736630768211, "primary": 0.9710084636963698}}, "TGC|TGT": {"individual": [], "joint": {"secondary": 1.090977407534293, "primary": 1.113785194568498}}, "TTA|TTG": {"individual": [], "joint": {"secondary": 1.050693752666644, "primary": 0.8305417503762769}}, "TTC|TTT": {"individual": [], "joint": {"secondary": 1.538798975945376, "primary": 1.526213690770188}}}