{"AAA|AAG": {"individual": [], "joint": {"secondary": 1.181129826002783, "primary": 1.385979789246704}}, "AAC|AAT": {"individual": [], "joint": {"secondary": 1.224723994982293, "primary": 1.170174692269381}}, "ACA|ACC": {"individual": [], "joint": {"secondary": 1.122390111388797, "primary": 1.600976414443083}}, "ACA|ACG": {"individual": [], "joint": {"secondary": 0.9763617009369903, "primary": 1.212961016796875}}, "ACA|ACT": {"individual": [], "joint": {"secondary": 1.36775280588413, "primary": 1.485871293117783}}, "ACC|ACG": {"individual": [], "joint": {"secondary": 0.9145416540359048, "primary": 0.7578654631426597}}, "ACC|ACT": {"individual": [], "joint": {"secondary": 0.846616105642637, "primary": 0.9858963300126778}}, "ACG|ACT": {"individual": [], "joint": {"secondary": 0.9120123430256467, "primary": 0.6481547572097669}}, "AGA|AGG": {"individual": [], "joint": {"secondary": 0.8511082245565773, "primary": 0.3731004005191993}}, "AGA|CGA": {"individual": [], "joint": {"secondary": 1.377051769196093, "primary": 2.006548103418923}}, "AGC|AGT": {"individual": [], "joint": {"secondary": 0.9557883556856548, "primary": 1.005435864756681}}, "AGG|CGG": {"individual": [], "joint": {"secondary": 1.485296032954401, "primary": 1.595402766252322}}, "ATA|ATC": {"individual": [], "joint": {"secondary": 0.6600565255965319, "primary": 0.2514650935921346}}, "ATA|ATT": {"individual": [], "joint": {"secondary": 0.6556431164553326, "primary": 0.3128083076271815}}, "ATC|ATT": {"individual": [], "joint": {"secondary": 1.025885272509048, "primary": 1.137263608745952}}, "CAA|CAG": {"individual": [], "joint": {"secondary": 1.119721811246179, "primary": 1.42674606543416}}, "CAC|CAT": {"individual": [], "joint": {"secondary": 1.191963686791978, "primary": 1.136631975126363}}, "CCA|CCC": {"individual": [], "joint": {"secondary": 0.6252965026726965, "primary": 0.3109812373208528}}, "CCA|CCG": {"individual": [], "joint": {"secondary": 1.098479926829968, "primary": 0.9174020093700838}}, "CCA|CCT": {"individual": [], "joint": {"secondary": 1.083523513198972, "primary": 0.7921208050277422}}, "CCC|CCG": {"individual": [], "joint": {"secondary": 0.8853674623512966, "primary": 0.6931696950149182}}, "CCC|CCT": {"individual": [], "joint": {"secondary": 0.8973206450319338, "primary": 0.682457375759988}}, "CCG|CCT": {"individual": [], "joint": {"secondary": 0.9914816019994244, "primary": 1.104421627150187}}, "CGA|CGC": {"individual": [], "joint": {"secondary": 0.5952413186500103, "primary": 1.21916153322906}}, "CGA|CGG": {"individual": [], "joint": {"secondary": 0.8616184686169136, "primary": 0.9605448354933512}}, "CGA|CGT": {"individual": [], "joint": {"secondary": 1.106313218507337, "primary": 1.282834933176748}}, "CGC|CGG": {"individual": [], "joint": {"secondary": 0.7938673270373812, "primary": 0.2852746900124359}}, "CGC|CGT": {"individual": [], "joint": {"secondary": 0.8315791048021568, "primary": 0.8299114678928615}}, "CGG|CGT": {"individual": [], "joint": {"secondary": 0.6359931291585602, "primary": 0.2728758353758989}}, "CTA|CTC": {"individual": [], "joint": {"secondary": 0.6736395159992915, "primary": 0.2633709580901431}}, "CTA|CTG": {"individual": [], "joint": {"secondary": 0.7783765857545077, "primary": 0.7117489121560633}}, "CTA|CTT": {"individual": [], "joint": {"secondary": 0.9645517195156907, "primary": 0.5745933533204511}}, "CTA|TTA": {"individual": [], "joint": {"secondary": 1.743261172814354, "primary": 1.787476054588178}}, "CTC|CTG": {"individual": [], "joint": {"secondary": 1.728969636559808, "primary": 1.780086125177664}}, "CTC|CTT": {"individual": [], "joint": {"secondary": 0.9883293697846952, "primary": 1.05771609129052}}, "CTG|CTT": {"individual": [], "joint": {"secondary": 1.386001469923001, "primary": 1.709698547765294}}, "CTG|TTG": {"individual": [], "joint": {"secondary": 1.899426776283416, "primary": 2.169788348402323}}, "GAA|GAG": {"individual": [], "joint": {"secondary": 1.178132212355455, "primary": 1.529253028214648}}, "GAC|GAT": {"individual": [], "joint": {"secondary": 1.110742748103664, "primary": 1.131089288552222}}, "GCA|GCC": {"individual": [], "joint": {"secondary": 1.109090934865225, "primary": 1.401218075117847}}, "GCA|GCG": {"individual": [], "joint": {"secondary": 0.9827259916353284, "primary": 1.098662897140154}}, "GCA|GCT": {"individual": [], "joint": {"secondary": 1.35986873684405, "primary": 1.553793419016029}}, "GCC|GCG": {"individual": [], "joint": {"secondary": 0.8097474566912781, "primary": 0.5900777496883896}}, "GCC|GCT": {"individual": [], "joint": {"secondary": 0.8063924613902503, "primary": 0.9898958775859605}}, "GCG|GCT": {"individual": [], "joint": {"secondary": 0.8210221690748775, "primary": 0.6000420971081052}}, "GGA|GGC": {"individual": [], "joint": {"secondary": 0.6452669776214683, "primary": 0.4651342703391315}}, "GGA|GGG": {"individual": [], "joint": {"secondary": 0.4484837854248468, "primary": 0.2292716563142727}}, "GGA|GGT": {"individual": [], "joint": {"secondary": 0.9014057321821161, "primary": 1.096417358294339}}, "GGC|GGG": {"individual": [], "joint": {"secondary": 0.912799533923108, "primary": 0.6788677670642731}}, "GGC|GGT": {"individual": [], "joint": {"secondary": 0.9738743009323138, "primary": 0.7678352058291107}}, "GGG|GGT": {"individual": [], "joint": {"secondary": 0.6822344346409117, "primary": 0.364845883004296}}, "GTA|GTC": {"individual": [], "joint": {"secondary": 0.6176492936020257, "primary": 0.4870820465701534}}, "GTA|GTG": {"individual": [], "joint": {"secondary": 0.7459713795508931, "primary": 0.7277124173025619}}, "GTA|GTT": {"individual": [], "joint": {"secondary": 0.7835396416563251, "primary": 0.6240089638650559}}, "GTC|GTG": {"individual": [], "joint": {"secondary": 1.109969971824994, "primary": 1.136951550984899}}, "GTC|GTT": {"individual": [], "joint": {"secondary": 0.8889480359579528, "primary": 1.0220815625781}}, "GTG|GTT": {"individual": [], "joint": {"secondary": 1.281091661347018, "primary": 1.486038750472992}}, "TAC|TAT": {"individual": [], "joint": {"secondary": 1.132117358407642, "primary": 1.072197517205938}}, "TCA|TCC": {"individual": [], "joint": {"secondary": 1.132569944777023, "primary": 1.412228575037132}}, "TCA|TCG": {"individual": [], "joint": {"secondary": 1.095889082207371, "primary": 1.364633936061487}}, "TCA|TCT": {"individual": [], "joint": {"secondary": 1.147915697736122, "primary": 1.390152492950571}}, "TCC|TCG": {"individual": [], "joint": {"secondary": 1.014994672463576, "primary": 1.216902377051904}}, "TCC|TCT": {"individual": [], "joint": {"secondary": 0.9149167776811863, "primary": 1.09475033511136}}, "TCG|TCT": {"individual": [], "joint": {"secondary": 1.029314139413966, "primary": 1.224680540854221}}, "TGC|TGT": {"individual": [], "joint": {"secondary": 1.228662608094806, "primary": 1.187975693857936}}, "TTA|TTG": {"individual": [], "joint": {"secondary": 0.7156931142800137, "primary": 0.4343113425919992}}, "TTC|TTT": {"individual": [], "joint": {"secondary": 0.9822873429317913, "primary": 0.722970946908294}}}