{"AAA|AAG": {"individual": [], "joint": {"secondary": 0.8825012646661343, "primary": 1.197594843304245}}, "AAC|AAT": {"individual": [], "joint": {"secondary": 1.111628116453663, "primary": 0.8721804128496957}}, "ACA|ACC": {"individual": [], "joint": {"secondary": 1.065817919601534, "primary": 1.530013433260379}}, "ACA|ACG": {"individual": [], "joint": {"secondary": 1.132364202083578, "primary": 1.128771008388745}}, "ACA|ACT": {"individual": [], "joint": {"secondary": 1.225977155642346, "primary": 1.475450448708789}}, "ACC|ACG": {"individual": [], "joint": {"secondary": 1.110564097608886, "primary": 0.7729803282905675}}, "ACC|ACT": {"individual": [], "joint": {"secondary": 1.159074210439506, "primary": 1.445858729957261}}, "ACG|ACT": {"individual": [], "joint": {"secondary": 1.234454977464415, "primary": 0.8546795726755765}}, "AGA|AGG": {"individual": [], "joint": {"secondary": 1.044975574887846, "primary": 0.5960806025972292}}, "AGA|CGA": {"individual": [], "joint": {"secondary": 0.6411046312513196, "primary": 0}}, "AGC|AGT": {"individual": [], "joint": {"secondary": 1.142884364155679, "primary": 1.076772621788949}}, "AGG|CGG": {"individual": [], "joint": {"secondary": 0.940896057053377, "primary": 2.414956194197792}}, "ATA|ATC": {"individual": [], "joint": {"secondary": 0.8191865099780975, "primary": 0.4708089622472376}}, "ATA|ATT": {"individual": [], "joint": {"secondary": 0.9966970071478716, "primary": 0.4721213212900032}}, "ATC|ATT": {"individual": [], "joint": {"secondary": 1.173424157734454, "primary": 1.431773448173479}}, "CAA|CAG": {"individual": [], "joint": {"secondary": 0.9419949057916033, "primary": 0.9144076996250101}}, "CAC|CAT": {"individual": [], "joint": {"secondary": 1.103225854563522, "primary": 1.216099592161251}}, "CCA|CCC": {"individual": [], "joint": {"secondary": 1.060199572165446, "primary": 0.4740769217731483}}, "CCA|CCG": {"individual": [], "joint": {"secondary": 0.9583738292863085, "primary": 0.3193190471389396}}, "CCA|CCT": {"individual": [], "joint": {"secondary": 0.9855997648299349, "primary": 1.489057016538107}}, "CCC|CCG": {"individual": [], "joint": {"secondary": 0.863081936259364, "primary": 0.5553571039497945}}, "CCC|CCT": {"individual": [], "joint": {"secondary": 1.158882889772944, "primary": 0.6908957794855644}}, "CCG|CCT": {"individual": [], "joint": {"secondary": 1.121061745751991, "primary": 0.5933093943411872}}, "CGA|CGC": {"individual": [], "joint": {"secondary": 0.6279168079766513, "primary": 2.737464313895346}}, "CGA|CGG": {"individual": [], "joint": {"secondary": 0.8001335974164289, "primary": 0}}, "CGA|CGT": {"individual": [], "joint": {"secondary": 0.5088605918216842, "primary": 0}}, "CGC|CGG": {"individual": [], "joint": {"secondary": 1.117098630131371, "primary": 1.953652219157409}}, "CGC|CGT": {"individual": [], "joint": {"secondary": 0.9235537985623813, "primary": 0.3995544798202499}}, "CGG|CGT": {"individual": [], "joint": {"secondary": 0.7835028207184512, "primary": 0.09651666676131404}}, "CTA|CTC": {"individual": [], "joint": {"secondary": 0.8401987355097191, "primary": 0.6274055921889655}}, "CTA|CTG": {"individual": [], "joint": {"secondary": 0.9984217705541792, "primary": 1.397955407041452}}, "CTA|CTT": {"individual": [], "joint": {"secondary": 0.9253272706364801, "primary": 1.446106624626775}}, "CTA|TTA": {"individual": [], "joint": {"secondary": 1.233044960114074, "primary": 1.851811878864498}}, "CTC|CTG": {"individual": [], "joint": {"secondary": 0.7851923823809013, "primary": 0.7858317803764838}}, "CTC|CTT": {"individual": [], "joint": {"secondary": 0.9453943374240285, "primary": 0.6987186540381545}}, "CTG|CTT": {"individual": [], "joint": {"secondary": 1.019741222800346, "primary": 1.777384935077872}}, "CTG|TTG": {"individual": [], "joint": {"secondary": 1.111466591944613, "primary": 0.7431499623552298}}, "GAA|GAG": {"individual": [], "joint": {"secondary": 0.876573003807948, "primary": 1.168975001197536}}, "GAC|GAT": {"individual": [], "joint": {"secondary": 1.06093627672633, "primary": 1.123767200102618}}, "GCA|GCC": {"individual": [], "joint": {"secondary": 1.070082768544409, "primary": 1.397074840126224}}, "GCA|GCG": {"individual": [], "joint": {"secondary": 1.047024300284205, "primary": 1.015050446925635}}, "GCA|GCT": {"individual": [], "joint": {"secondary": 1.177139214289413, "primary": 1.157254779844665}}, "GCC|GCG": {"individual": [], "joint": {"secondary": 0.9617622853680647, "primary": 0.8397641404963033}}, "GCC|GCT": {"individual": [], "joint": {"secondary": 1.064041844114827, "primary": 1.311353962257185}}, "GCG|GCT": {"individual": [], "joint": {"secondary": 0.8989702492579761, "primary": 0.4333195412363462}}, "GGA|GGC": {"individual": [], "joint": {"secondary": 1.117146165099729, "primary": 1.949618255380258}}, "GGA|GGG": {"individual": [], "joint": {"secondary": 1.069181112013034, "primary": 1.564780793542906}}, "GGA|GGT": {"individual": [], "joint": {"secondary": 0.8720258845284615, "primary": 0.4067817008282589}}, "GGC|GGG": {"individual": [], "joint": {"secondary": 0.8476805427278528, "primary": 0.6450679426263586}}, "GGC|GGT": {"individual": [], "joint": {"secondary": 1.130409861251567, "primary": 0.5054147041131056}}, "GGG|GGT": {"individual": [], "joint": {"secondary": 0.9586031421976317, "primary": 0.9387406512811896}}, "GTA|GTC": {"individual": [], "joint": {"secondary": 0.7651639439694595, "primary": 0.8070942685046978}}, "GTA|GTG": {"individual": [], "joint": {"secondary": 0.9961659153883392, "primary": 1.13241765550881}}, "GTA|GTT": {"individual": [], "joint": {"secondary": 0.771359368273159, "primary": 0.3911682504590491}}, "GTC|GTG": {"individual": [], "joint": {"secondary": 0.8733567326092503, "primary": 0.9212383615189761}}, "GTC|GTT": {"individual": [], "joint": {"secondary": 1.020456790413803, "primary": 1.331817244192821}}, "GTG|GTT": {"individual": [], "joint": {"secondary": 1.224783691598609, "primary": 1.160285765517788}}, "TAC|TAT": {"individual": [], "joint": {"secondary": 1.088764834330877, "primary": 0.8977570798630593}}, "TCA|TCC": {"individual": [], "joint": {"secondary": 0.9573767935393456, "primary": 1.089026826099628}}, "TCA|TCG": {"individual": [], "joint": {"secondary": 1.103345690679698, "primary": 1.289926289561957}}, "TCA|TCT": {"individual": [], "joint": {"secondary": 1.072515896454696, "primary": 1.123281838721553}}, "TCC|TCG": {"individual": [], "joint": {"secondary": 0.839454629099411, "primary": 0.6489078369462634}}, "TCC|TCT": {"individual": [], "joint": {"secondary": 1.122002404732029, "primary": 1.340480761135787}}, "TCG|TCT": {"individual": [], "joint": {"secondary": 1.160057931637587, "primary": 0.912426766380363}}, "TGC|TGT": {"individual": [], "joint": {"secondary": 1.164443333825052, "primary": 0.7396812923833395}}, "TTA|TTG": {"individual": [], "joint": {"secondary": 0.9982742972899409, "primary": 1.229492790906615}}, "TTC|TTT": {"individual": [], "joint": {"secondary": 1.197076833366152, "primary": 1.019916015393993}}}