{"AAA|AAG": {"individual": [], "joint": {"secondary": 1.181369980701568, "primary": 1.386461940848436}}, "AAC|AAT": {"individual": [], "joint": {"secondary": 1.224708775656759, "primary": 1.170159810968094}}, "ACA|ACC": {"individual": [], "joint": {"secondary": 1.122384765773111, "primary": 1.601203949941645}}, "ACA|ACG": {"individual": [], "joint": {"secondary": 0.9765329810846989, "primary": 1.213708580995342}}, "ACA|ACT": {"individual": [], "joint": {"secondary": 1.367669140564161, "primary": 1.485731212489525}}, "ACC|ACG": {"individual": [], "joint": {"secondary": 0.9144810155559019, "primary": 0.7575117913110252}}, "ACC|ACT": {"individual": [], "joint": {"secondary": 0.8464869066462598, "primary": 0.9859646236078918}}, "ACG|ACT": {"individual": [], "joint": {"secondary": 0.9118431319642073, "primary": 0.6480644661290695}}, "AGA|AGG": {"individual": [], "joint": {"secondary": 0.8508750501696571, "primary": 0.3731643265907015}}, "AGA|CGA": {"individual": [], "joint": {"secondary": 1.377053635046893, "primary": 2.006968150373459}}, "AGC|AGT": {"individual": [], "joint": {"secondary": 0.9557676734214374, "primary": 1.005358194486773}}, "AGG|CGG": {"individual": [], "joint": {"secondary": 1.48538059541425, "primary": 1.595244023746374}}, "ATA|ATC": {"individual": [], "joint": {"secondary": 0.6598580287025648, "primary": 0.2514108247945582}}, "ATA|ATT": {"individual": [], "joint": {"secondary": 0.6555613705315898, "primary": 0.3128110316859924}}, "ATC|ATT": {"individual": [], "joint": {"secondary": 1.025718419660252, "primary": 1.13726355200765}}, "CAA|CAG": {"individual": [], "joint": {"secondary": 1.119774587826794, "primary": 1.426868605460479}}, "CAC|CAT": {"individual": [], "joint": {"secondary": 1.191992451847243, "primary": 1.136454065020166}}, "CCA|CCC": {"individual": [], "joint": {"secondary": 0.6252044943637086, "primary": 0.3109681088274252}}, "CCA|CCG": {"individual": [], "joint": {"secondary": 1.098867073675248, "primary": 0.9174075151677399}}, "CCA|CCT": {"individual": [], "joint": {"secondary": 1.083163268143649, "primary": 0.792187374471076}}, "CCC|CCG": {"individual": [], "joint": {"secondary": 0.8849087429009252, "primary": 0.6928080465574312}}, "CCC|CCT": {"individual": [], "joint": {"secondary": 0.8972813173890282, "primary": 0.6825251105043697}}, "CCG|CCT": {"individual": [], "joint": {"secondary": 0.992159526801495, "primary": 1.104339280183857}}, "CGA|CGC": {"individual": [], "joint": {"secondary": 0.5953555387803748, "primary": 1.219140785951545}}, "CGA|CGG": {"individual": [], "joint": {"secondary": 0.8615947308492774, "primary": 0.9608597849785127}}, "CGA|CGT": {"individual": [], "joint": {"secondary": 1.10614156870854, "primary": 1.283125314640352}}, "CGC|CGG": {"individual": [], "joint": {"secondary": 0.794163458257775, "primary": 0.2853742771595509}}, "CGC|CGT": {"individual": [], "joint": {"secondary": 0.831534618820127, "primary": 0.8298224153878915}}, "CGG|CGT": {"individual": [], "joint": {"secondary": 0.6361812022006716, "primary": 0.2728153824585923}}, "CTA|CTC": {"individual": [], "joint": {"secondary": 0.6737546998674794, "primary": 0.2630970105073856}}, "CTA|CTG": {"individual": [], "joint": {"secondary": 0.7783777980673543, "primary": 0.7121936155026}}, "CTA|CTT": {"individual": [], "joint": {"secondary": 0.9644941775194161, "primary": 0.5741756029900549}}, "CTA|TTA": {"individual": [], "joint": {"secondary": 1.743121357518152, "primary": 1.787746020533977}}, "CTC|CTG": {"individual": [], "joint": {"secondary": 1.728720613817673, "primary": 1.780311630454572}}, "CTC|CTT": {"individual": [], "joint": {"secondary": 0.9883276509896249, "primary": 1.057573620834391}}, "CTG|CTT": {"individual": [], "joint": {"secondary": 1.386083578428462, "primary": 1.709766932823005}}, "CTG|TTG": {"individual": [], "joint": {"secondary": 1.899254733764146, "primary": 2.169616504186583}}, "GAA|GAG": {"individual": [], "joint": {"secondary": 1.178237438627064, "primary": 1.529518520664536}}, "GAC|GAT": {"individual": [], "joint": {"secondary": 1.110756645002197, "primary": 1.131030638187412}}, "GCA|GCC": {"individual": [], "joint": {"secondary": 1.109078599827071, "primary": 1.401179373313312}}, "GCA|GCG": {"individual": [], "joint": {"secondary": 0.9827200202824146, "primary": 1.098802125964244}}, "GCA|GCT": {"individual": [], "joint": {"secondary": 1.359799175933358, "primary": 1.553577973957572}}, "GCC|GCG": {"individual": [], "joint": {"secondary": 0.8098386344407509, "primary": 0.5897969257127746}}, "GCC|GCT": {"individual": [], "joint": {"secondary": 0.8062935691969175, "primary": 0.9898781684113269}}, "GCG|GCT": {"individual": [], "joint": {"secondary": 0.8209898683361856, "primary": 0.6000513992134475}}, "GGA|GGC": {"individual": [], "joint": {"secondary": 0.6453025548326008, "primary": 0.4650961338907847}}, "GGA|GGG": {"individual": [], "joint": {"secondary": 0.4485540389629463, "primary": 0.2292811866544175}}, "GGA|GGT": {"individual": [], "joint": {"secondary": 0.9013651597307538, "primary": 1.096196770567357}}, "GGC|GGG": {"individual": [], "joint": {"secondary": 0.9128888235816613, "primary": 0.6788042779028944}}, "GGC|GGT": {"individual": [], "joint": {"secondary": 0.9737975612536961, "primary": 0.7674464025780096}}, "GGG|GGT": {"individual": [], "joint": {"secondary": 0.6822791338339688, "primary": 0.3647644912391331}}, "GTA|GTC": {"individual": [], "joint": {"secondary": 0.6175647049813437, "primary": 0.4871288890381722}}, "GTA|GTG": {"individual": [], "joint": {"secondary": 0.7461292933513523, "primary": 0.7279886999520283}}, "GTA|GTT": {"individual": [], "joint": {"secondary": 0.7835916259557861, "primary": 0.6239527956095207}}, "GTC|GTG": {"individual": [], "joint": {"secondary": 1.110012301755072, "primary": 1.136884885690673}}, "GTC|GTT": {"individual": [], "joint": {"secondary": 0.8888471348705502, "primary": 1.022049863742251}}, "GTG|GTT": {"individual": [], "joint": {"secondary": 1.281079648394652, "primary": 1.486093511839867}}, "TAC|TAT": {"individual": [], "joint": {"secondary": 1.132013369787268, "primary": 1.072103299979385}}, "TCA|TCC": {"individual": [], "joint": {"secondary": 1.132631742367162, "primary": 1.41197868794998}}, "TCA|TCG": {"individual": [], "joint": {"secondary": 1.096174995345438, "primary": 1.364673389032011}}, "TCA|TCT": {"individual": [], "joint": {"secondary": 1.147835735545687, "primary": 1.390406140812244}}, "TCC|TCG": {"individual": [], "joint": {"secondary": 1.014920943836589, "primary": 1.21707606233444}}, "TCC|TCT": {"individual": [], "joint": {"secondary": 0.9148938793580071, "primary": 1.094721803119891}}, "TCG|TCT": {"individual": [], "joint": {"secondary": 1.029399680294084, "primary": 1.224335036003453}}, "TGC|TGT": {"individual": [], "joint": {"secondary": 1.228660880926624, "primary": 1.18774323992002}}, "TTA|TTG": {"individual": [], "joint": {"secondary": 0.7156021332447432, "primary": 0.4344392973305341}}, "TTC|TTT": {"individual": [], "joint": {"secondary": 0.9825920447135763, "primary": 0.7227965248102098}}}