{"AAA|AAG": {"individual": [], "joint": {"secondary": 0.7400132565657709, "primary": 0.6415799467350738}}, "AAC|AAT": {"individual": [], "joint": {"secondary": 1.219073809271071, "primary": 1.21425288375522}}, "ACA|ACC": {"individual": [], "joint": {"secondary": 1.056587942305903, "primary": 0.8506415314914629}}, "ACA|ACG": {"individual": [], "joint": {"secondary": 1.655987256244182, "primary": 1.995086448548225}}, "ACA|ACT": {"individual": [], "joint": {"secondary": 1.260169996807788, "primary": 1.178216677576116}}, "ACC|ACG": {"individual": [], "joint": {"secondary": 1.062801364917854, "primary": 1.104064335540375}}, "ACC|ACT": {"individual": [], "joint": {"secondary": 1.064970506684322, "primary": 1.109380814552001}}, "ACG|ACT": {"individual": [], "joint": {"secondary": 1.448173153822972, "primary": 1.60074424802611}}, "AGA|AGG": {"individual": [], "joint": {"secondary": 0.7949749661734304, "primary": 0.6657767103525626}}, "AGA|CGA": {"individual": [], "joint": {"secondary": 1.141926298805434, "primary": 1.096493099141754}}, "AGC|AGT": {"individual": [], "joint": {"secondary": 1.044930325673649, "primary": 1.136388106175722}}, "AGG|CGG": {"individual": [], "joint": {"secondary": 1.376134836393273, "primary": 1.286603624858957}}, "ATA|ATC": {"individual": [], "joint": {"secondary": 0.9109813175627095, "primary": 0.8339695349344446}}, "ATA|ATT": {"individual": [], "joint": {"secondary": 0.8707364676104936, "primary": 0.750165301800897}}, "ATC|ATT": {"individual": [], "joint": {"secondary": 0.9204729875161477, "primary": 1.018028734984468}}, "CAA|CAG": {"individual": [], "joint": {"secondary": 0.9991307908846068, "primary": 0.6800810384977223}}, "CAC|CAT": {"individual": [], "joint": {"secondary": 1.438085625070455, "primary": 1.42562686782252}}, "CCA|CCC": {"individual": [], "joint": {"secondary": 1.115326544780574, "primary": 0.9770984989539584}}, "CCA|CCG": {"individual": [], "joint": {"secondary": 1.281504423330277, "primary": 1.780490725260022}}, "CCA|CCT": {"individual": [], "joint": {"secondary": 1.156911975904143, "primary": 1.349257343799571}}, "CCC|CCG": {"individual": [], "joint": {"secondary": 1.112260630557408, "primary": 1.157370734338588}}, "CCC|CCT": {"individual": [], "joint": {"secondary": 1.092626280409542, "primary": 1.197075297913392}}, "CCG|CCT": {"individual": [], "joint": {"secondary": 0.8230945368199836, "primary": 1.129561134335848}}, "CGA|CGC": {"individual": [], "joint": {"secondary": 0.9843709177034227, "primary": 1.154478509444783}}, "CGA|CGG": {"individual": [], "joint": {"secondary": 0.908009493267551, "primary": 0.7056962549374173}}, "CGA|CGT": {"individual": [], "joint": {"secondary": 0.9911705746901004, "primary": 1.335581616895882}}, "CGC|CGG": {"individual": [], "joint": {"secondary": 0.7063735288496805, "primary": 0.6955914038040589}}, "CGC|CGT": {"individual": [], "joint": {"secondary": 1.011862176024082, "primary": 1.065372084888876}}, "CGG|CGT": {"individual": [], "joint": {"secondary": 1.08802054884909, "primary": 0.8965884805414476}}, "CTA|CTC": {"individual": [], "joint": {"secondary": 0.8321291247813434, "primary": 0.663510354723234}}, "CTA|CTG": {"individual": [], "joint": {"secondary": 1.00892965356984, "primary": 0.7132234831643055}}, "CTA|CTT": {"individual": [], "joint": {"secondary": 0.7383776652895182, "primary": 0.7238268448298483}}, "CTA|TTA": {"individual": [], "joint": {"secondary": 0.6600869635799449, "primary": 0.6110710100585296}}, "CTC|CTG": {"individual": [], "joint": {"secondary": 0.9812175758945306, "primary": 0.7928290424737245}}, "CTC|CTT": {"individual": [], "joint": {"secondary": 0.974490438120313, "primary": 0.8956936269889102}}, "CTG|CTT": {"individual": [], "joint": {"secondary": 0.977190866903446, "primary": 0.8427192027834609}}, "CTG|TTG": {"individual": [], "joint": {"secondary": 0.9610910747908251, "primary": 0.5465760824753728}}, "GAA|GAG": {"individual": [], "joint": {"secondary": 0.8690955265737282, "primary": 0.7655783809287651}}, "GAC|GAT": {"individual": [], "joint": {"secondary": 1.068263621681556, "primary": 1.267089342619435}}, "GCA|GCC": {"individual": [], "joint": {"secondary": 1.034709463784707, "primary": 0.9435983203207785}}, "GCA|GCG": {"individual": [], "joint": {"secondary": 1.247420551714355, "primary": 1.665379059018909}}, "GCA|GCT": {"individual": [], "joint": {"secondary": 1.206076742143934, "primary": 1.312437266595911}}, "GCC|GCG": {"individual": [], "joint": {"secondary": 0.6955857888930365, "primary": 0.8533742157573192}}, "GCC|GCT": {"individual": [], "joint": {"secondary": 1.021920559824608, "primary": 1.140385430727367}}, "GCG|GCT": {"individual": [], "joint": {"secondary": 0.8898081363017781, "primary": 1.088619181811651}}, "GGA|GGC": {"individual": [], "joint": {"secondary": 0.8847439000504614, "primary": 0.8433165791841923}}, "GGA|GGG": {"individual": [], "joint": {"secondary": 0.8266715712492584, "primary": 0.6997771673970431}}, "GGA|GGT": {"individual": [], "joint": {"secondary": 0.741120068664451, "primary": 0.8414428922398607}}, "GGC|GGG": {"individual": [], "joint": {"secondary": 0.8599064508596395, "primary": 0.704409452726872}}, "GGC|GGT": {"individual": [], "joint": {"secondary": 0.9741781675032926, "primary": 1.035516080929767}}, "GGG|GGT": {"individual": [], "joint": {"secondary": 0.9910978408170773, "primary": 0.948140659060257}}, "GTA|GTC": {"individual": [], "joint": {"secondary": 0.8294728542834461, "primary": 0.6709192748244304}}, "GTA|GTG": {"individual": [], "joint": {"secondary": 1.01106293955199, "primary": 0.7226706369767405}}, "GTA|GTT": {"individual": [], "joint": {"secondary": 0.9534020347784902, "primary": 0.7871269897308364}}, "GTC|GTG": {"individual": [], "joint": {"secondary": 0.7060372918765503, "primary": 0.631643146982226}}, "GTC|GTT": {"individual": [], "joint": {"secondary": 0.798652407454606, "primary": 0.7004216982604236}}, "GTG|GTT": {"individual": [], "joint": {"secondary": 0.8723931814596165, "primary": 0.8616460560192235}}, "TAC|TAT": {"individual": [], "joint": {"secondary": 1.514801446961995, "primary": 1.3827914260146}}, "TCA|TCC": {"individual": [], "joint": {"secondary": 1.104584770372895, "primary": 0.9403633150594345}}, "TCA|TCG": {"individual": [], "joint": {"secondary": 1.239410677462603, "primary": 1.828484079753607}}, "TCA|TCT": {"individual": [], "joint": {"secondary": 1.119079105237483, "primary": 1.085382142908546}}, "TCC|TCG": {"individual": [], "joint": {"secondary": 0.7343012038909181, "primary": 0.9408483300890715}}, "TCC|TCT": {"individual": [], "joint": {"secondary": 1.069621463190471, "primary": 0.9826506598975288}}, "TCG|TCT": {"individual": [], "joint": {"secondary": 0.8222724717464542, "primary": 1.050775518149364}}, "TGC|TGT": {"individual": [], "joint": {"secondary": 0.920907300227282, "primary": 1.021939591381611}}, "TTA|TTG": {"individual": [], "joint": {"secondary": 0.7188935548752953, "primary": 0.5912771512363038}}, "TTC|TTT": {"individual": [], "joint": {"secondary": 0.864313010142354, "primary": 0.871284315993082}}}