{"AAA|AAG": {"individual": [], "joint": {"secondary": 0.8775950096056505, "primary": 1.146612037170647}}, "AAC|AAT": {"individual": [], "joint": {"secondary": 1.090183401724756, "primary": 0.9774607397680416}}, "ACA|ACC": {"individual": [], "joint": {"secondary": 1.121531057891643, "primary": 1.249194123056058}}, "ACA|ACG": {"individual": [], "joint": {"secondary": 1.143389083800952, "primary": 1.178622841891015}}, "ACA|ACT": {"individual": [], "joint": {"secondary": 1.241860987876569, "primary": 1.40879127108992}}, "ACC|ACG": {"individual": [], "joint": {"secondary": 1.006435117872732, "primary": 0.8389656954487923}}, "ACC|ACT": {"individual": [], "joint": {"secondary": 1.211737537228016, "primary": 1.232964316101717}}, "ACG|ACT": {"individual": [], "joint": {"secondary": 1.273479534336763, "primary": 1.16177689168664}}, "AGA|AGG": {"individual": [], "joint": {"secondary": 1.050198193107252, "primary": 0.7461833261931774}}, "AGA|CGA": {"individual": [], "joint": {"secondary": 0.664049660088206, "primary": 0.09943039708008253}}, "AGC|AGT": {"individual": [], "joint": {"secondary": 1.138743130097509, "primary": 1.060775347974175}}, "AGG|CGG": {"individual": [], "joint": {"secondary": 0.9338769547862342, "primary": 0.7552688638752619}}, "ATA|ATC": {"individual": [], "joint": {"secondary": 0.8384236174679705, "primary": 0.5981326614525495}}, "ATA|ATT": {"individual": [], "joint": {"secondary": 0.9772965248605577, "primary": 0.4616670868089701}}, "ATC|ATT": {"individual": [], "joint": {"secondary": 1.211276739012577, "primary": 1.311094274017137}}, "CAA|CAG": {"individual": [], "joint": {"secondary": 0.9575045539631297, "primary": 0.9589270115224238}}, "CAC|CAT": {"individual": [], "joint": {"secondary": 1.085928840656887, "primary": 1.060883779564226}}, "CCA|CCC": {"individual": [], "joint": {"secondary": 1.073466054846736, "primary": 0.8724133349604002}}, "CCA|CCG": {"individual": [], "joint": {"secondary": 0.9743852670215963, "primary": 0.3541236360277497}}, "CCA|CCT": {"individual": [], "joint": {"secondary": 1.033282515662305, "primary": 1.301349155097024}}, "CCC|CCG": {"individual": [], "joint": {"secondary": 0.7663459099290245, "primary": 1.032710165267232}}, "CCC|CCT": {"individual": [], "joint": {"secondary": 1.144410154029583, "primary": 0.9510407329950067}}, "CCG|CCT": {"individual": [], "joint": {"secondary": 1.108607852764948, "primary": 0.4865025899598454}}, "CGA|CGC": {"individual": [], "joint": {"secondary": 0.5231776027927062, "primary": 0.2385802273087965}}, "CGA|CGG": {"individual": [], "joint": {"secondary": 0.8206368150801535, "primary": 6.383825649973044}}, "CGA|CGT": {"individual": [], "joint": {"secondary": 0.6119568182107294, "primary": 0}}, "CGC|CGG": {"individual": [], "joint": {"secondary": 1.049538927617205, "primary": 0.5131605699811792}}, "CGC|CGT": {"individual": [], "joint": {"secondary": 0.922883540113958, "primary": 0.3482275837888794}}, "CGG|CGT": {"individual": [], "joint": {"secondary": 0.6829216984993389, "primary": 0.2361733454073357}}, "CTA|CTC": {"individual": [], "joint": {"secondary": 0.7976017673099526, "primary": 0.6189809785636343}}, "CTA|CTG": {"individual": [], "joint": {"secondary": 0.9987901981885466, "primary": 1.17557101944347}}, "CTA|CTT": {"individual": [], "joint": {"secondary": 1.028405134360587, "primary": 0.741223647379763}}, "CTA|TTA": {"individual": [], "joint": {"secondary": 1.232336219397248, "primary": 1.660052879134166}}, "CTC|CTG": {"individual": [], "joint": {"secondary": 0.8469136869915237, "primary": 0.2001978545380949}}, "CTC|CTT": {"individual": [], "joint": {"secondary": 0.9171091867459378, "primary": 0.6357380246709988}}, "CTG|CTT": {"individual": [], "joint": {"secondary": 1.021454794799747, "primary": 1.482738667161458}}, "CTG|TTG": {"individual": [], "joint": {"secondary": 1.12237445579759, "primary": 0.951201901033936}}, "GAA|GAG": {"individual": [], "joint": {"secondary": 0.8616855836734865, "primary": 1.095290159700952}}, "GAC|GAT": {"individual": [], "joint": {"secondary": 1.056753873231973, "primary": 1.087186040395692}}, "GCA|GCC": {"individual": [], "joint": {"secondary": 1.058809721955327, "primary": 1.450179276687965}}, "GCA|GCG": {"individual": [], "joint": {"secondary": 1.029521189703531, "primary": 0.9794610985689421}}, "GCA|GCT": {"individual": [], "joint": {"secondary": 1.20188597578779, "primary": 1.444462786052199}}, "GCC|GCG": {"individual": [], "joint": {"secondary": 0.8454313528968623, "primary": 0.6938557317045335}}, "GCC|GCT": {"individual": [], "joint": {"secondary": 1.062181837660629, "primary": 1.159887551211692}}, "GCG|GCT": {"individual": [], "joint": {"secondary": 1.026117536773955, "primary": 0.8282573058837297}}, "GGA|GGC": {"individual": [], "joint": {"secondary": 1.129174422505891, "primary": 1.32025884720173}}, "GGA|GGG": {"individual": [], "joint": {"secondary": 1.084329863892034, "primary": 1.01018983134359}}, "GGA|GGT": {"individual": [], "joint": {"secondary": 0.9051854320582085, "primary": 0.5950203979118674}}, "GGC|GGG": {"individual": [], "joint": {"secondary": 0.7936986830892259, "primary": 0.8447111582045247}}, "GGC|GGT": {"individual": [], "joint": {"secondary": 1.144697675471816, "primary": 0.5066066776634873}}, "GGG|GGT": {"individual": [], "joint": {"secondary": 1.005846515165716, "primary": 0.7649444149219455}}, "GTA|GTC": {"individual": [], "joint": {"secondary": 0.8148982522715502, "primary": 0.5347282128027386}}, "GTA|GTG": {"individual": [], "joint": {"secondary": 1.020268322836724, "primary": 0.8637999488764687}}, "GTA|GTT": {"individual": [], "joint": {"secondary": 0.8031513721534053, "primary": 0.5441776462458544}}, "GTC|GTG": {"individual": [], "joint": {"secondary": 0.8381786987256384, "primary": 1.053481297462355}}, "GTC|GTT": {"individual": [], "joint": {"secondary": 1.003436145844707, "primary": 1.194414119804513}}, "GTG|GTT": {"individual": [], "joint": {"secondary": 1.12247883447136, "primary": 1.252117182309}}, "TAC|TAT": {"individual": [], "joint": {"secondary": 1.093536417618394, "primary": 0.981546305922954}}, "TCA|TCC": {"individual": [], "joint": {"secondary": 0.8786603656489154, "primary": 1.332331233166222}}, "TCA|TCG": {"individual": [], "joint": {"secondary": 1.065546951997362, "primary": 1.32816002111658}}, "TCA|TCT": {"individual": [], "joint": {"secondary": 1.070386732609232, "primary": 1.251570077876389}}, "TCC|TCG": {"individual": [], "joint": {"secondary": 0.9468491370706612, "primary": 1.010576802254458}}, "TCC|TCT": {"individual": [], "joint": {"secondary": 1.126496890332447, "primary": 1.399557058348185}}, "TCG|TCT": {"individual": [], "joint": {"secondary": 1.156696327379035, "primary": 1.03899284670051}}, "TGC|TGT": {"individual": [], "joint": {"secondary": 1.126061698538931, "primary": 0.7462286830455359}}, "TTA|TTG": {"individual": [], "joint": {"secondary": 1.002622172205454, "primary": 1.132618548446308}}, "TTC|TTT": {"individual": [], "joint": {"secondary": 1.22530347189292, "primary": 1.124826110776228}}}