{"baseline-AICc": {"individual": [], "joint": 213700.8194492191}, "baseline-loglikelihood": {"individual": [], "joint": -103626.7486494131}, "joint-AICc": {"individual": [], "joint": 215295.8127362586}, "joint-loglikelihood": {"individual": [], "joint": -103558.1014809139}, "AAA|AAG": {"individual": [], "joint": {"secondary": 1.068267928907247, "primary": 1.095666950029812}}, "AAC|AAT": {"individual": [], "joint": {"secondary": 0.9321375125227965, "primary": 0.8248584872058331}}, "ACA|ACC": {"individual": [], "joint": {"secondary": 0.947170864559448, "primary": 1.034399431043887}}, "ACA|ACG": {"individual": [], "joint": {"secondary": 0.9562809299447854, "primary": 1.092850437758701}}, "ACA|ACT": {"individual": [], "joint": {"secondary": 1.065973507592305, "primary": 1.622468220389686}}, "ACC|ACG": {"individual": [], "joint": {"secondary": 0.9164569441076084, "primary": 1.140661167238209}}, "ACC|ACT": {"individual": [], "joint": {"secondary": 0.8657854682416426, "primary": 1.016481833575197}}, "ACG|ACT": {"individual": [], "joint": {"secondary": 0.8730475303023061, "primary": 0.7282873828193318}}, "AGA|AGG": {"individual": [], "joint": {"secondary": 1.004220160779478, "primary": 1.062999129137999}}, "AGA|CGA": {"individual": [], "joint": {"secondary": 0.9499347963887468, "primary": 0.7365466870344348}}, "AGC|AGT": {"individual": [], "joint": {"secondary": 0.8911290024093543, "primary": 1.273986477840719}}, "AGG|CGG": {"individual": [], "joint": {"secondary": 1.072231055919931, "primary": 0.9544289665483499}}, "ATA|ATC": {"individual": [], "joint": {"secondary": 1.04726848420225, "primary": 1.021688173613378}}, "ATA|ATT": {"individual": [], "joint": {"secondary": 0.95486082720243, "primary": 0.8891233494402794}}, "ATC|ATT": {"individual": [], "joint": {"secondary": 1.044865870420285, "primary": 0.8001021621098174}}, "CAA|CAG": {"individual": [], "joint": {"secondary": 1.025071261065285, "primary": 1.020672261821708}}, "CAC|CAT": {"individual": [], "joint": {"secondary": 0.8205040728028317, "primary": 0.9609467077750496}}, "CCA|CCC": {"individual": [], "joint": {"secondary": 0.7606833238800055, "primary": 1.062810264836176}}, "CCA|CCG": {"individual": [], "joint": {"secondary": 1.078967991443148, "primary": 1.14008073188079}}, "CCA|CCT": {"individual": [], "joint": {"secondary": 1.416823032288918, "primary": 1.418347716572142}}, "CCC|CCG": {"individual": [], "joint": {"secondary": 0.8449701648821241, "primary": 1.119203875141804}}, "CCC|CCT": {"individual": [], "joint": {"secondary": 0.9308198274539541, "primary": 0.9327581164169574}}, "CCG|CCT": {"individual": [], "joint": {"secondary": 1.105601691756195, "primary": 0.9445765343993887}}, "CGA|CGC": {"individual": [], "joint": {"secondary": 1.143092502569649, "primary": 1.051996810107887}}, "CGA|CGG": {"individual": [], "joint": {"secondary": 0.868224089062326, "primary": 0.8166591982359552}}, "CGA|CGT": {"individual": [], "joint": {"secondary": 1.267112991490885, "primary": 0.8513530047218435}}, "CGC|CGG": {"individual": [], "joint": {"secondary": 1.306971447268133, "primary": 1.060418413331378}}, "CGC|CGT": {"individual": [], "joint": {"secondary": 0.9939684040489766, "primary": 0.8308811060279698}}, "CGG|CGT": {"individual": [], "joint": {"secondary": 0.9497408560416143, "primary": 0.7989160748759149}}, "CTA|CTC": {"individual": [], "joint": {"secondary": 0.9428207792383021, "primary": 0.9190514857195005}}, "CTA|CTG": {"individual": [], "joint": {"secondary": 0.9239624727895749, "primary": 0.659445212122398}}, "CTA|CTT": {"individual": [], "joint": {"secondary": 1.01904098623638, "primary": 0.7591381463322463}}, "CTA|TTA": {"individual": [], "joint": {"secondary": 0.9880988986517343, "primary": 0.7624813031816219}}, "CTC|CTG": {"individual": [], "joint": {"secondary": 0.9717929362160767, "primary": 0.9033682666365985}}, "CTC|CTT": {"individual": [], "joint": {"secondary": 1.049590324166437, "primary": 0.8691690917869253}}, "CTG|CTT": {"individual": [], "joint": {"secondary": 1.323555753992319, "primary": 1.059438385517355}}, "CTG|TTG": {"individual": [], "joint": {"secondary": 1.087874683041977, "primary": 0.9797959106518929}}, "GAA|GAG": {"individual": [], "joint": {"secondary": 1.002749746963153, "primary": 1.043068818218469}}, "GAC|GAT": {"individual": [], "joint": {"secondary": 0.8366771465559785, "primary": 0.7823941857300578}}, "GCA|GCC": {"individual": [], "joint": {"secondary": 1.04356552520137, "primary": 0.8250984691437971}}, "GCA|GCG": {"individual": [], "joint": {"secondary": 0.9703201547346213, "primary": 1.035914294836361}}, "GCA|GCT": {"individual": [], "joint": {"secondary": 0.8762366427151382, "primary": 1.111768810756707}}, "GCC|GCG": {"individual": [], "joint": {"secondary": 0.9045717026461698, "primary": 0.9285541369596635}}, "GCC|GCT": {"individual": [], "joint": {"secondary": 1.187438408709923, "primary": 0.8920974474767942}}, "GCG|GCT": {"individual": [], "joint": {"secondary": 0.9245772138185024, "primary": 1.089764053724866}}, "GGA|GGC": {"individual": [], "joint": {"secondary": 0.990389994424144, "primary": 1.129722197901412}}, "GGA|GGG": {"individual": [], "joint": {"secondary": 0.919443639185171, "primary": 1.112102142838643}}, "GGA|GGT": {"individual": [], "joint": {"secondary": 1.179331741971954, "primary": 1.203851217392098}}, "GGC|GGG": {"individual": [], "joint": {"secondary": 0.9488889732481147, "primary": 0.9181842866028483}}, "GGC|GGT": {"individual": [], "joint": {"secondary": 0.9287684062376729, "primary": 1.058477334182567}}, "GGG|GGT": {"individual": [], "joint": {"secondary": 0.7636112531102456, "primary": 1.072402357430618}}, "GTA|GTC": {"individual": [], "joint": {"secondary": 0.9382607411628787, "primary": 1.026549385125666}}, "GTA|GTG": {"individual": [], "joint": {"secondary": 0.9591792948077121, "primary": 0.893238786059487}}, "GTA|GTT": {"individual": [], "joint": {"secondary": 1.071002109165214, "primary": 1.516361946568376}}, "GTC|GTG": {"individual": [], "joint": {"secondary": 0.9302421622881744, "primary": 0.9222849224914998}}, "GTC|GTT": {"individual": [], "joint": {"secondary": 1.133816108551583, "primary": 1.072892771475856}}, "GTG|GTT": {"individual": [], "joint": {"secondary": 0.9202403027745357, "primary": 0.794858991842083}}, "TAC|TAT": {"individual": [], "joint": {"secondary": 0.8044976238248535, "primary": 1.102869446753011}}, "TCA|TCC": {"individual": [], "joint": {"secondary": 0.9227986620348059, "primary": 1.126687223310183}}, "TCA|TCG": {"individual": [], "joint": {"secondary": 0.8639898084216209, "primary": 0.8924522393051485}}, "TCA|TCT": {"individual": [], "joint": {"secondary": 0.9908634437109816, "primary": 1.222891438740986}}, "TCC|TCG": {"individual": [], "joint": {"secondary": 1.023204475254849, "primary": 1.032502967122679}}, "TCC|TCT": {"individual": [], "joint": {"secondary": 1.039982956026703, "primary": 1.027652168627877}}, "TCG|TCT": {"individual": [], "joint": {"secondary": 1.056306215432273, "primary": 1.317761858875745}}, "TGC|TGT": {"individual": [], "joint": {"secondary": 1.21660631388265, "primary": 0.7497743444372442}}, "TTA|TTG": {"individual": [], "joint": {"secondary": 1.16427319341622, "primary": 0.8110736359998515}}, "TTC|TTT": {"individual": [], "joint": {"secondary": 1.079246665835325, "primary": 1.07069064619026}}, "model_mixture_p": 0.4999780043131451}