{"AAA|AAG": {"individual": [], "joint": {"secondary": 0.7217883127490257, "primary": 0.6511889464413969}}, "AAC|AAT": {"individual": [], "joint": {"secondary": 1.169093735973347, "primary": 1.244953052307712}}, "ACA|ACC": {"individual": [], "joint": {"secondary": 0.9813509858135424, "primary": 0.9275495097251825}}, "ACA|ACG": {"individual": [], "joint": {"secondary": 1.671035213928656, "primary": 1.880215564162752}}, "ACA|ACT": {"individual": [], "joint": {"secondary": 1.170993836398171, "primary": 1.577976064438287}}, "ACC|ACG": {"individual": [], "joint": {"secondary": 1.101386702859203, "primary": 0.9890705485327064}}, "ACC|ACT": {"individual": [], "joint": {"secondary": 1.08874343577178, "primary": 1.123302929354436}}, "ACG|ACT": {"individual": [], "joint": {"secondary": 1.479502838657497, "primary": 1.561007895125552}}, "AGA|AGG": {"individual": [], "joint": {"secondary": 0.8167193751859319, "primary": 0.65904757715873}}, "AGA|CGA": {"individual": [], "joint": {"secondary": 1.187768764884932, "primary": 0.9850303454243475}}, "AGC|AGT": {"individual": [], "joint": {"secondary": 1.010739634299538, "primary": 1.204185151141895}}, "AGG|CGG": {"individual": [], "joint": {"secondary": 1.336870597115847, "primary": 1.113997030880912}}, "ATA|ATC": {"individual": [], "joint": {"secondary": 0.8552833730117386, "primary": 0.8399177977977857}}, "ATA|ATT": {"individual": [], "joint": {"secondary": 0.8442132971107285, "primary": 0.8165927200820633}}, "ATC|ATT": {"individual": [], "joint": {"secondary": 0.9229008218374886, "primary": 1.014234057870758}}, "CAA|CAG": {"individual": [], "joint": {"secondary": 0.9546298919289508, "primary": 0.6696673692281548}}, "CAC|CAT": {"individual": [], "joint": {"secondary": 1.473784436202646, "primary": 1.45374856707775}}, "CCA|CCC": {"individual": [], "joint": {"secondary": 1.152990374882478, "primary": 0.953290809933846}}, "CCA|CCG": {"individual": [], "joint": {"secondary": 1.367720805770845, "primary": 1.692434557100633}}, "CCA|CCT": {"individual": [], "joint": {"secondary": 1.215289252982808, "primary": 1.543436372325306}}, "CCC|CCG": {"individual": [], "joint": {"secondary": 1.163936547483182, "primary": 1.191336138238638}}, "CCC|CCT": {"individual": [], "joint": {"secondary": 1.094417380233533, "primary": 1.155823801096837}}, "CCG|CCT": {"individual": [], "joint": {"secondary": 0.9463707528723088, "primary": 1.091820517674431}}, "CGA|CGC": {"individual": [], "joint": {"secondary": 1.026918196532205, "primary": 1.186849222851378}}, "CGA|CGG": {"individual": [], "joint": {"secondary": 0.8624043023446958, "primary": 0.6810806225499911}}, "CGA|CGT": {"individual": [], "joint": {"secondary": 0.9523395532399341, "primary": 1.305211556475017}}, "CGC|CGG": {"individual": [], "joint": {"secondary": 0.7297437908308629, "primary": 0.7121054683323053}}, "CGC|CGT": {"individual": [], "joint": {"secondary": 0.9544705727126684, "primary": 1.131233834294665}}, "CGG|CGT": {"individual": [], "joint": {"secondary": 0.9153461161724902, "primary": 0.8507624337594168}}, "CTA|CTC": {"individual": [], "joint": {"secondary": 0.8201922952926235, "primary": 0.7342324839419395}}, "CTA|CTG": {"individual": [], "joint": {"secondary": 1.004378070669428, "primary": 0.6989109867645358}}, "CTA|CTT": {"individual": [], "joint": {"secondary": 0.7465001128115435, "primary": 0.6372837330933395}}, "CTA|TTA": {"individual": [], "joint": {"secondary": 0.7209189464455986, "primary": 0.4906226033044321}}, "CTC|CTG": {"individual": [], "joint": {"secondary": 1.040933303088184, "primary": 0.7277281581358901}}, "CTC|CTT": {"individual": [], "joint": {"secondary": 0.9313921680133244, "primary": 0.9037313478165705}}, "CTG|CTT": {"individual": [], "joint": {"secondary": 0.9854150983381547, "primary": 0.7569340096385084}}, "CTG|TTG": {"individual": [], "joint": {"secondary": 0.9548289700820475, "primary": 0.5218928738630656}}, "GAA|GAG": {"individual": [], "joint": {"secondary": 0.8472363587546435, "primary": 0.7592944645655868}}, "GAC|GAT": {"individual": [], "joint": {"secondary": 1.138631823057596, "primary": 1.276411633543126}}, "GCA|GCC": {"individual": [], "joint": {"secondary": 1.09751081742696, "primary": 0.9343454326008435}}, "GCA|GCG": {"individual": [], "joint": {"secondary": 1.281294457384864, "primary": 1.692659529687831}}, "GCA|GCT": {"individual": [], "joint": {"secondary": 1.201554731715766, "primary": 1.335159249086062}}, "GCC|GCG": {"individual": [], "joint": {"secondary": 0.7606440023053895, "primary": 0.8348734706181044}}, "GCC|GCT": {"individual": [], "joint": {"secondary": 1.028225556459818, "primary": 1.113774532776157}}, "GCG|GCT": {"individual": [], "joint": {"secondary": 1.00394099331474, "primary": 1.176728704436346}}, "GGA|GGC": {"individual": [], "joint": {"secondary": 0.8269485728620677, "primary": 0.8974820453027436}}, "GGA|GGG": {"individual": [], "joint": {"secondary": 0.8085248936183645, "primary": 0.691081998232604}}, "GGA|GGT": {"individual": [], "joint": {"secondary": 0.7078372979381677, "primary": 0.8116133301643648}}, "GGC|GGG": {"individual": [], "joint": {"secondary": 0.7442678241441273, "primary": 0.6297158971933958}}, "GGC|GGT": {"individual": [], "joint": {"secondary": 1.033136427150689, "primary": 1.068848540298991}}, "GGG|GGT": {"individual": [], "joint": {"secondary": 0.9050527635426575, "primary": 0.9044345524728675}}, "GTA|GTC": {"individual": [], "joint": {"secondary": 0.8031419832513265, "primary": 0.6038623951308868}}, "GTA|GTG": {"individual": [], "joint": {"secondary": 0.923224827472486, "primary": 0.7862378298827433}}, "GTA|GTT": {"individual": [], "joint": {"secondary": 0.9284726597987587, "primary": 0.7001628243282976}}, "GTC|GTG": {"individual": [], "joint": {"secondary": 0.7000314247388787, "primary": 0.5812517041042463}}, "GTC|GTT": {"individual": [], "joint": {"secondary": 0.7971758616494712, "primary": 0.7625242782123305}}, "GTG|GTT": {"individual": [], "joint": {"secondary": 0.9102287732970449, "primary": 0.7923154008301941}}, "TAC|TAT": {"individual": [], "joint": {"secondary": 1.509571305886317, "primary": 1.46322320802854}}, "TCA|TCC": {"individual": [], "joint": {"secondary": 1.058373994887331, "primary": 0.8899656174790699}}, "TCA|TCG": {"individual": [], "joint": {"secondary": 1.369243183854932, "primary": 1.834382565262644}}, "TCA|TCT": {"individual": [], "joint": {"secondary": 1.034088988626827, "primary": 1.251922111257512}}, "TCC|TCG": {"individual": [], "joint": {"secondary": 0.739441344737508, "primary": 0.94154340567363}}, "TCC|TCT": {"individual": [], "joint": {"secondary": 1.069703826462515, "primary": 1.013784778217879}}, "TCG|TCT": {"individual": [], "joint": {"secondary": 0.8404937964104535, "primary": 1.090889388029362}}, "TGC|TGT": {"individual": [], "joint": {"secondary": 0.9983420083827487, "primary": 0.9979142151699145}}, "TTA|TTG": {"individual": [], "joint": {"secondary": 0.7196858111171379, "primary": 0.6251910710906349}}, "TTC|TTT": {"individual": [], "joint": {"secondary": 0.8406618252224768, "primary": 0.8599991683819501}}}