{"AAA|AAG": {"individual": [], "joint": {"secondary": 1.088416147070596, "primary": 1.041655840577085}}, "AAC|AAT": {"individual": [], "joint": {"secondary": 1.060166775126304, "primary": 0.9590739597863964}}, "ACA|ACC": {"individual": [], "joint": {"secondary": 0.9876587052919855, "primary": 1.035319385942522}}, "ACA|ACG": {"individual": [], "joint": {"secondary": 0.9580361713926981, "primary": 1.017198427106836}}, "ACA|ACT": {"individual": [], "joint": {"secondary": 1.227081019320204, "primary": 1.187799310035724}}, "ACC|ACG": {"individual": [], "joint": {"secondary": 0.7185491129707292, "primary": 0.7443664605710748}}, "ACC|ACT": {"individual": [], "joint": {"secondary": 0.8438844944170552, "primary": 0.9130344530950065}}, "ACG|ACT": {"individual": [], "joint": {"secondary": 0.9998138287209577, "primary": 1.041791096289855}}, "AGA|AGG": {"individual": [], "joint": {"secondary": 1.167538735748666, "primary": 1.218476605482225}}, "AGA|CGA": {"individual": [], "joint": {"secondary": 0.8937942346371761, "primary": 1.049786527783081}}, "AGC|AGT": {"individual": [], "joint": {"secondary": 0.9617677854755109, "primary": 0.9721088558627597}}, "AGG|CGG": {"individual": [], "joint": {"secondary": 1.120069835928672, "primary": 1.13795245990384}}, "ATA|ATC": {"individual": [], "joint": {"secondary": 0.8273517726694255, "primary": 0.7145324562510339}}, "ATA|ATT": {"individual": [], "joint": {"secondary": 1.301818436092203, "primary": 1.247393760578979}}, "ATC|ATT": {"individual": [], "joint": {"secondary": 0.9588310186221959, "primary": 1.058946983842293}}, "CAA|CAG": {"individual": [], "joint": {"secondary": 0.9633441971796547, "primary": 1.251931794570275}}, "CAC|CAT": {"individual": [], "joint": {"secondary": 1.048268888162489, "primary": 1.010948686644501}}, "CCA|CCC": {"individual": [], "joint": {"secondary": 1.115998344833305, "primary": 1.043048299884325}}, "CCA|CCG": {"individual": [], "joint": {"secondary": 1.02700081456924, "primary": 1.132732837095124}}, "CCA|CCT": {"individual": [], "joint": {"secondary": 1.080607564537816, "primary": 0.9432277664466563}}, "CCC|CCG": {"individual": [], "joint": {"secondary": 0.8897786667291068, "primary": 0.9327363386300684}}, "CCC|CCT": {"individual": [], "joint": {"secondary": 0.8521419834961782, "primary": 0.8992854418087632}}, "CCG|CCT": {"individual": [], "joint": {"secondary": 1.068319912725972, "primary": 1.109249981617502}}, "CGA|CGC": {"individual": [], "joint": {"secondary": 0.9236214528311903, "primary": 0.9723255902654516}}, "CGA|CGG": {"individual": [], "joint": {"secondary": 0.9480353720670276, "primary": 1.038999120527186}}, "CGA|CGT": {"individual": [], "joint": {"secondary": 1.242330906890953, "primary": 1.242791493881661}}, "CGC|CGG": {"individual": [], "joint": {"secondary": 0.9440546528779268, "primary": 1.007364720866355}}, "CGC|CGT": {"individual": [], "joint": {"secondary": 1.071158510864956, "primary": 0.9705441331424359}}, "CGG|CGT": {"individual": [], "joint": {"secondary": 1.001027558584657, "primary": 0.8692756440019078}}, "CTA|CTC": {"individual": [], "joint": {"secondary": 0.8185225029481588, "primary": 0.837200129361593}}, "CTA|CTG": {"individual": [], "joint": {"secondary": 1.014656657869471, "primary": 0.9498274864453129}}, "CTA|CTT": {"individual": [], "joint": {"secondary": 1.509426388453609, "primary": 1.630751198666565}}, "CTA|TTA": {"individual": [], "joint": {"secondary": 1.182320003363596, "primary": 0.9972088523298187}}, "CTC|CTG": {"individual": [], "joint": {"secondary": 0.8115975544884636, "primary": 0.9218020976520246}}, "CTC|CTT": {"individual": [], "joint": {"secondary": 1.327952609343644, "primary": 1.234617447635907}}, "CTG|CTT": {"individual": [], "joint": {"secondary": 0.9745730845567976, "primary": 0.9020889839732593}}, "CTG|TTG": {"individual": [], "joint": {"secondary": 0.9927500845771595, "primary": 1.017090420475398}}, "GAA|GAG": {"individual": [], "joint": {"secondary": 1.01119505161876, "primary": 1.157949579974473}}, "GAC|GAT": {"individual": [], "joint": {"secondary": 0.959590648224801, "primary": 0.9243245355737855}}, "GCA|GCC": {"individual": [], "joint": {"secondary": 0.9963787919062513, "primary": 1.034105269047529}}, "GCA|GCG": {"individual": [], "joint": {"secondary": 0.9336745831195454, "primary": 0.9511134308424198}}, "GCA|GCT": {"individual": [], "joint": {"secondary": 1.115096513831104, "primary": 1.280386981904632}}, "GCC|GCG": {"individual": [], "joint": {"secondary": 0.634613466086012, "primary": 0.6058494477634316}}, "GCC|GCT": {"individual": [], "joint": {"secondary": 0.8339026798410347, "primary": 0.9344644819370681}}, "GCG|GCT": {"individual": [], "joint": {"secondary": 0.7796391845627114, "primary": 0.8828291260999688}}, "GGA|GGC": {"individual": [], "joint": {"secondary": 1.081947162588719, "primary": 1.067714562515559}}, "GGA|GGG": {"individual": [], "joint": {"secondary": 0.6233137848267281, "primary": 0.3181307443796568}}, "GGA|GGT": {"individual": [], "joint": {"secondary": 1.208157352708473, "primary": 1.251128109758939}}, "GGC|GGG": {"individual": [], "joint": {"secondary": 0.6615796785912941, "primary": 0.4241966856069561}}, "GGC|GGT": {"individual": [], "joint": {"secondary": 1.046774861726977, "primary": 1.157783168448929}}, "GGG|GGT": {"individual": [], "joint": {"secondary": 0.8703497063893582, "primary": 0.4619731438785682}}, "GTA|GTC": {"individual": [], "joint": {"secondary": 0.7190665694895565, "primary": 0.8119513277566258}}, "GTA|GTG": {"individual": [], "joint": {"secondary": 0.9179449327816467, "primary": 0.8967178200832574}}, "GTA|GTT": {"individual": [], "joint": {"secondary": 1.146265545495076, "primary": 1.136160542796672}}, "GTC|GTG": {"individual": [], "joint": {"secondary": 0.8056196789667602, "primary": 0.9048200714961395}}, "GTC|GTT": {"individual": [], "joint": {"secondary": 0.8375222001247907, "primary": 0.8720908828240872}}, "GTG|GTT": {"individual": [], "joint": {"secondary": 1.05840698228015, "primary": 1.238934060216839}}, "TAC|TAT": {"individual": [], "joint": {"secondary": 1.128035591764873, "primary": 1.107837689103109}}, "TCA|TCC": {"individual": [], "joint": {"secondary": 1.018865094432211, "primary": 0.7692975116180416}}, "TCA|TCG": {"individual": [], "joint": {"secondary": 1.096345552661068, "primary": 1.064605624997577}}, "TCA|TCT": {"individual": [], "joint": {"secondary": 1.067347157666574, "primary": 0.9238283205139702}}, "TCC|TCG": {"individual": [], "joint": {"secondary": 0.956811840704386, "primary": 1.146167129182586}}, "TCC|TCT": {"individual": [], "joint": {"secondary": 1.0168648528023, "primary": 0.9453860731067052}}, "TCG|TCT": {"individual": [], "joint": {"secondary": 0.902817702169292, "primary": 1.102441080189187}}, "TGC|TGT": {"individual": [], "joint": {"secondary": 1.055593829801151, "primary": 1.145085050035392}}, "TTA|TTG": {"individual": [], "joint": {"secondary": 1.033551358926764, "primary": 0.8411742950718176}}, "TTC|TTT": {"individual": [], "joint": {"secondary": 1.560461858475878, "primary": 1.38706820424528}}}