{"AAA|AAG": {"individual": [], "joint": {"secondary": 0.7220203636505221, "primary": 0.6508555342559542}}, "AAC|AAT": {"individual": [], "joint": {"secondary": 1.168968283146989, "primary": 1.2447650450343}}, "ACA|ACC": {"individual": [], "joint": {"secondary": 0.9811554613247626, "primary": 0.927417140068226}}, "ACA|ACG": {"individual": [], "joint": {"secondary": 1.671408979217342, "primary": 1.880330934933993}}, "ACA|ACT": {"individual": [], "joint": {"secondary": 1.170744868925114, "primary": 1.578776332506109}}, "ACC|ACG": {"individual": [], "joint": {"secondary": 1.10152785526884, "primary": 0.9890504444115865}}, "ACC|ACT": {"individual": [], "joint": {"secondary": 1.088679332219268, "primary": 1.123939310023053}}, "ACG|ACT": {"individual": [], "joint": {"secondary": 1.479869762804141, "primary": 1.561466344185951}}, "AGA|AGG": {"individual": [], "joint": {"secondary": 0.8169426149172279, "primary": 0.6585269255735845}}, "AGA|CGA": {"individual": [], "joint": {"secondary": 1.188083974733064, "primary": 0.9848406729123287}}, "AGC|AGT": {"individual": [], "joint": {"secondary": 1.010964267486099, "primary": 1.204869219828513}}, "AGG|CGG": {"individual": [], "joint": {"secondary": 1.336857825350135, "primary": 1.114183688927701}}, "ATA|ATC": {"individual": [], "joint": {"secondary": 0.854939686048929, "primary": 0.8401334869764808}}, "ATA|ATT": {"individual": [], "joint": {"secondary": 0.8442631950743789, "primary": 0.8160738695937179}}, "ATC|ATT": {"individual": [], "joint": {"secondary": 0.9232594207544458, "primary": 1.014429477746769}}, "CAA|CAG": {"individual": [], "joint": {"secondary": 0.9545570395502653, "primary": 0.6692505849640995}}, "CAC|CAT": {"individual": [], "joint": {"secondary": 1.473382221511115, "primary": 1.454794325077374}}, "CCA|CCC": {"individual": [], "joint": {"secondary": 1.153054395031078, "primary": 0.9532158340897374}}, "CCA|CCG": {"individual": [], "joint": {"secondary": 1.367939631410917, "primary": 1.692884514448329}}, "CCA|CCT": {"individual": [], "joint": {"secondary": 1.215571369097193, "primary": 1.543385377809598}}, "CCC|CCG": {"individual": [], "joint": {"secondary": 1.16408891489674, "primary": 1.191531059170283}}, "CCC|CCT": {"individual": [], "joint": {"secondary": 1.094486840514046, "primary": 1.156355386299148}}, "CCG|CCT": {"individual": [], "joint": {"secondary": 0.9463470296692933, "primary": 1.092098101765959}}, "CGA|CGC": {"individual": [], "joint": {"secondary": 1.027116099540322, "primary": 1.187010615041106}}, "CGA|CGG": {"individual": [], "joint": {"secondary": 0.8622111056408147, "primary": 0.6809128031418231}}, "CGA|CGT": {"individual": [], "joint": {"secondary": 0.9526214739767362, "primary": 1.305614399331833}}, "CGC|CGG": {"individual": [], "joint": {"secondary": 0.7304546494802022, "primary": 0.7116534739991829}}, "CGC|CGT": {"individual": [], "joint": {"secondary": 0.9547419083040126, "primary": 1.131381415827627}}, "CGG|CGT": {"individual": [], "joint": {"secondary": 0.9150223311787147, "primary": 0.850749449617467}}, "CTA|CTC": {"individual": [], "joint": {"secondary": 0.8199312839805561, "primary": 0.7341023173775585}}, "CTA|CTG": {"individual": [], "joint": {"secondary": 1.004014498533379, "primary": 0.6987373960774824}}, "CTA|CTT": {"individual": [], "joint": {"secondary": 0.7466490660645626, "primary": 0.6367761614083116}}, "CTA|TTA": {"individual": [], "joint": {"secondary": 0.7207190737779647, "primary": 0.4905187150924268}}, "CTC|CTG": {"individual": [], "joint": {"secondary": 1.04038014854057, "primary": 0.7277319192174041}}, "CTC|CTT": {"individual": [], "joint": {"secondary": 0.9314107350867419, "primary": 0.903988636340765}}, "CTG|CTT": {"individual": [], "joint": {"secondary": 0.9849043285047793, "primary": 0.7568199632336675}}, "CTG|TTG": {"individual": [], "joint": {"secondary": 0.9544792988242918, "primary": 0.5216268544829606}}, "GAA|GAG": {"individual": [], "joint": {"secondary": 0.847223606439849, "primary": 0.759195240021584}}, "GAC|GAT": {"individual": [], "joint": {"secondary": 1.138984947282571, "primary": 1.276876833801071}}, "GCA|GCC": {"individual": [], "joint": {"secondary": 1.097073385472248, "primary": 0.9346918133731201}}, "GCA|GCG": {"individual": [], "joint": {"secondary": 1.282223781802942, "primary": 1.691476491676188}}, "GCA|GCT": {"individual": [], "joint": {"secondary": 1.201033619621636, "primary": 1.33477382110792}}, "GCC|GCG": {"individual": [], "joint": {"secondary": 0.7608307648215674, "primary": 0.8350478503165867}}, "GCC|GCT": {"individual": [], "joint": {"secondary": 1.028343860169591, "primary": 1.114272075670973}}, "GCG|GCT": {"individual": [], "joint": {"secondary": 1.00415010237792, "primary": 1.176583286807871}}, "GGA|GGC": {"individual": [], "joint": {"secondary": 0.8269063846618349, "primary": 0.8973715897177774}}, "GGA|GGG": {"individual": [], "joint": {"secondary": 0.8084043893502926, "primary": 0.6911116646469353}}, "GGA|GGT": {"individual": [], "joint": {"secondary": 0.7080704697680011, "primary": 0.8116345006159184}}, "GGC|GGG": {"individual": [], "joint": {"secondary": 0.7442658117451623, "primary": 0.6300438297569405}}, "GGC|GGT": {"individual": [], "joint": {"secondary": 1.033015827060325, "primary": 1.068835973739647}}, "GGG|GGT": {"individual": [], "joint": {"secondary": 0.9044715061952178, "primary": 0.9042161584989808}}, "GTA|GTC": {"individual": [], "joint": {"secondary": 0.8029894929980346, "primary": 0.6041686836250818}}, "GTA|GTG": {"individual": [], "joint": {"secondary": 0.9231576237227916, "primary": 0.7861996416321924}}, "GTA|GTT": {"individual": [], "joint": {"secondary": 0.9284699636504782, "primary": 0.6994666779955252}}, "GTC|GTG": {"individual": [], "joint": {"secondary": 0.7002444549999229, "primary": 0.5811290476032378}}, "GTC|GTT": {"individual": [], "joint": {"secondary": 0.7969290946598122, "primary": 0.7625284175064111}}, "GTG|GTT": {"individual": [], "joint": {"secondary": 0.9101435531058005, "primary": 0.7917511265759519}}, "TAC|TAT": {"individual": [], "joint": {"secondary": 1.510256135894488, "primary": 1.462844583298099}}, "TCA|TCC": {"individual": [], "joint": {"secondary": 1.058234040791813, "primary": 0.8899138603186885}}, "TCA|TCG": {"individual": [], "joint": {"secondary": 1.369428311550829, "primary": 1.833417179756461}}, "TCA|TCT": {"individual": [], "joint": {"secondary": 1.033895348507121, "primary": 1.252606468585126}}, "TCC|TCG": {"individual": [], "joint": {"secondary": 0.7392883503945157, "primary": 0.9418193753304837}}, "TCC|TCT": {"individual": [], "joint": {"secondary": 1.069404557081949, "primary": 1.013693522398614}}, "TCG|TCT": {"individual": [], "joint": {"secondary": 0.8401151693313237, "primary": 1.090319087563853}}, "TGC|TGT": {"individual": [], "joint": {"secondary": 0.9979051936278028, "primary": 0.9978948277839601}}, "TTA|TTG": {"individual": [], "joint": {"secondary": 0.719825264540429, "primary": 0.6252678731248257}}, "TTC|TTT": {"individual": [], "joint": {"secondary": 0.8409456543381647, "primary": 0.8600507663575534}}}