{"baseline-AICc": {"individual": [], "joint": 245410.2275872463}, "baseline-loglikelihood": {"individual": [], "joint": -119487.1887701619}, "joint-AICc": {"individual": [], "joint": 247000.6183897677}, "joint-loglikelihood": {"individual": [], "joint": -119416.2403594036}, "AAA|AAG": {"individual": [], "joint": {"secondary": 1.034861369827446, "primary": 1.239906819721047}}, "AAC|AAT": {"individual": [], "joint": {"secondary": 1.039005360268247, "primary": 1.022103412447644}}, "ACA|ACC": {"individual": [], "joint": {"secondary": 0.6929608216967401, "primary": 1.258024484018577}}, "ACA|ACG": {"individual": [], "joint": {"secondary": 1.222323754547181, "primary": 0.900816308314471}}, "ACA|ACT": {"individual": [], "joint": {"secondary": 0.9152606894381584, "primary": 0.7042426887965161}}, "ACC|ACG": {"individual": [], "joint": {"secondary": 0.6647180001337059, "primary": 0.9098810972796432}}, "ACC|ACT": {"individual": [], "joint": {"secondary": 0.8783730258998688, "primary": 1.019639579364864}}, "ACG|ACT": {"individual": [], "joint": {"secondary": 0.8012553291302629, "primary": 1.262385134056303}}, "AGA|AGG": {"individual": [], "joint": {"secondary": 1.055631713733121, "primary": 1.476457639948069}}, "AGA|CGA": {"individual": [], "joint": {"secondary": 1.657769312059939, "primary": 0.5958217878575787}}, "AGC|AGT": {"individual": [], "joint": {"secondary": 0.6792516318989736, "primary": 1.08722881743251}}, "AGG|CGG": {"individual": [], "joint": {"secondary": 0.7895414377957478, "primary": 0.5092840351467391}}, "ATA|ATC": {"individual": [], "joint": {"secondary": 0.9546699210894545, "primary": 0.5784731861911128}}, "ATA|ATT": {"individual": [], "joint": {"secondary": 1.132362282072027, "primary": 1.287359654011403}}, "ATC|ATT": {"individual": [], "joint": {"secondary": 0.9909335145112577, "primary": 1.067581473458926}}, "CAA|CAG": {"individual": [], "joint": {"secondary": 1.197338757526989, "primary": 0.8130805886305841}}, "CAC|CAT": {"individual": [], "joint": {"secondary": 0.7356141251093475, "primary": 0.6369221359127676}}, "CCA|CCC": {"individual": [], "joint": {"secondary": 0.9458204855316755, "primary": 0.8766925596864106}}, "CCA|CCG": {"individual": [], "joint": {"secondary": 0.9317663752338989, "primary": 1.234837547281749}}, "CCA|CCT": {"individual": [], "joint": {"secondary": 0.8103375875446898, "primary": 0.8563565111491073}}, "CCC|CCG": {"individual": [], "joint": {"secondary": 0.7902427302762477, "primary": 1.090295857041577}}, "CCC|CCT": {"individual": [], "joint": {"secondary": 1.383700840634139, "primary": 0.7230293761334021}}, "CCG|CCT": {"individual": [], "joint": {"secondary": 1.314777329390259, "primary": 1.222166018068044}}, "CGA|CGC": {"individual": [], "joint": {"secondary": 0.8475184175138011, "primary": 1.069124655246802}}, "CGA|CGG": {"individual": [], "joint": {"secondary": 1.067751661200506, "primary": 0.7373130994645793}}, "CGA|CGT": {"individual": [], "joint": {"secondary": 0.270075138162379, "primary": 1.076843868638237}}, "CGC|CGG": {"individual": [], "joint": {"secondary": 0.8760592177263115, "primary": 1.075775744383022}}, "CGC|CGT": {"individual": [], "joint": {"secondary": 1.178363201144911, "primary": 1.21897933564591}}, "CGG|CGT": {"individual": [], "joint": {"secondary": 1.189776640601844, "primary": 0.9449944868850116}}, "CTA|CTC": {"individual": [], "joint": {"secondary": 1.896345825525993, "primary": 0.9232980607233425}}, "CTA|CTG": {"individual": [], "joint": {"secondary": 1.121540537898854, "primary": 0.8339239701111191}}, "CTA|CTT": {"individual": [], "joint": {"secondary": 0.7660118221155315, "primary": 0.9013331722659719}}, "CTA|TTA": {"individual": [], "joint": {"secondary": 1.130976245805068, "primary": 0.6822778558921204}}, "CTC|CTG": {"individual": [], "joint": {"secondary": 1.717440937513768, "primary": 0.8217134312800178}}, "CTC|CTT": {"individual": [], "joint": {"secondary": 0.9313331814077116, "primary": 1.261995966502862}}, "CTG|CTT": {"individual": [], "joint": {"secondary": 0.6174186217410607, "primary": 1.578725748754168}}, "CTG|TTG": {"individual": [], "joint": {"secondary": 1.201025826834133, "primary": 0.945716351255043}}, "GAA|GAG": {"individual": [], "joint": {"secondary": 1.23535407372083, "primary": 1.101652036695557}}, "GAC|GAT": {"individual": [], "joint": {"secondary": 0.9339985256877044, "primary": 1.108573000570841}}, "GCA|GCC": {"individual": [], "joint": {"secondary": 1.09839528550893, "primary": 1.181627102935525}}, "GCA|GCG": {"individual": [], "joint": {"secondary": 0.8507696871396798, "primary": 1.243713044301559}}, "GCA|GCT": {"individual": [], "joint": {"secondary": 0.6033207035282929, "primary": 1.173999258311376}}, "GCC|GCG": {"individual": [], "joint": {"secondary": 1.107971743260845, "primary": 0.8958952844270888}}, "GCC|GCT": {"individual": [], "joint": {"secondary": 1.220071826905779, "primary": 0.6738925459359486}}, "GCG|GCT": {"individual": [], "joint": {"secondary": 0.9660189842092787, "primary": 0.5136933886457372}}, "GGA|GGC": {"individual": [], "joint": {"secondary": 1.201119469954661, "primary": 1.149109900051352}}, "GGA|GGG": {"individual": [], "joint": {"secondary": 0.733569860467736, "primary": 0.9420974166011996}}, "GGA|GGT": {"individual": [], "joint": {"secondary": 0.1848021994691802, "primary": 0.3149230428810886}}, "GGC|GGG": {"individual": [], "joint": {"secondary": 0.8368228320587179, "primary": 0.864356560916018}}, "GGC|GGT": {"individual": [], "joint": {"secondary": 0.8602412884083007, "primary": 0.8570006836533285}}, "GGG|GGT": {"individual": [], "joint": {"secondary": 0.9743678111338175, "primary": 1.524167489110996}}, "GTA|GTC": {"individual": [], "joint": {"secondary": 1.281168379817692, "primary": 1.408328294260282}}, "GTA|GTG": {"individual": [], "joint": {"secondary": 0.9125906343318246, "primary": 0.9280023763644779}}, "GTA|GTT": {"individual": [], "joint": {"secondary": 0.887334921617988, "primary": 1.076700606109122}}, "GTC|GTG": {"individual": [], "joint": {"secondary": 0.864115823502155, "primary": 1.282379034387355}}, "GTC|GTT": {"individual": [], "joint": {"secondary": 0.7646579367393036, "primary": 1.070245264922132}}, "GTG|GTT": {"individual": [], "joint": {"secondary": 0.7327835914865516, "primary": 0.9673831094824117}}, "TAC|TAT": {"individual": [], "joint": {"secondary": 1.134597268684608, "primary": 0.9607537820080123}}, "TCA|TCC": {"individual": [], "joint": {"secondary": 0.9824883300248706, "primary": 0.7981868999097937}}, "TCA|TCG": {"individual": [], "joint": {"secondary": 1.380459975651294, "primary": 1.007093249250841}}, "TCA|TCT": {"individual": [], "joint": {"secondary": 2.195499521345942, "primary": 0.9598019418551246}}, "TCC|TCG": {"individual": [], "joint": {"secondary": 0.8970659598322518, "primary": 0.8716409765263843}}, "TCC|TCT": {"individual": [], "joint": {"secondary": 0.5873840790210233, "primary": 0.9455399237953576}}, "TCG|TCT": {"individual": [], "joint": {"secondary": 1.183636395701215, "primary": 1.505578893908943}}, "TGC|TGT": {"individual": [], "joint": {"secondary": 1.217037444107918, "primary": 1.215806517626615}}, "TTA|TTG": {"individual": [], "joint": {"secondary": 0.909082924150841, "primary": 0.7767862894078807}}, "TTC|TTT": {"individual": [], "joint": {"secondary": 0.833118851989498, "primary": 1.236469626150387}}, "model_mixture_p": 0.5626614723943315}