{"AAA|AAG": {"individual": [], "joint": {"secondary": 1.084674695396498, "primary": 0.9188339411084218}}, "AAC|AAT": {"individual": [], "joint": {"secondary": 1.027237185303938, "primary": 0.9494260339920697}}, "ACA|ACC": {"individual": [], "joint": {"secondary": 1.034184644512784, "primary": 0.9473433383028667}}, "ACA|ACG": {"individual": [], "joint": {"secondary": 0.9235986628851994, "primary": 1.236512467198337}}, "ACA|ACT": {"individual": [], "joint": {"secondary": 1.174426931961339, "primary": 1.263014758214183}}, "ACC|ACG": {"individual": [], "joint": {"secondary": 0.7274277852302833, "primary": 0.7469801289924262}}, "ACC|ACT": {"individual": [], "joint": {"secondary": 0.8618389269690172, "primary": 0.9489896529155567}}, "ACG|ACT": {"individual": [], "joint": {"secondary": 0.9958674970744523, "primary": 1.206633593484469}}, "AGA|AGG": {"individual": [], "joint": {"secondary": 1.171792856004044, "primary": 1.478265528787746}}, "AGA|CGA": {"individual": [], "joint": {"secondary": 0.9156545472854277, "primary": 0.9296081484663203}}, "AGC|AGT": {"individual": [], "joint": {"secondary": 0.9309683480487261, "primary": 1.121248982382397}}, "AGG|CGG": {"individual": [], "joint": {"secondary": 1.127704725452071, "primary": 1.461972783273192}}, "ATA|ATC": {"individual": [], "joint": {"secondary": 0.8341382625538091, "primary": 0.5928116710429914}}, "ATA|ATT": {"individual": [], "joint": {"secondary": 1.331381271682934, "primary": 0.9082834783978764}}, "ATC|ATT": {"individual": [], "joint": {"secondary": 1.028702769079558, "primary": 1.065374595364005}}, "CAA|CAG": {"individual": [], "joint": {"secondary": 1.024651683218166, "primary": 1.437952502787018}}, "CAC|CAT": {"individual": [], "joint": {"secondary": 1.067762105071875, "primary": 1.065449273207268}}, "CCA|CCC": {"individual": [], "joint": {"secondary": 1.082533202653118, "primary": 1.043749433293806}}, "CCA|CCG": {"individual": [], "joint": {"secondary": 1.101252443291971, "primary": 1.378442808265098}}, "CCA|CCT": {"individual": [], "joint": {"secondary": 1.006379265876124, "primary": 1.014191163607388}}, "CCC|CCG": {"individual": [], "joint": {"secondary": 0.9224314218828865, "primary": 1.087888653732802}}, "CCC|CCT": {"individual": [], "joint": {"secondary": 0.9147624584008226, "primary": 0.8363845962513867}}, "CCG|CCT": {"individual": [], "joint": {"secondary": 0.980613595850757, "primary": 1.068564330162943}}, "CGA|CGC": {"individual": [], "joint": {"secondary": 0.9628413484979157, "primary": 1.084680388855822}}, "CGA|CGG": {"individual": [], "joint": {"secondary": 1.011276935942101, "primary": 0.8807069141365667}}, "CGA|CGT": {"individual": [], "joint": {"secondary": 1.228432577177588, "primary": 1.103455350639325}}, "CGC|CGG": {"individual": [], "joint": {"secondary": 0.9910845393507716, "primary": 1.026457843523925}}, "CGC|CGT": {"individual": [], "joint": {"secondary": 0.9892933475201644, "primary": 1.095521727765234}}, "CGG|CGT": {"individual": [], "joint": {"secondary": 0.9425465217351201, "primary": 0.7698897444008687}}, "CTA|CTC": {"individual": [], "joint": {"secondary": 0.8464288545326542, "primary": 0.8295728048387531}}, "CTA|CTG": {"individual": [], "joint": {"secondary": 0.9597436806706883, "primary": 0.8439336261905782}}, "CTA|CTT": {"individual": [], "joint": {"secondary": 1.593466757334139, "primary": 1.179694187469695}}, "CTA|TTA": {"individual": [], "joint": {"secondary": 1.168691186302297, "primary": 0.8518237480793377}}, "CTC|CTG": {"individual": [], "joint": {"secondary": 0.8565967697237714, "primary": 1.01745358557335}}, "CTC|CTT": {"individual": [], "joint": {"secondary": 1.247179050312596, "primary": 1.159045608857693}}, "CTG|CTT": {"individual": [], "joint": {"secondary": 0.940111156360441, "primary": 0.811648246043951}}, "CTG|TTG": {"individual": [], "joint": {"secondary": 0.9838226785859576, "primary": 0.9450356680879167}}, "GAA|GAG": {"individual": [], "joint": {"secondary": 1.059254323426497, "primary": 1.475810568469819}}, "GAC|GAT": {"individual": [], "joint": {"secondary": 0.9544269823486977, "primary": 0.8989622629245809}}, "GCA|GCC": {"individual": [], "joint": {"secondary": 1.003602470678842, "primary": 1.061960045039493}}, "GCA|GCG": {"individual": [], "joint": {"secondary": 0.9440428010781023, "primary": 1.083350668056257}}, "GCA|GCT": {"individual": [], "joint": {"secondary": 1.221146167129807, "primary": 1.110601400200171}}, "GCC|GCG": {"individual": [], "joint": {"secondary": 0.6501570748683018, "primary": 0.5078761137294074}}, "GCC|GCT": {"individual": [], "joint": {"secondary": 0.8656593301966594, "primary": 1.003330803503881}}, "GCG|GCT": {"individual": [], "joint": {"secondary": 0.8401172486339941, "primary": 1.074139675258168}}, "GGA|GGC": {"individual": [], "joint": {"secondary": 1.095119400484991, "primary": 1.042775280403571}}, "GGA|GGG": {"individual": [], "joint": {"secondary": 0.5255330144836945, "primary": 0.2134198951748837}}, "GGA|GGT": {"individual": [], "joint": {"secondary": 1.206795066861377, "primary": 1.111738345062316}}, "GGC|GGG": {"individual": [], "joint": {"secondary": 0.6612909852293897, "primary": 0.2108595144245613}}, "GGC|GGT": {"individual": [], "joint": {"secondary": 1.070023158660635, "primary": 1.040462712542053}}, "GGG|GGT": {"individual": [], "joint": {"secondary": 0.7584960059489532, "primary": 0.2820842121098761}}, "GTA|GTC": {"individual": [], "joint": {"secondary": 0.7528543627726377, "primary": 0.6284084142757381}}, "GTA|GTG": {"individual": [], "joint": {"secondary": 0.8901807525355986, "primary": 0.9462219214343691}}, "GTA|GTT": {"individual": [], "joint": {"secondary": 1.079831579411661, "primary": 1.293012457704843}}, "GTC|GTG": {"individual": [], "joint": {"secondary": 0.7901084736904204, "primary": 1.076644347098513}}, "GTC|GTT": {"individual": [], "joint": {"secondary": 0.8889574981283035, "primary": 0.8713441442164302}}, "GTG|GTT": {"individual": [], "joint": {"secondary": 1.080968214200274, "primary": 1.469575102269057}}, "TAC|TAT": {"individual": [], "joint": {"secondary": 1.117957870956708, "primary": 1.104650474249347}}, "TCA|TCC": {"individual": [], "joint": {"secondary": 0.9444834143437307, "primary": 0.7365665967890498}}, "TCA|TCG": {"individual": [], "joint": {"secondary": 1.067664903032303, "primary": 1.246136941489822}}, "TCA|TCT": {"individual": [], "joint": {"secondary": 1.014660299922762, "primary": 0.614503441976228}}, "TCC|TCG": {"individual": [], "joint": {"secondary": 0.9441080801133317, "primary": 1.373817761415612}}, "TCC|TCT": {"individual": [], "joint": {"secondary": 0.9812925223116303, "primary": 1.203718058427162}}, "TCG|TCT": {"individual": [], "joint": {"secondary": 0.979328270438934, "primary": 0.9380863618622851}}, "TGC|TGT": {"individual": [], "joint": {"secondary": 1.07516180357569, "primary": 1.056634129298051}}, "TTA|TTG": {"individual": [], "joint": {"secondary": 1.030539650621124, "primary": 0.7572534086848713}}, "TTC|TTT": {"individual": [], "joint": {"secondary": 1.514737584182943, "primary": 1.25921363421597}}}