{"baseline-AICc": {"individual": [], "joint": 1260444.207346862}, "baseline-loglikelihood": {"individual": [], "joint": -607196.5086954486}, "joint-AICc": {"individual": [], "joint": 1258265.582757303}, "joint-loglikelihood": {"individual": [], "joint": -604562.5161780524}, "AAA|AAG": {"individual": [], "joint": {"secondary": 1.078117576289706, "primary": 0.7160045795176286}}, "AAC|AAT": {"individual": [], "joint": {"secondary": 1.047728976328384, "primary": 1.082945463322089}}, "ACA|ACC": {"individual": [], "joint": {"secondary": 1.019569687268136, "primary": 0.3486055330419794}}, "ACA|ACG": {"individual": [], "joint": {"secondary": 0.9142537169802998, "primary": 0.7577683173397688}}, "ACA|ACT": {"individual": [], "joint": {"secondary": 1.081432020234191, "primary": 1.229705398039492}}, "ACC|ACG": {"individual": [], "joint": {"secondary": 0.7375156533622513, "primary": 1.208678306055208}}, "ACC|ACT": {"individual": [], "joint": {"secondary": 0.840536200077182, "primary": 0.5845438439238588}}, "ACG|ACT": {"individual": [], "joint": {"secondary": 0.9510998859327547, "primary": 0.8921860741121014}}, "AGA|AGG": {"individual": [], "joint": {"secondary": 1.292392882481663, "primary": 0.3297475143154487}}, "AGA|CGA": {"individual": [], "joint": {"secondary": 0.7985656636510136, "primary": 3.38147970421034}}, "AGC|AGT": {"individual": [], "joint": {"secondary": 0.9898295175853177, "primary": 0.8580336467592401}}, "AGG|CGG": {"individual": [], "joint": {"secondary": 1.233605553424007, "primary": 0.7088790606520677}}, "ATA|ATC": {"individual": [], "joint": {"secondary": 0.8814236354826844, "primary": 0.2226929832716308}}, "ATA|ATT": {"individual": [], "joint": {"secondary": 1.310208537208863, "primary": 0.4251615582979403}}, "ATC|ATT": {"individual": [], "joint": {"secondary": 0.9571012943722158, "primary": 1.250125289270377}}, "CAA|CAG": {"individual": [], "joint": {"secondary": 1.017696936499285, "primary": 1.100612164224753}}, "CAC|CAT": {"individual": [], "joint": {"secondary": 0.9799987874439077, "primary": 1.227467932379973}}, "CCA|CCC": {"individual": [], "joint": {"secondary": 0.9742187836878341, "primary": 1.089211836264994}}, "CCA|CCG": {"individual": [], "joint": {"secondary": 0.9783757581621976, "primary": 1.040934548687814}}, "CCA|CCT": {"individual": [], "joint": {"secondary": 1.233560065852184, "primary": 1.806221420906281}}, "CCC|CCG": {"individual": [], "joint": {"secondary": 0.9746534179727953, "primary": 0.414238006672978}}, "CCC|CCT": {"individual": [], "joint": {"secondary": 1.029176080955394, "primary": 0.8239372291197922}}, "CCG|CCT": {"individual": [], "joint": {"secondary": 1.03784198404556, "primary": 1.094266389654176}}, "CGA|CGC": {"individual": [], "joint": {"secondary": 0.8798045523843897, "primary": 0.5484632700007567}}, "CGA|CGG": {"individual": [], "joint": {"secondary": 0.9523638760257888, "primary": 0.9253259138188602}}, "CGA|CGT": {"individual": [], "joint": {"secondary": 1.190237118457138, "primary": 0.7475708065856899}}, "CGC|CGG": {"individual": [], "joint": {"secondary": 0.982535840058277, "primary": 0.5008716914881426}}, "CGC|CGT": {"individual": [], "joint": {"secondary": 1.041961015115056, "primary": 1.327872350729156}}, "CGG|CGT": {"individual": [], "joint": {"secondary": 1.087899662657587, "primary": 0.4536157589828443}}, "CTA|CTC": {"individual": [], "joint": {"secondary": 0.7824069594597746, "primary": 0.6015999150246245}}, "CTA|CTG": {"individual": [], "joint": {"secondary": 1.010791427742809, "primary": 0.169064894930339}}, "CTA|CTT": {"individual": [], "joint": {"secondary": 1.393580937493935, "primary": 0.8362771676173618}}, "CTA|TTA": {"individual": [], "joint": {"secondary": 1.267813466633147, "primary": 1.074687887783641}}, "CTC|CTG": {"individual": [], "joint": {"secondary": 0.8110539939426804, "primary": 0.5662921235092735}}, "CTC|CTT": {"individual": [], "joint": {"secondary": 1.423699093560608, "primary": 0.9987623657852842}}, "CTG|CTT": {"individual": [], "joint": {"secondary": 0.8813536942403841, "primary": 0.7594678222665405}}, "CTG|TTG": {"individual": [], "joint": {"secondary": 0.9357612616905238, "primary": 0.8559094630080387}}, "GAA|GAG": {"individual": [], "joint": {"secondary": 1.10660276701207, "primary": 0.8295348116417626}}, "GAC|GAT": {"individual": [], "joint": {"secondary": 0.9701723299607643, "primary": 1.045262659028923}}, "GCA|GCC": {"individual": [], "joint": {"secondary": 1.022606135292605, "primary": 0.9976680979187}}, "GCA|GCG": {"individual": [], "joint": {"secondary": 0.9013038404289083, "primary": 1.360373227477538}}, "GCA|GCT": {"individual": [], "joint": {"secondary": 1.168072716649469, "primary": 1.934925483851531}}, "GCC|GCG": {"individual": [], "joint": {"secondary": 0.6310566676963327, "primary": 1.252769743445275}}, "GCC|GCT": {"individual": [], "joint": {"secondary": 0.9166663853759984, "primary": 0.6112570083307944}}, "GCG|GCT": {"individual": [], "joint": {"secondary": 0.7829805726628241, "primary": 0.9733285468275701}}, "GGA|GGC": {"individual": [], "joint": {"secondary": 1.037168083899576, "primary": 0.4389117780881917}}, "GGA|GGG": {"individual": [], "joint": {"secondary": 0.4907710986626532, "primary": 1.15125617021791}}, "GGA|GGT": {"individual": [], "joint": {"secondary": 1.155549738695114, "primary": 0.877778391293181}}, "GGC|GGG": {"individual": [], "joint": {"secondary": 0.6465290154963185, "primary": 0.660585225826069}}, "GGC|GGT": {"individual": [], "joint": {"secondary": 1.037604013681907, "primary": 1.384485188063318}}, "GGG|GGT": {"individual": [], "joint": {"secondary": 0.8264054616369261, "primary": 1.138413048130766}}, "GTA|GTC": {"individual": [], "joint": {"secondary": 0.6052450085492688, "primary": 0.6653854331843599}}, "GTA|GTG": {"individual": [], "joint": {"secondary": 0.9562727984499134, "primary": 1.089008780685936}}, "GTA|GTT": {"individual": [], "joint": {"secondary": 1.062152455327637, "primary": 1.705249492908462}}, "GTC|GTG": {"individual": [], "joint": {"secondary": 0.885686247008376, "primary": 1.344390764288402}}, "GTC|GTT": {"individual": [], "joint": {"secondary": 0.8336008421455855, "primary": 0.9175198316281344}}, "GTG|GTT": {"individual": [], "joint": {"secondary": 1.22513521657166, "primary": 1.684082774054472}}, "TAC|TAT": {"individual": [], "joint": {"secondary": 1.088687708749038, "primary": 1.222547878857214}}, "TCA|TCC": {"individual": [], "joint": {"secondary": 0.9436553951880807, "primary": 0.9165415182325253}}, "TCA|TCG": {"individual": [], "joint": {"secondary": 0.9249042454779969, "primary": 1.034834414604416}}, "TCA|TCT": {"individual": [], "joint": {"secondary": 1.100934880266, "primary": 1.255724218912238}}, "TCC|TCG": {"individual": [], "joint": {"secondary": 1.044665828571125, "primary": 0.9523061564991568}}, "TCC|TCT": {"individual": [], "joint": {"secondary": 1.075623779690887, "primary": 1.161331702824469}}, "TCG|TCT": {"individual": [], "joint": {"secondary": 1.103396726389354, "primary": 1.155422537969014}}, "TGC|TGT": {"individual": [], "joint": {"secondary": 1.137571107367127, "primary": 1.131204307861136}}, "TTA|TTG": {"individual": [], "joint": {"secondary": 0.8165147946183773, "primary": 2.191806258109748}}, "TTC|TTT": {"individual": [], "joint": {"secondary": 1.50229862371818, "primary": 0.9568663176682978}}, "model_mixture_p": 0.4923568727592867}