{"baseline-AICc": {"individual": [], "joint": 400292.2638076217}, "baseline-loglikelihood": {"individual": [], "joint": -196355.24162069}, "joint-AICc": {"individual": [], "joint": 401036.9855597191}, "joint-loglikelihood": {"individual": [], "joint": -195806.957713695}, "AAA|AAG": {"individual": [], "joint": {"secondary": 0.9194002107206479, "primary": 1.817115063833613}}, "AAC|AAT": {"individual": [], "joint": {"secondary": 0.8224736489840025, "primary": 2.283993080746029}}, "ACA|ACC": {"individual": [], "joint": {"secondary": 0.8551344709429521, "primary": 2.513147333873993}}, "ACA|ACG": {"individual": [], "joint": {"secondary": 0.9239545316287747, "primary": 2.027301575377323}}, "ACA|ACT": {"individual": [], "joint": {"secondary": 1.090670670918009, "primary": 0.7562616722992762}}, "ACC|ACG": {"individual": [], "joint": {"secondary": 0.8887575825052301, "primary": 0.8997858425109818}}, "ACC|ACT": {"individual": [], "joint": {"secondary": 0.947697760223408, "primary": 0.710329292740578}}, "ACG|ACT": {"individual": [], "joint": {"secondary": 0.6395766396083653, "primary": 0.8239831318552476}}, "AGA|AGG": {"individual": [], "joint": {"secondary": 0.962505738923232, "primary": 0.8493385244615655}}, "AGA|CGA": {"individual": [], "joint": {"secondary": 0.9476195237711942, "primary": 1.054829270982463}}, "AGC|AGT": {"individual": [], "joint": {"secondary": 0.9601751682701375, "primary": 0.9465404663077276}}, "AGG|CGG": {"individual": [], "joint": {"secondary": 0.8879016265478076, "primary": 0.7419274869954912}}, "ATA|ATC": {"individual": [], "joint": {"secondary": 0.9019933082330636, "primary": 0.9973464708305347}}, "ATA|ATT": {"individual": [], "joint": {"secondary": 1.007476549233883, "primary": 0.830512464342545}}, "ATC|ATT": {"individual": [], "joint": {"secondary": 0.8756833993209795, "primary": 0.9577602956839311}}, "CAA|CAG": {"individual": [], "joint": {"secondary": 0.8335735178082467, "primary": 2.251371233120435}}, "CAC|CAT": {"individual": [], "joint": {"secondary": 0.9472252084372252, "primary": 1.862466320526559}}, "CCA|CCC": {"individual": [], "joint": {"secondary": 1.191901015228588, "primary": 1.04342884369739}}, "CCA|CCG": {"individual": [], "joint": {"secondary": 0.8462210980823558, "primary": 0.8795490226900774}}, "CCA|CCT": {"individual": [], "joint": {"secondary": 1.077744095155027, "primary": 0.8020315085184061}}, "CCC|CCG": {"individual": [], "joint": {"secondary": 1.168420079502018, "primary": 1.067451461817743}}, "CCC|CCT": {"individual": [], "joint": {"secondary": 1.268371007539703, "primary": 0.7782130554493291}}, "CCG|CCT": {"individual": [], "joint": {"secondary": 0.8715187667663238, "primary": 0.8710841846455033}}, "CGA|CGC": {"individual": [], "joint": {"secondary": 0.8624790733404814, "primary": 0.6993456244269275}}, "CGA|CGG": {"individual": [], "joint": {"secondary": 0.9323726762244654, "primary": 0.8926087630013436}}, "CGA|CGT": {"individual": [], "joint": {"secondary": 0.9152454247193068, "primary": 0.8462345530945646}}, "CGC|CGG": {"individual": [], "joint": {"secondary": 1.966372781350067, "primary": 0.9303391973253752}}, "CGC|CGT": {"individual": [], "joint": {"secondary": 2.315624266764538, "primary": 0.8949913235627052}}, "CGG|CGT": {"individual": [], "joint": {"secondary": 0.8414985447245302, "primary": 0.8031910964490546}}, "CTA|CTC": {"individual": [], "joint": {"secondary": 0.8605464001923194, "primary": 1.303198706361584}}, "CTA|CTG": {"individual": [], "joint": {"secondary": 0.8378811925807368, "primary": 0.8246757377337023}}, "CTA|CTT": {"individual": [], "joint": {"secondary": 0.7676841150854795, "primary": 1.32139222697756}}, "CTA|TTA": {"individual": [], "joint": {"secondary": 0.8882900890325072, "primary": 0.9307111916101474}}, "CTC|CTG": {"individual": [], "joint": {"secondary": 0.8557223920210646, "primary": 0.9572128860039507}}, "CTC|CTT": {"individual": [], "joint": {"secondary": 0.9941520257819969, "primary": 1.151247109393229}}, "CTG|CTT": {"individual": [], "joint": {"secondary": 0.9865176383373824, "primary": 1.114630764664187}}, "CTG|TTG": {"individual": [], "joint": {"secondary": 0.8743532971249985, "primary": 0.6873960063262415}}, "GAA|GAG": {"individual": [], "joint": {"secondary": 0.9022012371516663, "primary": 0.8324818213259154}}, "GAC|GAT": {"individual": [], "joint": {"secondary": 0.869776926264715, "primary": 0.7716688770637462}}, "GCA|GCC": {"individual": [], "joint": {"secondary": 0.9711369738353034, "primary": 0.7008470759257707}}, "GCA|GCG": {"individual": [], "joint": {"secondary": 0.84465574362655, "primary": 0.7205174610823674}}, "GCA|GCT": {"individual": [], "joint": {"secondary": 0.7625921405266408, "primary": 0.8677367988792742}}, "GCC|GCG": {"individual": [], "joint": {"secondary": 0.7583622186684438, "primary": 0.9111518870265187}}, "GCC|GCT": {"individual": [], "joint": {"secondary": 0.9878163885740905, "primary": 0.7034190133236585}}, "GCG|GCT": {"individual": [], "joint": {"secondary": 0.7417563756013146, "primary": 1.306952628728439}}, "GGA|GGC": {"individual": [], "joint": {"secondary": 1.03026971189825, "primary": 0.6865472091206403}}, "GGA|GGG": {"individual": [], "joint": {"secondary": 0.7897625725712173, "primary": 1.016980004326822}}, "GGA|GGT": {"individual": [], "joint": {"secondary": 0.7268408687380628, "primary": 0.6344511401134477}}, "GGC|GGG": {"individual": [], "joint": {"secondary": 1.095917873870365, "primary": 0.9916039619425454}}, "GGC|GGT": {"individual": [], "joint": {"secondary": 0.7006495357843319, "primary": 0.7965955185165796}}, "GGG|GGT": {"individual": [], "joint": {"secondary": 1.928521992550415, "primary": 0.7668215829387693}}, "GTA|GTC": {"individual": [], "joint": {"secondary": 0.9472981094589312, "primary": 1.513904159421673}}, "GTA|GTG": {"individual": [], "joint": {"secondary": 1.764533274743558, "primary": 0.9370991827918553}}, "GTA|GTT": {"individual": [], "joint": {"secondary": 0.7042282661983222, "primary": 0.6822306302819588}}, "GTC|GTG": {"individual": [], "joint": {"secondary": 0.8269035310298121, "primary": 0.926291938740051}}, "GTC|GTT": {"individual": [], "joint": {"secondary": 0.9221086821026183, "primary": 0.9741742759907756}}, "GTG|GTT": {"individual": [], "joint": {"secondary": 0.8277297516472883, "primary": 0.875337761894675}}, "TAC|TAT": {"individual": [], "joint": {"secondary": 0.966318124699225, "primary": 0.7729210253667999}}, "TCA|TCC": {"individual": [], "joint": {"secondary": 2.096064579628602, "primary": 0.7690711763054326}}, "TCA|TCG": {"individual": [], "joint": {"secondary": 1.877679470125027, "primary": 0.7580528680240278}}, "TCA|TCT": {"individual": [], "joint": {"secondary": 1.058705901040351, "primary": 0.9032560464883083}}, "TCC|TCG": {"individual": [], "joint": {"secondary": 0.8776731984738065, "primary": 0.9065426405753426}}, "TCC|TCT": {"individual": [], "joint": {"secondary": 0.9040193652407262, "primary": 0.699684006669799}}, "TCG|TCT": {"individual": [], "joint": {"secondary": 0.7056806854829729, "primary": 0.9393067176640607}}, "TGC|TGT": {"individual": [], "joint": {"secondary": 0.8655673858749101, "primary": 0.8650265400603616}}, "TTA|TTG": {"individual": [], "joint": {"secondary": 0.8354026168310125, "primary": 0.7739501620365284}}, "TTC|TTT": {"individual": [], "joint": {"secondary": 0.9750909621304181, "primary": 0.87243309713651}}, "model_mixture_p": 0.1666666984968066}