{"baseline-AICc": {"individual": [], "joint": 397546.8462185491}, "baseline-loglikelihood": {"individual": [], "joint": -194982.5328261537}, "joint-AICc": {"individual": [], "joint": 397564.4801017083}, "joint-loglikelihood": {"individual": [], "joint": -194070.7049846897}, "AAA|AAG": {"individual": [], "joint": {"secondary": 0.7284384999539176, "primary": 0.875130649712002}}, "AAC|AAT": {"individual": [], "joint": {"secondary": 0.6812984091655908, "primary": 1.011198137372307}}, "ACA|ACC": {"individual": [], "joint": {"secondary": 0.8154704891064553, "primary": 0.9127872095395052}}, "ACA|ACG": {"individual": [], "joint": {"secondary": 0.7589543216081202, "primary": 0.8665337632167465}}, "ACA|ACT": {"individual": [], "joint": {"secondary": 0.7289460866533289, "primary": 1.2187597105809}}, "ACC|ACG": {"individual": [], "joint": {"secondary": 0.5921223373927732, "primary": 0.8502219772152659}}, "ACC|ACT": {"individual": [], "joint": {"secondary": 0.7957105421080377, "primary": 0.8552961578437942}}, "ACG|ACT": {"individual": [], "joint": {"secondary": 0.5585758426260641, "primary": 0.8480398998938711}}, "AGA|AGG": {"individual": [], "joint": {"secondary": 0.7332413776702659, "primary": 0.7712457326663884}}, "AGA|CGA": {"individual": [], "joint": {"secondary": 0.7068536513694836, "primary": 0.8810880116379043}}, "AGC|AGT": {"individual": [], "joint": {"secondary": 0.6834687251943186, "primary": 0.8173363641755483}}, "AGG|CGG": {"individual": [], "joint": {"secondary": 0.6784946081519534, "primary": 0.918534007473347}}, "ATA|ATC": {"individual": [], "joint": {"secondary": 0.6653865612456475, "primary": 0.9368871687223269}}, "ATA|ATT": {"individual": [], "joint": {"secondary": 0.7499178094566594, "primary": 0.8001630491772027}}, "ATC|ATT": {"individual": [], "joint": {"secondary": 0.7013922041816435, "primary": 1.015935531046061}}, "CAA|CAG": {"individual": [], "joint": {"secondary": 0.8326294923814669, "primary": 0.8638735978610308}}, "CAC|CAT": {"individual": [], "joint": {"secondary": 0.6968725701159383, "primary": 0.7952730198851613}}, "CCA|CCC": {"individual": [], "joint": {"secondary": 0.8192587548918545, "primary": 0.9194261646783719}}, "CCA|CCG": {"individual": [], "joint": {"secondary": 0.686879653632409, "primary": 0.8435487120101396}}, "CCA|CCT": {"individual": [], "joint": {"secondary": 1.111722969251566, "primary": 1.035513122103387}}, "CCC|CCG": {"individual": [], "joint": {"secondary": 0.7014087974204365, "primary": 0.8291890152395104}}, "CCC|CCT": {"individual": [], "joint": {"secondary": 0.6972182359058888, "primary": 0.9111044865396264}}, "CCG|CCT": {"individual": [], "joint": {"secondary": 0.7849218804696426, "primary": 0.683279001612002}}, "CGA|CGC": {"individual": [], "joint": {"secondary": 0.5324443904350614, "primary": 0.8510302769176136}}, "CGA|CGG": {"individual": [], "joint": {"secondary": 0.7684119592887942, "primary": 0.8369797450354209}}, "CGA|CGT": {"individual": [], "joint": {"secondary": 1.372734859215555, "primary": 0.632694410690546}}, "CGC|CGG": {"individual": [], "joint": {"secondary": 1.765933043643281, "primary": 2.253947779669726}}, "CGC|CGT": {"individual": [], "joint": {"secondary": 1.676505208390436, "primary": 2.268001013820503}}, "CGG|CGT": {"individual": [], "joint": {"secondary": 1.100183987721588, "primary": 0.6620033482623182}}, "CTA|CTC": {"individual": [], "joint": {"secondary": 0.6927598680564941, "primary": 0.7702474497659405}}, "CTA|CTG": {"individual": [], "joint": {"secondary": 0.6915340533280292, "primary": 0.799668603121949}}, "CTA|CTT": {"individual": [], "joint": {"secondary": 0.5627144565150465, "primary": 0.8879639772960163}}, "CTA|TTA": {"individual": [], "joint": {"secondary": 0.538096022142995, "primary": 0.8986551361838745}}, "CTC|CTG": {"individual": [], "joint": {"secondary": 0.6035954686016715, "primary": 0.8922119465979612}}, "CTC|CTT": {"individual": [], "joint": {"secondary": 0.7703005994591504, "primary": 1.004366546082387}}, "CTG|CTT": {"individual": [], "joint": {"secondary": 0.6010212455171027, "primary": 0.9152760135015805}}, "CTG|TTG": {"individual": [], "joint": {"secondary": 0.6730343138076339, "primary": 0.9656953736870874}}, "GAA|GAG": {"individual": [], "joint": {"secondary": 0.8037988843700932, "primary": 0.8131265035716685}}, "GAC|GAT": {"individual": [], "joint": {"secondary": 0.7070446021966854, "primary": 0.9405385151406972}}, "GCA|GCC": {"individual": [], "joint": {"secondary": 0.634983604048855, "primary": 0.822995341865553}}, "GCA|GCG": {"individual": [], "joint": {"secondary": 0.8302182529884913, "primary": 0.7944308513322341}}, "GCA|GCT": {"individual": [], "joint": {"secondary": 0.5431752254771649, "primary": 0.9893428947194233}}, "GCC|GCG": {"individual": [], "joint": {"secondary": 1.059203533321966, "primary": 0.9087266697548742}}, "GCC|GCT": {"individual": [], "joint": {"secondary": 1.078044642466124, "primary": 0.9482767895280274}}, "GCG|GCT": {"individual": [], "joint": {"secondary": 0.8860964894217008, "primary": 0.7134304232968921}}, "GGA|GGC": {"individual": [], "joint": {"secondary": 1.387433561582266, "primary": 0.9346774325822447}}, "GGA|GGG": {"individual": [], "joint": {"secondary": 1.344976012369563, "primary": 0.847331361506424}}, "GGA|GGT": {"individual": [], "joint": {"secondary": 0.9975619202047333, "primary": 0.922424763894072}}, "GGC|GGG": {"individual": [], "joint": {"secondary": 0.5896026762451588, "primary": 0.8937243023473841}}, "GGC|GGT": {"individual": [], "joint": {"secondary": 1.697306354885599, "primary": 0.819095306465459}}, "GGG|GGT": {"individual": [], "joint": {"secondary": 1.16354985935677, "primary": 2.499567144221873}}, "GTA|GTC": {"individual": [], "joint": {"secondary": 2.159520406862198, "primary": 0.9626612037757177}}, "GTA|GTG": {"individual": [], "joint": {"secondary": 2.014567650229725, "primary": 2.20517119341133}}, "GTA|GTT": {"individual": [], "joint": {"secondary": 1.527335444140208, "primary": 0.9288826187668392}}, "GTC|GTG": {"individual": [], "joint": {"secondary": 1.567019463448485, "primary": 0.8188512549226875}}, "GTC|GTT": {"individual": [], "joint": {"secondary": 1.700996160666411, "primary": 0.8288354432973963}}, "GTG|GTT": {"individual": [], "joint": {"secondary": 1.055869247877077, "primary": 0.8060194013529303}}, "TAC|TAT": {"individual": [], "joint": {"secondary": 1.132803137564284, "primary": 0.9518050344617857}}, "TCA|TCC": {"individual": [], "joint": {"secondary": 1.588178572761112, "primary": 1.996226426480358}}, "TCA|TCG": {"individual": [], "joint": {"secondary": 1.622030949479921, "primary": 2.175499720730256}}, "TCA|TCT": {"individual": [], "joint": {"secondary": 1.032741618025601, "primary": 0.890920245281524}}, "TCC|TCG": {"individual": [], "joint": {"secondary": 1.713567699322869, "primary": 1.056592712311641}}, "TCC|TCT": {"individual": [], "joint": {"secondary": 1.821987334559317, "primary": 1.039104901249905}}, "TCG|TCT": {"individual": [], "joint": {"secondary": 2.008358274230188, "primary": 0.7403707145941534}}, "TGC|TGT": {"individual": [], "joint": {"secondary": 1.694143319734778, "primary": 0.9090067852506784}}, "TTA|TTG": {"individual": [], "joint": {"secondary": 0.7642083488242629, "primary": 0.8175178021760422}}, "TTC|TTT": {"individual": [], "joint": {"secondary": 0.6152234572620711, "primary": 0.925740130874618}}, "model_mixture_p": 0.6663970762552969}