{"baseline-AICc": {"individual": [], "joint": 395140.4537724344}, "baseline-loglikelihood": {"individual": [], "joint": -193779.3366030963}, "joint-AICc": {"individual": [], "joint": 394744.1728502991}, "joint-loglikelihood": {"individual": [], "joint": -192660.551358985}, "AAA|AAG": {"individual": [], "joint": {"secondary": 0.7564880448487332, "primary": 0.8654551061704353}}, "AAC|AAT": {"individual": [], "joint": {"secondary": 0.668159094993166, "primary": 1.089785837146539}}, "ACA|ACC": {"individual": [], "joint": {"secondary": 0.7051942279062087, "primary": 1.032637857584802}}, "ACA|ACG": {"individual": [], "joint": {"secondary": 0.7390810318344101, "primary": 0.783628920613321}}, "ACA|ACT": {"individual": [], "joint": {"secondary": 0.6291972873488164, "primary": 0.8269122379063817}}, "ACC|ACG": {"individual": [], "joint": {"secondary": 0.6208029599570568, "primary": 0.882935196899162}}, "ACC|ACT": {"individual": [], "joint": {"secondary": 0.6942685725316597, "primary": 0.7225203778940215}}, "ACG|ACT": {"individual": [], "joint": {"secondary": 0.6814455496800899, "primary": 0.70640788300502}}, "AGA|AGG": {"individual": [], "joint": {"secondary": 0.7221231965075147, "primary": 0.7564115750585727}}, "AGA|CGA": {"individual": [], "joint": {"secondary": 0.6935061563550755, "primary": 0.5929809112481553}}, "AGC|AGT": {"individual": [], "joint": {"secondary": 0.6781513367701324, "primary": 0.8957204324161648}}, "AGG|CGG": {"individual": [], "joint": {"secondary": 0.718576661852805, "primary": 0.9332052892843401}}, "ATA|ATC": {"individual": [], "joint": {"secondary": 0.5728131762069527, "primary": 0.8945034786896833}}, "ATA|ATT": {"individual": [], "joint": {"secondary": 0.7172946715969796, "primary": 0.9933681150602333}}, "ATC|ATT": {"individual": [], "joint": {"secondary": 0.6775033374559464, "primary": 0.9014008358806083}}, "CAA|CAG": {"individual": [], "joint": {"secondary": 0.7451621714698476, "primary": 0.821918319397144}}, "CAC|CAT": {"individual": [], "joint": {"secondary": 0.7799331325061967, "primary": 0.9622343908862077}}, "CCA|CCC": {"individual": [], "joint": {"secondary": 0.6520088145636815, "primary": 0.6060616481241863}}, "CCA|CCG": {"individual": [], "joint": {"secondary": 0.8084418330260384, "primary": 1.044254063580198}}, "CCA|CCT": {"individual": [], "joint": {"secondary": 1.243571003739603, "primary": 1.384010555900902}}, "CCC|CCG": {"individual": [], "joint": {"secondary": 0.6543499061295127, "primary": 0.8668493980444378}}, "CCC|CCT": {"individual": [], "joint": {"secondary": 0.7169028818626423, "primary": 0.7900212192725701}}, "CCG|CCT": {"individual": [], "joint": {"secondary": 0.5509062541693716, "primary": 0.7817882694148252}}, "CGA|CGC": {"individual": [], "joint": {"secondary": 0.7221159393416441, "primary": 0.9975741174281965}}, "CGA|CGG": {"individual": [], "joint": {"secondary": 0.8519878173007295, "primary": 0.8471769614801979}}, "CGA|CGT": {"individual": [], "joint": {"secondary": 0.8683370577247556, "primary": 0.8497212562574598}}, "CGC|CGG": {"individual": [], "joint": {"secondary": 1.628547083473467, "primary": 2.316013727699453}}, "CGC|CGT": {"individual": [], "joint": {"secondary": 1.962906204181703, "primary": 2.774207892544727}}, "CGG|CGT": {"individual": [], "joint": {"secondary": 0.9608079438096037, "primary": 1.127071625672483}}, "CTA|CTC": {"individual": [], "joint": {"secondary": 0.7324965209244462, "primary": 0.8975169961307166}}, "CTA|CTG": {"individual": [], "joint": {"secondary": 0.8188039974776561, "primary": 0.6771499618464727}}, "CTA|CTT": {"individual": [], "joint": {"secondary": 0.4799624383764626, "primary": 0.9187730990538352}}, "CTA|TTA": {"individual": [], "joint": {"secondary": 0.6990208318561117, "primary": 0.9648535286705969}}, "CTC|CTG": {"individual": [], "joint": {"secondary": 0.6195264555570359, "primary": 0.9481289481319551}}, "CTC|CTT": {"individual": [], "joint": {"secondary": 0.8021246427997981, "primary": 0.7516312391659669}}, "CTG|CTT": {"individual": [], "joint": {"secondary": 0.5970547335297423, "primary": 0.7748758111138752}}, "CTG|TTG": {"individual": [], "joint": {"secondary": 0.6288700673670397, "primary": 0.7038315707095935}}, "GAA|GAG": {"individual": [], "joint": {"secondary": 0.829549140371153, "primary": 0.8033976564551217}}, "GAC|GAT": {"individual": [], "joint": {"secondary": 0.7800753974574772, "primary": 0.9376629167574058}}, "GCA|GCC": {"individual": [], "joint": {"secondary": 0.6831525070325223, "primary": 0.7454674090491916}}, "GCA|GCG": {"individual": [], "joint": {"secondary": 0.69861537358935, "primary": 0.8494326033946911}}, "GCA|GCT": {"individual": [], "joint": {"secondary": 0.8637579527282968, "primary": 1.017250254045017}}, "GCC|GCG": {"individual": [], "joint": {"secondary": 1.009347672289669, "primary": 0.9893269050470528}}, "GCC|GCT": {"individual": [], "joint": {"secondary": 1.2186479388824, "primary": 0.9282413448093978}}, "GCG|GCT": {"individual": [], "joint": {"secondary": 1.026223854339797, "primary": 0.8312686890072785}}, "GGA|GGC": {"individual": [], "joint": {"secondary": 1.267000264947164, "primary": 0.939324675478093}}, "GGA|GGG": {"individual": [], "joint": {"secondary": 1.134341737632225, "primary": 0.7473340130345203}}, "GGA|GGT": {"individual": [], "joint": {"secondary": 0.9833249797000911, "primary": 0.5066492264630426}}, "GGC|GGG": {"individual": [], "joint": {"secondary": 0.694863005712543, "primary": 0.7835391563998513}}, "GGC|GGT": {"individual": [], "joint": {"secondary": 1.896984801389474, "primary": 0.9220864946667064}}, "GGG|GGT": {"individual": [], "joint": {"secondary": 1.26040598867988, "primary": 2.404020123119206}}, "GTA|GTC": {"individual": [], "joint": {"secondary": 1.905935840198854, "primary": 0.8487689353071887}}, "GTA|GTG": {"individual": [], "joint": {"secondary": 1.850242809267934, "primary": 2.229067054522409}}, "GTA|GTT": {"individual": [], "joint": {"secondary": 1.869327801355302, "primary": 0.6145572386533724}}, "GTC|GTG": {"individual": [], "joint": {"secondary": 1.685953195516606, "primary": 0.9444845774957662}}, "GTC|GTT": {"individual": [], "joint": {"secondary": 1.663850152728938, "primary": 1.001883801323633}}, "GTG|GTT": {"individual": [], "joint": {"secondary": 1.023474311770944, "primary": 0.8529300192837449}}, "TAC|TAT": {"individual": [], "joint": {"secondary": 1.18316552462485, "primary": 1.053380873728197}}, "TCA|TCC": {"individual": [], "joint": {"secondary": 1.81212254913002, "primary": 2.451238857400441}}, "TCA|TCG": {"individual": [], "joint": {"secondary": 1.757713388729165, "primary": 2.203589756147844}}, "TCA|TCT": {"individual": [], "joint": {"secondary": 0.9348141958302952, "primary": 0.6569277946857593}}, "TCC|TCG": {"individual": [], "joint": {"secondary": 1.556532463855679, "primary": 0.6832587076969793}}, "TCC|TCT": {"individual": [], "joint": {"secondary": 1.789390703705886, "primary": 0.920510375480518}}, "TCG|TCT": {"individual": [], "joint": {"secondary": 1.59653694045959, "primary": 0.8276225824076944}}, "TGC|TGT": {"individual": [], "joint": {"secondary": 1.624510430166528, "primary": 0.6735367710701369}}, "TTA|TTG": {"individual": [], "joint": {"secondary": 0.8201885772220254, "primary": 0.9647481319268355}}, "TTC|TTT": {"individual": [], "joint": {"secondary": 0.7815074636526944, "primary": 0.9849543997594772}}, "model_mixture_p": 0.3333373888930959}