{"baseline-AICc": {"individual": [], "joint": 398002.2113831928}, "baseline-loglikelihood": {"individual": [], "joint": -195210.2154084755}, "joint-AICc": {"individual": [], "joint": 398743.6504312532}, "joint-loglikelihood": {"individual": [], "joint": -194660.2901494621}, "AAA|AAG": {"individual": [], "joint": {"secondary": 0.8051904520014773, "primary": 2.079873687002757}}, "AAC|AAT": {"individual": [], "joint": {"secondary": 1.012726874380844, "primary": 2.635726469963592}}, "ACA|ACC": {"individual": [], "joint": {"secondary": 0.9839105730854372, "primary": 2.984816182083057}}, "ACA|ACG": {"individual": [], "joint": {"secondary": 0.9502792050718867, "primary": 2.345703221452464}}, "ACA|ACT": {"individual": [], "joint": {"secondary": 0.8636171128071783, "primary": 0.7128598971161701}}, "ACC|ACG": {"individual": [], "joint": {"secondary": 0.7680101182025844, "primary": 0.7791191610135444}}, "ACC|ACT": {"individual": [], "joint": {"secondary": 1.000652072247104, "primary": 0.7046451356264215}}, "ACG|ACT": {"individual": [], "joint": {"secondary": 0.7428487707728967, "primary": 1.640456297674777}}, "AGA|AGG": {"individual": [], "joint": {"secondary": 0.8936862165886503, "primary": 0.5076254213143138}}, "AGA|CGA": {"individual": [], "joint": {"secondary": 0.6926460242784273, "primary": 0.548161123312418}}, "AGC|AGT": {"individual": [], "joint": {"secondary": 0.8637295486368789, "primary": 0.9120523345498405}}, "AGG|CGG": {"individual": [], "joint": {"secondary": 0.8613122257482747, "primary": 0.9260421286642345}}, "ATA|ATC": {"individual": [], "joint": {"secondary": 0.9352421759393997, "primary": 0.7214907152185686}}, "ATA|ATT": {"individual": [], "joint": {"secondary": 1.070836222192834, "primary": 0.7936581680342594}}, "ATC|ATT": {"individual": [], "joint": {"secondary": 1.041428207305182, "primary": 0.7278765172069456}}, "CAA|CAG": {"individual": [], "joint": {"secondary": 0.9164578255543399, "primary": 2.424879536604254}}, "CAC|CAT": {"individual": [], "joint": {"secondary": 1.017724458932029, "primary": 2.016417267460465}}, "CCA|CCC": {"individual": [], "joint": {"secondary": 1.692486899395568, "primary": 0.8245011523000023}}, "CCA|CCG": {"individual": [], "joint": {"secondary": 0.9188324090797768, "primary": 0.9534175949932514}}, "CCA|CCT": {"individual": [], "joint": {"secondary": 0.9057720823835234, "primary": 1.037554631992729}}, "CCC|CCG": {"individual": [], "joint": {"secondary": 1.766183833911892, "primary": 1.018268327423871}}, "CCC|CCT": {"individual": [], "joint": {"secondary": 1.957585240911419, "primary": 0.7517473510384141}}, "CCG|CCT": {"individual": [], "joint": {"secondary": 1.050994462125888, "primary": 1.016085834433909}}, "CGA|CGC": {"individual": [], "joint": {"secondary": 1.992815577125133, "primary": 1.191230282583293}}, "CGA|CGG": {"individual": [], "joint": {"secondary": 1.814673685973178, "primary": 0.6681671189972795}}, "CGA|CGT": {"individual": [], "joint": {"secondary": 0.805281153052912, "primary": 0.4709816197748502}}, "CGC|CGG": {"individual": [], "joint": {"secondary": 1.125446156451373, "primary": 0.9787597417973717}}, "CGC|CGT": {"individual": [], "joint": {"secondary": 1.04535204974483, "primary": 0.4544942182575752}}, "CGG|CGT": {"individual": [], "joint": {"secondary": 0.9080931596729215, "primary": 0.8072524560980792}}, "CTA|CTC": {"individual": [], "joint": {"secondary": 0.8777507701102406, "primary": 0.7024703118715877}}, "CTA|CTG": {"individual": [], "joint": {"secondary": 0.9245355191132202, "primary": 1.048779953188622}}, "CTA|CTT": {"individual": [], "joint": {"secondary": 0.6366901232740065, "primary": 0.7468632050511471}}, "CTA|TTA": {"individual": [], "joint": {"secondary": 0.766102062218149, "primary": 1.131366671459881}}, "CTC|CTG": {"individual": [], "joint": {"secondary": 0.8329108638899082, "primary": 1.037014830686537}}, "CTC|CTT": {"individual": [], "joint": {"secondary": 0.8462488198079593, "primary": 0.6940350239202568}}, "CTG|CTT": {"individual": [], "joint": {"secondary": 0.7579441456340018, "primary": 1.050357783804333}}, "CTG|TTG": {"individual": [], "joint": {"secondary": 0.940859882580165, "primary": 0.8277644440177016}}, "GAA|GAG": {"individual": [], "joint": {"secondary": 0.8880275966126415, "primary": 0.7796441384895691}}, "GAC|GAT": {"individual": [], "joint": {"secondary": 0.9398237215042524, "primary": 0.7810668941050182}}, "GCA|GCC": {"individual": [], "joint": {"secondary": 0.8534521459074115, "primary": 1.066427077679553}}, "GCA|GCG": {"individual": [], "joint": {"secondary": 0.9686182469045376, "primary": 0.7851674726473956}}, "GCA|GCT": {"individual": [], "joint": {"secondary": 0.8603071697806429, "primary": 0.7081839984832987}}, "GCC|GCG": {"individual": [], "joint": {"secondary": 0.7823519175808952, "primary": 0.9575558436189809}}, "GCC|GCT": {"individual": [], "joint": {"secondary": 0.9349681418653559, "primary": 0.8037317691592334}}, "GCG|GCT": {"individual": [], "joint": {"secondary": 0.8075491980079922, "primary": 0.6517309820611489}}, "GGA|GGC": {"individual": [], "joint": {"secondary": 0.9222028153081401, "primary": 0.8718196068162043}}, "GGA|GGG": {"individual": [], "joint": {"secondary": 0.9728040339850906, "primary": 0.8863492718936321}}, "GGA|GGT": {"individual": [], "joint": {"secondary": 1.024513795607522, "primary": 0.9332980389181699}}, "GGC|GGG": {"individual": [], "joint": {"secondary": 1.78290630562775, "primary": 0.7522003637238636}}, "GGC|GGT": {"individual": [], "joint": {"secondary": 0.841410586514023, "primary": 0.8828806711602547}}, "GGG|GGT": {"individual": [], "joint": {"secondary": 1.371330363986948, "primary": 0.467588494691186}}, "GTA|GTC": {"individual": [], "joint": {"secondary": 0.777618978350964, "primary": 0.8759964815630541}}, "GTA|GTG": {"individual": [], "joint": {"secondary": 1.16743110942378, "primary": 0.8834049399477227}}, "GTA|GTT": {"individual": [], "joint": {"secondary": 0.9576402427621072, "primary": 1.311065385568427}}, "GTC|GTG": {"individual": [], "joint": {"secondary": 0.8137172921597357, "primary": 0.8706759029501794}}, "GTC|GTT": {"individual": [], "joint": {"secondary": 1.038084630018149, "primary": 0.7445838551720169}}, "GTG|GTT": {"individual": [], "joint": {"secondary": 0.8301235427220279, "primary": 1.217752362257531}}, "TAC|TAT": {"individual": [], "joint": {"secondary": 0.9277498980729001, "primary": 0.9583401736765557}}, "TCA|TCC": {"individual": [], "joint": {"secondary": 1.074305281045752, "primary": 1.025603774071262}}, "TCA|TCG": {"individual": [], "joint": {"secondary": 0.9927789759487623, "primary": 1.01854526165036}}, "TCA|TCT": {"individual": [], "joint": {"secondary": 0.835492836433482, "primary": 0.4751300432953005}}, "TCC|TCG": {"individual": [], "joint": {"secondary": 0.9139385259022229, "primary": 0.9848776181722236}}, "TCC|TCT": {"individual": [], "joint": {"secondary": 0.9086827719862793, "primary": 1.052309148515523}}, "TCG|TCT": {"individual": [], "joint": {"secondary": 0.9052151966347972, "primary": 1.107939973965783}}, "TGC|TGT": {"individual": [], "joint": {"secondary": 1.057924945956307, "primary": 0.7877194206116229}}, "TTA|TTG": {"individual": [], "joint": {"secondary": 0.9549255708224323, "primary": 0.6450851356373308}}, "TTC|TTT": {"individual": [], "joint": {"secondary": 0.9072471823655992, "primary": 0.8408100815088008}}, "model_mixture_p": 0.166666630002953}