{"baseline-AICc": {"individual": [], "joint": 395379.0291139244}, "baseline-loglikelihood": {"individual": [], "joint": -193898.6242738414}, "joint-AICc": {"individual": [], "joint": 396187.758143295}, "joint-loglikelihood": {"individual": [], "joint": -193382.344005483}, "AAA|AAG": {"individual": [], "joint": {"secondary": 0.8859985929015112, "primary": 2.27234181435362}}, "AAC|AAT": {"individual": [], "joint": {"secondary": 0.9610307747085365, "primary": 2.090113994991728}}, "ACA|ACC": {"individual": [], "joint": {"secondary": 0.6770605021084081, "primary": 1.984189004189358}}, "ACA|ACG": {"individual": [], "joint": {"secondary": 0.9128611795022673, "primary": 2.186113471784735}}, "ACA|ACT": {"individual": [], "joint": {"secondary": 0.5196543500986167, "primary": 1.423778590665261}}, "ACC|ACG": {"individual": [], "joint": {"secondary": 0.8389168225025521, "primary": 1.02724800523608}}, "ACC|ACT": {"individual": [], "joint": {"secondary": 0.9269763613300989, "primary": 0.6483847296674173}}, "ACG|ACT": {"individual": [], "joint": {"secondary": 0.8960416477380861, "primary": 0.8579537991129734}}, "AGA|AGG": {"individual": [], "joint": {"secondary": 0.7908860607317857, "primary": 0.7741734524466951}}, "AGA|CGA": {"individual": [], "joint": {"secondary": 0.9081264861521096, "primary": 0.6543790078460501}}, "AGC|AGT": {"individual": [], "joint": {"secondary": 0.8472279521232055, "primary": 0.8933203849614597}}, "AGG|CGG": {"individual": [], "joint": {"secondary": 0.9238799092825452, "primary": 0.9231756730055684}}, "ATA|ATC": {"individual": [], "joint": {"secondary": 0.8471777282830273, "primary": 1.006878548297848}}, "ATA|ATT": {"individual": [], "joint": {"secondary": 1.067362507841311, "primary": 0.5932578171278771}}, "ATC|ATT": {"individual": [], "joint": {"secondary": 0.8111795060314648, "primary": 0.7676220007569207}}, "CAA|CAG": {"individual": [], "joint": {"secondary": 0.9422728302215309, "primary": 2.128317220985654}}, "CAC|CAT": {"individual": [], "joint": {"secondary": 0.9166916390305186, "primary": 2.41335840383598}}, "CCA|CCC": {"individual": [], "joint": {"secondary": 1.363330125083251, "primary": 0.9456588912562994}}, "CCA|CCG": {"individual": [], "joint": {"secondary": 0.8400335726781256, "primary": 0.7582723117519201}}, "CCA|CCT": {"individual": [], "joint": {"secondary": 1.208502600631366, "primary": 0.7343523423152347}}, "CCC|CCG": {"individual": [], "joint": {"secondary": 1.36707400787193, "primary": 0.9112822261152106}}, "CCC|CCT": {"individual": [], "joint": {"secondary": 1.697156672569648, "primary": 1.018777026980138}}, "CCG|CCT": {"individual": [], "joint": {"secondary": 0.8407241642912813, "primary": 0.8234927169967479}}, "CGA|CGC": {"individual": [], "joint": {"secondary": 1.641871163982711, "primary": 0.9768682865014714}}, "CGA|CGG": {"individual": [], "joint": {"secondary": 1.345259818034176, "primary": 0.7644703321157531}}, "CGA|CGT": {"individual": [], "joint": {"secondary": 0.531104279989752, "primary": 0.9944051533202155}}, "CGC|CGG": {"individual": [], "joint": {"secondary": 1.414432762482141, "primary": 1.091113386962665}}, "CGC|CGT": {"individual": [], "joint": {"secondary": 1.457413180186043, "primary": 0.7609907730030668}}, "CGG|CGT": {"individual": [], "joint": {"secondary": 0.9987292967551337, "primary": 1.001929372334}}, "CTA|CTC": {"individual": [], "joint": {"secondary": 0.886865079392859, "primary": 0.9636778950098471}}, "CTA|CTG": {"individual": [], "joint": {"secondary": 0.9240639457499867, "primary": 0.7363394152062231}}, "CTA|CTT": {"individual": [], "joint": {"secondary": 0.9580983563055622, "primary": 0.5583607190897695}}, "CTA|TTA": {"individual": [], "joint": {"secondary": 0.9035456487326844, "primary": 0.9693078284114942}}, "CTC|CTG": {"individual": [], "joint": {"secondary": 0.8176697455647526, "primary": 0.8808427575873894}}, "CTC|CTT": {"individual": [], "joint": {"secondary": 0.9796882714860418, "primary": 0.8644044758104207}}, "CTG|CTT": {"individual": [], "joint": {"secondary": 0.9285730387085768, "primary": 0.6418259961567044}}, "CTG|TTG": {"individual": [], "joint": {"secondary": 0.9739425750421996, "primary": 0.9236362335545216}}, "GAA|GAG": {"individual": [], "joint": {"secondary": 0.8858513983334668, "primary": 0.8871603076244676}}, "GAC|GAT": {"individual": [], "joint": {"secondary": 0.8695756220212572, "primary": 0.7841041521575217}}, "GCA|GCC": {"individual": [], "joint": {"secondary": 0.983282883790719, "primary": 0.9341850033475851}}, "GCA|GCG": {"individual": [], "joint": {"secondary": 0.8348390328885906, "primary": 0.7995115198020657}}, "GCA|GCT": {"individual": [], "joint": {"secondary": 0.9724085777984616, "primary": 0.9683804495420567}}, "GCC|GCG": {"individual": [], "joint": {"secondary": 0.854405965001713, "primary": 0.9530506969383544}}, "GCC|GCT": {"individual": [], "joint": {"secondary": 0.9279359912702295, "primary": 0.9252220425407284}}, "GCG|GCT": {"individual": [], "joint": {"secondary": 0.8031791165885269, "primary": 0.9975439397678111}}, "GGA|GGC": {"individual": [], "joint": {"secondary": 0.9313824185789402, "primary": 0.9239899840605345}}, "GGA|GGG": {"individual": [], "joint": {"secondary": 0.8724383501814712, "primary": 0.8791791800709382}}, "GGA|GGT": {"individual": [], "joint": {"secondary": 0.8177896520856361, "primary": 0.7892042316336302}}, "GGC|GGG": {"individual": [], "joint": {"secondary": 1.559018801113104, "primary": 0.8871772808407422}}, "GGC|GGT": {"individual": [], "joint": {"secondary": 1.092284294586508, "primary": 1.002225735496247}}, "GGG|GGT": {"individual": [], "joint": {"secondary": 1.637499964885193, "primary": 1.134381521175745}}, "GTA|GTC": {"individual": [], "joint": {"secondary": 0.8617770129899658, "primary": 1.045565021573969}}, "GTA|GTG": {"individual": [], "joint": {"secondary": 1.358400673775114, "primary": 0.846523835209163}}, "GTA|GTT": {"individual": [], "joint": {"secondary": 1.057734864915936, "primary": 1.126545208392784}}, "GTC|GTG": {"individual": [], "joint": {"secondary": 0.851937794644503, "primary": 0.8181428961137417}}, "GTC|GTT": {"individual": [], "joint": {"secondary": 0.8708188040524385, "primary": 0.6560036113286148}}, "GTG|GTT": {"individual": [], "joint": {"secondary": 0.7989795344031376, "primary": 0.9022020602599784}}, "TAC|TAT": {"individual": [], "joint": {"secondary": 0.8342283478610355, "primary": 0.8062893051492901}}, "TCA|TCC": {"individual": [], "joint": {"secondary": 1.322698292533155, "primary": 0.8099314090947859}}, "TCA|TCG": {"individual": [], "joint": {"secondary": 1.534206150770652, "primary": 0.8360745210833761}}, "TCA|TCT": {"individual": [], "joint": {"secondary": 1.16126963647144, "primary": 0.8884114237480516}}, "TCC|TCG": {"individual": [], "joint": {"secondary": 0.794066089469609, "primary": 0.9559206995404872}}, "TCC|TCT": {"individual": [], "joint": {"secondary": 0.9315523584463002, "primary": 0.8311308030072733}}, "TCG|TCT": {"individual": [], "joint": {"secondary": 0.9658254248003736, "primary": 0.9072449107387115}}, "TGC|TGT": {"individual": [], "joint": {"secondary": 0.9106387234792617, "primary": 0.800408965097164}}, "TTA|TTG": {"individual": [], "joint": {"secondary": 0.9407673684976492, "primary": 0.9386154539162708}}, "TTC|TTT": {"individual": [], "joint": {"secondary": 1.011783697639837, "primary": 1.001059771003612}}, "model_mixture_p": 0.3333374201342552}