{"baseline-AICc": {"individual": [], "joint": 395615.6305682398}, "baseline-loglikelihood": {"individual": [], "joint": -194016.9250009991}, "joint-AICc": {"individual": [], "joint": 395181.6728398551}, "joint-loglikelihood": {"individual": [], "joint": -192879.301353763}, "AAA|AAG": {"individual": [], "joint": {"secondary": 0.8834663224880916, "primary": 0.7415816171889578}}, "AAC|AAT": {"individual": [], "joint": {"secondary": 0.8086532971120336, "primary": 0.5730667107834035}}, "ACA|ACC": {"individual": [], "joint": {"secondary": 1.10122432874214, "primary": 0.6134010862021002}}, "ACA|ACG": {"individual": [], "joint": {"secondary": 0.7550327734026917, "primary": 0.6569591719346736}}, "ACA|ACT": {"individual": [], "joint": {"secondary": 0.9447794249063923, "primary": 0.4890864050802276}}, "ACC|ACG": {"individual": [], "joint": {"secondary": 0.7141364351755475, "primary": 0.58132020976805}}, "ACC|ACT": {"individual": [], "joint": {"secondary": 0.681573222623904, "primary": 0.8389675401670352}}, "ACG|ACT": {"individual": [], "joint": {"secondary": 0.9977741481497033, "primary": 0.6113438923559734}}, "AGA|AGG": {"individual": [], "joint": {"secondary": 0.9276696957110122, "primary": 0.6150996498123404}}, "AGA|CGA": {"individual": [], "joint": {"secondary": 0.6956729500658235, "primary": 0.5025160285556138}}, "AGC|AGT": {"individual": [], "joint": {"secondary": 0.8993469760604031, "primary": 0.5315193622788448}}, "AGG|CGG": {"individual": [], "joint": {"secondary": 0.8766922266988979, "primary": 0.7918226669815012}}, "ATA|ATC": {"individual": [], "joint": {"secondary": 0.894407364659474, "primary": 0.6355449298770035}}, "ATA|ATT": {"individual": [], "joint": {"secondary": 0.6514437473217252, "primary": 0.5000351602776233}}, "ATC|ATT": {"individual": [], "joint": {"secondary": 0.757342188186185, "primary": 0.5380527379731634}}, "CAA|CAG": {"individual": [], "joint": {"secondary": 0.6839650290163648, "primary": 0.7512489898053156}}, "CAC|CAT": {"individual": [], "joint": {"secondary": 0.8674339728143508, "primary": 0.5698557541457165}}, "CCA|CCC": {"individual": [], "joint": {"secondary": 0.6870061534676846, "primary": 0.738816296055039}}, "CCA|CCG": {"individual": [], "joint": {"secondary": 0.9643231169277415, "primary": 0.8536787000985189}}, "CCA|CCT": {"individual": [], "joint": {"secondary": 0.7890208437967814, "primary": 1.217349909876263}}, "CCC|CCG": {"individual": [], "joint": {"secondary": 0.7726326235479974, "primary": 0.5767596759424443}}, "CCC|CCT": {"individual": [], "joint": {"secondary": 0.877835981720907, "primary": 0.6600285252104234}}, "CCG|CCT": {"individual": [], "joint": {"secondary": 0.8560754968111379, "primary": 0.5162841018191017}}, "CGA|CGC": {"individual": [], "joint": {"secondary": 0.7952392575171118, "primary": 0.6428965393060339}}, "CGA|CGG": {"individual": [], "joint": {"secondary": 0.8259504828645471, "primary": 0.8071867621518476}}, "CGA|CGT": {"individual": [], "joint": {"secondary": 0.8872230505468766, "primary": 1.406978716322065}}, "CGC|CGG": {"individual": [], "joint": {"secondary": 2.035862486242869, "primary": 1.616256026995374}}, "CGC|CGT": {"individual": [], "joint": {"secondary": 2.493807542465819, "primary": 1.698968166107472}}, "CGG|CGT": {"individual": [], "joint": {"secondary": 0.3775152716750701, "primary": 1.204059866406339}}, "CTA|CTC": {"individual": [], "joint": {"secondary": 0.6473471934132556, "primary": 0.7263706351056545}}, "CTA|CTG": {"individual": [], "joint": {"secondary": 0.8119848193722821, "primary": 0.8436011215453327}}, "CTA|CTT": {"individual": [], "joint": {"secondary": 0.8532539576862141, "primary": 0.6440215620085797}}, "CTA|TTA": {"individual": [], "joint": {"secondary": 0.8125537853733672, "primary": 0.5552094731652221}}, "CTC|CTG": {"individual": [], "joint": {"secondary": 0.8079535206335084, "primary": 0.5380020233624871}}, "CTC|CTT": {"individual": [], "joint": {"secondary": 0.9254078191216559, "primary": 0.5692452215657628}}, "CTG|CTT": {"individual": [], "joint": {"secondary": 0.8458221223817952, "primary": 0.5993622438280379}}, "CTG|TTG": {"individual": [], "joint": {"secondary": 0.9174928880680895, "primary": 0.7571409665181168}}, "GAA|GAG": {"individual": [], "joint": {"secondary": 0.8160121619268945, "primary": 0.6974532293302044}}, "GAC|GAT": {"individual": [], "joint": {"secondary": 0.9389984813239308, "primary": 0.5968521017566676}}, "GCA|GCC": {"individual": [], "joint": {"secondary": 0.8428552342608997, "primary": 0.7483685432240034}}, "GCA|GCG": {"individual": [], "joint": {"secondary": 0.7409113353268607, "primary": 0.6721005425516096}}, "GCA|GCT": {"individual": [], "joint": {"secondary": 0.551797282124566, "primary": 0.7978946378894656}}, "GCC|GCG": {"individual": [], "joint": {"secondary": 0.8544146057235352, "primary": 1.349686990240299}}, "GCC|GCT": {"individual": [], "joint": {"secondary": 0.8845387008121702, "primary": 1.48697362533324}}, "GCG|GCT": {"individual": [], "joint": {"secondary": 0.7666332704171248, "primary": 1.280511769881225}}, "GGA|GGC": {"individual": [], "joint": {"secondary": 0.7544339508417185, "primary": 1.359096488308799}}, "GGA|GGG": {"individual": [], "joint": {"secondary": 0.7958423453556396, "primary": 1.644480452289906}}, "GGA|GGT": {"individual": [], "joint": {"secondary": 0.9521489924273486, "primary": 1.800492418882575}}, "GGC|GGG": {"individual": [], "joint": {"secondary": 0.7503591791167494, "primary": 0.6255564875630192}}, "GGC|GGT": {"individual": [], "joint": {"secondary": 1.207968176952207, "primary": 1.587648095353221}}, "GGG|GGT": {"individual": [], "joint": {"secondary": 1.687325907679771, "primary": 1.21694365436858}}, "GTA|GTC": {"individual": [], "joint": {"secondary": 1.443852764237939, "primary": 1.542801738936237}}, "GTA|GTG": {"individual": [], "joint": {"secondary": 2.213576216410795, "primary": 1.893648285903285}}, "GTA|GTT": {"individual": [], "joint": {"secondary": 1.193199939870308, "primary": 1.208131584628628}}, "GTC|GTG": {"individual": [], "joint": {"secondary": 1.155429343503891, "primary": 1.582866352181056}}, "GTC|GTT": {"individual": [], "joint": {"secondary": 1.246782461377296, "primary": 1.863766890141079}}, "GTG|GTT": {"individual": [], "joint": {"secondary": 0.8880859645064193, "primary": 1.334443353047389}}, "TAC|TAT": {"individual": [], "joint": {"secondary": 0.8035657656936078, "primary": 1.404613838916624}}, "TCA|TCC": {"individual": [], "joint": {"secondary": 1.818065723403123, "primary": 1.911061633741776}}, "TCA|TCG": {"individual": [], "joint": {"secondary": 2.031845569619903, "primary": 1.587614805317983}}, "TCA|TCT": {"individual": [], "joint": {"secondary": 1.081409175247047, "primary": 1.457338823621088}}, "TCC|TCG": {"individual": [], "joint": {"secondary": 1.543797950801824, "primary": 1.699554063253924}}, "TCC|TCT": {"individual": [], "joint": {"secondary": 1.243878678727858, "primary": 1.712467885889295}}, "TCG|TCT": {"individual": [], "joint": {"secondary": 1.149283351028063, "primary": 1.228206874249855}}, "TGC|TGT": {"individual": [], "joint": {"secondary": 1.81116526071881, "primary": 1.664152174883268}}, "TTA|TTG": {"individual": [], "joint": {"secondary": 0.861331632125006, "primary": 0.6746232967207978}}, "TTC|TTT": {"individual": [], "joint": {"secondary": 0.8455680616692426, "primary": 0.6570109150172182}}, "model_mixture_p": 0.3888402359849701}