{"baseline-AICc": {"individual": [], "joint": 398236.7446841273}, "baseline-loglikelihood": {"individual": [], "joint": -195327.4820589428}, "joint-AICc": {"individual": [], "joint": 398973.4493166799}, "joint-loglikelihood": {"individual": [], "joint": -194775.1895921754}, "AAA|AAG": {"individual": [], "joint": {"secondary": 0.950071315545189, "primary": 2.153191738082729}}, "AAC|AAT": {"individual": [], "joint": {"secondary": 0.9425573316882115, "primary": 1.932257824200342}}, "ACA|ACC": {"individual": [], "joint": {"secondary": 0.8326458055599671, "primary": 2.950419630591351}}, "ACA|ACG": {"individual": [], "joint": {"secondary": 0.8405978819663877, "primary": 2.293499304776584}}, "ACA|ACT": {"individual": [], "joint": {"secondary": 0.9389727218252665, "primary": 0}}, "ACC|ACG": {"individual": [], "joint": {"secondary": 0.8718181605341396, "primary": 0.9105733937892743}}, "ACC|ACT": {"individual": [], "joint": {"secondary": 0.9632620451913275, "primary": 1.120352857215378}}, "ACG|ACT": {"individual": [], "joint": {"secondary": 0.73320168084563, "primary": 1.00359093073249}}, "AGA|AGG": {"individual": [], "joint": {"secondary": 0.8881459419246803, "primary": 0.9902271850131596}}, "AGA|CGA": {"individual": [], "joint": {"secondary": 0.7496379893440778, "primary": 0.5661381063242161}}, "AGC|AGT": {"individual": [], "joint": {"secondary": 0.7780861539957633, "primary": 0.7245427731518532}}, "AGG|CGG": {"individual": [], "joint": {"secondary": 0.9267104971188421, "primary": 0.7900968038324543}}, "ATA|ATC": {"individual": [], "joint": {"secondary": 0.8290500079368365, "primary": 0.8533951872950906}}, "ATA|ATT": {"individual": [], "joint": {"secondary": 1.007981855059625, "primary": 0.712326445160186}}, "ATC|ATT": {"individual": [], "joint": {"secondary": 0.9722430886591495, "primary": 0.9896669626156532}}, "CAA|CAG": {"individual": [], "joint": {"secondary": 0.8608315370403107, "primary": 2.315760450660075}}, "CAC|CAT": {"individual": [], "joint": {"secondary": 0.8894385357911396, "primary": 1.968434016185514}}, "CCA|CCC": {"individual": [], "joint": {"secondary": 1.05833327656798, "primary": 1.180481426559359}}, "CCA|CCG": {"individual": [], "joint": {"secondary": 0.8976980562970598, "primary": 0.6755545033963226}}, "CCA|CCT": {"individual": [], "joint": {"secondary": 0.7806687542045633, "primary": 0.4526662472682561}}, "CCC|CCG": {"individual": [], "joint": {"secondary": 1.167360800399081, "primary": 0.8887621912919145}}, "CCC|CCT": {"individual": [], "joint": {"secondary": 1.236239190777167, "primary": 0.7870229769411177}}, "CCG|CCT": {"individual": [], "joint": {"secondary": 0.7142371863285718, "primary": 1.190897926228173}}, "CGA|CGC": {"individual": [], "joint": {"secondary": 1.129720975006807, "primary": 1.124232724245483}}, "CGA|CGG": {"individual": [], "joint": {"secondary": 0.9317693284787908, "primary": 0.9824089793513245}}, "CGA|CGT": {"individual": [], "joint": {"secondary": 1.088832430405713, "primary": 0.6837958265597323}}, "CGC|CGG": {"individual": [], "joint": {"secondary": 2.011638779597862, "primary": 0.9511267612084586}}, "CGC|CGT": {"individual": [], "joint": {"secondary": 1.904245638282925, "primary": 0.7092920299610297}}, "CGG|CGT": {"individual": [], "joint": {"secondary": 0.9676532985705635, "primary": 1.498459863225101}}, "CTA|CTC": {"individual": [], "joint": {"secondary": 0.9078902679739245, "primary": 0.8973888478624334}}, "CTA|CTG": {"individual": [], "joint": {"secondary": 0.8460866190666724, "primary": 0.7123064759208324}}, "CTA|CTT": {"individual": [], "joint": {"secondary": 0.748694188421529, "primary": 1.07425262700595}}, "CTA|TTA": {"individual": [], "joint": {"secondary": 0.9173697250514201, "primary": 0.6355119978313027}}, "CTC|CTG": {"individual": [], "joint": {"secondary": 0.8797717673980324, "primary": 0.9751305183435044}}, "CTC|CTT": {"individual": [], "joint": {"secondary": 0.8744496065666274, "primary": 0.6795751197307864}}, "CTG|CTT": {"individual": [], "joint": {"secondary": 0.8251315656015409, "primary": 0.7389893436902052}}, "CTG|TTG": {"individual": [], "joint": {"secondary": 1.009946840865624, "primary": 0.9415842130019042}}, "GAA|GAG": {"individual": [], "joint": {"secondary": 0.8196532381587117, "primary": 0.8093923597153946}}, "GAC|GAT": {"individual": [], "joint": {"secondary": 0.8789616964870737, "primary": 0.976158687104143}}, "GCA|GCC": {"individual": [], "joint": {"secondary": 0.9978452157668852, "primary": 1.153932932082694}}, "GCA|GCG": {"individual": [], "joint": {"secondary": 0.9539313591883906, "primary": 0.926087654373859}}, "GCA|GCT": {"individual": [], "joint": {"secondary": 0.6862034368916854, "primary": 0.7824656212149874}}, "GCC|GCG": {"individual": [], "joint": {"secondary": 0.8458220157115927, "primary": 1.032469004011553}}, "GCC|GCT": {"individual": [], "joint": {"secondary": 0.9407187195702548, "primary": 0.8429731875594146}}, "GCG|GCT": {"individual": [], "joint": {"secondary": 0.7623360970005847, "primary": 1.045744501823152}}, "GGA|GGC": {"individual": [], "joint": {"secondary": 0.6700901133837353, "primary": 0.7576422068333845}}, "GGA|GGG": {"individual": [], "joint": {"secondary": 0.8896454989585857, "primary": 0.7274223028492043}}, "GGA|GGT": {"individual": [], "joint": {"secondary": 0.7157388953325583, "primary": 0.8890135798583783}}, "GGC|GGG": {"individual": [], "joint": {"secondary": 1.073575463780744, "primary": 1.062969765656531}}, "GGC|GGT": {"individual": [], "joint": {"secondary": 0.9741447159257405, "primary": 0.7837452633524645}}, "GGG|GGT": {"individual": [], "joint": {"secondary": 2.373913681426467, "primary": 1.009416090370473}}, "GTA|GTC": {"individual": [], "joint": {"secondary": 0.8007394894544818, "primary": 1.082345166223157}}, "GTA|GTG": {"individual": [], "joint": {"secondary": 1.908231419772387, "primary": 0.8210686380726716}}, "GTA|GTT": {"individual": [], "joint": {"secondary": 1.099404708844463, "primary": 0.8519526996027418}}, "GTC|GTG": {"individual": [], "joint": {"secondary": 0.8651710312280603, "primary": 0.9007338772020904}}, "GTC|GTT": {"individual": [], "joint": {"secondary": 0.9041350196261477, "primary": 0.953948445682933}}, "GTG|GTT": {"individual": [], "joint": {"secondary": 0.8401513531008883, "primary": 1.137747800524023}}, "TAC|TAT": {"individual": [], "joint": {"secondary": 0.8506205866104863, "primary": 0.7687964429750014}}, "TCA|TCC": {"individual": [], "joint": {"secondary": 1.691306460607778, "primary": 0.8068080462481048}}, "TCA|TCG": {"individual": [], "joint": {"secondary": 1.762893670929047, "primary": 0.6686820163124696}}, "TCA|TCT": {"individual": [], "joint": {"secondary": 1.210930047497721, "primary": 1.060244598015648}}, "TCC|TCG": {"individual": [], "joint": {"secondary": 0.9337200731652997, "primary": 0.7217598409704293}}, "TCC|TCT": {"individual": [], "joint": {"secondary": 0.8929123587403817, "primary": 1.021178482385078}}, "TCG|TCT": {"individual": [], "joint": {"secondary": 0.944289735776058, "primary": 0.4602052075949884}}, "TGC|TGT": {"individual": [], "joint": {"secondary": 0.9261319758945853, "primary": 1.009044869038157}}, "TTA|TTG": {"individual": [], "joint": {"secondary": 0.8450593007607082, "primary": 0.8880183412087943}}, "TTC|TTT": {"individual": [], "joint": {"secondary": 1.068731774519468, "primary": 0.9941181618885305}}, "model_mixture_p": 0.1666667016580427}