{"baseline-AICc": {"individual": [], "joint": 399692.7938428928}, "baseline-loglikelihood": {"individual": [], "joint": -196055.5066383255}, "joint-AICc": {"individual": [], "joint": 400458.011350301}, "joint-loglikelihood": {"individual": [], "joint": -195517.470608986}, "AAA|AAG": {"individual": [], "joint": {"secondary": 0.9040014177882406, "primary": 2.131405580009227}}, "AAC|AAT": {"individual": [], "joint": {"secondary": 0.9508744274705413, "primary": 2.738699297243518}}, "ACA|ACC": {"individual": [], "joint": {"secondary": 0.941822611572679, "primary": 2.354151634107873}}, "ACA|ACG": {"individual": [], "joint": {"secondary": 0.8193166646652076, "primary": 1.665757828074836}}, "ACA|ACT": {"individual": [], "joint": {"secondary": 0.9412308262437977, "primary": 0.570169898737686}}, "ACC|ACG": {"individual": [], "joint": {"secondary": 0.8063289123679581, "primary": 0.9458656206045313}}, "ACC|ACT": {"individual": [], "joint": {"secondary": 0.9908905725386801, "primary": 0.5509179823764909}}, "ACG|ACT": {"individual": [], "joint": {"secondary": 0.8919300270930235, "primary": 1.194287046735293}}, "AGA|AGG": {"individual": [], "joint": {"secondary": 0.8019139646386889, "primary": 0.8217315125051147}}, "AGA|CGA": {"individual": [], "joint": {"secondary": 0.8813829341615766, "primary": 0.6386961678393945}}, "AGC|AGT": {"individual": [], "joint": {"secondary": 0.9101541305193201, "primary": 0.7994802900679897}}, "AGG|CGG": {"individual": [], "joint": {"secondary": 0.9261345952246409, "primary": 1.074757531049374}}, "ATA|ATC": {"individual": [], "joint": {"secondary": 0.8002003600766813, "primary": 1.006239918699359}}, "ATA|ATT": {"individual": [], "joint": {"secondary": 1.054204214121772, "primary": 0.7848155213080715}}, "ATC|ATT": {"individual": [], "joint": {"secondary": 0.8991884941949958, "primary": 0.9582949804046829}}, "CAA|CAG": {"individual": [], "joint": {"secondary": 0.8614270215355437, "primary": 2.603944546914845}}, "CAC|CAT": {"individual": [], "joint": {"secondary": 0.8855666692839578, "primary": 1.932012752154741}}, "CCA|CCC": {"individual": [], "joint": {"secondary": 1.06708346427517, "primary": 1.14341877453103}}, "CCA|CCG": {"individual": [], "joint": {"secondary": 0.8498554871973368, "primary": 0.8961612621875297}}, "CCA|CCT": {"individual": [], "joint": {"secondary": 0.826417164542614, "primary": 0.2399230673075416}}, "CCC|CCG": {"individual": [], "joint": {"secondary": 1.167041300923156, "primary": 0.7755724027969887}}, "CCC|CCT": {"individual": [], "joint": {"secondary": 1.146010693895837, "primary": 0.8336168195814252}}, "CCG|CCT": {"individual": [], "joint": {"secondary": 0.8403467795592151, "primary": 1.220691843314473}}, "CGA|CGC": {"individual": [], "joint": {"secondary": 1.070188397666144, "primary": 0.894277622106757}}, "CGA|CGG": {"individual": [], "joint": {"secondary": 1.050883330554721, "primary": 0.8643255243922954}}, "CGA|CGT": {"individual": [], "joint": {"secondary": 0.6614327691183312, "primary": 1.541547144885095}}, "CGC|CGG": {"individual": [], "joint": {"secondary": 1.854434737207471, "primary": 1.068127624155134}}, "CGC|CGT": {"individual": [], "joint": {"secondary": 2.34945541214033, "primary": 0.7659955805937839}}, "CGG|CGT": {"individual": [], "joint": {"secondary": 0.9347964602124024, "primary": 0.6459517772653844}}, "CTA|CTC": {"individual": [], "joint": {"secondary": 0.9306460511174452, "primary": 0.9407786631281343}}, "CTA|CTG": {"individual": [], "joint": {"secondary": 0.8380373287402949, "primary": 0.8443910088687635}}, "CTA|CTT": {"individual": [], "joint": {"secondary": 0.9586050631455998, "primary": 0.8556372884215856}}, "CTA|TTA": {"individual": [], "joint": {"secondary": 1.161425908089848, "primary": 0.8515184861661597}}, "CTC|CTG": {"individual": [], "joint": {"secondary": 0.8238066825912719, "primary": 0.8850825919318743}}, "CTC|CTT": {"individual": [], "joint": {"secondary": 0.8425206439226992, "primary": 0.9970369854045507}}, "CTG|CTT": {"individual": [], "joint": {"secondary": 0.992286407473679, "primary": 0.693227926162478}}, "CTG|TTG": {"individual": [], "joint": {"secondary": 0.9912266626705053, "primary": 0.8241884055385152}}, "GAA|GAG": {"individual": [], "joint": {"secondary": 0.8957098713534898, "primary": 0.9344827029466006}}, "GAC|GAT": {"individual": [], "joint": {"secondary": 0.8715280507162976, "primary": 0.9899180009506294}}, "GCA|GCC": {"individual": [], "joint": {"secondary": 0.8599376288117643, "primary": 1.110933619934989}}, "GCA|GCG": {"individual": [], "joint": {"secondary": 0.8757908682250065, "primary": 0.8774483332403555}}, "GCA|GCT": {"individual": [], "joint": {"secondary": 0.7784343483072778, "primary": 0.4721818518925863}}, "GCC|GCG": {"individual": [], "joint": {"secondary": 0.8551431687583132, "primary": 0.7967480411566011}}, "GCC|GCT": {"individual": [], "joint": {"secondary": 0.8527370065330799, "primary": 0.9458027895910902}}, "GCG|GCT": {"individual": [], "joint": {"secondary": 0.8978713571893527, "primary": 1.076122700833587}}, "GGA|GGC": {"individual": [], "joint": {"secondary": 0.8776829860334657, "primary": 0.9103878523850012}}, "GGA|GGG": {"individual": [], "joint": {"secondary": 0.8940914854121397, "primary": 0.8856776824865646}}, "GGA|GGT": {"individual": [], "joint": {"secondary": 0.8300448968546457, "primary": 0.9855402245052524}}, "GGC|GGG": {"individual": [], "joint": {"secondary": 1.04929884415869, "primary": 0.9980552054420868}}, "GGC|GGT": {"individual": [], "joint": {"secondary": 1.12338809099333, "primary": 0.6405211660363307}}, "GGG|GGT": {"individual": [], "joint": {"secondary": 2.069900436243173, "primary": 0.6462779662751156}}, "GTA|GTC": {"individual": [], "joint": {"secondary": 0.7503529733458231, "primary": 0.6018292687198451}}, "GTA|GTG": {"individual": [], "joint": {"secondary": 1.770062117726628, "primary": 0.8482577771491415}}, "GTA|GTT": {"individual": [], "joint": {"secondary": 0.9270734187513425, "primary": 0.7843244939579823}}, "GTC|GTG": {"individual": [], "joint": {"secondary": 0.8794741943357703, "primary": 1.046845910939291}}, "GTC|GTT": {"individual": [], "joint": {"secondary": 0.8597049105826221, "primary": 0.8631792606317404}}, "GTG|GTT": {"individual": [], "joint": {"secondary": 0.8475965823159493, "primary": 0.9511527020528417}}, "TAC|TAT": {"individual": [], "joint": {"secondary": 0.9514425838367129, "primary": 1.025843333748647}}, "TCA|TCC": {"individual": [], "joint": {"secondary": 1.71791721011005, "primary": 1.041314224614618}}, "TCA|TCG": {"individual": [], "joint": {"secondary": 1.816605575323739, "primary": 0.9568502011345357}}, "TCA|TCT": {"individual": [], "joint": {"secondary": 0.7711762224482975, "primary": 1.018949630714133}}, "TCC|TCG": {"individual": [], "joint": {"secondary": 0.943233761067022, "primary": 0.9485282976645315}}, "TCC|TCT": {"individual": [], "joint": {"secondary": 0.8481167873755682, "primary": 0.79443945582561}}, "TCG|TCT": {"individual": [], "joint": {"secondary": 1.011327262660347, "primary": 0.9955961287831308}}, "TGC|TGT": {"individual": [], "joint": {"secondary": 0.7950187837593082, "primary": 0.7593943651349074}}, "TTA|TTG": {"individual": [], "joint": {"secondary": 0.8553245041122438, "primary": 0.8076838121972373}}, "TTC|TTT": {"individual": [], "joint": {"secondary": 0.9009454841171697, "primary": 0.7330140914824921}}, "model_mixture_p": 0.1666666476997806}