{"baseline-AICc": {"individual": [], "joint": 394200.2962371332}, "baseline-loglikelihood": {"individual": [], "joint": -193309.2578354458}, "joint-AICc": {"individual": [], "joint": 393276.6901513188}, "joint-loglikelihood": {"individual": [], "joint": -191926.8100094949}, "AAA|AAG": {"individual": [], "joint": {"secondary": 0.7890030819411477, "primary": 0.7190288739760965}}, "AAC|AAT": {"individual": [], "joint": {"secondary": 0.7111408310729554, "primary": 0.6307913930331112}}, "ACA|ACC": {"individual": [], "joint": {"secondary": 1.001519549624196, "primary": 0.6440588700381865}}, "ACA|ACG": {"individual": [], "joint": {"secondary": 0.9422300268752105, "primary": 0.7325335469993938}}, "ACA|ACT": {"individual": [], "joint": {"secondary": 1.134235433040064, "primary": 0.673249166686176}}, "ACC|ACG": {"individual": [], "joint": {"secondary": 0.7534094242115882, "primary": 0.5703508516375564}}, "ACC|ACT": {"individual": [], "joint": {"secondary": 0.849865265092581, "primary": 0.6534098911937709}}, "ACG|ACT": {"individual": [], "joint": {"secondary": 0.5373021809678458, "primary": 0.6234605365524356}}, "AGA|AGG": {"individual": [], "joint": {"secondary": 1.054503317048155, "primary": 0.6602163692165419}}, "AGA|CGA": {"individual": [], "joint": {"secondary": 0.8630922676662977, "primary": 0.5019277652909461}}, "AGC|AGT": {"individual": [], "joint": {"secondary": 0.7926074823257576, "primary": 0.5653016605043819}}, "AGG|CGG": {"individual": [], "joint": {"secondary": 0.8146652827315093, "primary": 0.7449067074896679}}, "ATA|ATC": {"individual": [], "joint": {"secondary": 0.8520904945712087, "primary": 0.6524414461576624}}, "ATA|ATT": {"individual": [], "joint": {"secondary": 0.7886283580757458, "primary": 0.632965987313234}}, "ATC|ATT": {"individual": [], "joint": {"secondary": 0.8526725038683494, "primary": 0.615190848293722}}, "CAA|CAG": {"individual": [], "joint": {"secondary": 0.7124089787230008, "primary": 0.7028998713872205}}, "CAC|CAT": {"individual": [], "joint": {"secondary": 0.7725191856623647, "primary": 0.6209506979424074}}, "CCA|CCC": {"individual": [], "joint": {"secondary": 0.8705323210394009, "primary": 0.6891272779517567}}, "CCA|CCG": {"individual": [], "joint": {"secondary": 0.5954830265747018, "primary": 0.6297359142600787}}, "CCA|CCT": {"individual": [], "joint": {"secondary": 0.6650056536867621, "primary": 1.185266506933939}}, "CCC|CCG": {"individual": [], "joint": {"secondary": 0.7682211799284715, "primary": 0.6295154430674387}}, "CCC|CCT": {"individual": [], "joint": {"secondary": 0.8302608790833746, "primary": 0.6753903944363068}}, "CCG|CCT": {"individual": [], "joint": {"secondary": 0.7632564590764663, "primary": 0.5152375999486526}}, "CGA|CGC": {"individual": [], "joint": {"secondary": 0.6857903286139099, "primary": 0.509223246847978}}, "CGA|CGG": {"individual": [], "joint": {"secondary": 0.9071655013865962, "primary": 0.7733539585187817}}, "CGA|CGT": {"individual": [], "joint": {"secondary": 0.1744642002004959, "primary": 1.369824163246071}}, "CGC|CGG": {"individual": [], "joint": {"secondary": 1.775342621845933, "primary": 1.504901402967789}}, "CGC|CGT": {"individual": [], "joint": {"secondary": 2.047441653079141, "primary": 1.666818012615815}}, "CGG|CGT": {"individual": [], "joint": {"secondary": 1.064157342226892, "primary": 1.29361573391714}}, "CTA|CTC": {"individual": [], "joint": {"secondary": 0.8149623351022072, "primary": 0.7222559124997757}}, "CTA|CTG": {"individual": [], "joint": {"secondary": 0.8654128053713767, "primary": 0.7226763150867366}}, "CTA|CTT": {"individual": [], "joint": {"secondary": 0.9265213326313105, "primary": 0.5729271557347086}}, "CTA|TTA": {"individual": [], "joint": {"secondary": 1.000858326326882, "primary": 0.6361849268172185}}, "CTC|CTG": {"individual": [], "joint": {"secondary": 0.7714937761216974, "primary": 0.5495764607181957}}, "CTC|CTT": {"individual": [], "joint": {"secondary": 0.8167353294517299, "primary": 0.61023818525208}}, "CTG|CTT": {"individual": [], "joint": {"secondary": 0.7062853992839719, "primary": 0.5708087665444228}}, "CTG|TTG": {"individual": [], "joint": {"secondary": 0.7909490988962837, "primary": 0.6689630945100797}}, "GAA|GAG": {"individual": [], "joint": {"secondary": 0.8915849823275154, "primary": 0.7194760848833913}}, "GAC|GAT": {"individual": [], "joint": {"secondary": 0.8236692185155172, "primary": 0.6397843808303454}}, "GCA|GCC": {"individual": [], "joint": {"secondary": 0.7738142247712895, "primary": 0.5924786049620191}}, "GCA|GCG": {"individual": [], "joint": {"secondary": 0.8592406129010488, "primary": 0.6387425530228206}}, "GCA|GCT": {"individual": [], "joint": {"secondary": 0.6862462230010951, "primary": 0.6914669304530597}}, "GCC|GCG": {"individual": [], "joint": {"secondary": 0.8056417097331288, "primary": 1.480476427688409}}, "GCC|GCT": {"individual": [], "joint": {"secondary": 1.033765287108158, "primary": 1.5913197231867}}, "GCG|GCT": {"individual": [], "joint": {"secondary": 0.7178666280519616, "primary": 1.295899785818221}}, "GGA|GGC": {"individual": [], "joint": {"secondary": 0.8054470105584642, "primary": 1.850038004292886}}, "GGA|GGG": {"individual": [], "joint": {"secondary": 0.8580069236584984, "primary": 1.763155446956593}}, "GGA|GGT": {"individual": [], "joint": {"secondary": 0.3335252688027907, "primary": 1.913462396680933}}, "GGC|GGG": {"individual": [], "joint": {"secondary": 0.7474589618928543, "primary": 0.5804951562870517}}, "GGC|GGT": {"individual": [], "joint": {"secondary": 1.536663698724345, "primary": 1.633070383182203}}, "GGG|GGT": {"individual": [], "joint": {"secondary": 2.592896680073262, "primary": 1.119423036652297}}, "GTA|GTC": {"individual": [], "joint": {"secondary": 0.9487178875969695, "primary": 1.705938935137283}}, "GTA|GTG": {"individual": [], "joint": {"secondary": 2.123262148434865, "primary": 1.939218892601159}}, "GTA|GTT": {"individual": [], "joint": {"secondary": 1.235435410806109, "primary": 1.270160684483619}}, "GTC|GTG": {"individual": [], "joint": {"secondary": 1.350563967272217, "primary": 1.377660606912229}}, "GTC|GTT": {"individual": [], "joint": {"secondary": 1.381232827494824, "primary": 1.866040312817131}}, "GTG|GTT": {"individual": [], "joint": {"secondary": 0.8276052424182764, "primary": 1.325304769780169}}, "TAC|TAT": {"individual": [], "joint": {"secondary": 0.7476682011220731, "primary": 1.661405314844728}}, "TCA|TCC": {"individual": [], "joint": {"secondary": 2.165935583685851, "primary": 1.603290048728315}}, "TCA|TCG": {"individual": [], "joint": {"secondary": 2.103741361816242, "primary": 1.687215575245056}}, "TCA|TCT": {"individual": [], "joint": {"secondary": 1.487834436445139, "primary": 1.142672302578686}}, "TCC|TCG": {"individual": [], "joint": {"secondary": 1.459111079772724, "primary": 1.535530271375091}}, "TCC|TCT": {"individual": [], "joint": {"secondary": 1.665035783601795, "primary": 1.605704167118251}}, "TCG|TCT": {"individual": [], "joint": {"secondary": 1.391279201349345, "primary": 1.422968813858617}}, "TGC|TGT": {"individual": [], "joint": {"secondary": 1.187396427655184, "primary": 1.596710656139622}}, "TTA|TTG": {"individual": [], "joint": {"secondary": 0.7162988949900516, "primary": 0.6721625578613708}}, "TTC|TTT": {"individual": [], "joint": {"secondary": 0.680820881992816, "primary": 0.6394022200342577}}, "model_mixture_p": 0.6663863621957898}