{"baseline-AICc": {"individual": [], "joint": 395924.6903127888}, "baseline-loglikelihood": {"individual": [], "joint": -194171.4548732736}, "joint-AICc": {"individual": [], "joint": 395900.3592690513}, "joint-loglikelihood": {"individual": [], "joint": -193238.6445683612}, "AAA|AAG": {"individual": [], "joint": {"secondary": 0.811179317124374, "primary": 0.8121146094140786}}, "AAC|AAT": {"individual": [], "joint": {"secondary": 1.040907770368934, "primary": 0.5977248337599169}}, "ACA|ACC": {"individual": [], "joint": {"secondary": 0.7483053270691601, "primary": 0.715643435041759}}, "ACA|ACG": {"individual": [], "joint": {"secondary": 0.9363490693063901, "primary": 0.6256028624074832}}, "ACA|ACT": {"individual": [], "joint": {"secondary": 1.081710778876127, "primary": 0.6092286186795544}}, "ACC|ACG": {"individual": [], "joint": {"secondary": 0.964072070343378, "primary": 0.6395751637650181}}, "ACC|ACT": {"individual": [], "joint": {"secondary": 0.9536267609667978, "primary": 0.4829610818134224}}, "ACG|ACT": {"individual": [], "joint": {"secondary": 0.8076886767168852, "primary": 0.556286638906941}}, "AGA|AGG": {"individual": [], "joint": {"secondary": 0.8182903578256266, "primary": 0.8020392312276853}}, "AGA|CGA": {"individual": [], "joint": {"secondary": 0.9702290839644756, "primary": 0.5455847950050781}}, "AGC|AGT": {"individual": [], "joint": {"secondary": 0.9931212865552489, "primary": 0.5666021034100611}}, "AGG|CGG": {"individual": [], "joint": {"secondary": 0.9262206145968302, "primary": 0.6922880603643288}}, "ATA|ATC": {"individual": [], "joint": {"secondary": 0.9297876080164711, "primary": 0.7179926819832193}}, "ATA|ATT": {"individual": [], "joint": {"secondary": 0.8917045448136225, "primary": 0.5693416168228318}}, "ATC|ATT": {"individual": [], "joint": {"secondary": 1.002859409912372, "primary": 0.7766027793419744}}, "CAA|CAG": {"individual": [], "joint": {"secondary": 0.8575503476866317, "primary": 0.801465698905921}}, "CAC|CAT": {"individual": [], "joint": {"secondary": 0.9353613249761644, "primary": 0.7799836787336627}}, "CCA|CCC": {"individual": [], "joint": {"secondary": 0.702970400602495, "primary": 0.7072834644024633}}, "CCA|CCG": {"individual": [], "joint": {"secondary": 0.8165522346904378, "primary": 0.9260962362608813}}, "CCA|CCT": {"individual": [], "joint": {"secondary": 1.223371117594898, "primary": 1.011249100078077}}, "CCC|CCG": {"individual": [], "joint": {"secondary": 0.9193802682175927, "primary": 0.5936259179644667}}, "CCC|CCT": {"individual": [], "joint": {"secondary": 0.805883511177666, "primary": 0.595934294674971}}, "CCG|CCT": {"individual": [], "joint": {"secondary": 0.8251186177065374, "primary": 0.5201349061677317}}, "CGA|CGC": {"individual": [], "joint": {"secondary": 0.7530660827016848, "primary": 0.4460011902813713}}, "CGA|CGG": {"individual": [], "joint": {"secondary": 0.865992906247156, "primary": 0.8059526624492104}}, "CGA|CGT": {"individual": [], "joint": {"secondary": 0.7757619369279058, "primary": 1.055140243626296}}, "CGC|CGG": {"individual": [], "joint": {"secondary": 2.20671352741265, "primary": 1.720149970047416}}, "CGC|CGT": {"individual": [], "joint": {"secondary": 2.152224798586812, "primary": 1.224410076172166}}, "CGG|CGT": {"individual": [], "joint": {"secondary": 0.877966438649142, "primary": 0.9300651564967959}}, "CTA|CTC": {"individual": [], "joint": {"secondary": 0.8342155490749775, "primary": 0.6602604599703011}}, "CTA|CTG": {"individual": [], "joint": {"secondary": 0.7988217042390506, "primary": 0.6943311809963529}}, "CTA|CTT": {"individual": [], "joint": {"secondary": 0.6367819031403749, "primary": 0.4778729271780274}}, "CTA|TTA": {"individual": [], "joint": {"secondary": 0.9900483361707171, "primary": 0.6863302049234015}}, "CTC|CTG": {"individual": [], "joint": {"secondary": 0.8705942251150088, "primary": 0.5608226760703935}}, "CTC|CTT": {"individual": [], "joint": {"secondary": 1.024083041290749, "primary": 0.5369840312709733}}, "CTG|CTT": {"individual": [], "joint": {"secondary": 0.8684362333455083, "primary": 0.5344000054143299}}, "CTG|TTG": {"individual": [], "joint": {"secondary": 0.7988030248248134, "primary": 0.800163797598116}}, "GAA|GAG": {"individual": [], "joint": {"secondary": 0.8541098635863689, "primary": 0.6305658594540282}}, "GAC|GAT": {"individual": [], "joint": {"secondary": 0.9217758515015811, "primary": 0.6288107421569362}}, "GCA|GCC": {"individual": [], "joint": {"secondary": 0.9173645412600915, "primary": 0.8201167225400581}}, "GCA|GCG": {"individual": [], "joint": {"secondary": 0.8064804051091542, "primary": 0.6639229437566683}}, "GCA|GCT": {"individual": [], "joint": {"secondary": 0.8065584074128508, "primary": 0.6460885867091487}}, "GCC|GCG": {"individual": [], "joint": {"secondary": 0.8365808717368888, "primary": 1.085038988313769}}, "GCC|GCT": {"individual": [], "joint": {"secondary": 0.8432693153353129, "primary": 1.1533285227946}}, "GCG|GCT": {"individual": [], "joint": {"secondary": 0.749139637718532, "primary": 0.9595499385548745}}, "GGA|GGC": {"individual": [], "joint": {"secondary": 0.8688333534550761, "primary": 1.528655003787808}}, "GGA|GGG": {"individual": [], "joint": {"secondary": 0.7621578404976838, "primary": 1.287376048399665}}, "GGA|GGT": {"individual": [], "joint": {"secondary": 1.191782339535795, "primary": 1.626889229372533}}, "GGC|GGG": {"individual": [], "joint": {"secondary": 0.8311857673206668, "primary": 0.5070305431359129}}, "GGC|GGT": {"individual": [], "joint": {"secondary": 0.784197127876546, "primary": 1.950674515665665}}, "GGG|GGT": {"individual": [], "joint": {"secondary": 1.966933165882719, "primary": 1.333074130089926}}, "GTA|GTC": {"individual": [], "joint": {"secondary": 1.02129797226898, "primary": 1.902661227286812}}, "GTA|GTG": {"individual": [], "joint": {"secondary": 2.153395340920383, "primary": 1.892977487191918}}, "GTA|GTT": {"individual": [], "joint": {"secondary": 0.9231822831944188, "primary": 1.972071711792594}}, "GTC|GTG": {"individual": [], "joint": {"secondary": 0.8459467370933682, "primary": 1.573416013462111}}, "GTC|GTT": {"individual": [], "joint": {"secondary": 0.9660094083254578, "primary": 2.035469170388656}}, "GTG|GTT": {"individual": [], "joint": {"secondary": 0.9414782089445642, "primary": 1.148349487734137}}, "TAC|TAT": {"individual": [], "joint": {"secondary": 0.9121304835722893, "primary": 1.235910707244864}}, "TCA|TCC": {"individual": [], "joint": {"secondary": 2.184432839433295, "primary": 1.562005949286947}}, "TCA|TCG": {"individual": [], "joint": {"secondary": 2.193115197232209, "primary": 1.976495178325153}}, "TCA|TCT": {"individual": [], "joint": {"secondary": 0.8240654700327994, "primary": 2.06186179020588}}, "TCC|TCG": {"individual": [], "joint": {"secondary": 0.863310404608022, "primary": 1.566047207872635}}, "TCC|TCT": {"individual": [], "joint": {"secondary": 0.7937025688527324, "primary": 1.634626135725786}}, "TCG|TCT": {"individual": [], "joint": {"secondary": 1.071911775261711, "primary": 1.4105175100001}}, "TGC|TGT": {"individual": [], "joint": {"secondary": 0.9235397729521458, "primary": 1.811163493332564}}, "TTA|TTG": {"individual": [], "joint": {"secondary": 0.8990156462269909, "primary": 0.7764493728243148}}, "TTC|TTT": {"individual": [], "joint": {"secondary": 0.927347196015691, "primary": 0.8406093909672544}}, "model_mixture_p": 0.3332096947420152}