{"baseline-AICc": {"individual": [], "joint": 396581.3656813513}, "baseline-loglikelihood": {"individual": [], "joint": -194499.7925575548}, "joint-AICc": {"individual": [], "joint": 395892.5835787951}, "joint-loglikelihood": {"individual": [], "joint": -193234.7567232331}, "AAA|AAG": {"individual": [], "joint": {"secondary": 0.9647383531119841, "primary": 0.7012828977479144}}, "AAC|AAT": {"individual": [], "joint": {"secondary": 0.783352175489546, "primary": 0.6375492980682489}}, "ACA|ACC": {"individual": [], "joint": {"secondary": 0.8620859037452253, "primary": 0.9177474075670208}}, "ACA|ACG": {"individual": [], "joint": {"secondary": 0.6675408612703663, "primary": 0.7251197291980812}}, "ACA|ACT": {"individual": [], "joint": {"secondary": 0.6614656307099512, "primary": 0.7570615386439954}}, "ACC|ACG": {"individual": [], "joint": {"secondary": 0.933254720166103, "primary": 0.6311740378466678}}, "ACC|ACT": {"individual": [], "joint": {"secondary": 0.7347662388989421, "primary": 0.7471403627535964}}, "ACG|ACT": {"individual": [], "joint": {"secondary": 1.23071028885847, "primary": 0.696454594413133}}, "AGA|AGG": {"individual": [], "joint": {"secondary": 0.845484780902552, "primary": 0.780834796828084}}, "AGA|CGA": {"individual": [], "joint": {"secondary": 0.4407729708728058, "primary": 0.9102075515255279}}, "AGC|AGT": {"individual": [], "joint": {"secondary": 1.067688506001715, "primary": 0.7611190943343794}}, "AGG|CGG": {"individual": [], "joint": {"secondary": 1.176853210382532, "primary": 0.6616977907663463}}, "ATA|ATC": {"individual": [], "joint": {"secondary": 0.8220193046911708, "primary": 0.7644568696075783}}, "ATA|ATT": {"individual": [], "joint": {"secondary": 0.876277558260385, "primary": 0.6347414114855745}}, "ATC|ATT": {"individual": [], "joint": {"secondary": 0.9711029637995928, "primary": 0.6612235196146432}}, "CAA|CAG": {"individual": [], "joint": {"secondary": 1.038264255550292, "primary": 0.7766922230145206}}, "CAC|CAT": {"individual": [], "joint": {"secondary": 0.9862695021555082, "primary": 0.7697943594971756}}, "CCA|CCC": {"individual": [], "joint": {"secondary": 0.707836053272307, "primary": 0.8649574220202276}}, "CCA|CCG": {"individual": [], "joint": {"secondary": 0.8639811249274584, "primary": 0.8566475455747559}}, "CCA|CCT": {"individual": [], "joint": {"secondary": 0.7191364709237821, "primary": 0.8465263347562546}}, "CCC|CCG": {"individual": [], "joint": {"secondary": 0.9092900589542323, "primary": 0.6391353938790596}}, "CCC|CCT": {"individual": [], "joint": {"secondary": 0.9385854565211552, "primary": 0.5974455411829211}}, "CCG|CCT": {"individual": [], "joint": {"secondary": 0.6472626219060348, "primary": 0.6858772787064839}}, "CGA|CGC": {"individual": [], "joint": {"secondary": 0.784722679885876, "primary": 0.6166133614526028}}, "CGA|CGG": {"individual": [], "joint": {"secondary": 1.075494155299546, "primary": 0.683341211633628}}, "CGA|CGT": {"individual": [], "joint": {"secondary": 1.521187978305859, "primary": 0.9478618921760673}}, "CGC|CGG": {"individual": [], "joint": {"secondary": 1.982799863697218, "primary": 1.544271345385987}}, "CGC|CGT": {"individual": [], "joint": {"secondary": 2.307009464651701, "primary": 1.595643301952905}}, "CGG|CGT": {"individual": [], "joint": {"secondary": 0.8740128669476899, "primary": 0.7077062487374207}}, "CTA|CTC": {"individual": [], "joint": {"secondary": 0.8016165576852748, "primary": 0.6531175713798155}}, "CTA|CTG": {"individual": [], "joint": {"secondary": 0.9236763129646374, "primary": 0.719041235556828}}, "CTA|CTT": {"individual": [], "joint": {"secondary": 0.9352151863553116, "primary": 0.6116353965872604}}, "CTA|TTA": {"individual": [], "joint": {"secondary": 1.171792661419733, "primary": 0.6102514442635532}}, "CTC|CTG": {"individual": [], "joint": {"secondary": 0.7973833392586029, "primary": 0.7418466857203321}}, "CTC|CTT": {"individual": [], "joint": {"secondary": 1.068497181882528, "primary": 0.7814501236496878}}, "CTG|CTT": {"individual": [], "joint": {"secondary": 1.00332097750729, "primary": 0.6638054902698882}}, "CTG|TTG": {"individual": [], "joint": {"secondary": 0.7189023556719394, "primary": 0.7288967164022365}}, "GAA|GAG": {"individual": [], "joint": {"secondary": 0.771643297844924, "primary": 0.7959877617305704}}, "GAC|GAT": {"individual": [], "joint": {"secondary": 0.9293780942108825, "primary": 0.7457191829773652}}, "GCA|GCC": {"individual": [], "joint": {"secondary": 1.00001950421715, "primary": 0.8954642699675814}}, "GCA|GCG": {"individual": [], "joint": {"secondary": 0.7829079393052536, "primary": 0.7766205836092911}}, "GCA|GCT": {"individual": [], "joint": {"secondary": 1.04241013235354, "primary": 0.8882478396171397}}, "GCC|GCG": {"individual": [], "joint": {"secondary": 1.025350361567836, "primary": 0.6840993571639387}}, "GCC|GCT": {"individual": [], "joint": {"secondary": 0.9477640160674413, "primary": 0.8263223927656184}}, "GCG|GCT": {"individual": [], "joint": {"secondary": 0.9819629024802953, "primary": 0.9225726829791254}}, "GGA|GGC": {"individual": [], "joint": {"secondary": 0.8459181444165457, "primary": 0.7645554451892085}}, "GGA|GGG": {"individual": [], "joint": {"secondary": 0.9369152343925028, "primary": 0.9105303075896016}}, "GGA|GGT": {"individual": [], "joint": {"secondary": 0.620949119482718, "primary": 0.9040360446533843}}, "GGC|GGG": {"individual": [], "joint": {"secondary": 0.7701208478573749, "primary": 0.6949770451401134}}, "GGC|GGT": {"individual": [], "joint": {"secondary": 1.011365751464758, "primary": 1.703380421505461}}, "GGG|GGT": {"individual": [], "joint": {"secondary": 1.668830167957188, "primary": 1.807231008855914}}, "GTA|GTC": {"individual": [], "joint": {"secondary": 0.749928355304619, "primary": 1.794873730453688}}, "GTA|GTG": {"individual": [], "joint": {"secondary": 2.222658120540624, "primary": 1.959002820764813}}, "GTA|GTT": {"individual": [], "joint": {"secondary": 0.9657700754602242, "primary": 1.447598636643334}}, "GTC|GTG": {"individual": [], "joint": {"secondary": 1.064810119593939, "primary": 1.688533799313163}}, "GTC|GTT": {"individual": [], "joint": {"secondary": 0.8732374229434864, "primary": 2.010443276234811}}, "GTG|GTT": {"individual": [], "joint": {"secondary": 1.002433981459663, "primary": 0.9008603514082297}}, "TAC|TAT": {"individual": [], "joint": {"secondary": 0.9593855036440464, "primary": 0.9018191462214461}}, "TCA|TCC": {"individual": [], "joint": {"secondary": 2.024281470967818, "primary": 1.845818872571225}}, "TCA|TCG": {"individual": [], "joint": {"secondary": 2.040956764935708, "primary": 2.062012812217219}}, "TCA|TCT": {"individual": [], "joint": {"secondary": 0.6587491583318464, "primary": 1.496192232986409}}, "TCC|TCG": {"individual": [], "joint": {"secondary": 0.8584663606035303, "primary": 1.699889027364529}}, "TCC|TCT": {"individual": [], "joint": {"secondary": 0.8865457025126269, "primary": 2.116926476987258}}, "TCG|TCT": {"individual": [], "joint": {"secondary": 0.8645466700274324, "primary": 1.646142308700225}}, "TGC|TGT": {"individual": [], "joint": {"secondary": 0.9078708304344464, "primary": 1.975302489944895}}, "TTA|TTG": {"individual": [], "joint": {"secondary": 0.841684101901853, "primary": 0.798219836384509}}, "TTC|TTT": {"individual": [], "joint": {"secondary": 0.9287692548143828, "primary": 0.7062508138595411}}, "model_mixture_p": 0.8331447161890363}