{"baseline-AICc": {"individual": [], "joint": 395923.6409305858}, "baseline-loglikelihood": {"individual": [], "joint": -194170.930182172}, "joint-AICc": {"individual": [], "joint": 395575.47496324}, "joint-loglikelihood": {"individual": [], "joint": -193076.2024154555}, "AAA|AAG": {"individual": [], "joint": {"secondary": 0.8105998127346347, "primary": 0.7366218016022602}}, "AAC|AAT": {"individual": [], "joint": {"secondary": 0.7658731880134863, "primary": 0.672789198493295}}, "ACA|ACC": {"individual": [], "joint": {"secondary": 0.7470491873452958, "primary": 0.632983385836484}}, "ACA|ACG": {"individual": [], "joint": {"secondary": 0.851576851850856, "primary": 0.838020197504715}}, "ACA|ACT": {"individual": [], "joint": {"secondary": 0.8310436055805768, "primary": 0.2879656538072598}}, "ACC|ACG": {"individual": [], "joint": {"secondary": 0.8125368400602269, "primary": 0.6410801924873151}}, "ACC|ACT": {"individual": [], "joint": {"secondary": 0.7455611407364627, "primary": 0.6660118016903531}}, "ACG|ACT": {"individual": [], "joint": {"secondary": 0.7113563858351044, "primary": 0.64334041257289}}, "AGA|AGG": {"individual": [], "joint": {"secondary": 0.7343717174420363, "primary": 0.5715047244341803}}, "AGA|CGA": {"individual": [], "joint": {"secondary": 0.6037390780311527, "primary": 0.8379065055417365}}, "AGC|AGT": {"individual": [], "joint": {"secondary": 0.725171716638001, "primary": 0.6409574113937864}}, "AGG|CGG": {"individual": [], "joint": {"secondary": 0.9346910328608273, "primary": 0.7311266321602414}}, "ATA|ATC": {"individual": [], "joint": {"secondary": 0.8360407744246476, "primary": 0.5218362571132578}}, "ATA|ATT": {"individual": [], "joint": {"secondary": 0.8536808634627464, "primary": 0.4620867670869402}}, "ATC|ATT": {"individual": [], "joint": {"secondary": 0.8829660956937709, "primary": 0.5378359211325452}}, "CAA|CAG": {"individual": [], "joint": {"secondary": 0.8048241737615095, "primary": 0.8847044678336266}}, "CAC|CAT": {"individual": [], "joint": {"secondary": 0.919461604836302, "primary": 0.6342099753772323}}, "CCA|CCC": {"individual": [], "joint": {"secondary": 0.7670484764346719, "primary": 0.7266985644874474}}, "CCA|CCG": {"individual": [], "joint": {"secondary": 0.9015869339727015, "primary": 0.7844638664850665}}, "CCA|CCT": {"individual": [], "joint": {"secondary": 0.5740156612882614, "primary": 0.9398269233408018}}, "CCC|CCG": {"individual": [], "joint": {"secondary": 0.8443720339757379, "primary": 0.6814880648269879}}, "CCC|CCT": {"individual": [], "joint": {"secondary": 0.8105411835107221, "primary": 0.7274615532340234}}, "CCG|CCT": {"individual": [], "joint": {"secondary": 0.7624845825301438, "primary": 0.6267100978811091}}, "CGA|CGC": {"individual": [], "joint": {"secondary": 0.8691051564442441, "primary": 0.8025873005514157}}, "CGA|CGG": {"individual": [], "joint": {"secondary": 0.6272035994724527, "primary": 0.5372157038961393}}, "CGA|CGT": {"individual": [], "joint": {"secondary": 0.9268175121431694, "primary": 1.174012887511495}}, "CGC|CGG": {"individual": [], "joint": {"secondary": 1.916409435073156, "primary": 1.568054608962262}}, "CGC|CGT": {"individual": [], "joint": {"secondary": 2.046973249315868, "primary": 1.748784948199727}}, "CGG|CGT": {"individual": [], "joint": {"secondary": 0.7980964786146904, "primary": 1.192731294099534}}, "CTA|CTC": {"individual": [], "joint": {"secondary": 1.024141766368143, "primary": 0.7548230737381582}}, "CTA|CTG": {"individual": [], "joint": {"secondary": 0.8768399485282282, "primary": 0.6725912356248461}}, "CTA|CTT": {"individual": [], "joint": {"secondary": 0.792722725774488, "primary": 0.6759266024015105}}, "CTA|TTA": {"individual": [], "joint": {"secondary": 0.8982579673355552, "primary": 0.5369282336879642}}, "CTC|CTG": {"individual": [], "joint": {"secondary": 0.7549219136613206, "primary": 0.5138691339750316}}, "CTC|CTT": {"individual": [], "joint": {"secondary": 0.7933460110634646, "primary": 0.5950889225484286}}, "CTG|CTT": {"individual": [], "joint": {"secondary": 0.9275522785158288, "primary": 0.5498856853801934}}, "CTG|TTG": {"individual": [], "joint": {"secondary": 0.7465640219094737, "primary": 0.5856454985433107}}, "GAA|GAG": {"individual": [], "joint": {"secondary": 0.8357022970906335, "primary": 0.7066792406182594}}, "GAC|GAT": {"individual": [], "joint": {"secondary": 0.8065150677115953, "primary": 0.5584925290415257}}, "GCA|GCC": {"individual": [], "joint": {"secondary": 0.9683837497515525, "primary": 0.7256643127133138}}, "GCA|GCG": {"individual": [], "joint": {"secondary": 0.7566110922108119, "primary": 0.6133346685756351}}, "GCA|GCT": {"individual": [], "joint": {"secondary": 0.7825517271137143, "primary": 0.4161472867893177}}, "GCC|GCG": {"individual": [], "joint": {"secondary": 0.751391877828896, "primary": 1.525134705300586}}, "GCC|GCT": {"individual": [], "joint": {"secondary": 0.832738858999778, "primary": 1.871212150011328}}, "GCG|GCT": {"individual": [], "joint": {"secondary": 0.6733340063681935, "primary": 1.315543490066549}}, "GGA|GGC": {"individual": [], "joint": {"secondary": 0.863140737521115, "primary": 1.71294491776462}}, "GGA|GGG": {"individual": [], "joint": {"secondary": 0.9299148034717576, "primary": 1.98962437681334}}, "GGA|GGT": {"individual": [], "joint": {"secondary": 1.00535049968919, "primary": 1.264712373525485}}, "GGC|GGG": {"individual": [], "joint": {"secondary": 0.756677762346713, "primary": 0.629525816104261}}, "GGC|GGT": {"individual": [], "joint": {"secondary": 1.519986029471717, "primary": 1.832674921549368}}, "GGG|GGT": {"individual": [], "joint": {"secondary": 1.966799539051538, "primary": 1.412989674685112}}, "GTA|GTC": {"individual": [], "joint": {"secondary": 1.244774418301061, "primary": 1.902512820557806}}, "GTA|GTG": {"individual": [], "joint": {"secondary": 2.19799004381352, "primary": 1.721390127553828}}, "GTA|GTT": {"individual": [], "joint": {"secondary": 1.132087954286293, "primary": 0.7104154900264849}}, "GTC|GTG": {"individual": [], "joint": {"secondary": 1.323722702073864, "primary": 1.28713038956074}}, "GTC|GTT": {"individual": [], "joint": {"secondary": 1.287570296262081, "primary": 1.627158453117354}}, "GTG|GTT": {"individual": [], "joint": {"secondary": 0.797262179226968, "primary": 1.567336847231268}}, "TAC|TAT": {"individual": [], "joint": {"secondary": 0.8973661265522102, "primary": 1.882220107779452}}, "TCA|TCC": {"individual": [], "joint": {"secondary": 1.977997747055004, "primary": 1.396352432386136}}, "TCA|TCG": {"individual": [], "joint": {"secondary": 2.079060475622258, "primary": 1.603797659042032}}, "TCA|TCT": {"individual": [], "joint": {"secondary": 1.220556834636779, "primary": 1.86873894525973}}, "TCC|TCG": {"individual": [], "joint": {"secondary": 1.244801336602361, "primary": 1.455495363856558}}, "TCC|TCT": {"individual": [], "joint": {"secondary": 1.315124395439381, "primary": 1.55668617820279}}, "TCG|TCT": {"individual": [], "joint": {"secondary": 1.478881773600324, "primary": 1.67143575932701}}, "TGC|TGT": {"individual": [], "joint": {"secondary": 1.422130972813342, "primary": 1.390304512148536}}, "TTA|TTG": {"individual": [], "joint": {"secondary": 0.8448139448986464, "primary": 0.7523428523983801}}, "TTC|TTT": {"individual": [], "joint": {"secondary": 0.8572157449487421, "primary": 0.6962260925496069}}, "model_mixture_p": 0.333337385302077}