{"baseline-AICc": {"individual": [], "joint": 397367.3274479811}, "baseline-loglikelihood": {"individual": [], "joint": -194892.7734408697}, "joint-AICc": {"individual": [], "joint": 398260.0037776461}, "joint-loglikelihood": {"individual": [], "joint": -194418.4668226585}, "AAA|AAG": {"individual": [], "joint": {"secondary": 0.778968719164464, "primary": 2.153318968640327}}, "AAC|AAT": {"individual": [], "joint": {"secondary": 0.9620778354646472, "primary": 2.185210324163802}}, "ACA|ACC": {"individual": [], "joint": {"secondary": 0.908767296558713, "primary": 1.61021968749811}}, "ACA|ACG": {"individual": [], "joint": {"secondary": 0.9014946782104704, "primary": 2.190653107849497}}, "ACA|ACT": {"individual": [], "joint": {"secondary": 0.9570770553519602, "primary": 1.113682824458809}}, "ACC|ACG": {"individual": [], "joint": {"secondary": 0.8586230416600886, "primary": 1.129785025307944}}, "ACC|ACT": {"individual": [], "joint": {"secondary": 0.9326533706284387, "primary": 0.664284993396034}}, "ACG|ACT": {"individual": [], "joint": {"secondary": 1.020438713475873, "primary": 0.6771859994703954}}, "AGA|AGG": {"individual": [], "joint": {"secondary": 0.7758007346718258, "primary": 0.697009437469828}}, "AGA|CGA": {"individual": [], "joint": {"secondary": 0.7860798602849561, "primary": 0.7967464531072154}}, "AGC|AGT": {"individual": [], "joint": {"secondary": 0.9638588103480692, "primary": 0.7894657636743225}}, "AGG|CGG": {"individual": [], "joint": {"secondary": 0.8814898599261859, "primary": 0.9334046678746444}}, "ATA|ATC": {"individual": [], "joint": {"secondary": 0.8950290119588086, "primary": 1.16419248766473}}, "ATA|ATT": {"individual": [], "joint": {"secondary": 0.9427282871257323, "primary": 1.453386921846622}}, "ATC|ATT": {"individual": [], "joint": {"secondary": 0.8817213836824866, "primary": 0.7099264619835342}}, "CAA|CAG": {"individual": [], "joint": {"secondary": 0.9189335959375892, "primary": 1.533247364401553}}, "CAC|CAT": {"individual": [], "joint": {"secondary": 0.9830720379327607, "primary": 1.933787111265879}}, "CCA|CCC": {"individual": [], "joint": {"secondary": 1.055160133871794, "primary": 0.8599568738526044}}, "CCA|CCG": {"individual": [], "joint": {"secondary": 0.8873781970344435, "primary": 0.8238369405114796}}, "CCA|CCT": {"individual": [], "joint": {"secondary": 0.9569273998720609, "primary": 0.6243022431767049}}, "CCC|CCG": {"individual": [], "joint": {"secondary": 1.018915068110504, "primary": 0.7857654240588148}}, "CCC|CCT": {"individual": [], "joint": {"secondary": 1.069340246593154, "primary": 1.085404217113898}}, "CCG|CCT": {"individual": [], "joint": {"secondary": 0.8884167233178847, "primary": 0.7450184349906008}}, "CGA|CGC": {"individual": [], "joint": {"secondary": 1.055038389262828, "primary": 1.236802833045868}}, "CGA|CGG": {"individual": [], "joint": {"secondary": 1.006488539287028, "primary": 0.8993909253586553}}, "CGA|CGT": {"individual": [], "joint": {"secondary": 0.9401804122785923, "primary": 0.9475101917266335}}, "CGC|CGG": {"individual": [], "joint": {"secondary": 1.996994084456563, "primary": 0.9284084698196793}}, "CGC|CGT": {"individual": [], "joint": {"secondary": 1.713921456721203, "primary": 0.9556093190170952}}, "CGG|CGT": {"individual": [], "joint": {"secondary": 0.9657826290942816, "primary": 1.221580868573307}}, "CTA|CTC": {"individual": [], "joint": {"secondary": 0.8546102983534768, "primary": 0.7400485381663491}}, "CTA|CTG": {"individual": [], "joint": {"secondary": 0.8437228331645668, "primary": 0.8689381240851973}}, "CTA|CTT": {"individual": [], "joint": {"secondary": 0.9821651589112528, "primary": 0.9326102936334866}}, "CTA|TTA": {"individual": [], "joint": {"secondary": 0.9551535646647151, "primary": 0.872375721860884}}, "CTC|CTG": {"individual": [], "joint": {"secondary": 0.8407236161347207, "primary": 1.100841522648889}}, "CTC|CTT": {"individual": [], "joint": {"secondary": 0.9280809029539676, "primary": 1.050651570726851}}, "CTG|CTT": {"individual": [], "joint": {"secondary": 0.7115911061870769, "primary": 0.5667295300525496}}, "CTG|TTG": {"individual": [], "joint": {"secondary": 0.9555381093508043, "primary": 0.7717395611303879}}, "GAA|GAG": {"individual": [], "joint": {"secondary": 0.9103534390118381, "primary": 0.8231103339572471}}, "GAC|GAT": {"individual": [], "joint": {"secondary": 0.8380366937293522, "primary": 0.8663313227939131}}, "GCA|GCC": {"individual": [], "joint": {"secondary": 0.9376300225627389, "primary": 1.020547777418048}}, "GCA|GCG": {"individual": [], "joint": {"secondary": 0.8566698505974629, "primary": 0.8071322783231057}}, "GCA|GCT": {"individual": [], "joint": {"secondary": 0.7528210734044976, "primary": 0.4568327214082478}}, "GCC|GCG": {"individual": [], "joint": {"secondary": 0.833422447641103, "primary": 0.8832248054881353}}, "GCC|GCT": {"individual": [], "joint": {"secondary": 0.9788582746240584, "primary": 1.084877220231694}}, "GCG|GCT": {"individual": [], "joint": {"secondary": 0.7967500708020014, "primary": 1.470837022164502}}, "GGA|GGC": {"individual": [], "joint": {"secondary": 0.9356072850049872, "primary": 0.9931944546625475}}, "GGA|GGG": {"individual": [], "joint": {"secondary": 0.9751597237638685, "primary": 0.8974507027235514}}, "GGA|GGT": {"individual": [], "joint": {"secondary": 0.9105150151207136, "primary": 0.99753025764064}}, "GGC|GGG": {"individual": [], "joint": {"secondary": 1.076907631694569, "primary": 0.8035342343225456}}, "GGC|GGT": {"individual": [], "joint": {"secondary": 0.8823765711919502, "primary": 0.8884340406777165}}, "GGG|GGT": {"individual": [], "joint": {"secondary": 2.091768801916282, "primary": 1.122772980095269}}, "GTA|GTC": {"individual": [], "joint": {"secondary": 0.7342354809524415, "primary": 0.8465998425412048}}, "GTA|GTG": {"individual": [], "joint": {"secondary": 1.74386746431561, "primary": 0.9439748902162615}}, "GTA|GTT": {"individual": [], "joint": {"secondary": 0.9758750328566446, "primary": 0.9237347472757291}}, "GTC|GTG": {"individual": [], "joint": {"secondary": 0.9044893829833622, "primary": 0.949756337616858}}, "GTC|GTT": {"individual": [], "joint": {"secondary": 0.9335588776780268, "primary": 0.8717774479083791}}, "GTG|GTT": {"individual": [], "joint": {"secondary": 1.014553869787097, "primary": 0.7381423631389382}}, "TAC|TAT": {"individual": [], "joint": {"secondary": 0.9470135905686026, "primary": 1.029275410612673}}, "TCA|TCC": {"individual": [], "joint": {"secondary": 1.937700738947999, "primary": 0.8852459949994684}}, "TCA|TCG": {"individual": [], "joint": {"secondary": 1.941788289680454, "primary": 0.7094400960232581}}, "TCA|TCT": {"individual": [], "joint": {"secondary": 0.8470305806956507, "primary": 1.076170676129814}}, "TCC|TCG": {"individual": [], "joint": {"secondary": 0.9879735964340828, "primary": 0.9927962892985477}}, "TCC|TCT": {"individual": [], "joint": {"secondary": 0.9663333813424495, "primary": 1.030811154561496}}, "TCG|TCT": {"individual": [], "joint": {"secondary": 0.7520163455112234, "primary": 0.9137364340600592}}, "TGC|TGT": {"individual": [], "joint": {"secondary": 0.7981624251365051, "primary": 0.6586478947098189}}, "TTA|TTG": {"individual": [], "joint": {"secondary": 0.8755727242559457, "primary": 0.89796216081051}}, "TTC|TTT": {"individual": [], "joint": {"secondary": 0.8880081557844668, "primary": 0.6630889045666194}}, "model_mixture_p": 0.1666666566256916}