{"baseline-AICc": {"individual": [], "joint": 395081.7614165478}, "baseline-loglikelihood": {"individual": [], "joint": -193749.990425153}, "joint-AICc": {"individual": [], "joint": 394625.0768104554}, "joint-loglikelihood": {"individual": [], "joint": -192601.0033390632}, "AAA|AAG": {"individual": [], "joint": {"secondary": 0.854356841133258, "primary": 0.6330420093035412}}, "AAC|AAT": {"individual": [], "joint": {"secondary": 0.916743418086343, "primary": 0.6947075478450775}}, "ACA|ACC": {"individual": [], "joint": {"secondary": 0.7985543344021239, "primary": 0.6053773398082726}}, "ACA|ACG": {"individual": [], "joint": {"secondary": 0.8594349008671827, "primary": 0.6376313004510695}}, "ACA|ACT": {"individual": [], "joint": {"secondary": 0.8312264444191227, "primary": 0.5908295476124127}}, "ACC|ACG": {"individual": [], "joint": {"secondary": 0.7706362737671903, "primary": 0.563770703515576}}, "ACC|ACT": {"individual": [], "joint": {"secondary": 0.9561778891510501, "primary": 0.5932674988272891}}, "ACG|ACT": {"individual": [], "joint": {"secondary": 0.6400319056484457, "primary": 0.6609315481836361}}, "AGA|AGG": {"individual": [], "joint": {"secondary": 0.7710725965065762, "primary": 0.5917766729506285}}, "AGA|CGA": {"individual": [], "joint": {"secondary": 0.8089031222154633, "primary": 0.7048623219838317}}, "AGC|AGT": {"individual": [], "joint": {"secondary": 0.7366298207916999, "primary": 0.5708269127873951}}, "AGG|CGG": {"individual": [], "joint": {"secondary": 0.9725628550350556, "primary": 0.6241050620580298}}, "ATA|ATC": {"individual": [], "joint": {"secondary": 0.8487242822909409, "primary": 0.528963693926913}}, "ATA|ATT": {"individual": [], "joint": {"secondary": 0.8333668746971926, "primary": 0.4856584046633017}}, "ATC|ATT": {"individual": [], "joint": {"secondary": 0.7852623670172908, "primary": 0.5816292843478866}}, "CAA|CAG": {"individual": [], "joint": {"secondary": 0.8518182343619408, "primary": 0.6537902853262185}}, "CAC|CAT": {"individual": [], "joint": {"secondary": 0.8822505036108695, "primary": 0.5300192454917091}}, "CCA|CCC": {"individual": [], "joint": {"secondary": 0.7325353470874474, "primary": 0.6371563149578291}}, "CCA|CCG": {"individual": [], "joint": {"secondary": 0.8600914170735393, "primary": 0.8030378106508367}}, "CCA|CCT": {"individual": [], "joint": {"secondary": 0.6346473595801015, "primary": 1.426912665320772}}, "CCC|CCG": {"individual": [], "joint": {"secondary": 0.7969526506071613, "primary": 0.7016887629258151}}, "CCC|CCT": {"individual": [], "joint": {"secondary": 0.7256834189002608, "primary": 0.6788680335225035}}, "CCG|CCT": {"individual": [], "joint": {"secondary": 0.6800821229572354, "primary": 0.3374647567429437}}, "CGA|CGC": {"individual": [], "joint": {"secondary": 0.6679917866030668, "primary": 0.702317083910067}}, "CGA|CGG": {"individual": [], "joint": {"secondary": 0.8670307491984848, "primary": 0.6632045650809122}}, "CGA|CGT": {"individual": [], "joint": {"secondary": 0.8187309354216004, "primary": 1.030463360291571}}, "CGC|CGG": {"individual": [], "joint": {"secondary": 2.009559467680822, "primary": 1.501883141274407}}, "CGC|CGT": {"individual": [], "joint": {"secondary": 2.35996497102124, "primary": 1.537826466749722}}, "CGG|CGT": {"individual": [], "joint": {"secondary": 0.642351116065878, "primary": 1.014952028633611}}, "CTA|CTC": {"individual": [], "joint": {"secondary": 1.021004081096272, "primary": 0.5877618296895926}}, "CTA|CTG": {"individual": [], "joint": {"secondary": 0.8407773940608934, "primary": 0.7709483841257536}}, "CTA|CTT": {"individual": [], "joint": {"secondary": 0.6017528711262392, "primary": 0.8090268627933145}}, "CTA|TTA": {"individual": [], "joint": {"secondary": 0.7430926649878127, "primary": 0.5349611750490427}}, "CTC|CTG": {"individual": [], "joint": {"secondary": 0.7171911353306943, "primary": 0.5686095673787441}}, "CTC|CTT": {"individual": [], "joint": {"secondary": 0.8229196065460613, "primary": 0.6013935743672021}}, "CTG|CTT": {"individual": [], "joint": {"secondary": 0.8294339989252127, "primary": 0.5133931548018319}}, "CTG|TTG": {"individual": [], "joint": {"secondary": 0.7732256011995589, "primary": 0.6222464243932201}}, "GAA|GAG": {"individual": [], "joint": {"secondary": 0.8143295226289373, "primary": 0.7471414043905943}}, "GAC|GAT": {"individual": [], "joint": {"secondary": 0.8913829900941225, "primary": 0.7216980573087846}}, "GCA|GCC": {"individual": [], "joint": {"secondary": 0.7920145095143971, "primary": 0.648654622437727}}, "GCA|GCG": {"individual": [], "joint": {"secondary": 0.8445953568617652, "primary": 0.6376592304351053}}, "GCA|GCT": {"individual": [], "joint": {"secondary": 0.7820499269539661, "primary": 0.6182792742084451}}, "GCC|GCG": {"individual": [], "joint": {"secondary": 0.7361567768897095, "primary": 1.471537012044204}}, "GCC|GCT": {"individual": [], "joint": {"secondary": 0.7985596734467343, "primary": 1.569481551131944}}, "GCG|GCT": {"individual": [], "joint": {"secondary": 0.7687352188611545, "primary": 1.506699074263519}}, "GGA|GGC": {"individual": [], "joint": {"secondary": 0.921984408252231, "primary": 1.680074065218621}}, "GGA|GGG": {"individual": [], "joint": {"secondary": 0.9164142984001834, "primary": 1.959721772660726}}, "GGA|GGT": {"individual": [], "joint": {"secondary": 0.5541116280966164, "primary": 1.263350879885929}}, "GGC|GGG": {"individual": [], "joint": {"secondary": 0.7875286333838345, "primary": 0.5866949030774931}}, "GGC|GGT": {"individual": [], "joint": {"secondary": 1.448685316372993, "primary": 1.389840269588018}}, "GGG|GGT": {"individual": [], "joint": {"secondary": 1.966571344152035, "primary": 1.677111246330168}}, "GTA|GTC": {"individual": [], "joint": {"secondary": 1.227204669905725, "primary": 1.619159031049966}}, "GTA|GTG": {"individual": [], "joint": {"secondary": 2.054121846006243, "primary": 1.644861760365336}}, "GTA|GTT": {"individual": [], "joint": {"secondary": 1.306146118058978, "primary": 1.60525719533387}}, "GTC|GTG": {"individual": [], "joint": {"secondary": 1.354108459272736, "primary": 1.378840695406614}}, "GTC|GTT": {"individual": [], "joint": {"secondary": 1.359901586496264, "primary": 2.025131793451624}}, "GTG|GTT": {"individual": [], "joint": {"secondary": 0.9020106732154018, "primary": 1.335805407029461}}, "TAC|TAT": {"individual": [], "joint": {"secondary": 0.8504264570309955, "primary": 1.620302188312295}}, "TCA|TCC": {"individual": [], "joint": {"secondary": 1.901208583742255, "primary": 1.680794245903944}}, "TCA|TCG": {"individual": [], "joint": {"secondary": 2.032483504737509, "primary": 2.007567278158374}}, "TCA|TCT": {"individual": [], "joint": {"secondary": 1.339956767725225, "primary": 1.641525633822657}}, "TCC|TCG": {"individual": [], "joint": {"secondary": 1.342676160989795, "primary": 1.526913101985885}}, "TCC|TCT": {"individual": [], "joint": {"secondary": 1.567269011641096, "primary": 1.837887681300891}}, "TCG|TCT": {"individual": [], "joint": {"secondary": 1.484882615720155, "primary": 1.256028915759619}}, "TGC|TGT": {"individual": [], "joint": {"secondary": 1.37988042878625, "primary": 1.778456349821911}}, "TTA|TTG": {"individual": [], "joint": {"secondary": 0.8152390259591067, "primary": 0.7439609866185143}}, "TTC|TTT": {"individual": [], "joint": {"secondary": 0.796593127332233, "primary": 0.5242590309552754}}, "model_mixture_p": 0.33334304362889}