{"baseline-AICc": {"individual": [], "joint": 397881.6894670232}, "baseline-loglikelihood": {"individual": [], "joint": -195149.9544503907}, "joint-AICc": {"individual": [], "joint": 397247.205063152}, "joint-loglikelihood": {"individual": [], "joint": -193912.0674654115}, "AAA|AAG": {"individual": [], "joint": {"secondary": 0.8347388421867039, "primary": 0.7681712351216656}}, "AAC|AAT": {"individual": [], "joint": {"secondary": 0.852047755859828, "primary": 0.8343038013641112}}, "ACA|ACC": {"individual": [], "joint": {"secondary": 0.8146352038014789, "primary": 0.6203636125061247}}, "ACA|ACG": {"individual": [], "joint": {"secondary": 0.8005895426938999, "primary": 0.8438583995650929}}, "ACA|ACT": {"individual": [], "joint": {"secondary": 0.5669191636390251, "primary": 0.6307534085460512}}, "ACC|ACG": {"individual": [], "joint": {"secondary": 0.6440352408191506, "primary": 0.8025278007011837}}, "ACC|ACT": {"individual": [], "joint": {"secondary": 0.7989162160818641, "primary": 0.6837555494693803}}, "ACG|ACT": {"individual": [], "joint": {"secondary": 0.6228430360199054, "primary": 0.8665774908377903}}, "AGA|AGG": {"individual": [], "joint": {"secondary": 0.7692001033044726, "primary": 0.8719008404693673}}, "AGA|CGA": {"individual": [], "joint": {"secondary": 0.6998656471115947, "primary": 0.6968338904696875}}, "AGC|AGT": {"individual": [], "joint": {"secondary": 0.6720138305151313, "primary": 0.6064794404623021}}, "AGG|CGG": {"individual": [], "joint": {"secondary": 0.8713813004408718, "primary": 0.8177609020251931}}, "ATA|ATC": {"individual": [], "joint": {"secondary": 0.6979449920995929, "primary": 0.9225759513275991}}, "ATA|ATT": {"individual": [], "joint": {"secondary": 0.7488727314230481, "primary": 0.6930442940811382}}, "ATC|ATT": {"individual": [], "joint": {"secondary": 0.7563201567676385, "primary": 0.876027545823339}}, "CAA|CAG": {"individual": [], "joint": {"secondary": 0.8675023789635303, "primary": 0.7852407827318835}}, "CAC|CAT": {"individual": [], "joint": {"secondary": 0.8524648637059463, "primary": 0.6743890470982177}}, "CCA|CCC": {"individual": [], "joint": {"secondary": 0.9847707178936591, "primary": 0.8804115189504821}}, "CCA|CCG": {"individual": [], "joint": {"secondary": 0.7125247155593467, "primary": 0.8311027070404511}}, "CCA|CCT": {"individual": [], "joint": {"secondary": 0.7135094923262119, "primary": 1.454374934395149}}, "CCC|CCG": {"individual": [], "joint": {"secondary": 0.709495325273962, "primary": 0.7449259893948269}}, "CCC|CCT": {"individual": [], "joint": {"secondary": 0.6499993450691415, "primary": 0.8327711377560567}}, "CCG|CCT": {"individual": [], "joint": {"secondary": 0.6936729466242832, "primary": 0.6974362454041473}}, "CGA|CGC": {"individual": [], "joint": {"secondary": 0.5284187044362013, "primary": 0.5098306285249976}}, "CGA|CGG": {"individual": [], "joint": {"secondary": 0.7212782066965244, "primary": 0.6941241797913181}}, "CGA|CGT": {"individual": [], "joint": {"secondary": 0.6040945580944609, "primary": 0.6680358881673444}}, "CGC|CGG": {"individual": [], "joint": {"secondary": 1.763754809497111, "primary": 1.833106412765915}}, "CGC|CGT": {"individual": [], "joint": {"secondary": 1.924930508751449, "primary": 1.840909167421225}}, "CGG|CGT": {"individual": [], "joint": {"secondary": 0.6146800191196413, "primary": 1.507890153989929}}, "CTA|CTC": {"individual": [], "joint": {"secondary": 0.7834731094917833, "primary": 0.8039410560621371}}, "CTA|CTG": {"individual": [], "joint": {"secondary": 0.7605889065456901, "primary": 0.8131734896053907}}, "CTA|CTT": {"individual": [], "joint": {"secondary": 0.595633153214463, "primary": 0.7089273529335508}}, "CTA|TTA": {"individual": [], "joint": {"secondary": 0.7799330554475968, "primary": 0.4954387255823025}}, "CTC|CTG": {"individual": [], "joint": {"secondary": 0.6360560006636995, "primary": 0.6892069595527162}}, "CTC|CTT": {"individual": [], "joint": {"secondary": 0.7241769948678896, "primary": 0.962531475461086}}, "CTG|CTT": {"individual": [], "joint": {"secondary": 0.7255077832749014, "primary": 0.5865035669369353}}, "CTG|TTG": {"individual": [], "joint": {"secondary": 0.7645425402787239, "primary": 0.8731292679830313}}, "GAA|GAG": {"individual": [], "joint": {"secondary": 0.784349322177833, "primary": 0.7217223322087508}}, "GAC|GAT": {"individual": [], "joint": {"secondary": 0.6794574112029405, "primary": 0.8298094622498078}}, "GCA|GCC": {"individual": [], "joint": {"secondary": 0.6802187939378281, "primary": 0.6105183932023386}}, "GCA|GCG": {"individual": [], "joint": {"secondary": 0.8659179805502355, "primary": 0.6727959255770736}}, "GCA|GCT": {"individual": [], "joint": {"secondary": 0.7658205668982577, "primary": 0.8773403570970488}}, "GCC|GCG": {"individual": [], "joint": {"secondary": 0.7195467337357015, "primary": 1.220272683696778}}, "GCC|GCT": {"individual": [], "joint": {"secondary": 0.7787264130828568, "primary": 1.182920380389789}}, "GCG|GCT": {"individual": [], "joint": {"secondary": 0.7108258048387629, "primary": 1.175625939803772}}, "GGA|GGC": {"individual": [], "joint": {"secondary": 0.7803864243513349, "primary": 1.29905561309702}}, "GGA|GGG": {"individual": [], "joint": {"secondary": 0.7011324830582919, "primary": 1.112202604739212}}, "GGA|GGT": {"individual": [], "joint": {"secondary": 0.9363341530239965, "primary": 0.8783004144687664}}, "GGC|GGG": {"individual": [], "joint": {"secondary": 0.6752678308240114, "primary": 0.7052571241914118}}, "GGC|GGT": {"individual": [], "joint": {"secondary": 1.805265571861932, "primary": 1.119911451039914}}, "GGG|GGT": {"individual": [], "joint": {"secondary": 1.647885850128008, "primary": 2.158626794727182}}, "GTA|GTC": {"individual": [], "joint": {"secondary": 1.819559793322551, "primary": 1.337296693662214}}, "GTA|GTG": {"individual": [], "joint": {"secondary": 2.082607525509811, "primary": 2.013488236958483}}, "GTA|GTT": {"individual": [], "joint": {"secondary": 1.773254656404529, "primary": 1.231167308729174}}, "GTC|GTG": {"individual": [], "joint": {"secondary": 1.769541726182579, "primary": 1.127775500803405}}, "GTC|GTT": {"individual": [], "joint": {"secondary": 1.74611462780538, "primary": 1.090025408227671}}, "GTG|GTT": {"individual": [], "joint": {"secondary": 0.747156664075239, "primary": 1.045149114077669}}, "TAC|TAT": {"individual": [], "joint": {"secondary": 0.6845233899985219, "primary": 1.373705365510982}}, "TCA|TCC": {"individual": [], "joint": {"secondary": 2.151064201460698, "primary": 1.622994426931932}}, "TCA|TCG": {"individual": [], "joint": {"secondary": 2.058794606383499, "primary": 2.26979938350305}}, "TCA|TCT": {"individual": [], "joint": {"secondary": 1.603422161278394, "primary": 1.631868658048753}}, "TCC|TCG": {"individual": [], "joint": {"secondary": 1.888832372904259, "primary": 1.08458282898697}}, "TCC|TCT": {"individual": [], "joint": {"secondary": 2.104252928416802, "primary": 1.350112193300501}}, "TCG|TCT": {"individual": [], "joint": {"secondary": 1.311805339938115, "primary": 0.9528752046531308}}, "TGC|TGT": {"individual": [], "joint": {"secondary": 1.963757268869766, "primary": 1.219298488123743}}, "TTA|TTG": {"individual": [], "joint": {"secondary": 0.7757238594939907, "primary": 0.8713519562518812}}, "TTC|TTT": {"individual": [], "joint": {"secondary": 0.7271216397234288, "primary": 0.791814905422438}}, "model_mixture_p": 0.3333035891331106}