{"baseline-AICc": {"individual": [], "joint": 396530.6039017938}, "baseline-loglikelihood": {"individual": [], "joint": -194474.411667776}, "joint-AICc": {"individual": [], "joint": 397399.3966512377}, "joint-loglikelihood": {"individual": [], "joint": -193988.1632594544}, "AAA|AAG": {"individual": [], "joint": {"secondary": 0.9791294906798853, "primary": 1.658232749479918}}, "AAC|AAT": {"individual": [], "joint": {"secondary": 0.9188233660426857, "primary": 2.479438816604597}}, "ACA|ACC": {"individual": [], "joint": {"secondary": 0.7362003032111093, "primary": 2.724487424934154}}, "ACA|ACG": {"individual": [], "joint": {"secondary": 0.856677828861886, "primary": 1.989839209480301}}, "ACA|ACT": {"individual": [], "joint": {"secondary": 0.8022668810736174, "primary": 0.8346816694167326}}, "ACC|ACG": {"individual": [], "joint": {"secondary": 0.8894951226097569, "primary": 1.000302150428122}}, "ACC|ACT": {"individual": [], "joint": {"secondary": 0.8255716114453857, "primary": 0.9867805508951036}}, "ACG|ACT": {"individual": [], "joint": {"secondary": 0.7002934023718944, "primary": 0.9073367565816083}}, "AGA|AGG": {"individual": [], "joint": {"secondary": 1.003842934574836, "primary": 0.8341431622467541}}, "AGA|CGA": {"individual": [], "joint": {"secondary": 0.9551203120877341, "primary": 0.8908111584226973}}, "AGC|AGT": {"individual": [], "joint": {"secondary": 0.9611932648281293, "primary": 0.7450392592002169}}, "AGG|CGG": {"individual": [], "joint": {"secondary": 0.832652821637816, "primary": 0.7413159632639449}}, "ATA|ATC": {"individual": [], "joint": {"secondary": 0.9148446036330191, "primary": 1.144633037220805}}, "ATA|ATT": {"individual": [], "joint": {"secondary": 1.052753051161381, "primary": 0.8349128995416261}}, "ATC|ATT": {"individual": [], "joint": {"secondary": 0.9688225959854228, "primary": 0.8851848075007593}}, "CAA|CAG": {"individual": [], "joint": {"secondary": 0.8898143605826403, "primary": 2.238478625869049}}, "CAC|CAT": {"individual": [], "joint": {"secondary": 0.8924487795906308, "primary": 2.60324357847415}}, "CCA|CCC": {"individual": [], "joint": {"secondary": 1.116438771670657, "primary": 0.7939370254720751}}, "CCA|CCG": {"individual": [], "joint": {"secondary": 0.970148771094231, "primary": 0.7529374085225623}}, "CCA|CCT": {"individual": [], "joint": {"secondary": 0.7042414053650098, "primary": 0.7748413033085806}}, "CCC|CCG": {"individual": [], "joint": {"secondary": 1.035226662778638, "primary": 0.9431797707785884}}, "CCC|CCT": {"individual": [], "joint": {"secondary": 1.107443485710772, "primary": 0.9665462489817157}}, "CCG|CCT": {"individual": [], "joint": {"secondary": 0.9268534441803997, "primary": 0.7105854322569936}}, "CGA|CGC": {"individual": [], "joint": {"secondary": 1.148071644423557, "primary": 0.8371429619176903}}, "CGA|CGG": {"individual": [], "joint": {"secondary": 0.9961589961872238, "primary": 1.015517611488654}}, "CGA|CGT": {"individual": [], "joint": {"secondary": 0.7427205782319082, "primary": 1.136538720026114}}, "CGC|CGG": {"individual": [], "joint": {"secondary": 1.938107500124361, "primary": 0.9474658470471962}}, "CGC|CGT": {"individual": [], "joint": {"secondary": 1.998559866886397, "primary": 0.7317895746632457}}, "CGG|CGT": {"individual": [], "joint": {"secondary": 0.7966468889857014, "primary": 0.7356417790731402}}, "CTA|CTC": {"individual": [], "joint": {"secondary": 1.048622038572141, "primary": 0.5952101073779523}}, "CTA|CTG": {"individual": [], "joint": {"secondary": 0.8913714378518474, "primary": 1.046943811423399}}, "CTA|CTT": {"individual": [], "joint": {"secondary": 0.8797816423314383, "primary": 1.029874559211489}}, "CTA|TTA": {"individual": [], "joint": {"secondary": 0.8736160010695134, "primary": 1.015855954043588}}, "CTC|CTG": {"individual": [], "joint": {"secondary": 0.8591620126682876, "primary": 1.000937135928684}}, "CTC|CTT": {"individual": [], "joint": {"secondary": 1.009716071526666, "primary": 0.757324054438919}}, "CTG|CTT": {"individual": [], "joint": {"secondary": 0.8436543130802735, "primary": 1.018698465666846}}, "CTG|TTG": {"individual": [], "joint": {"secondary": 0.9462569224067281, "primary": 0.8816625596552179}}, "GAA|GAG": {"individual": [], "joint": {"secondary": 0.8939710503498469, "primary": 1.006764762240253}}, "GAC|GAT": {"individual": [], "joint": {"secondary": 0.9951812001464935, "primary": 0.7972103992694443}}, "GCA|GCC": {"individual": [], "joint": {"secondary": 0.8701331216224599, "primary": 0.8154292059142332}}, "GCA|GCG": {"individual": [], "joint": {"secondary": 0.8026831675641782, "primary": 0.7013481318569458}}, "GCA|GCT": {"individual": [], "joint": {"secondary": 0.9141528603480378, "primary": 0.6009368448403071}}, "GCC|GCG": {"individual": [], "joint": {"secondary": 0.8883060099939836, "primary": 0.8123978047128239}}, "GCC|GCT": {"individual": [], "joint": {"secondary": 0.9421645308642252, "primary": 0.886313158803315}}, "GCG|GCT": {"individual": [], "joint": {"secondary": 0.8973224712901705, "primary": 1.176225788507947}}, "GGA|GGC": {"individual": [], "joint": {"secondary": 0.781066557665376, "primary": 1.227326708723414}}, "GGA|GGG": {"individual": [], "joint": {"secondary": 0.8968251829890591, "primary": 0.8515343158329172}}, "GGA|GGT": {"individual": [], "joint": {"secondary": 0.8148953024055203, "primary": 0.9417118071654669}}, "GGC|GGG": {"individual": [], "joint": {"secondary": 1.103387845233498, "primary": 0.8721699787849306}}, "GGC|GGT": {"individual": [], "joint": {"secondary": 0.9622206792320975, "primary": 0.8188478980431376}}, "GGG|GGT": {"individual": [], "joint": {"secondary": 2.065342410697142, "primary": 0.5384620350305143}}, "GTA|GTC": {"individual": [], "joint": {"secondary": 0.9922954273967506, "primary": 1.112093928754608}}, "GTA|GTG": {"individual": [], "joint": {"secondary": 1.723440897405069, "primary": 0.7567383148281926}}, "GTA|GTT": {"individual": [], "joint": {"secondary": 0.8539678669296799, "primary": 0.7072200502241947}}, "GTC|GTG": {"individual": [], "joint": {"secondary": 0.859269295600291, "primary": 1.010273914275127}}, "GTC|GTT": {"individual": [], "joint": {"secondary": 0.9738194304386978, "primary": 1.04196676407901}}, "GTG|GTT": {"individual": [], "joint": {"secondary": 0.8123352498164541, "primary": 0.7075264992888903}}, "TAC|TAT": {"individual": [], "joint": {"secondary": 0.8728650338325079, "primary": 0.8807142455309023}}, "TCA|TCC": {"individual": [], "joint": {"secondary": 2.275406723682515, "primary": 0.8164602161487181}}, "TCA|TCG": {"individual": [], "joint": {"secondary": 1.825888980491417, "primary": 0.8225312946923736}}, "TCA|TCT": {"individual": [], "joint": {"secondary": 0.7652195457071643, "primary": 0.7971265369141927}}, "TCC|TCG": {"individual": [], "joint": {"secondary": 0.7755719097904318, "primary": 0.8683240397219635}}, "TCC|TCT": {"individual": [], "joint": {"secondary": 0.8847184124051439, "primary": 0.9024365818249086}}, "TCG|TCT": {"individual": [], "joint": {"secondary": 0.8106183647330414, "primary": 0.7458413751601952}}, "TGC|TGT": {"individual": [], "joint": {"secondary": 0.9631868378591775, "primary": 0.9691790742728918}}, "TTA|TTG": {"individual": [], "joint": {"secondary": 0.8418450499614414, "primary": 0.8700427294752345}}, "TTC|TTT": {"individual": [], "joint": {"secondary": 0.9291493980245412, "primary": 0.7533534442397536}}, "model_mixture_p": 0.1666665944107183}