{"baseline-AICc": {"individual": [], "joint": 397631.1106206898}, "baseline-loglikelihood": {"individual": [], "joint": -195024.6650272241}, "joint-AICc": {"individual": [], "joint": 398400.7586755765}, "joint-loglikelihood": {"individual": [], "joint": -194488.8442716237}, "AAA|AAG": {"individual": [], "joint": {"secondary": 0.8733314759767145, "primary": 2.1982377306326}}, "AAC|AAT": {"individual": [], "joint": {"secondary": 1.023037390821145, "primary": 2.446280820793837}}, "ACA|ACC": {"individual": [], "joint": {"secondary": 0.9242494517196687, "primary": 2.448825244631206}}, "ACA|ACG": {"individual": [], "joint": {"secondary": 0.8589857283283259, "primary": 1.636003836556867}}, "ACA|ACT": {"individual": [], "joint": {"secondary": 0.8251461654121401, "primary": 0.5593014368312539}}, "ACC|ACG": {"individual": [], "joint": {"secondary": 0.7753136253843984, "primary": 1.204585249401371}}, "ACC|ACT": {"individual": [], "joint": {"secondary": 0.8366853064762658, "primary": 0.9768518872175114}}, "ACG|ACT": {"individual": [], "joint": {"secondary": 0.8968748661778216, "primary": 1.923966211983969}}, "AGA|AGG": {"individual": [], "joint": {"secondary": 0.8176465423589965, "primary": 1.009164292866313}}, "AGA|CGA": {"individual": [], "joint": {"secondary": 0.8525016011144017, "primary": 0.8703965389626606}}, "AGC|AGT": {"individual": [], "joint": {"secondary": 0.8550710359517951, "primary": 0.8430988673945756}}, "AGG|CGG": {"individual": [], "joint": {"secondary": 0.9099750877072671, "primary": 1.068532321169072}}, "ATA|ATC": {"individual": [], "joint": {"secondary": 0.8030693763967746, "primary": 0.8343426863943032}}, "ATA|ATT": {"individual": [], "joint": {"secondary": 0.8166213577783747, "primary": 0.8245913455935366}}, "ATC|ATT": {"individual": [], "joint": {"secondary": 0.9385691679032617, "primary": 0.7385757626205725}}, "CAA|CAG": {"individual": [], "joint": {"secondary": 0.9578505405039783, "primary": 2.094800863087186}}, "CAC|CAT": {"individual": [], "joint": {"secondary": 0.9191979785027473, "primary": 2.006805166721593}}, "CCA|CCC": {"individual": [], "joint": {"secondary": 2.082507477551855, "primary": 1.144668051105121}}, "CCA|CCG": {"individual": [], "joint": {"secondary": 0.9663750097965835, "primary": 0.8075473791452173}}, "CCA|CCT": {"individual": [], "joint": {"secondary": 0.9022988987429778, "primary": 0.729881640777332}}, "CCC|CCG": {"individual": [], "joint": {"secondary": 1.621220401013026, "primary": 0.8300876338636493}}, "CCC|CCT": {"individual": [], "joint": {"secondary": 1.77904581340304, "primary": 0.8137506579884672}}, "CCG|CCT": {"individual": [], "joint": {"secondary": 1.077453298724352, "primary": 0.8021764119765885}}, "CGA|CGC": {"individual": [], "joint": {"secondary": 1.983029854761982, "primary": 0.4221012276544227}}, "CGA|CGG": {"individual": [], "joint": {"secondary": 2.052283444742275, "primary": 1.071135877688298}}, "CGA|CGT": {"individual": [], "joint": {"secondary": 0.3441702203201166, "primary": 0.5055964650785888}}, "CGC|CGG": {"individual": [], "joint": {"secondary": 1.075295905844251, "primary": 0.97316934459956}}, "CGC|CGT": {"individual": [], "joint": {"secondary": 1.094493065970576, "primary": 0.8472112047674364}}, "CGG|CGT": {"individual": [], "joint": {"secondary": 1.11248486957196, "primary": 0.9540146091731815}}, "CTA|CTC": {"individual": [], "joint": {"secondary": 0.9343435568160721, "primary": 1.072302755455196}}, "CTA|CTG": {"individual": [], "joint": {"secondary": 0.961701961943279, "primary": 0.9527259032884872}}, "CTA|CTT": {"individual": [], "joint": {"secondary": 0.9507870926312144, "primary": 0.6768800694714565}}, "CTA|TTA": {"individual": [], "joint": {"secondary": 1.004773137275537, "primary": 1.423348617757882}}, "CTC|CTG": {"individual": [], "joint": {"secondary": 0.7900023445423798, "primary": 0.9219524139612474}}, "CTC|CTT": {"individual": [], "joint": {"secondary": 0.8379440820384552, "primary": 0.9970507351570131}}, "CTG|CTT": {"individual": [], "joint": {"secondary": 0.8114799709239263, "primary": 0.8792833658618896}}, "CTG|TTG": {"individual": [], "joint": {"secondary": 1.02443106289002, "primary": 0.6988112037267828}}, "GAA|GAG": {"individual": [], "joint": {"secondary": 0.9085487929236613, "primary": 0.8870124982281296}}, "GAC|GAT": {"individual": [], "joint": {"secondary": 0.9453568720000264, "primary": 0.775094774087053}}, "GCA|GCC": {"individual": [], "joint": {"secondary": 0.9024603332349497, "primary": 1.063589057000549}}, "GCA|GCG": {"individual": [], "joint": {"secondary": 0.9489340691839382, "primary": 0.7128389631336619}}, "GCA|GCT": {"individual": [], "joint": {"secondary": 0.8832928045278724, "primary": 0.8864424226210174}}, "GCC|GCG": {"individual": [], "joint": {"secondary": 0.8222931455352516, "primary": 1.018208654021526}}, "GCC|GCT": {"individual": [], "joint": {"secondary": 0.8476140533391692, "primary": 0.7843683344994378}}, "GCG|GCT": {"individual": [], "joint": {"secondary": 0.7449092028721149, "primary": 0.9057938966080026}}, "GGA|GGC": {"individual": [], "joint": {"secondary": 0.898721609992382, "primary": 1.070472181074776}}, "GGA|GGG": {"individual": [], "joint": {"secondary": 0.9809534192973492, "primary": 0.5900521609763032}}, "GGA|GGT": {"individual": [], "joint": {"secondary": 0.688239848771449, "primary": 0.3607681296212059}}, "GGC|GGG": {"individual": [], "joint": {"secondary": 1.914032052175086, "primary": 0.9185827676164126}}, "GGC|GGT": {"individual": [], "joint": {"secondary": 0.8253859550211561, "primary": 0.8693818140498244}}, "GGG|GGT": {"individual": [], "joint": {"secondary": 1.336354511551463, "primary": 1.01388258698862}}, "GTA|GTC": {"individual": [], "joint": {"secondary": 0.8810087074332483, "primary": 0.6704482751018641}}, "GTA|GTG": {"individual": [], "joint": {"secondary": 0.9300062705510092, "primary": 0.8395396081142401}}, "GTA|GTT": {"individual": [], "joint": {"secondary": 1.088117472619975, "primary": 1.311149159177581}}, "GTC|GTG": {"individual": [], "joint": {"secondary": 0.8034748424942804, "primary": 0.8777384089319006}}, "GTC|GTT": {"individual": [], "joint": {"secondary": 0.9742791201761037, "primary": 0.8233247106057731}}, "GTG|GTT": {"individual": [], "joint": {"secondary": 0.8649826265943238, "primary": 0.7407987922287484}}, "TAC|TAT": {"individual": [], "joint": {"secondary": 0.9825929818903033, "primary": 0.6658552480779434}}, "TCA|TCC": {"individual": [], "joint": {"secondary": 0.9082436375734282, "primary": 0.8827998517211599}}, "TCA|TCG": {"individual": [], "joint": {"secondary": 1.192991022873794, "primary": 0.8821399827542314}}, "TCA|TCT": {"individual": [], "joint": {"secondary": 0.8578252067273386, "primary": 0.9606647491626932}}, "TCC|TCG": {"individual": [], "joint": {"secondary": 0.8511270473517547, "primary": 1.010028326689118}}, "TCC|TCT": {"individual": [], "joint": {"secondary": 0.9889825736714447, "primary": 0.8354786826377502}}, "TCG|TCT": {"individual": [], "joint": {"secondary": 0.918339138615325, "primary": 0.7880693522821036}}, "TGC|TGT": {"individual": [], "joint": {"secondary": 1.01558398310873, "primary": 0.9745107412421289}}, "TTA|TTG": {"individual": [], "joint": {"secondary": 0.9216234686893267, "primary": 0.6657603461420251}}, "TTC|TTT": {"individual": [], "joint": {"secondary": 0.8834770611857852, "primary": 1.007149693247981}}, "model_mixture_p": 0.1666666863853075}