{"baseline-AICc": {"individual": [], "joint": 397662.309285611}, "baseline-loglikelihood": {"individual": [], "joint": -195040.2643596847}, "joint-AICc": {"individual": [], "joint": 398573.177321712}, "joint-loglikelihood": {"individual": [], "joint": -194575.0535946915}, "AAA|AAG": {"individual": [], "joint": {"secondary": 0.9161821959592892, "primary": 2.241271321544255}}, "AAC|AAT": {"individual": [], "joint": {"secondary": 1.027915030174436, "primary": 2.060293447778553}}, "ACA|ACC": {"individual": [], "joint": {"secondary": 0.9226973654697543, "primary": 2.501816091317126}}, "ACA|ACG": {"individual": [], "joint": {"secondary": 0.958887821487671, "primary": 1.903287048002153}}, "ACA|ACT": {"individual": [], "joint": {"secondary": 0.8570808813260342, "primary": 0.3268157261923588}}, "ACC|ACG": {"individual": [], "joint": {"secondary": 0.9100416257250812, "primary": 0.9351929515570981}}, "ACC|ACT": {"individual": [], "joint": {"secondary": 0.8817472450935646, "primary": 0.7875296887068388}}, "ACG|ACT": {"individual": [], "joint": {"secondary": 0.943564683857481, "primary": 1.005869047483825}}, "AGA|AGG": {"individual": [], "joint": {"secondary": 0.9210722809568576, "primary": 1.001307638573659}}, "AGA|CGA": {"individual": [], "joint": {"secondary": 0.8050074136747768, "primary": 0.8704777944074354}}, "AGC|AGT": {"individual": [], "joint": {"secondary": 0.8216950656645543, "primary": 0.8307863648522985}}, "AGG|CGG": {"individual": [], "joint": {"secondary": 0.8933004055539404, "primary": 0.8983358994290583}}, "ATA|ATC": {"individual": [], "joint": {"secondary": 0.7755900905285135, "primary": 0.951976929927441}}, "ATA|ATT": {"individual": [], "joint": {"secondary": 1.05409701138505, "primary": 0.9411236983560899}}, "ATC|ATT": {"individual": [], "joint": {"secondary": 0.8567741515823354, "primary": 0.8447879274748704}}, "CAA|CAG": {"individual": [], "joint": {"secondary": 0.9172176452573821, "primary": 2.285871127396994}}, "CAC|CAT": {"individual": [], "joint": {"secondary": 1.018823861863239, "primary": 2.052387345413417}}, "CCA|CCC": {"individual": [], "joint": {"secondary": 1.322752753134072, "primary": 0.8966026300399799}}, "CCA|CCG": {"individual": [], "joint": {"secondary": 1.001274259639112, "primary": 0.7158595491427884}}, "CCA|CCT": {"individual": [], "joint": {"secondary": 0.8534003306088229, "primary": 0.6165191927100842}}, "CCC|CCG": {"individual": [], "joint": {"secondary": 1.440253087914655, "primary": 0.9486855177316376}}, "CCC|CCT": {"individual": [], "joint": {"secondary": 1.641978770414541, "primary": 1.053502028641773}}, "CCG|CCT": {"individual": [], "joint": {"secondary": 1.019804409317623, "primary": 0.963960631941257}}, "CGA|CGC": {"individual": [], "joint": {"secondary": 1.539819036226287, "primary": 1.094483182515791}}, "CGA|CGG": {"individual": [], "joint": {"secondary": 1.273282170029655, "primary": 0.6743047895975894}}, "CGA|CGT": {"individual": [], "joint": {"secondary": 0.9612652349496942, "primary": 0.8673075616015266}}, "CGC|CGG": {"individual": [], "joint": {"secondary": 1.37851766432517, "primary": 0.9113664627764881}}, "CGC|CGT": {"individual": [], "joint": {"secondary": 1.327599342048636, "primary": 0.8382536965708416}}, "CGG|CGT": {"individual": [], "joint": {"secondary": 0.8877673369845697, "primary": 1.185508872527631}}, "CTA|CTC": {"individual": [], "joint": {"secondary": 0.9499246403410352, "primary": 0.7970002061394519}}, "CTA|CTG": {"individual": [], "joint": {"secondary": 0.8386690097768412, "primary": 0.8081717366944763}}, "CTA|CTT": {"individual": [], "joint": {"secondary": 1.022422534608765, "primary": 0.9327651055509265}}, "CTA|TTA": {"individual": [], "joint": {"secondary": 0.9651417610517539, "primary": 0.6351195566243231}}, "CTC|CTG": {"individual": [], "joint": {"secondary": 0.8013101277333026, "primary": 0.9974803375303085}}, "CTC|CTT": {"individual": [], "joint": {"secondary": 0.8761840387759345, "primary": 0.883874739267191}}, "CTG|CTT": {"individual": [], "joint": {"secondary": 0.7341724360520925, "primary": 1.120803859432305}}, "CTG|TTG": {"individual": [], "joint": {"secondary": 0.9228316777869227, "primary": 0.7375925514396398}}, "GAA|GAG": {"individual": [], "joint": {"secondary": 0.9195207233974211, "primary": 0.7847042855959125}}, "GAC|GAT": {"individual": [], "joint": {"secondary": 0.9817396799639269, "primary": 0.9410108854141948}}, "GCA|GCC": {"individual": [], "joint": {"secondary": 0.9383671120121719, "primary": 0.8264739032280224}}, "GCA|GCG": {"individual": [], "joint": {"secondary": 0.9550211763525923, "primary": 0.7075419873380392}}, "GCA|GCT": {"individual": [], "joint": {"secondary": 1.071083594573948, "primary": 0.8992772334197802}}, "GCC|GCG": {"individual": [], "joint": {"secondary": 0.8382999498627085, "primary": 0.9525565386118892}}, "GCC|GCT": {"individual": [], "joint": {"secondary": 0.8912619469758074, "primary": 0.835711683977726}}, "GCG|GCT": {"individual": [], "joint": {"secondary": 0.7747472487123761, "primary": 1.064855475494245}}, "GGA|GGC": {"individual": [], "joint": {"secondary": 1.052195354837915, "primary": 0.8442837107004637}}, "GGA|GGG": {"individual": [], "joint": {"secondary": 0.8012438228926301, "primary": 0.8784536528341718}}, "GGA|GGT": {"individual": [], "joint": {"secondary": 0.6697629705403518, "primary": 1.108160590952547}}, "GGC|GGG": {"individual": [], "joint": {"secondary": 1.376265690712708, "primary": 0.8474980535302994}}, "GGC|GGT": {"individual": [], "joint": {"secondary": 1.001665190798994, "primary": 0.9006113572976931}}, "GGG|GGT": {"individual": [], "joint": {"secondary": 1.608326047493983, "primary": 0.7366923642197558}}, "GTA|GTC": {"individual": [], "joint": {"secondary": 0.7395108939035886, "primary": 1.025107106719232}}, "GTA|GTG": {"individual": [], "joint": {"secondary": 1.381080671116005, "primary": 0.9386276886412349}}, "GTA|GTT": {"individual": [], "joint": {"secondary": 0.9417024455549742, "primary": 1.118776577321565}}, "GTC|GTG": {"individual": [], "joint": {"secondary": 0.9340455878226772, "primary": 0.9263546817743853}}, "GTC|GTT": {"individual": [], "joint": {"secondary": 0.871557266813263, "primary": 0.8302231941327263}}, "GTG|GTT": {"individual": [], "joint": {"secondary": 0.8707672314262767, "primary": 0.9397511745118231}}, "TAC|TAT": {"individual": [], "joint": {"secondary": 0.9430168240527679, "primary": 0.7323345092728748}}, "TCA|TCC": {"individual": [], "joint": {"secondary": 1.546412934151969, "primary": 1.028628124899863}}, "TCA|TCG": {"individual": [], "joint": {"secondary": 1.386115473887722, "primary": 0.9628302851856325}}, "TCA|TCT": {"individual": [], "joint": {"secondary": 0.9034809373924002, "primary": 0.5613026818302697}}, "TCC|TCG": {"individual": [], "joint": {"secondary": 0.8436026735271573, "primary": 0.9189367722065512}}, "TCC|TCT": {"individual": [], "joint": {"secondary": 1.121947091576731, "primary": 0.9217168441526551}}, "TCG|TCT": {"individual": [], "joint": {"secondary": 0.8986463934964432, "primary": 1.058626960222517}}, "TGC|TGT": {"individual": [], "joint": {"secondary": 0.8390841502897349, "primary": 0.8065841472067021}}, "TTA|TTG": {"individual": [], "joint": {"secondary": 0.8253260124836204, "primary": 0.7617513795742423}}, "TTC|TTT": {"individual": [], "joint": {"secondary": 0.8341375060976723, "primary": 1.022323892843486}}, "model_mixture_p": 0.3333319043202114}