{"baseline-AICc": {"individual": [], "joint": 395270.8132458535}, "baseline-loglikelihood": {"individual": [], "joint": -193844.5163398059}, "joint-AICc": {"individual": [], "joint": 394721.9856457856}, "joint-loglikelihood": {"individual": [], "joint": -192649.4577567283}, "AAA|AAG": {"individual": [], "joint": {"secondary": 0.7922019323559581, "primary": 0.7703280427375383}}, "AAC|AAT": {"individual": [], "joint": {"secondary": 0.8349706409216281, "primary": 0.6587241682274508}}, "ACA|ACC": {"individual": [], "joint": {"secondary": 0.8010088040676157, "primary": 0.7925799207577509}}, "ACA|ACG": {"individual": [], "joint": {"secondary": 0.9065446122573761, "primary": 0.6244088197029078}}, "ACA|ACT": {"individual": [], "joint": {"secondary": 0.7967184809161757, "primary": 0.5335366906517319}}, "ACC|ACG": {"individual": [], "joint": {"secondary": 0.6222398704314669, "primary": 0.6632772350216091}}, "ACC|ACT": {"individual": [], "joint": {"secondary": 0.6826228355399268, "primary": 0.6907894133776847}}, "ACG|ACT": {"individual": [], "joint": {"secondary": 0.7498268725397623, "primary": 0.6780911663367449}}, "AGA|AGG": {"individual": [], "joint": {"secondary": 0.8493214315358301, "primary": 1.105084415811751}}, "AGA|CGA": {"individual": [], "joint": {"secondary": 0.6785197993178118, "primary": 0.552042144224695}}, "AGC|AGT": {"individual": [], "joint": {"secondary": 0.6477121136167119, "primary": 0.6998597409144148}}, "AGG|CGG": {"individual": [], "joint": {"secondary": 0.742295623210029, "primary": 0.8187121496443232}}, "ATA|ATC": {"individual": [], "joint": {"secondary": 0.6992914756295743, "primary": 0.90443473322188}}, "ATA|ATT": {"individual": [], "joint": {"secondary": 0.5640178710976517, "primary": 0.6994529195243219}}, "ATC|ATT": {"individual": [], "joint": {"secondary": 0.765016046235097, "primary": 0.7498975588211118}}, "CAA|CAG": {"individual": [], "joint": {"secondary": 0.748788121960285, "primary": 0.735215521513246}}, "CAC|CAT": {"individual": [], "joint": {"secondary": 0.8301109814635831, "primary": 0.684672495855644}}, "CCA|CCC": {"individual": [], "joint": {"secondary": 0.8227135913374916, "primary": 0.8511086950483276}}, "CCA|CCG": {"individual": [], "joint": {"secondary": 0.8099808068530593, "primary": 0.7005966596271863}}, "CCA|CCT": {"individual": [], "joint": {"secondary": 0.7413738462838432, "primary": 1.103168713356827}}, "CCC|CCG": {"individual": [], "joint": {"secondary": 0.6696597309593596, "primary": 0.6498476097206645}}, "CCC|CCT": {"individual": [], "joint": {"secondary": 0.7105455775673813, "primary": 0.9348708949773207}}, "CCG|CCT": {"individual": [], "joint": {"secondary": 0.8091424430551069, "primary": 0.4141295069776497}}, "CGA|CGC": {"individual": [], "joint": {"secondary": 0.749438168089957, "primary": 0.8436233542422604}}, "CGA|CGG": {"individual": [], "joint": {"secondary": 0.7821343547214132, "primary": 0.6212080820786574}}, "CGA|CGT": {"individual": [], "joint": {"secondary": 0.7486738583034455, "primary": 1.259133695568509}}, "CGC|CGG": {"individual": [], "joint": {"secondary": 1.758630537162646, "primary": 1.474524818122801}}, "CGC|CGT": {"individual": [], "joint": {"secondary": 2.009012826851237, "primary": 2.377710801785082}}, "CGG|CGT": {"individual": [], "joint": {"secondary": 0.7912233739840906, "primary": 1.02052485656647}}, "CTA|CTC": {"individual": [], "joint": {"secondary": 0.768376391805612, "primary": 0.6525393962252126}}, "CTA|CTG": {"individual": [], "joint": {"secondary": 0.8223279864349355, "primary": 0.8659114881632547}}, "CTA|CTT": {"individual": [], "joint": {"secondary": 0.7878819610026426, "primary": 0.6644001476564115}}, "CTA|TTA": {"individual": [], "joint": {"secondary": 0.6327579419487327, "primary": 0.8385673452433926}}, "CTC|CTG": {"individual": [], "joint": {"secondary": 0.7312087635700529, "primary": 0.6752914350309774}}, "CTC|CTT": {"individual": [], "joint": {"secondary": 0.8075801129802272, "primary": 0.8517381965076345}}, "CTG|CTT": {"individual": [], "joint": {"secondary": 0.6685147079397898, "primary": 0.7411125538100684}}, "CTG|TTG": {"individual": [], "joint": {"secondary": 0.7118937597367575, "primary": 0.6343676615517547}}, "GAA|GAG": {"individual": [], "joint": {"secondary": 0.8057986684832932, "primary": 0.7973404541939706}}, "GAC|GAT": {"individual": [], "joint": {"secondary": 0.70423353199633, "primary": 0.8663754866161589}}, "GCA|GCC": {"individual": [], "joint": {"secondary": 0.7556738453122129, "primary": 0.8290233219126513}}, "GCA|GCG": {"individual": [], "joint": {"secondary": 0.9110755516363483, "primary": 0.6955685420553606}}, "GCA|GCT": {"individual": [], "joint": {"secondary": 1.096277352838881, "primary": 0.6006851540164959}}, "GCC|GCG": {"individual": [], "joint": {"secondary": 0.6240263620531219, "primary": 1.094730106631617}}, "GCC|GCT": {"individual": [], "joint": {"secondary": 0.7774892291917425, "primary": 1.145632543892817}}, "GCG|GCT": {"individual": [], "joint": {"secondary": 0.6949801044517303, "primary": 1.063882080156905}}, "GGA|GGC": {"individual": [], "joint": {"secondary": 0.8972786824406995, "primary": 1.300352592860552}}, "GGA|GGG": {"individual": [], "joint": {"secondary": 0.7072648990276343, "primary": 1.245723749882512}}, "GGA|GGT": {"individual": [], "joint": {"secondary": 0.5477892233690622, "primary": 0.6381163678189841}}, "GGC|GGG": {"individual": [], "joint": {"secondary": 0.6303860588769964, "primary": 0.703659188068477}}, "GGC|GGT": {"individual": [], "joint": {"secondary": 1.896249845910426, "primary": 1.751838976224884}}, "GGG|GGT": {"individual": [], "joint": {"secondary": 1.756830095523019, "primary": 1.757399457415314}}, "GTA|GTC": {"individual": [], "joint": {"secondary": 1.736121101016563, "primary": 1.269766033244582}}, "GTA|GTG": {"individual": [], "joint": {"secondary": 2.097255669608123, "primary": 1.830456177475864}}, "GTA|GTT": {"individual": [], "joint": {"secondary": 1.675185069032733, "primary": 1.43000026257705}}, "GTC|GTG": {"individual": [], "joint": {"secondary": 1.683588799707545, "primary": 1.410881123587468}}, "GTC|GTT": {"individual": [], "joint": {"secondary": 1.871141314762555, "primary": 1.339304032355688}}, "GTG|GTT": {"individual": [], "joint": {"secondary": 0.7020666649132896, "primary": 1.347307782636431}}, "TAC|TAT": {"individual": [], "joint": {"secondary": 0.7239679117194125, "primary": 1.094805070261447}}, "TCA|TCC": {"individual": [], "joint": {"secondary": 1.701526433131478, "primary": 1.542201632014919}}, "TCA|TCG": {"individual": [], "joint": {"secondary": 1.762973568005931, "primary": 1.721316540420975}}, "TCA|TCT": {"individual": [], "joint": {"secondary": 1.62194793199464, "primary": 1.516704128808223}}, "TCC|TCG": {"individual": [], "joint": {"secondary": 1.574295698921636, "primary": 1.419679121684593}}, "TCC|TCT": {"individual": [], "joint": {"secondary": 1.792644314813593, "primary": 1.480887757197715}}, "TCG|TCT": {"individual": [], "joint": {"secondary": 1.893609604967881, "primary": 1.389401186378427}}, "TGC|TGT": {"individual": [], "joint": {"secondary": 1.918345358695618, "primary": 1.526780704920057}}, "TTA|TTG": {"individual": [], "joint": {"secondary": 0.7287256396608095, "primary": 0.829240091607851}}, "TTC|TTT": {"individual": [], "joint": {"secondary": 0.6669732142524087, "primary": 0.8254572844767228}}, "model_mixture_p": 0.4427848116825908}