{"baseline-AICc": {"individual": [], "joint": 397274.2753851193}, "baseline-loglikelihood": {"individual": [], "joint": -194846.2474094388}, "joint-AICc": {"individual": [], "joint": 397757.4186988199}, "joint-loglikelihood": {"individual": [], "joint": -194167.1742832454}, "AAA|AAG": {"individual": [], "joint": {"secondary": 0.9982926672507505, "primary": 2.064126473442883}}, "AAC|AAT": {"individual": [], "joint": {"secondary": 0.8950605738876867, "primary": 2.230096249552907}}, "ACA|ACC": {"individual": [], "joint": {"secondary": 0.8616904544275862, "primary": 2.171944274950843}}, "ACA|ACG": {"individual": [], "joint": {"secondary": 0.875430049480185, "primary": 2.07245350925492}}, "ACA|ACT": {"individual": [], "joint": {"secondary": 1.309138260075863, "primary": 1.010657667637642}}, "ACC|ACG": {"individual": [], "joint": {"secondary": 0.9204871849640436, "primary": 0.960944918925923}}, "ACC|ACT": {"individual": [], "joint": {"secondary": 0.9663508252869255, "primary": 0.8619857412487}}, "ACG|ACT": {"individual": [], "joint": {"secondary": 0.592210921531589, "primary": 1.034522207187353}}, "AGA|AGG": {"individual": [], "joint": {"secondary": 1.056644706110137, "primary": 0.8685212620867566}}, "AGA|CGA": {"individual": [], "joint": {"secondary": 0.7802771611943441, "primary": 1.1177512373018}}, "AGC|AGT": {"individual": [], "joint": {"secondary": 0.8822801644319215, "primary": 0.804987671750276}}, "AGG|CGG": {"individual": [], "joint": {"secondary": 0.9531630772118704, "primary": 0.9667398112949726}}, "ATA|ATC": {"individual": [], "joint": {"secondary": 0.9006694870863748, "primary": 0.8815346770303036}}, "ATA|ATT": {"individual": [], "joint": {"secondary": 0.7248946890948104, "primary": 0.8220277402746257}}, "ATC|ATT": {"individual": [], "joint": {"secondary": 1.009276634648742, "primary": 0.8771697924937982}}, "CAA|CAG": {"individual": [], "joint": {"secondary": 0.7769177423833326, "primary": 2.201529369538401}}, "CAC|CAT": {"individual": [], "joint": {"secondary": 0.929094924918095, "primary": 2.242859730495892}}, "CCA|CCC": {"individual": [], "joint": {"secondary": 1.339979750914759, "primary": 0.8624703303338721}}, "CCA|CCG": {"individual": [], "joint": {"secondary": 1.165976799181537, "primary": 0.6921657939850944}}, "CCA|CCT": {"individual": [], "joint": {"secondary": 0.5365521908719412, "primary": 0.7192686837352005}}, "CCC|CCG": {"individual": [], "joint": {"secondary": 1.304114968510131, "primary": 0.9207697473485977}}, "CCC|CCT": {"individual": [], "joint": {"secondary": 1.478442063255521, "primary": 0.9842689353616747}}, "CCG|CCT": {"individual": [], "joint": {"secondary": 1.238208155007736, "primary": 0.968700053817901}}, "CGA|CGC": {"individual": [], "joint": {"secondary": 1.517942834763832, "primary": 0.8972298854732518}}, "CGA|CGG": {"individual": [], "joint": {"secondary": 1.52923385343038, "primary": 0.7055998379375389}}, "CGA|CGT": {"individual": [], "joint": {"secondary": 0.6586572172003133, "primary": 0.6489941404696787}}, "CGC|CGG": {"individual": [], "joint": {"secondary": 1.551841700586717, "primary": 1.068684800555465}}, "CGC|CGT": {"individual": [], "joint": {"secondary": 1.36598506790978, "primary": 0.8849561852709622}}, "CGG|CGT": {"individual": [], "joint": {"secondary": 1.389461673437213, "primary": 0.9086433035546138}}, "CTA|CTC": {"individual": [], "joint": {"secondary": 1.002449921783337, "primary": 0.9069915570520665}}, "CTA|CTG": {"individual": [], "joint": {"secondary": 0.9705215032672355, "primary": 0.7818061744382545}}, "CTA|CTT": {"individual": [], "joint": {"secondary": 1.099781631579086, "primary": 0.9544351479426985}}, "CTA|TTA": {"individual": [], "joint": {"secondary": 0.9143888541278966, "primary": 0.7609414385481735}}, "CTC|CTG": {"individual": [], "joint": {"secondary": 0.7449788309268314, "primary": 0.8752050557327752}}, "CTC|CTT": {"individual": [], "joint": {"secondary": 0.7073990523018078, "primary": 1.062254295764703}}, "CTG|CTT": {"individual": [], "joint": {"secondary": 1.068833944044532, "primary": 0.848026520270795}}, "CTG|TTG": {"individual": [], "joint": {"secondary": 0.9754691538967157, "primary": 0.7737135772489323}}, "GAA|GAG": {"individual": [], "joint": {"secondary": 0.9352909899592362, "primary": 0.8746595542145909}}, "GAC|GAT": {"individual": [], "joint": {"secondary": 0.8382032549796102, "primary": 0.8279171060171341}}, "GCA|GCC": {"individual": [], "joint": {"secondary": 0.8693497648022256, "primary": 0.852614677052258}}, "GCA|GCG": {"individual": [], "joint": {"secondary": 0.8495406692920272, "primary": 0.8255600183034609}}, "GCA|GCT": {"individual": [], "joint": {"secondary": 0.5964656752623613, "primary": 0.9846500508403867}}, "GCC|GCG": {"individual": [], "joint": {"secondary": 0.8107799853509227, "primary": 0.9094049521099322}}, "GCC|GCT": {"individual": [], "joint": {"secondary": 0.9317754424801595, "primary": 0.7840088795892288}}, "GCG|GCT": {"individual": [], "joint": {"secondary": 0.8239076480764558, "primary": 0.7976042963553157}}, "GGA|GGC": {"individual": [], "joint": {"secondary": 0.9521469831131406, "primary": 1.133113775944978}}, "GGA|GGG": {"individual": [], "joint": {"secondary": 0.7956175861360036, "primary": 0.7836293080149339}}, "GGA|GGT": {"individual": [], "joint": {"secondary": 0.9222665960252041, "primary": 0.732005977481866}}, "GGC|GGG": {"individual": [], "joint": {"secondary": 1.404154626855083, "primary": 1.02627392252703}}, "GGC|GGT": {"individual": [], "joint": {"secondary": 1.039531149198708, "primary": 0.866453273551661}}, "GGG|GGT": {"individual": [], "joint": {"secondary": 1.438565362578336, "primary": 1.021906333539695}}, "GTA|GTC": {"individual": [], "joint": {"secondary": 0.9021287205584666, "primary": 0.9904622033193945}}, "GTA|GTG": {"individual": [], "joint": {"secondary": 1.463969256086565, "primary": 0.734312456526628}}, "GTA|GTT": {"individual": [], "joint": {"secondary": 0.9037033914458581, "primary": 1.029302313098368}}, "GTC|GTG": {"individual": [], "joint": {"secondary": 0.8114553260945888, "primary": 0.8667604281157966}}, "GTC|GTT": {"individual": [], "joint": {"secondary": 0.8709490565526958, "primary": 0.7939020787976232}}, "GTG|GTT": {"individual": [], "joint": {"secondary": 0.9987412159472019, "primary": 0.9811452684824945}}, "TAC|TAT": {"individual": [], "joint": {"secondary": 0.88394109590083, "primary": 0.9387949701389977}}, "TCA|TCC": {"individual": [], "joint": {"secondary": 1.235271095766481, "primary": 0.9380038092104913}}, "TCA|TCG": {"individual": [], "joint": {"secondary": 1.57288032859758, "primary": 0.8701090145243386}}, "TCA|TCT": {"individual": [], "joint": {"secondary": 1.007440009608625, "primary": 0.9130378282184757}}, "TCC|TCG": {"individual": [], "joint": {"secondary": 0.8773444089129078, "primary": 0.897032934576004}}, "TCC|TCT": {"individual": [], "joint": {"secondary": 1.050935427490429, "primary": 0.8397120466587924}}, "TCG|TCT": {"individual": [], "joint": {"secondary": 0.7203184841638022, "primary": 0.9057770700665276}}, "TGC|TGT": {"individual": [], "joint": {"secondary": 0.9159589397056469, "primary": 0.758836476827294}}, "TTA|TTG": {"individual": [], "joint": {"secondary": 0.8195412504311169, "primary": 0.8494895426779212}}, "TTC|TTT": {"individual": [], "joint": {"secondary": 0.7657275676461688, "primary": 0.8585416339081369}}, "model_mixture_p": 0.6667399861016691}