{"baseline-AICc": {"individual": [], "joint": 397398.7200482863}, "baseline-loglikelihood": {"individual": [], "joint": -194908.4697410223}, "joint-AICc": {"individual": [], "joint": 398313.7397185487}, "joint-loglikelihood": {"individual": [], "joint": -194445.3347931098}, "AAA|AAG": {"individual": [], "joint": {"secondary": 1.005946150895295, "primary": 1.999512175027941}}, "AAC|AAT": {"individual": [], "joint": {"secondary": 0.9468379157828828, "primary": 2.270156418822213}}, "ACA|ACC": {"individual": [], "joint": {"secondary": 0.8461851114275036, "primary": 2.146830757837487}}, "ACA|ACG": {"individual": [], "joint": {"secondary": 0.8322114109292985, "primary": 2.201462957332331}}, "ACA|ACT": {"individual": [], "joint": {"secondary": 1.044476157411714, "primary": 1.078396246483976}}, "ACC|ACG": {"individual": [], "joint": {"secondary": 0.7674655473744413, "primary": 0.8620054388612892}}, "ACC|ACT": {"individual": [], "joint": {"secondary": 0.887419540983366, "primary": 0.9481690985059329}}, "ACG|ACT": {"individual": [], "joint": {"secondary": 0.9027304586855602, "primary": 0.6736459203315486}}, "AGA|AGG": {"individual": [], "joint": {"secondary": 0.9087063428918455, "primary": 0.7774139023077106}}, "AGA|CGA": {"individual": [], "joint": {"secondary": 0.8295705128264279, "primary": 0.8586961640182131}}, "AGC|AGT": {"individual": [], "joint": {"secondary": 0.9339648539472336, "primary": 0.8143800829290501}}, "AGG|CGG": {"individual": [], "joint": {"secondary": 0.8318741738677687, "primary": 1.040903293483098}}, "ATA|ATC": {"individual": [], "joint": {"secondary": 0.913286200522429, "primary": 0.9011865596646228}}, "ATA|ATT": {"individual": [], "joint": {"secondary": 0.8822513894803214, "primary": 0.8050799704114985}}, "ATC|ATT": {"individual": [], "joint": {"secondary": 0.9013331035782198, "primary": 0.8748418474673911}}, "CAA|CAG": {"individual": [], "joint": {"secondary": 0.8648253673148534, "primary": 1.812977031704191}}, "CAC|CAT": {"individual": [], "joint": {"secondary": 0.8646075943159496, "primary": 2.184300446723539}}, "CCA|CCC": {"individual": [], "joint": {"secondary": 1.465703942807732, "primary": 0.855643823202617}}, "CCA|CCG": {"individual": [], "joint": {"secondary": 0.8978988817489749, "primary": 0.8786975745619433}}, "CCA|CCT": {"individual": [], "joint": {"secondary": 0.8298199850634272, "primary": 1.00233974325767}}, "CCC|CCG": {"individual": [], "joint": {"secondary": 1.340269481955803, "primary": 0.9339525270913149}}, "CCC|CCT": {"individual": [], "joint": {"secondary": 1.459342247971073, "primary": 0.9760946359036466}}, "CCG|CCT": {"individual": [], "joint": {"secondary": 0.9588886874471128, "primary": 0.8606381169709676}}, "CGA|CGC": {"individual": [], "joint": {"secondary": 1.500711127085509, "primary": 0.9132683688846183}}, "CGA|CGG": {"individual": [], "joint": {"secondary": 1.324272782973772, "primary": 0.8342955669735849}}, "CGA|CGT": {"individual": [], "joint": {"secondary": 0.7694213737836013, "primary": 1.014284521284377}}, "CGC|CGG": {"individual": [], "joint": {"secondary": 1.597746764850392, "primary": 0.8730310206467494}}, "CGC|CGT": {"individual": [], "joint": {"secondary": 1.422779522705823, "primary": 0.7368149681816367}}, "CGG|CGT": {"individual": [], "joint": {"secondary": 1.144438909903149, "primary": 0.8267844023030899}}, "CTA|CTC": {"individual": [], "joint": {"secondary": 0.7837538017420136, "primary": 0.9813790922501777}}, "CTA|CTG": {"individual": [], "joint": {"secondary": 0.9080091228698753, "primary": 0.8588828116323415}}, "CTA|CTT": {"individual": [], "joint": {"secondary": 0.8321338647699132, "primary": 0.8272594131868929}}, "CTA|TTA": {"individual": [], "joint": {"secondary": 1.069917491758644, "primary": 0.6805828114113601}}, "CTC|CTG": {"individual": [], "joint": {"secondary": 0.8691090183588615, "primary": 0.9572904373704683}}, "CTC|CTT": {"individual": [], "joint": {"secondary": 0.8107202511283528, "primary": 0.8130968128897665}}, "CTG|CTT": {"individual": [], "joint": {"secondary": 0.8118844977920583, "primary": 1.009949573743445}}, "CTG|TTG": {"individual": [], "joint": {"secondary": 0.9089662089865084, "primary": 0.9493057023957792}}, "GAA|GAG": {"individual": [], "joint": {"secondary": 0.8908070324922205, "primary": 0.8511125110786858}}, "GAC|GAT": {"individual": [], "joint": {"secondary": 1.056909199259009, "primary": 0.8267706408543382}}, "GCA|GCC": {"individual": [], "joint": {"secondary": 0.9849437890784275, "primary": 1.053300718469573}}, "GCA|GCG": {"individual": [], "joint": {"secondary": 0.8333345172370701, "primary": 0.783027203895183}}, "GCA|GCT": {"individual": [], "joint": {"secondary": 0.6707558470599241, "primary": 1.051466268898801}}, "GCC|GCG": {"individual": [], "joint": {"secondary": 0.8713432850469796, "primary": 0.9253033675997272}}, "GCC|GCT": {"individual": [], "joint": {"secondary": 0.9785151180019456, "primary": 0.674593758854618}}, "GCG|GCT": {"individual": [], "joint": {"secondary": 0.8709044809109071, "primary": 0.9043415272748427}}, "GGA|GGC": {"individual": [], "joint": {"secondary": 0.7649333852491841, "primary": 1.020963604169923}}, "GGA|GGG": {"individual": [], "joint": {"secondary": 0.8402672696691311, "primary": 0.8424714161651796}}, "GGA|GGT": {"individual": [], "joint": {"secondary": 0.7058316329752318, "primary": 0.4721948663436339}}, "GGC|GGG": {"individual": [], "joint": {"secondary": 1.40112895412748, "primary": 0.9805973549640966}}, "GGC|GGT": {"individual": [], "joint": {"secondary": 0.7698276182202076, "primary": 0.9223433264839902}}, "GGG|GGT": {"individual": [], "joint": {"secondary": 1.846419143341137, "primary": 1.104336414069411}}, "GTA|GTC": {"individual": [], "joint": {"secondary": 0.8829763910373282, "primary": 0.968261849430506}}, "GTA|GTG": {"individual": [], "joint": {"secondary": 1.494902790142194, "primary": 0.8899773216539565}}, "GTA|GTT": {"individual": [], "joint": {"secondary": 1.155498867539637, "primary": 0.6129397620019709}}, "GTC|GTG": {"individual": [], "joint": {"secondary": 0.9157278517199302, "primary": 0.9276049879443108}}, "GTC|GTT": {"individual": [], "joint": {"secondary": 0.8814680847964096, "primary": 0.751453398304175}}, "GTG|GTT": {"individual": [], "joint": {"secondary": 0.915448463804264, "primary": 1.06570462396712}}, "TAC|TAT": {"individual": [], "joint": {"secondary": 1.072588383650193, "primary": 0.8205150576178534}}, "TCA|TCC": {"individual": [], "joint": {"secondary": 1.383767446376551, "primary": 0.672645644618309}}, "TCA|TCG": {"individual": [], "joint": {"secondary": 1.374043814870863, "primary": 0.8358380189546625}}, "TCA|TCT": {"individual": [], "joint": {"secondary": 1.183262299597506, "primary": 1.205597999493306}}, "TCC|TCG": {"individual": [], "joint": {"secondary": 0.8660167471887519, "primary": 0.9973197876084497}}, "TCC|TCT": {"individual": [], "joint": {"secondary": 1.008013165192208, "primary": 1.099888087543909}}, "TCG|TCT": {"individual": [], "joint": {"secondary": 0.7993163513671051, "primary": 1.052462621909906}}, "TGC|TGT": {"individual": [], "joint": {"secondary": 0.8164894453575876, "primary": 0.946974476146083}}, "TTA|TTG": {"individual": [], "joint": {"secondary": 0.956013127223157, "primary": 0.7551627583698055}}, "TTC|TTT": {"individual": [], "joint": {"secondary": 0.9390656995297443, "primary": 0.9512803892592292}}, "model_mixture_p": 0.3332119811388181}