{"baseline-AICc": {"individual": [], "joint": 396442.0584627665}, "baseline-loglikelihood": {"individual": [], "joint": -194430.1389482624}, "joint-AICc": {"individual": [], "joint": 396999.5383145112}, "joint-loglikelihood": {"individual": [], "joint": -193788.2340910911}, "AAA|AAG": {"individual": [], "joint": {"secondary": 0.9058264462441044, "primary": 1.924788615182986}}, "AAC|AAT": {"individual": [], "joint": {"secondary": 0.8889998782181767, "primary": 2.194047853808268}}, "ACA|ACC": {"individual": [], "joint": {"secondary": 0.7035290020316294, "primary": 2.264647669155167}}, "ACA|ACG": {"individual": [], "joint": {"secondary": 0.8431046927810928, "primary": 2.112575239178849}}, "ACA|ACT": {"individual": [], "joint": {"secondary": 1.143288136725801, "primary": 0.6553564498252646}}, "ACC|ACG": {"individual": [], "joint": {"secondary": 0.9727484706768952, "primary": 0.9280444934514799}}, "ACC|ACT": {"individual": [], "joint": {"secondary": 0.8242663601579793, "primary": 0.8800836599746746}}, "ACG|ACT": {"individual": [], "joint": {"secondary": 1.178350709503411, "primary": 0.9619342279838302}}, "AGA|AGG": {"individual": [], "joint": {"secondary": 0.8600385211636402, "primary": 0.8431599582776319}}, "AGA|CGA": {"individual": [], "joint": {"secondary": 0.9064521368776872, "primary": 0.9738993647323021}}, "AGC|AGT": {"individual": [], "joint": {"secondary": 0.9303627718390677, "primary": 0.8039781190351697}}, "AGG|CGG": {"individual": [], "joint": {"secondary": 0.9799658654224123, "primary": 0.9605100085137154}}, "ATA|ATC": {"individual": [], "joint": {"secondary": 0.8189391852036626, "primary": 0.7827291027911933}}, "ATA|ATT": {"individual": [], "joint": {"secondary": 0.6028208103250278, "primary": 1.129043800310846}}, "ATC|ATT": {"individual": [], "joint": {"secondary": 0.8961782349899223, "primary": 0.8802917092026639}}, "CAA|CAG": {"individual": [], "joint": {"secondary": 1.029134657324412, "primary": 2.097759396877556}}, "CAC|CAT": {"individual": [], "joint": {"secondary": 0.8845271196189411, "primary": 2.077559736354326}}, "CCA|CCC": {"individual": [], "joint": {"secondary": 1.27313849042352, "primary": 1.007451842705363}}, "CCA|CCG": {"individual": [], "joint": {"secondary": 0.7634493853710153, "primary": 0.8244559662046258}}, "CCA|CCT": {"individual": [], "joint": {"secondary": 1.142776288306135, "primary": 1.087586458168527}}, "CCC|CCG": {"individual": [], "joint": {"secondary": 1.376544003832173, "primary": 1.013747539138624}}, "CCC|CCT": {"individual": [], "joint": {"secondary": 1.439002079971136, "primary": 0.9138345223961485}}, "CCG|CCT": {"individual": [], "joint": {"secondary": 0.8376470354704793, "primary": 0.7776445761806818}}, "CGA|CGC": {"individual": [], "joint": {"secondary": 1.401032778101464, "primary": 1.111978708076644}}, "CGA|CGG": {"individual": [], "joint": {"secondary": 1.542250422302046, "primary": 0.7501214330694681}}, "CGA|CGT": {"individual": [], "joint": {"secondary": 0.3872973351109877, "primary": 1.115904967037024}}, "CGC|CGG": {"individual": [], "joint": {"secondary": 1.581813485986438, "primary": 0.9769908997244104}}, "CGC|CGT": {"individual": [], "joint": {"secondary": 1.271772503198374, "primary": 0.7612216483174264}}, "CGG|CGT": {"individual": [], "joint": {"secondary": 1.039305873525583, "primary": 1.214877134924848}}, "CTA|CTC": {"individual": [], "joint": {"secondary": 0.8450079414398769, "primary": 0.9024295430929219}}, "CTA|CTG": {"individual": [], "joint": {"secondary": 0.9705364364851241, "primary": 0.8645498038376433}}, "CTA|CTT": {"individual": [], "joint": {"secondary": 0.9065089908733089, "primary": 0.8748340452862556}}, "CTA|TTA": {"individual": [], "joint": {"secondary": 0.8303043734176767, "primary": 0.9194206913001693}}, "CTC|CTG": {"individual": [], "joint": {"secondary": 0.7946481935544224, "primary": 1.035041777158273}}, "CTC|CTT": {"individual": [], "joint": {"secondary": 0.9821156258102354, "primary": 0.9569322317576133}}, "CTG|CTT": {"individual": [], "joint": {"secondary": 0.8156706085150206, "primary": 0.7800574589866444}}, "CTG|TTG": {"individual": [], "joint": {"secondary": 0.8041264163072364, "primary": 0.8227612479076569}}, "GAA|GAG": {"individual": [], "joint": {"secondary": 0.8940603269455023, "primary": 0.781490598528053}}, "GAC|GAT": {"individual": [], "joint": {"secondary": 1.159572360498724, "primary": 0.8853521624159854}}, "GCA|GCC": {"individual": [], "joint": {"secondary": 0.8017811843507698, "primary": 0.8989800971415124}}, "GCA|GCG": {"individual": [], "joint": {"secondary": 0.8279015234165576, "primary": 0.7823628224079937}}, "GCA|GCT": {"individual": [], "joint": {"secondary": 0.6890465917769096, "primary": 0.9078818181429448}}, "GCC|GCG": {"individual": [], "joint": {"secondary": 0.8050879351808005, "primary": 0.9054883776363557}}, "GCC|GCT": {"individual": [], "joint": {"secondary": 0.9457461799954132, "primary": 0.7379032391030017}}, "GCG|GCT": {"individual": [], "joint": {"secondary": 1.247841456589144, "primary": 0.8646751317506008}}, "GGA|GGC": {"individual": [], "joint": {"secondary": 0.8423442297028507, "primary": 0.9646620468417828}}, "GGA|GGG": {"individual": [], "joint": {"secondary": 0.9287083080653914, "primary": 0.7623900756005147}}, "GGA|GGT": {"individual": [], "joint": {"secondary": 0.9093082944040372, "primary": 0.6196864664487075}}, "GGC|GGG": {"individual": [], "joint": {"secondary": 1.389338246974155, "primary": 0.8694247483859695}}, "GGC|GGT": {"individual": [], "joint": {"secondary": 0.8885906614107237, "primary": 0.7872983089960299}}, "GGG|GGT": {"individual": [], "joint": {"secondary": 1.781768527725408, "primary": 1.0762058816345}}, "GTA|GTC": {"individual": [], "joint": {"secondary": 0.9966484821688694, "primary": 0.9024428184441392}}, "GTA|GTG": {"individual": [], "joint": {"secondary": 1.34960179928716, "primary": 0.8016020743992757}}, "GTA|GTT": {"individual": [], "joint": {"secondary": 1.08409764469846, "primary": 0.7708056709117235}}, "GTC|GTG": {"individual": [], "joint": {"secondary": 0.9198431584022364, "primary": 0.9614819655335739}}, "GTC|GTT": {"individual": [], "joint": {"secondary": 0.9145124303955032, "primary": 0.733952682806715}}, "GTG|GTT": {"individual": [], "joint": {"secondary": 0.7427263389367181, "primary": 0.8631665296572544}}, "TAC|TAT": {"individual": [], "joint": {"secondary": 1.147324536401118, "primary": 0.9626678632701614}}, "TCA|TCC": {"individual": [], "joint": {"secondary": 1.261834569954204, "primary": 0.9465050494029094}}, "TCA|TCG": {"individual": [], "joint": {"secondary": 1.532923480238649, "primary": 0.7724155383191874}}, "TCA|TCT": {"individual": [], "joint": {"secondary": 0.9267924907317588, "primary": 1.141454396245291}}, "TCC|TCG": {"individual": [], "joint": {"secondary": 0.9323055193791797, "primary": 0.8653397241574976}}, "TCC|TCT": {"individual": [], "joint": {"secondary": 1.063466909665352, "primary": 0.8138526481251777}}, "TCG|TCT": {"individual": [], "joint": {"secondary": 0.9655125403627289, "primary": 0.9626375794958288}}, "TGC|TGT": {"individual": [], "joint": {"secondary": 0.9267481532683814, "primary": 0.8637811500868355}}, "TTA|TTG": {"individual": [], "joint": {"secondary": 0.8635541451488666, "primary": 0.7200054265187592}}, "TTC|TTT": {"individual": [], "joint": {"secondary": 0.8875307068183141, "primary": 0.8918352076648298}}, "model_mixture_p": 0.6664030393370005}