{"baseline-AICc": {"individual": [], "joint": 396504.6810002848}, "baseline-loglikelihood": {"individual": [], "joint": -194461.4502170215}, "joint-AICc": {"individual": [], "joint": 397329.772500442}, "joint-loglikelihood": {"individual": [], "joint": -193953.3511840565}, "AAA|AAG": {"individual": [], "joint": {"secondary": 1.005539467399875, "primary": 2.040350867847746}}, "AAC|AAT": {"individual": [], "joint": {"secondary": 0.9663706452180296, "primary": 2.084315697646259}}, "ACA|ACC": {"individual": [], "joint": {"secondary": 0.9430309443078713, "primary": 1.878978532045078}}, "ACA|ACG": {"individual": [], "joint": {"secondary": 0.8680536826681068, "primary": 1.989880761225082}}, "ACA|ACT": {"individual": [], "joint": {"secondary": 1.251956051186384, "primary": 0.6848503143829584}}, "ACC|ACG": {"individual": [], "joint": {"secondary": 0.830667640135062, "primary": 0.7740721847329308}}, "ACC|ACT": {"individual": [], "joint": {"secondary": 0.820157941399459, "primary": 0.8684226043209556}}, "ACG|ACT": {"individual": [], "joint": {"secondary": 0.9504379815853293, "primary": 0.8272585598032748}}, "AGA|AGG": {"individual": [], "joint": {"secondary": 0.8022623321353407, "primary": 0.6038783761042441}}, "AGA|CGA": {"individual": [], "joint": {"secondary": 0.9732427237423077, "primary": 0.8931791381565559}}, "AGC|AGT": {"individual": [], "joint": {"secondary": 0.9262900607812636, "primary": 0.8498946154272254}}, "AGG|CGG": {"individual": [], "joint": {"secondary": 0.7606563627862744, "primary": 0.6693318352806299}}, "ATA|ATC": {"individual": [], "joint": {"secondary": 0.9366096051924299, "primary": 0.9953959063387305}}, "ATA|ATT": {"individual": [], "joint": {"secondary": 1.286902905189113, "primary": 0.9862135356665006}}, "ATC|ATT": {"individual": [], "joint": {"secondary": 0.9317092498387778, "primary": 0.7257209659092436}}, "CAA|CAG": {"individual": [], "joint": {"secondary": 0.9611546096117566, "primary": 2.175756181027067}}, "CAC|CAT": {"individual": [], "joint": {"secondary": 0.9374440240489772, "primary": 2.844242518858213}}, "CCA|CCC": {"individual": [], "joint": {"secondary": 1.842442509112039, "primary": 1.210496697896787}}, "CCA|CCG": {"individual": [], "joint": {"secondary": 0.9256027187584966, "primary": 0.7570467529497078}}, "CCA|CCT": {"individual": [], "joint": {"secondary": 0.8988788100494339, "primary": 0.8175394993579002}}, "CCC|CCG": {"individual": [], "joint": {"secondary": 1.70102901876592, "primary": 0.9242011760305296}}, "CCC|CCT": {"individual": [], "joint": {"secondary": 2.07201509197712, "primary": 0.6025409937533909}}, "CCG|CCT": {"individual": [], "joint": {"secondary": 0.7944684670330785, "primary": 1.45750728289959}}, "CGA|CGC": {"individual": [], "joint": {"secondary": 1.777315235691983, "primary": 0.3121914115150085}}, "CGA|CGG": {"individual": [], "joint": {"secondary": 1.733448160671422, "primary": 0.8529491124094141}}, "CGA|CGT": {"individual": [], "joint": {"secondary": 1.071692358306552, "primary": 0.7015092150445997}}, "CGC|CGG": {"individual": [], "joint": {"secondary": 1.088528942258276, "primary": 0.8050908002720226}}, "CGC|CGT": {"individual": [], "joint": {"secondary": 1.01297822122602, "primary": 0.692343490080148}}, "CGG|CGT": {"individual": [], "joint": {"secondary": 0.8716696101772915, "primary": 0.7991149853842563}}, "CTA|CTC": {"individual": [], "joint": {"secondary": 0.8276576698500925, "primary": 0.7315022830132947}}, "CTA|CTG": {"individual": [], "joint": {"secondary": 1.001284302001862, "primary": 0.70577256832494}}, "CTA|CTT": {"individual": [], "joint": {"secondary": 0.7402491491974629, "primary": 0.9260432672858645}}, "CTA|TTA": {"individual": [], "joint": {"secondary": 0.9612631796114173, "primary": 0.8703046842682728}}, "CTC|CTG": {"individual": [], "joint": {"secondary": 0.8054336952458208, "primary": 0.8860151043142649}}, "CTC|CTT": {"individual": [], "joint": {"secondary": 0.9016514834521567, "primary": 0.7761374642263565}}, "CTG|CTT": {"individual": [], "joint": {"secondary": 1.02934193728013, "primary": 0.7495124878248347}}, "CTG|TTG": {"individual": [], "joint": {"secondary": 0.9366915896854427, "primary": 0.6859167780767839}}, "GAA|GAG": {"individual": [], "joint": {"secondary": 0.8593209558030732, "primary": 0.8676175123865052}}, "GAC|GAT": {"individual": [], "joint": {"secondary": 0.9187956730324075, "primary": 0.8266188519573054}}, "GCA|GCC": {"individual": [], "joint": {"secondary": 0.8442348904675848, "primary": 0.8335911326719687}}, "GCA|GCG": {"individual": [], "joint": {"secondary": 0.8602013149299896, "primary": 0.8005107576352166}}, "GCA|GCT": {"individual": [], "joint": {"secondary": 0.9207150695334427, "primary": 0.720164212539418}}, "GCC|GCG": {"individual": [], "joint": {"secondary": 0.8252968768515472, "primary": 0.9790135386214619}}, "GCC|GCT": {"individual": [], "joint": {"secondary": 1.001036244434406, "primary": 1.063158267014873}}, "GCG|GCT": {"individual": [], "joint": {"secondary": 0.8459785297576916, "primary": 1.013079598933756}}, "GGA|GGC": {"individual": [], "joint": {"secondary": 0.889237349173197, "primary": 1.039302827187519}}, "GGA|GGG": {"individual": [], "joint": {"secondary": 0.8734205504105006, "primary": 0.9190005451073535}}, "GGA|GGT": {"individual": [], "joint": {"secondary": 0.7785403401857738, "primary": 1.153235800540117}}, "GGC|GGG": {"individual": [], "joint": {"secondary": 1.77436855775833, "primary": 0.9943983082784519}}, "GGC|GGT": {"individual": [], "joint": {"secondary": 0.913907250097651, "primary": 0.7461711851525835}}, "GGG|GGT": {"individual": [], "joint": {"secondary": 1.16735683905647, "primary": 0.9329370612226432}}, "GTA|GTC": {"individual": [], "joint": {"secondary": 0.9002212533786791, "primary": 0.7776461757378829}}, "GTA|GTG": {"individual": [], "joint": {"secondary": 1.123594793182561, "primary": 0.8079318298821567}}, "GTA|GTT": {"individual": [], "joint": {"secondary": 0.8284084341599581, "primary": 1.342584085436413}}, "GTC|GTG": {"individual": [], "joint": {"secondary": 0.8109530242305013, "primary": 0.8992599685635203}}, "GTC|GTT": {"individual": [], "joint": {"secondary": 0.8420523653063058, "primary": 1.036884507333982}}, "GTG|GTT": {"individual": [], "joint": {"secondary": 0.7750723548606422, "primary": 0.8796179142978705}}, "TAC|TAT": {"individual": [], "joint": {"secondary": 0.8657432521274361, "primary": 1.064201539570587}}, "TCA|TCC": {"individual": [], "joint": {"secondary": 0.8713746119727129, "primary": 0.6031881722158583}}, "TCA|TCG": {"individual": [], "joint": {"secondary": 0.9671158746209106, "primary": 0.8447393942664478}}, "TCA|TCT": {"individual": [], "joint": {"secondary": 0.9808377541656806, "primary": 1.455398544112935}}, "TCC|TCG": {"individual": [], "joint": {"secondary": 0.9624621216872996, "primary": 1.141403779878171}}, "TCC|TCT": {"individual": [], "joint": {"secondary": 0.9658246449848008, "primary": 1.187641937256679}}, "TCG|TCT": {"individual": [], "joint": {"secondary": 0.6826402590285112, "primary": 1.453264699657523}}, "TGC|TGT": {"individual": [], "joint": {"secondary": 0.9191590921659214, "primary": 0.6241867065564085}}, "TTA|TTG": {"individual": [], "joint": {"secondary": 0.9670609864793617, "primary": 0.9355413335075048}}, "TTC|TTT": {"individual": [], "joint": {"secondary": 0.9189403585782727, "primary": 0.9022311627762318}}, "model_mixture_p": 0.1666666231809816}