{"baseline-AICc": {"individual": [], "joint": 395963.2073288425}, "baseline-loglikelihood": {"individual": [], "joint": -194190.7133813004}, "joint-AICc": {"individual": [], "joint": 396782.8077064306}, "joint-loglikelihood": {"individual": [], "joint": -193679.8687870508}, "AAA|AAG": {"individual": [], "joint": {"secondary": 0.8856277468408004, "primary": 1.978351196307982}}, "AAC|AAT": {"individual": [], "joint": {"secondary": 0.8355006199227725, "primary": 2.004035567837736}}, "ACA|ACC": {"individual": [], "joint": {"secondary": 0.9314091159081958, "primary": 2.546845732804493}}, "ACA|ACG": {"individual": [], "joint": {"secondary": 0.8544685774352407, "primary": 2.162637515817082}}, "ACA|ACT": {"individual": [], "joint": {"secondary": 0.7309419888772326, "primary": 0.8218846783511554}}, "ACC|ACG": {"individual": [], "joint": {"secondary": 0.778390074935879, "primary": 0.896810394404846}}, "ACC|ACT": {"individual": [], "joint": {"secondary": 0.8845336600595084, "primary": 0.6811404595106471}}, "ACG|ACT": {"individual": [], "joint": {"secondary": 0.9210661641995749, "primary": 0.846075095228372}}, "AGA|AGG": {"individual": [], "joint": {"secondary": 1.007084591449529, "primary": 0.7959414619774713}}, "AGA|CGA": {"individual": [], "joint": {"secondary": 0.7928992917313021, "primary": 1.159850063247436}}, "AGC|AGT": {"individual": [], "joint": {"secondary": 0.8925949535149188, "primary": 0.6690980677807106}}, "AGG|CGG": {"individual": [], "joint": {"secondary": 1.015607970767743, "primary": 0.8831864073626756}}, "ATA|ATC": {"individual": [], "joint": {"secondary": 1.047934886534996, "primary": 1.063167148430392}}, "ATA|ATT": {"individual": [], "joint": {"secondary": 0.8869267862763508, "primary": 1.115810960326451}}, "ATC|ATT": {"individual": [], "joint": {"secondary": 0.9315722180301889, "primary": 0.6724864756343121}}, "CAA|CAG": {"individual": [], "joint": {"secondary": 0.9248868097393941, "primary": 2.046876115992306}}, "CAC|CAT": {"individual": [], "joint": {"secondary": 0.9062601284618722, "primary": 2.61862606933654}}, "CCA|CCC": {"individual": [], "joint": {"secondary": 1.520546463115621, "primary": 0.9266165245528662}}, "CCA|CCG": {"individual": [], "joint": {"secondary": 0.8558053682919845, "primary": 0.8201166279921422}}, "CCA|CCT": {"individual": [], "joint": {"secondary": 0.928742322788705, "primary": 0.6508101245706511}}, "CCC|CCG": {"individual": [], "joint": {"secondary": 1.478879573749705, "primary": 0.9275879425880378}}, "CCC|CCT": {"individual": [], "joint": {"secondary": 1.377110417102844, "primary": 0.8408191815950266}}, "CCG|CCT": {"individual": [], "joint": {"secondary": 0.9936636216424638, "primary": 0.6363534504201115}}, "CGA|CGC": {"individual": [], "joint": {"secondary": 1.347829574208611, "primary": 1.192687346913456}}, "CGA|CGG": {"individual": [], "joint": {"secondary": 1.347093966139206, "primary": 0.9204433709780805}}, "CGA|CGT": {"individual": [], "joint": {"secondary": 0.7863674892125964, "primary": 0.7788629572674582}}, "CGC|CGG": {"individual": [], "joint": {"secondary": 1.455622221655761, "primary": 0.9318825730102898}}, "CGC|CGT": {"individual": [], "joint": {"secondary": 1.666624719412352, "primary": 0.870188089399462}}, "CGG|CGT": {"individual": [], "joint": {"secondary": 1.194044827785586, "primary": 1.372003084064521}}, "CTA|CTC": {"individual": [], "joint": {"secondary": 0.7785955048670015, "primary": 0.9305351139226008}}, "CTA|CTG": {"individual": [], "joint": {"secondary": 0.8017779242052994, "primary": 0.8989870524698813}}, "CTA|CTT": {"individual": [], "joint": {"secondary": 0.9346829592638176, "primary": 1.114066006764055}}, "CTA|TTA": {"individual": [], "joint": {"secondary": 1.068749545541022, "primary": 0.8978770811417109}}, "CTC|CTG": {"individual": [], "joint": {"secondary": 0.8230986469253684, "primary": 0.9727820000866897}}, "CTC|CTT": {"individual": [], "joint": {"secondary": 1.031378175826114, "primary": 0.8514518313497367}}, "CTG|CTT": {"individual": [], "joint": {"secondary": 0.8179329171329134, "primary": 0.9764625218560784}}, "CTG|TTG": {"individual": [], "joint": {"secondary": 1.039716407435237, "primary": 0.9302819984514578}}, "GAA|GAG": {"individual": [], "joint": {"secondary": 0.9178672770493208, "primary": 0.7639280574335239}}, "GAC|GAT": {"individual": [], "joint": {"secondary": 0.910369100956948, "primary": 1.056119313607903}}, "GCA|GCC": {"individual": [], "joint": {"secondary": 0.7127542503701169, "primary": 0.7467643841421859}}, "GCA|GCG": {"individual": [], "joint": {"secondary": 0.9898279760822576, "primary": 0.7903636895357838}}, "GCA|GCT": {"individual": [], "joint": {"secondary": 0.939443238053238, "primary": 0.9953191258870343}}, "GCC|GCG": {"individual": [], "joint": {"secondary": 0.8025951794276031, "primary": 0.9132711349334574}}, "GCC|GCT": {"individual": [], "joint": {"secondary": 0.9054149347183996, "primary": 0.7936889363360814}}, "GCG|GCT": {"individual": [], "joint": {"secondary": 1.0142048785375, "primary": 1.025104527079816}}, "GGA|GGC": {"individual": [], "joint": {"secondary": 0.8034203458239734, "primary": 0.8300556611333719}}, "GGA|GGG": {"individual": [], "joint": {"secondary": 0.9124779405851832, "primary": 0.8361691693741197}}, "GGA|GGT": {"individual": [], "joint": {"secondary": 0.8620647002469872, "primary": 1.111545993091988}}, "GGC|GGG": {"individual": [], "joint": {"secondary": 1.392676130550444, "primary": 0.9425408739728245}}, "GGC|GGT": {"individual": [], "joint": {"secondary": 0.8219872051027987, "primary": 0.7133616182874719}}, "GGG|GGT": {"individual": [], "joint": {"secondary": 1.259797967150289, "primary": 0.7811159898529347}}, "GTA|GTC": {"individual": [], "joint": {"secondary": 0.8617120674668246, "primary": 0.9094814281406381}}, "GTA|GTG": {"individual": [], "joint": {"secondary": 1.461897960971079, "primary": 0.8646521657146835}}, "GTA|GTT": {"individual": [], "joint": {"secondary": 1.014701909845152, "primary": 0.7660672901516538}}, "GTC|GTG": {"individual": [], "joint": {"secondary": 0.8107292541691699, "primary": 0.856800999764857}}, "GTC|GTT": {"individual": [], "joint": {"secondary": 0.9243146335351863, "primary": 0.7406560736203944}}, "GTG|GTT": {"individual": [], "joint": {"secondary": 0.8663032199078463, "primary": 1.043946831716254}}, "TAC|TAT": {"individual": [], "joint": {"secondary": 0.9271867673010636, "primary": 0.970420146712309}}, "TCA|TCC": {"individual": [], "joint": {"secondary": 1.417160301884095, "primary": 0.6186329522172688}}, "TCA|TCG": {"individual": [], "joint": {"secondary": 1.430741843998838, "primary": 0.832169015554872}}, "TCA|TCT": {"individual": [], "joint": {"secondary": 1.291516895520549, "primary": 0.3578674269921916}}, "TCC|TCG": {"individual": [], "joint": {"secondary": 0.904194548851649, "primary": 0.9547911631419902}}, "TCC|TCT": {"individual": [], "joint": {"secondary": 1.009330951142966, "primary": 0.9040828331996312}}, "TCG|TCT": {"individual": [], "joint": {"secondary": 0.6003143532342157, "primary": 1.066180072611986}}, "TGC|TGT": {"individual": [], "joint": {"secondary": 0.9680071180450243, "primary": 0.8185655028370526}}, "TTA|TTG": {"individual": [], "joint": {"secondary": 0.8585186740702913, "primary": 0.7955977219419683}}, "TTC|TTT": {"individual": [], "joint": {"secondary": 0.9325001444132726, "primary": 0.7971016112688192}}, "model_mixture_p": 0.3331727286717254}