{"baseline-AICc": {"individual": [], "joint": 395523.2211904312}, "baseline-loglikelihood": {"individual": [], "joint": -193970.7203120948}, "joint-AICc": {"individual": [], "joint": 394526.8054710906}, "joint-loglikelihood": {"individual": [], "joint": -192551.8676693808}, "AAA|AAG": {"individual": [], "joint": {"secondary": 0.7777789513151954, "primary": 0.6843341304190882}}, "AAC|AAT": {"individual": [], "joint": {"secondary": 1.014561720543934, "primary": 0.6311771267290237}}, "ACA|ACC": {"individual": [], "joint": {"secondary": 0.5781876524445851, "primary": 0.6193132802137105}}, "ACA|ACG": {"individual": [], "joint": {"secondary": 0.6677059157502516, "primary": 0.6945584647476832}}, "ACA|ACT": {"individual": [], "joint": {"secondary": 0.7795401061449304, "primary": 0.4419381160443173}}, "ACC|ACG": {"individual": [], "joint": {"secondary": 0.8048315062256424, "primary": 0.593673896685192}}, "ACC|ACT": {"individual": [], "joint": {"secondary": 0.8410186456092101, "primary": 0.6772326475102785}}, "ACG|ACT": {"individual": [], "joint": {"secondary": 0.6072734210850455, "primary": 0.56358507582407}}, "AGA|AGG": {"individual": [], "joint": {"secondary": 0.9084498536315044, "primary": 0.7535389591444941}}, "AGA|CGA": {"individual": [], "joint": {"secondary": 0.9302413040849699, "primary": 0.6854186115404826}}, "AGC|AGT": {"individual": [], "joint": {"secondary": 0.6224131797862633, "primary": 0.5747664428750449}}, "AGG|CGG": {"individual": [], "joint": {"secondary": 0.7464150552961771, "primary": 0.6770815873915033}}, "ATA|ATC": {"individual": [], "joint": {"secondary": 0.802543674235112, "primary": 0.5243334691628606}}, "ATA|ATT": {"individual": [], "joint": {"secondary": 0.6069611168367748, "primary": 0.5975566332440242}}, "ATC|ATT": {"individual": [], "joint": {"secondary": 0.722287911148022, "primary": 0.5764055291376826}}, "CAA|CAG": {"individual": [], "joint": {"secondary": 0.7757137366998593, "primary": 0.7314863078348023}}, "CAC|CAT": {"individual": [], "joint": {"secondary": 0.7637331411713711, "primary": 0.5997276537777075}}, "CCA|CCC": {"individual": [], "joint": {"secondary": 1.063397167393703, "primary": 0.8398467893058286}}, "CCA|CCG": {"individual": [], "joint": {"secondary": 0.7380035355463801, "primary": 0.6609619106476268}}, "CCA|CCT": {"individual": [], "joint": {"secondary": 0.3877477267130396, "primary": 1.187918431474915}}, "CCC|CCG": {"individual": [], "joint": {"secondary": 0.7585030978665466, "primary": 0.5463153522677157}}, "CCC|CCT": {"individual": [], "joint": {"secondary": 0.7967787832302387, "primary": 0.6956433455655975}}, "CCG|CCT": {"individual": [], "joint": {"secondary": 0.8010916264909727, "primary": 0.6106527214029331}}, "CGA|CGC": {"individual": [], "joint": {"secondary": 0.8731227900932403, "primary": 0.6526428989667235}}, "CGA|CGG": {"individual": [], "joint": {"secondary": 0.820183050271779, "primary": 0.6632561311893134}}, "CGA|CGT": {"individual": [], "joint": {"secondary": 0.9972986545614356, "primary": 1.215087590477865}}, "CGC|CGG": {"individual": [], "joint": {"secondary": 2.068056726424295, "primary": 1.465404300943726}}, "CGC|CGT": {"individual": [], "joint": {"secondary": 2.049749647419816, "primary": 1.676317392265833}}, "CGG|CGT": {"individual": [], "joint": {"secondary": 1.039776444954228, "primary": 1.125477825827455}}, "CTA|CTC": {"individual": [], "joint": {"secondary": 0.9440338477258091, "primary": 0.7096413354674141}}, "CTA|CTG": {"individual": [], "joint": {"secondary": 0.8697227639646677, "primary": 0.6782256259553636}}, "CTA|CTT": {"individual": [], "joint": {"secondary": 0.5007994676489513, "primary": 0.5733547772084249}}, "CTA|TTA": {"individual": [], "joint": {"secondary": 0.7344353274517006, "primary": 0.6774182333350645}}, "CTC|CTG": {"individual": [], "joint": {"secondary": 0.6188395209341524, "primary": 0.5632343916206061}}, "CTC|CTT": {"individual": [], "joint": {"secondary": 0.8291193218813726, "primary": 0.6830416719390371}}, "CTG|CTT": {"individual": [], "joint": {"secondary": 0.746620471861312, "primary": 0.6403248713006995}}, "CTG|TTG": {"individual": [], "joint": {"secondary": 0.9228468704679852, "primary": 0.6306653093066887}}, "GAA|GAG": {"individual": [], "joint": {"secondary": 0.873229963370522, "primary": 0.7888350898793426}}, "GAC|GAT": {"individual": [], "joint": {"secondary": 0.9980675658223876, "primary": 0.5361158920665986}}, "GCA|GCC": {"individual": [], "joint": {"secondary": 1.040292879043165, "primary": 0.719613421096358}}, "GCA|GCG": {"individual": [], "joint": {"secondary": 0.7368137957602581, "primary": 0.6686674905195099}}, "GCA|GCT": {"individual": [], "joint": {"secondary": 0.8274957755852589, "primary": 0.5596551116029497}}, "GCC|GCG": {"individual": [], "joint": {"secondary": 0.8467714172336586, "primary": 1.559832783072667}}, "GCC|GCT": {"individual": [], "joint": {"secondary": 0.8607819722798242, "primary": 1.867796328891383}}, "GCG|GCT": {"individual": [], "joint": {"secondary": 0.5946712690190578, "primary": 1.373238713160509}}, "GGA|GGC": {"individual": [], "joint": {"secondary": 0.6483482238148696, "primary": 1.58968722142567}}, "GGA|GGG": {"individual": [], "joint": {"secondary": 0.7125603555035057, "primary": 1.716258578160444}}, "GGA|GGT": {"individual": [], "joint": {"secondary": 0.5901263353451668, "primary": 1.634750615925373}}, "GGC|GGG": {"individual": [], "joint": {"secondary": 0.8226722624141972, "primary": 0.5542644983796645}}, "GGC|GGT": {"individual": [], "joint": {"secondary": 1.680108058569509, "primary": 1.705284141974711}}, "GGG|GGT": {"individual": [], "joint": {"secondary": 2.048513143778305, "primary": 1.18204040719989}}, "GTA|GTC": {"individual": [], "joint": {"secondary": 1.334508106618508, "primary": 1.765261738914095}}, "GTA|GTG": {"individual": [], "joint": {"secondary": 2.082312685980556, "primary": 1.818526061427424}}, "GTA|GTT": {"individual": [], "joint": {"secondary": 1.76106633888244, "primary": 1.429861430654555}}, "GTC|GTG": {"individual": [], "joint": {"secondary": 1.395255542538389, "primary": 1.46126915862416}}, "GTC|GTT": {"individual": [], "joint": {"secondary": 1.246339455914589, "primary": 1.673736084165369}}, "GTG|GTT": {"individual": [], "joint": {"secondary": 0.8702088227075456, "primary": 1.456632437211892}}, "TAC|TAT": {"individual": [], "joint": {"secondary": 0.9420313028782803, "primary": 1.728923079392828}}, "TCA|TCC": {"individual": [], "joint": {"secondary": 1.984730226799526, "primary": 1.856160653526397}}, "TCA|TCG": {"individual": [], "joint": {"secondary": 2.119019995535436, "primary": 1.569656488507068}}, "TCA|TCT": {"individual": [], "joint": {"secondary": 1.864177668328119, "primary": 1.619057755958052}}, "TCC|TCG": {"individual": [], "joint": {"secondary": 1.254225334297625, "primary": 1.308083810224241}}, "TCC|TCT": {"individual": [], "joint": {"secondary": 1.189384994327273, "primary": 1.620526150178443}}, "TCG|TCT": {"individual": [], "joint": {"secondary": 1.304722672397904, "primary": 1.422091321190323}}, "TGC|TGT": {"individual": [], "joint": {"secondary": 1.130029743700108, "primary": 1.377564838957686}}, "TTA|TTG": {"individual": [], "joint": {"secondary": 0.8913352188042585, "primary": 0.7073197864422234}}, "TTC|TTT": {"individual": [], "joint": {"secondary": 0.8404151378392988, "primary": 0.607730072519363}}, "model_mixture_p": 0.6663793871865505}