{"baseline-AICc": {"individual": [], "joint": 396515.0384019658}, "baseline-loglikelihood": {"individual": [], "joint": -194466.6289178621}, "joint-AICc": {"individual": [], "joint": 396168.2666643926}, "joint-loglikelihood": {"individual": [], "joint": -193372.5982660318}, "AAA|AAG": {"individual": [], "joint": {"secondary": 0.9025237969546342, "primary": 0.573385309917108}}, "AAC|AAT": {"individual": [], "joint": {"secondary": 0.8332503857254752, "primary": 0.6421104320136027}}, "ACA|ACC": {"individual": [], "joint": {"secondary": 0.7512487306614687, "primary": 0.7193262081789298}}, "ACA|ACG": {"individual": [], "joint": {"secondary": 0.8388026510978411, "primary": 0.5893304086781653}}, "ACA|ACT": {"individual": [], "joint": {"secondary": 0.5833510448612674, "primary": 0.5668442686508106}}, "ACC|ACG": {"individual": [], "joint": {"secondary": 0.7368295192769235, "primary": 0.5541009315378999}}, "ACC|ACT": {"individual": [], "joint": {"secondary": 0.8643805587624774, "primary": 0.8024522399232126}}, "ACG|ACT": {"individual": [], "joint": {"secondary": 0.9234510058422978, "primary": 0.5967636329795828}}, "AGA|AGG": {"individual": [], "joint": {"secondary": 0.8610758082705339, "primary": 0.718342729690266}}, "AGA|CGA": {"individual": [], "joint": {"secondary": 0.7631899194939745, "primary": 0.6847167423282456}}, "AGC|AGT": {"individual": [], "joint": {"secondary": 0.9720864414042802, "primary": 0.6781311323130539}}, "AGG|CGG": {"individual": [], "joint": {"secondary": 0.8851989194815781, "primary": 0.4870002271617982}}, "ATA|ATC": {"individual": [], "joint": {"secondary": 0.9021995465548336, "primary": 0.7454667722103774}}, "ATA|ATT": {"individual": [], "joint": {"secondary": 0.9251758293687165, "primary": 0.6841536912638696}}, "ATC|ATT": {"individual": [], "joint": {"secondary": 0.7783334929335539, "primary": 0.768209869432423}}, "CAA|CAG": {"individual": [], "joint": {"secondary": 0.7915673095484843, "primary": 0.6286292687014047}}, "CAC|CAT": {"individual": [], "joint": {"secondary": 0.8119728104468523, "primary": 0.6556817520905621}}, "CCA|CCC": {"individual": [], "joint": {"secondary": 0.7599430358017688, "primary": 0.5540635236301211}}, "CCA|CCG": {"individual": [], "joint": {"secondary": 0.8683571041037264, "primary": 0.7479669101048275}}, "CCA|CCT": {"individual": [], "joint": {"secondary": 0.6612940152371869, "primary": 1.921470884244783}}, "CCC|CCG": {"individual": [], "joint": {"secondary": 0.8596328228861029, "primary": 0.6355632143156901}}, "CCC|CCT": {"individual": [], "joint": {"secondary": 0.7973526376625658, "primary": 0.5473744889989538}}, "CCG|CCT": {"individual": [], "joint": {"secondary": 0.8114068906978893, "primary": 0.4365564545252351}}, "CGA|CGC": {"individual": [], "joint": {"secondary": 0.9569985112557815, "primary": 0.6261946600256653}}, "CGA|CGG": {"individual": [], "joint": {"secondary": 0.8348884050803043, "primary": 0.6042251669518853}}, "CGA|CGT": {"individual": [], "joint": {"secondary": 0.9791829690059008, "primary": 0.7943236172946878}}, "CGC|CGG": {"individual": [], "joint": {"secondary": 2.008756368025442, "primary": 1.730271453328182}}, "CGC|CGT": {"individual": [], "joint": {"secondary": 1.998072678652451, "primary": 1.206961662253768}}, "CGG|CGT": {"individual": [], "joint": {"secondary": 0.8887569814163193, "primary": 1.607086030488577}}, "CTA|CTC": {"individual": [], "joint": {"secondary": 1.002776323243568, "primary": 0.6989248395128768}}, "CTA|CTG": {"individual": [], "joint": {"secondary": 0.8127702678389664, "primary": 0.7317982334490758}}, "CTA|CTT": {"individual": [], "joint": {"secondary": 0.7140221869375787, "primary": 0.6399231753740593}}, "CTA|TTA": {"individual": [], "joint": {"secondary": 0.8622178859169654, "primary": 0.5593618131835936}}, "CTC|CTG": {"individual": [], "joint": {"secondary": 0.6605293258397026, "primary": 0.5417094004007201}}, "CTC|CTT": {"individual": [], "joint": {"secondary": 0.8983259378506504, "primary": 0.5554481787782548}}, "CTG|CTT": {"individual": [], "joint": {"secondary": 0.84233172946883, "primary": 0.4403744310520198}}, "CTG|TTG": {"individual": [], "joint": {"secondary": 0.8321047824401536, "primary": 0.6912585335619368}}, "GAA|GAG": {"individual": [], "joint": {"secondary": 0.839624519085962, "primary": 0.839571403748691}}, "GAC|GAT": {"individual": [], "joint": {"secondary": 0.8900886867708325, "primary": 0.5812136584449072}}, "GCA|GCC": {"individual": [], "joint": {"secondary": 0.8415236504084664, "primary": 0.669934413666555}}, "GCA|GCG": {"individual": [], "joint": {"secondary": 0.8327686873938667, "primary": 0.6700058755607696}}, "GCA|GCT": {"individual": [], "joint": {"secondary": 0.7623149844896421, "primary": 0.4780659454830862}}, "GCC|GCG": {"individual": [], "joint": {"secondary": 0.8023065075415732, "primary": 1.579567729361994}}, "GCC|GCT": {"individual": [], "joint": {"secondary": 0.8300564991512118, "primary": 1.421625633427956}}, "GCG|GCT": {"individual": [], "joint": {"secondary": 0.779687808732649, "primary": 1.376504859425279}}, "GGA|GGC": {"individual": [], "joint": {"secondary": 0.9268547030187996, "primary": 1.427183710602738}}, "GGA|GGG": {"individual": [], "joint": {"secondary": 0.7341326576645605, "primary": 1.787434525271707}}, "GGA|GGT": {"individual": [], "joint": {"secondary": 0.9486889876104575, "primary": 1.218365166105803}}, "GGC|GGG": {"individual": [], "joint": {"secondary": 0.6829322798415705, "primary": 0.5742522168903027}}, "GGC|GGT": {"individual": [], "joint": {"secondary": 1.26412214183697, "primary": 1.745916637120066}}, "GGG|GGT": {"individual": [], "joint": {"secondary": 2.04290451518859, "primary": 1.221480252428843}}, "GTA|GTC": {"individual": [], "joint": {"secondary": 1.022046506089233, "primary": 1.894033111431092}}, "GTA|GTG": {"individual": [], "joint": {"secondary": 2.04931134610876, "primary": 1.984176727019789}}, "GTA|GTT": {"individual": [], "joint": {"secondary": 1.264954752803075, "primary": 1.372548954418942}}, "GTC|GTG": {"individual": [], "joint": {"secondary": 1.252269693298305, "primary": 1.549788676939314}}, "GTC|GTT": {"individual": [], "joint": {"secondary": 1.427059870494972, "primary": 1.667309736468549}}, "GTG|GTT": {"individual": [], "joint": {"secondary": 0.7818044655291269, "primary": 1.798107423378424}}, "TAC|TAT": {"individual": [], "joint": {"secondary": 0.7938269670002236, "primary": 1.76491773733516}}, "TCA|TCC": {"individual": [], "joint": {"secondary": 2.269206428128115, "primary": 1.698071531725061}}, "TCA|TCG": {"individual": [], "joint": {"secondary": 1.893771912197272, "primary": 1.913676199351979}}, "TCA|TCT": {"individual": [], "joint": {"secondary": 1.082721812964276, "primary": 1.309019901910277}}, "TCC|TCG": {"individual": [], "joint": {"secondary": 1.376673516243521, "primary": 1.405848403065309}}, "TCC|TCT": {"individual": [], "joint": {"secondary": 1.306677708797158, "primary": 1.618371534305718}}, "TCG|TCT": {"individual": [], "joint": {"secondary": 1.001053114683235, "primary": 1.187065897365473}}, "TGC|TGT": {"individual": [], "joint": {"secondary": 1.494834347298105, "primary": 1.462888566777915}}, "TTA|TTG": {"individual": [], "joint": {"secondary": 0.8579041212691532, "primary": 0.7402372203477592}}, "TTC|TTT": {"individual": [], "joint": {"secondary": 0.7735181783132749, "primary": 0.6773140620743081}}, "model_mixture_p": 0.3332070097323456}