{"baseline-AICc": {"individual": [], "joint": 396844.083012138}, "baseline-loglikelihood": {"individual": [], "joint": -194631.1512229482}, "joint-AICc": {"individual": [], "joint": 397043.1218064439}, "joint-loglikelihood": {"individual": [], "joint": -193810.0258370574}, "AAA|AAG": {"individual": [], "joint": {"secondary": 0.8192469997079312, "primary": 0.7116646574048738}}, "AAC|AAT": {"individual": [], "joint": {"secondary": 1.015081039975492, "primary": 0.7600144670348716}}, "ACA|ACC": {"individual": [], "joint": {"secondary": 0.9784256875964892, "primary": 0.7584045744609939}}, "ACA|ACG": {"individual": [], "joint": {"secondary": 0.8748187468490559, "primary": 0.7303563938598396}}, "ACA|ACT": {"individual": [], "joint": {"secondary": 0.7237280268708067, "primary": 0.7916920993471369}}, "ACC|ACG": {"individual": [], "joint": {"secondary": 0.8355279904354153, "primary": 0.7091737243749725}}, "ACC|ACT": {"individual": [], "joint": {"secondary": 0.8318449781129006, "primary": 0.9488205010483407}}, "ACG|ACT": {"individual": [], "joint": {"secondary": 0.9402241805184401, "primary": 0.7543181418556353}}, "AGA|AGG": {"individual": [], "joint": {"secondary": 0.8515592234734948, "primary": 0.901237267943602}}, "AGA|CGA": {"individual": [], "joint": {"secondary": 0.8302016316251746, "primary": 0.5540288805812299}}, "AGC|AGT": {"individual": [], "joint": {"secondary": 0.925494462098287, "primary": 0.6526690235069167}}, "AGG|CGG": {"individual": [], "joint": {"secondary": 0.9066072391425928, "primary": 0.6861099388585141}}, "ATA|ATC": {"individual": [], "joint": {"secondary": 0.932952809071698, "primary": 0.5727515286954196}}, "ATA|ATT": {"individual": [], "joint": {"secondary": 0.8477333868246218, "primary": 0.687530714139252}}, "ATC|ATT": {"individual": [], "joint": {"secondary": 0.818220834492928, "primary": 0.7544642561451312}}, "CAA|CAG": {"individual": [], "joint": {"secondary": 0.8878126682471378, "primary": 0.8501714056684493}}, "CAC|CAT": {"individual": [], "joint": {"secondary": 0.9174069452625481, "primary": 0.6043012260371843}}, "CCA|CCC": {"individual": [], "joint": {"secondary": 0.7966781458695478, "primary": 0.7779055618556677}}, "CCA|CCG": {"individual": [], "joint": {"secondary": 0.8475410928391556, "primary": 0.7806978710870589}}, "CCA|CCT": {"individual": [], "joint": {"secondary": 0.93995118629389, "primary": 0.981797693549915}}, "CCC|CCG": {"individual": [], "joint": {"secondary": 0.9572041153411237, "primary": 0.6478894085403639}}, "CCC|CCT": {"individual": [], "joint": {"secondary": 0.9683295384254661, "primary": 0.6601020662713707}}, "CCG|CCT": {"individual": [], "joint": {"secondary": 0.7564771938641275, "primary": 0.5202734163407255}}, "CGA|CGC": {"individual": [], "joint": {"secondary": 1.036253803096666, "primary": 0.5727101328837285}}, "CGA|CGG": {"individual": [], "joint": {"secondary": 0.8483429820056342, "primary": 0.6660072050951413}}, "CGA|CGT": {"individual": [], "joint": {"secondary": 0.3091166138805892, "primary": 1.012122401815227}}, "CGC|CGG": {"individual": [], "joint": {"secondary": 2.078895130596342, "primary": 1.462567480559548}}, "CGC|CGT": {"individual": [], "joint": {"secondary": 2.272143949997403, "primary": 1.570925301055119}}, "CGG|CGT": {"individual": [], "joint": {"secondary": 1.072725890402377, "primary": 1.075792207941986}}, "CTA|CTC": {"individual": [], "joint": {"secondary": 0.7600656628641048, "primary": 0.8798136361417938}}, "CTA|CTG": {"individual": [], "joint": {"secondary": 0.8263976885169695, "primary": 0.6754221710651085}}, "CTA|CTT": {"individual": [], "joint": {"secondary": 0.9601622199394897, "primary": 0.5419905529949114}}, "CTA|TTA": {"individual": [], "joint": {"secondary": 0.9136895796490903, "primary": 0.7232825583875805}}, "CTC|CTG": {"individual": [], "joint": {"secondary": 0.8326319202885881, "primary": 0.6236065801502612}}, "CTC|CTT": {"individual": [], "joint": {"secondary": 0.9931504710219263, "primary": 0.5927831351354256}}, "CTG|CTT": {"individual": [], "joint": {"secondary": 0.7522254261648014, "primary": 0.7560443642575115}}, "CTG|TTG": {"individual": [], "joint": {"secondary": 1.018011390072621, "primary": 0.6893172977561167}}, "GAA|GAG": {"individual": [], "joint": {"secondary": 0.8738526401511414, "primary": 0.8046519224093573}}, "GAC|GAT": {"individual": [], "joint": {"secondary": 0.929888620829668, "primary": 0.7983310085625577}}, "GCA|GCC": {"individual": [], "joint": {"secondary": 0.9106561579506401, "primary": 0.7238135449334859}}, "GCA|GCG": {"individual": [], "joint": {"secondary": 0.8223965049703871, "primary": 0.8720723523042557}}, "GCA|GCT": {"individual": [], "joint": {"secondary": 0.7399965871019867, "primary": 0.534510721438403}}, "GCC|GCG": {"individual": [], "joint": {"secondary": 0.8760155827813689, "primary": 1.08601837914279}}, "GCC|GCT": {"individual": [], "joint": {"secondary": 0.9804656447174, "primary": 1.068125374925616}}, "GCG|GCT": {"individual": [], "joint": {"secondary": 0.9950839243455836, "primary": 1.008563476742422}}, "GGA|GGC": {"individual": [], "joint": {"secondary": 0.898161088050633, "primary": 1.306152277032808}}, "GGA|GGG": {"individual": [], "joint": {"secondary": 0.8986304218809307, "primary": 1.293030940386695}}, "GGA|GGT": {"individual": [], "joint": {"secondary": 0.7575997012377691, "primary": 1.167410878581483}}, "GGC|GGG": {"individual": [], "joint": {"secondary": 0.8241074036567478, "primary": 0.7692481532685592}}, "GGC|GGT": {"individual": [], "joint": {"secondary": 0.8612650398868174, "primary": 1.785475976936063}}, "GGG|GGT": {"individual": [], "joint": {"secondary": 2.153262194642955, "primary": 1.253255221469046}}, "GTA|GTC": {"individual": [], "joint": {"secondary": 1.026761556605947, "primary": 1.793910887685499}}, "GTA|GTG": {"individual": [], "joint": {"secondary": 2.129939709351386, "primary": 1.905621705227854}}, "GTA|GTT": {"individual": [], "joint": {"secondary": 1.002208976788737, "primary": 1.772332493607778}}, "GTC|GTG": {"individual": [], "joint": {"secondary": 0.7776504783716182, "primary": 1.655153198936422}}, "GTC|GTT": {"individual": [], "joint": {"secondary": 0.9842408973107251, "primary": 1.632692502843347}}, "GTG|GTT": {"individual": [], "joint": {"secondary": 0.9382518725504467, "primary": 1.304307254259082}}, "TAC|TAT": {"individual": [], "joint": {"secondary": 0.8924522204257976, "primary": 1.006139569304163}}, "TCA|TCC": {"individual": [], "joint": {"secondary": 2.311127593237814, "primary": 1.527566564489904}}, "TCA|TCG": {"individual": [], "joint": {"secondary": 2.220263198445965, "primary": 1.766586698450059}}, "TCA|TCT": {"individual": [], "joint": {"secondary": 1.086118043796792, "primary": 1.300565954912242}}, "TCC|TCG": {"individual": [], "joint": {"secondary": 1.042986085820839, "primary": 1.512062223441274}}, "TCC|TCT": {"individual": [], "joint": {"secondary": 0.774316111707974, "primary": 1.9550799037777}}, "TCG|TCT": {"individual": [], "joint": {"secondary": 0.7168902107444464, "primary": 1.645207392515622}}, "TGC|TGT": {"individual": [], "joint": {"secondary": 0.7598378888629539, "primary": 1.680656647540423}}, "TTA|TTG": {"individual": [], "joint": {"secondary": 0.9216582780917764, "primary": 0.6994015993421223}}, "TTC|TTT": {"individual": [], "joint": {"secondary": 1.017034514247826, "primary": 0.7332953316860462}}, "model_mixture_p": 0.3333374201342552}