{"baseline-AICc": {"individual": [], "joint": 399048.8966813694}, "baseline-loglikelihood": {"individual": [], "joint": -195733.5580575638}, "joint-AICc": {"individual": [], "joint": 399981.7753839076}, "joint-loglikelihood": {"individual": [], "joint": -195279.3526257893}, "AAA|AAG": {"individual": [], "joint": {"secondary": 0.832745348201628, "primary": 2.203497942631553}}, "AAC|AAT": {"individual": [], "joint": {"secondary": 1.024566714822824, "primary": 2.169701818761572}}, "ACA|ACC": {"individual": [], "joint": {"secondary": 0.8212578623404339, "primary": 2.442849634034605}}, "ACA|ACG": {"individual": [], "joint": {"secondary": 0.9314969053650451, "primary": 1.952392989046569}}, "ACA|ACT": {"individual": [], "joint": {"secondary": 0.7599335981381344, "primary": 1.414336009909091}}, "ACC|ACG": {"individual": [], "joint": {"secondary": 0.8759748017390225, "primary": 0.8994949206430922}}, "ACC|ACT": {"individual": [], "joint": {"secondary": 0.8928987139934605, "primary": 0.7143773598712732}}, "ACG|ACT": {"individual": [], "joint": {"secondary": 0.8786594217370852, "primary": 0.685216495124626}}, "AGA|AGG": {"individual": [], "joint": {"secondary": 0.9344474691927863, "primary": 0.7848683430775102}}, "AGA|CGA": {"individual": [], "joint": {"secondary": 1.153217776422215, "primary": 0.8883687027485233}}, "AGC|AGT": {"individual": [], "joint": {"secondary": 1.154103992705375, "primary": 0.8979372997855193}}, "AGG|CGG": {"individual": [], "joint": {"secondary": 1.019248785170097, "primary": 0.7640077314712423}}, "ATA|ATC": {"individual": [], "joint": {"secondary": 0.888014559780808, "primary": 0.7390284492329797}}, "ATA|ATT": {"individual": [], "joint": {"secondary": 0.9478029089828851, "primary": 0.87315988941913}}, "ATC|ATT": {"individual": [], "joint": {"secondary": 0.8921655823480342, "primary": 0.767142908272093}}, "CAA|CAG": {"individual": [], "joint": {"secondary": 0.9378767017498657, "primary": 2.011004127191776}}, "CAC|CAT": {"individual": [], "joint": {"secondary": 0.8965423822781846, "primary": 2.394979103246933}}, "CCA|CCC": {"individual": [], "joint": {"secondary": 1.364516904658631, "primary": 1.010095948001285}}, "CCA|CCG": {"individual": [], "joint": {"secondary": 0.9493931305914264, "primary": 0.7961754606032592}}, "CCA|CCT": {"individual": [], "joint": {"secondary": 0.6426398709812448, "primary": 0.8241438552065004}}, "CCC|CCG": {"individual": [], "joint": {"secondary": 1.374421959260985, "primary": 0.9514194231155626}}, "CCC|CCT": {"individual": [], "joint": {"secondary": 1.412337311503957, "primary": 0.7977954704725391}}, "CCG|CCT": {"individual": [], "joint": {"secondary": 0.9939233501995258, "primary": 0.9280504385968154}}, "CGA|CGC": {"individual": [], "joint": {"secondary": 1.434288260288785, "primary": 0.8912439451618228}}, "CGA|CGG": {"individual": [], "joint": {"secondary": 1.3323780368725, "primary": 0.8453950392967851}}, "CGA|CGT": {"individual": [], "joint": {"secondary": 1.061823616163754, "primary": 0.856753251543164}}, "CGC|CGG": {"individual": [], "joint": {"secondary": 1.488273201424, "primary": 0.9185647708579069}}, "CGC|CGT": {"individual": [], "joint": {"secondary": 1.457100722794731, "primary": 0.8530120162725402}}, "CGG|CGT": {"individual": [], "joint": {"secondary": 1.115111929814147, "primary": 1.088239409829989}}, "CTA|CTC": {"individual": [], "joint": {"secondary": 0.8263276990589645, "primary": 0.8958021066793334}}, "CTA|CTG": {"individual": [], "joint": {"secondary": 0.8477372394754451, "primary": 0.8116917463440747}}, "CTA|CTT": {"individual": [], "joint": {"secondary": 0.9217962397173348, "primary": 0.7988643343503772}}, "CTA|TTA": {"individual": [], "joint": {"secondary": 0.951131312315435, "primary": 0.7546952581677278}}, "CTC|CTG": {"individual": [], "joint": {"secondary": 0.8266354270456387, "primary": 0.9622783110555914}}, "CTC|CTT": {"individual": [], "joint": {"secondary": 0.9526660009686072, "primary": 0.8679225134741263}}, "CTG|CTT": {"individual": [], "joint": {"secondary": 1.048279248238206, "primary": 0.8196747167696251}}, "CTG|TTG": {"individual": [], "joint": {"secondary": 0.8711935576639206, "primary": 0.945107826591135}}, "GAA|GAG": {"individual": [], "joint": {"secondary": 0.7841085537783196, "primary": 0.76958982707294}}, "GAC|GAT": {"individual": [], "joint": {"secondary": 0.8909787801451133, "primary": 0.7521903146710669}}, "GCA|GCC": {"individual": [], "joint": {"secondary": 0.9355403413469616, "primary": 0.9730157527954971}}, "GCA|GCG": {"individual": [], "joint": {"secondary": 0.9883694403794893, "primary": 0.7842827066660862}}, "GCA|GCT": {"individual": [], "joint": {"secondary": 0.8310145538334329, "primary": 0.9093959468257538}}, "GCC|GCG": {"individual": [], "joint": {"secondary": 0.8512304143021667, "primary": 0.9352459266257088}}, "GCC|GCT": {"individual": [], "joint": {"secondary": 0.8753142717876753, "primary": 0.9973079041676657}}, "GCG|GCT": {"individual": [], "joint": {"secondary": 0.9345494558990692, "primary": 0.9244575195675525}}, "GGA|GGC": {"individual": [], "joint": {"secondary": 0.787876469071414, "primary": 0.7497348025235456}}, "GGA|GGG": {"individual": [], "joint": {"secondary": 0.979451219434425, "primary": 0.8360081198934356}}, "GGA|GGT": {"individual": [], "joint": {"secondary": 0.6761857127444504, "primary": 0.9213106214699355}}, "GGC|GGG": {"individual": [], "joint": {"secondary": 1.348545897734478, "primary": 0.9765177568233842}}, "GGC|GGT": {"individual": [], "joint": {"secondary": 0.8482997690080342, "primary": 0.7793739727118153}}, "GGG|GGT": {"individual": [], "joint": {"secondary": 1.469859980639506, "primary": 0.9934930865219251}}, "GTA|GTC": {"individual": [], "joint": {"secondary": 0.8447546648653318, "primary": 0.9091959036407511}}, "GTA|GTG": {"individual": [], "joint": {"secondary": 1.514653149063613, "primary": 0.9129867185171557}}, "GTA|GTT": {"individual": [], "joint": {"secondary": 1.121947012822677, "primary": 1.054420464411061}}, "GTC|GTG": {"individual": [], "joint": {"secondary": 0.8719249769907599, "primary": 0.8926864999819635}}, "GTC|GTT": {"individual": [], "joint": {"secondary": 0.9528902836909439, "primary": 0.839734031978919}}, "GTG|GTT": {"individual": [], "joint": {"secondary": 0.8833859379587891, "primary": 0.8908341979198645}}, "TAC|TAT": {"individual": [], "joint": {"secondary": 0.9305984551719538, "primary": 0.8907497906046897}}, "TCA|TCC": {"individual": [], "joint": {"secondary": 1.374638437162577, "primary": 0.8933572343246265}}, "TCA|TCG": {"individual": [], "joint": {"secondary": 1.309896610721914, "primary": 0.7946095139336987}}, "TCA|TCT": {"individual": [], "joint": {"secondary": 0.7857511480054061, "primary": 0.8407313282586741}}, "TCC|TCG": {"individual": [], "joint": {"secondary": 0.8764722904274046, "primary": 0.970611695055998}}, "TCC|TCT": {"individual": [], "joint": {"secondary": 0.9674191038021765, "primary": 0.8704142435557817}}, "TCG|TCT": {"individual": [], "joint": {"secondary": 0.8943019661056325, "primary": 0.9228258353042045}}, "TGC|TGT": {"individual": [], "joint": {"secondary": 0.9023205390499822, "primary": 1.036237352059969}}, "TTA|TTG": {"individual": [], "joint": {"secondary": 0.8569070010455259, "primary": 0.801392065786493}}, "TTC|TTT": {"individual": [], "joint": {"secondary": 0.9978850190056208, "primary": 0.9579992994715842}}, "model_mixture_p": 0.3331832956047984}