{"baseline-AICc": {"individual": [], "joint": 396093.4129015355}, "baseline-loglikelihood": {"individual": [], "joint": -194255.8161676469}, "joint-AICc": {"individual": [], "joint": 396235.8396130954}, "joint-loglikelihood": {"individual": [], "joint": -193406.3847403832}, "AAA|AAG": {"individual": [], "joint": {"secondary": 0.8656202305787141, "primary": 0.7088929951585348}}, "AAC|AAT": {"individual": [], "joint": {"secondary": 0.8777926152625991, "primary": 0.6499544982727571}}, "ACA|ACC": {"individual": [], "joint": {"secondary": 0.9405374088715872, "primary": 0.5559058205974285}}, "ACA|ACG": {"individual": [], "joint": {"secondary": 0.7764785871044775, "primary": 0.7673092987394161}}, "ACA|ACT": {"individual": [], "joint": {"secondary": 0.8152944378967593, "primary": 0.9334494372430271}}, "ACC|ACG": {"individual": [], "joint": {"secondary": 0.7486502388357271, "primary": 0.6054132445649801}}, "ACC|ACT": {"individual": [], "joint": {"secondary": 0.9618822944187041, "primary": 0.5394831367355074}}, "ACG|ACT": {"individual": [], "joint": {"secondary": 0.8097202999792996, "primary": 0.4061854724009398}}, "AGA|AGG": {"individual": [], "joint": {"secondary": 0.8353450341690302, "primary": 0.5178725840268196}}, "AGA|CGA": {"individual": [], "joint": {"secondary": 0.8003922924887382, "primary": 0.5847619734624943}}, "AGC|AGT": {"individual": [], "joint": {"secondary": 1.084345906218788, "primary": 0.6680517583822193}}, "AGG|CGG": {"individual": [], "joint": {"secondary": 0.8812932700175136, "primary": 0.710417885898826}}, "ATA|ATC": {"individual": [], "joint": {"secondary": 0.813082267840454, "primary": 0.7690724994214403}}, "ATA|ATT": {"individual": [], "joint": {"secondary": 0.9104581614925596, "primary": 0.7451990326629749}}, "ATC|ATT": {"individual": [], "joint": {"secondary": 0.9727271138365032, "primary": 0.7200815879233516}}, "CAA|CAG": {"individual": [], "joint": {"secondary": 0.92969198610853, "primary": 0.8905408060832637}}, "CAC|CAT": {"individual": [], "joint": {"secondary": 0.7950899728005579, "primary": 0.6114406712615872}}, "CCA|CCC": {"individual": [], "joint": {"secondary": 0.7674129141377286, "primary": 0.5889812937890482}}, "CCA|CCG": {"individual": [], "joint": {"secondary": 0.7551646838561481, "primary": 0.6583347227770698}}, "CCA|CCT": {"individual": [], "joint": {"secondary": 1.24010961386293, "primary": 1.489276909129386}}, "CCC|CCG": {"individual": [], "joint": {"secondary": 0.8142020663566581, "primary": 0.627560581784566}}, "CCC|CCT": {"individual": [], "joint": {"secondary": 0.9124849528915832, "primary": 0.7362014984185352}}, "CCG|CCT": {"individual": [], "joint": {"secondary": 0.8572091157906048, "primary": 0.4309345421974293}}, "CGA|CGC": {"individual": [], "joint": {"secondary": 1.030612213939102, "primary": 0.101123935537977}}, "CGA|CGG": {"individual": [], "joint": {"secondary": 0.8317998578193552, "primary": 0.8240592555931064}}, "CGA|CGT": {"individual": [], "joint": {"secondary": 1.110747146302106, "primary": 0.9539182334856039}}, "CGC|CGG": {"individual": [], "joint": {"secondary": 2.075947584984916, "primary": 1.390484284173897}}, "CGC|CGT": {"individual": [], "joint": {"secondary": 2.197187746805765, "primary": 1.492443001596943}}, "CGG|CGT": {"individual": [], "joint": {"secondary": 0.778696137235485, "primary": 1.836249005183238}}, "CTA|CTC": {"individual": [], "joint": {"secondary": 0.9583477461612564, "primary": 0.8082439119766147}}, "CTA|CTG": {"individual": [], "joint": {"secondary": 0.7967349178541575, "primary": 0.6429831413495586}}, "CTA|CTT": {"individual": [], "joint": {"secondary": 0.6570633167524564, "primary": 0.3902299365850772}}, "CTA|TTA": {"individual": [], "joint": {"secondary": 0.8558301441141579, "primary": 0.6482523593419593}}, "CTC|CTG": {"individual": [], "joint": {"secondary": 0.8542613877705725, "primary": 0.5316079476748256}}, "CTC|CTT": {"individual": [], "joint": {"secondary": 0.9027646392440926, "primary": 0.7349804170361922}}, "CTG|CTT": {"individual": [], "joint": {"secondary": 0.8211760419454356, "primary": 0.4952980767029149}}, "CTG|TTG": {"individual": [], "joint": {"secondary": 0.8576229695149071, "primary": 0.5098182239563503}}, "GAA|GAG": {"individual": [], "joint": {"secondary": 1.011333210206488, "primary": 0.6217695768089841}}, "GAC|GAT": {"individual": [], "joint": {"secondary": 0.9029219598114523, "primary": 0.6604234504485823}}, "GCA|GCC": {"individual": [], "joint": {"secondary": 1.006143147065763, "primary": 0.8387383411386752}}, "GCA|GCG": {"individual": [], "joint": {"secondary": 0.8932234882191605, "primary": 0.8872065610291306}}, "GCA|GCT": {"individual": [], "joint": {"secondary": 0.7010398840785489, "primary": 0.3821409267450229}}, "GCC|GCG": {"individual": [], "joint": {"secondary": 0.8316968780180645, "primary": 1.164019408930481}}, "GCC|GCT": {"individual": [], "joint": {"secondary": 0.9442454764151742, "primary": 1.477593026604482}}, "GCG|GCT": {"individual": [], "joint": {"secondary": 0.8254748680242634, "primary": 1.057922409707936}}, "GGA|GGC": {"individual": [], "joint": {"secondary": 0.8266203241197959, "primary": 1.661534703799403}}, "GGA|GGG": {"individual": [], "joint": {"secondary": 0.6861948344619366, "primary": 1.40410554955473}}, "GGA|GGT": {"individual": [], "joint": {"secondary": 0.6532341926533712, "primary": 0.7645696495843799}}, "GGC|GGG": {"individual": [], "joint": {"secondary": 0.8630588998718584, "primary": 0.5787278591734634}}, "GGC|GGT": {"individual": [], "joint": {"secondary": 0.9935808819636504, "primary": 1.958773841907594}}, "GGG|GGT": {"individual": [], "joint": {"secondary": 2.144247446236274, "primary": 1.473703450213535}}, "GTA|GTC": {"individual": [], "joint": {"secondary": 0.9701962888839283, "primary": 1.804844005834192}}, "GTA|GTG": {"individual": [], "joint": {"secondary": 2.090691113726069, "primary": 1.894299432040651}}, "GTA|GTT": {"individual": [], "joint": {"secondary": 0.9973584578085276, "primary": 2.037828678154308}}, "GTC|GTG": {"individual": [], "joint": {"secondary": 1.006666546172541, "primary": 1.409521589710572}}, "GTC|GTT": {"individual": [], "joint": {"secondary": 1.036078353088701, "primary": 1.629875749127889}}, "GTG|GTT": {"individual": [], "joint": {"secondary": 0.8317845551463577, "primary": 1.523746729453949}}, "TAC|TAT": {"individual": [], "joint": {"secondary": 0.9058697780632698, "primary": 1.567301663338909}}, "TCA|TCC": {"individual": [], "joint": {"secondary": 2.182801806955099, "primary": 1.600933974919199}}, "TCA|TCG": {"individual": [], "joint": {"secondary": 1.912945373664185, "primary": 1.679150219650395}}, "TCA|TCT": {"individual": [], "joint": {"secondary": 1.443565309496267, "primary": 1.355751229308307}}, "TCC|TCG": {"individual": [], "joint": {"secondary": 0.9496363423995609, "primary": 1.75034626875415}}, "TCC|TCT": {"individual": [], "joint": {"secondary": 1.077473585223369, "primary": 1.730433316916644}}, "TCG|TCT": {"individual": [], "joint": {"secondary": 0.7886639274552592, "primary": 1.721452075277284}}, "TGC|TGT": {"individual": [], "joint": {"secondary": 0.939783446663774, "primary": 1.675196867580798}}, "TTA|TTG": {"individual": [], "joint": {"secondary": 0.7771159733229017, "primary": 0.6774294147850677}}, "TTC|TTT": {"individual": [], "joint": {"secondary": 0.9125763355244317, "primary": 0.7356460483754061}}, "model_mixture_p": 0.2222986990847985}