{"baseline-AICc": {"individual": [], "joint": 394943.433352189}, "baseline-loglikelihood": {"individual": [], "joint": -193680.8263929737}, "joint-AICc": {"individual": [], "joint": 393992.9935021793}, "joint-loglikelihood": {"individual": [], "joint": -192284.9616849251}, "AAA|AAG": {"individual": [], "joint": {"secondary": 0.7970983180467243, "primary": 0.6844841701251629}}, "AAC|AAT": {"individual": [], "joint": {"secondary": 0.9036144140421704, "primary": 0.6169940560711943}}, "ACA|ACC": {"individual": [], "joint": {"secondary": 0.5664520603794152, "primary": 0.7020906141982819}}, "ACA|ACG": {"individual": [], "joint": {"secondary": 0.7987786953213017, "primary": 0.6376271573343185}}, "ACA|ACT": {"individual": [], "joint": {"secondary": 0.5301194046412441, "primary": 0.5657795073796021}}, "ACC|ACG": {"individual": [], "joint": {"secondary": 0.7777224672095088, "primary": 0.5180181353705049}}, "ACC|ACT": {"individual": [], "joint": {"secondary": 0.7014184968318415, "primary": 0.5050488609705218}}, "ACG|ACT": {"individual": [], "joint": {"secondary": 0.7623862492750315, "primary": 0.4204424927700612}}, "AGA|AGG": {"individual": [], "joint": {"secondary": 0.85519314566914, "primary": 0.7774503281872311}}, "AGA|CGA": {"individual": [], "joint": {"secondary": 0.7042591658196041, "primary": 0.627801400036865}}, "AGC|AGT": {"individual": [], "joint": {"secondary": 0.9396582913572735, "primary": 0.661380982875053}}, "AGG|CGG": {"individual": [], "joint": {"secondary": 0.8628161813141721, "primary": 0.6091815899211332}}, "ATA|ATC": {"individual": [], "joint": {"secondary": 0.8160188042802291, "primary": 0.681251145834671}}, "ATA|ATT": {"individual": [], "joint": {"secondary": 0.8574065675973661, "primary": 0.6443187265901205}}, "ATC|ATT": {"individual": [], "joint": {"secondary": 0.967995544415412, "primary": 0.6566827434194998}}, "CAA|CAG": {"individual": [], "joint": {"secondary": 0.8235698304997506, "primary": 0.7808380725340117}}, "CAC|CAT": {"individual": [], "joint": {"secondary": 0.795624786169068, "primary": 0.6529982620351296}}, "CCA|CCC": {"individual": [], "joint": {"secondary": 0.7100272979302841, "primary": 0.6794518065862607}}, "CCA|CCG": {"individual": [], "joint": {"secondary": 0.8259373914258973, "primary": 0.8102490984337308}}, "CCA|CCT": {"individual": [], "joint": {"secondary": 0.612122758500248, "primary": 1.557393167627616}}, "CCC|CCG": {"individual": [], "joint": {"secondary": 0.7423775322972015, "primary": 0.5809568341362664}}, "CCC|CCT": {"individual": [], "joint": {"secondary": 0.8697999705240606, "primary": 0.5546713230850018}}, "CCG|CCT": {"individual": [], "joint": {"secondary": 0.7030559595088919, "primary": 0.493702704362836}}, "CGA|CGC": {"individual": [], "joint": {"secondary": 0.6166000281586842, "primary": 0.5497102666491279}}, "CGA|CGG": {"individual": [], "joint": {"secondary": 0.7271059062462506, "primary": 0.6593908488363834}}, "CGA|CGT": {"individual": [], "joint": {"secondary": 1.060122266684485, "primary": 1.839050204939078}}, "CGC|CGG": {"individual": [], "joint": {"secondary": 2.179247355642877, "primary": 1.392414844066517}}, "CGC|CGT": {"individual": [], "joint": {"secondary": 2.203980271962257, "primary": 1.690590080319253}}, "CGG|CGT": {"individual": [], "joint": {"secondary": 0.4479606512075358, "primary": 1.518990328708739}}, "CTA|CTC": {"individual": [], "joint": {"secondary": 0.6490233412427225, "primary": 0.6336802045129392}}, "CTA|CTG": {"individual": [], "joint": {"secondary": 0.885534187266915, "primary": 0.7365959905647049}}, "CTA|CTT": {"individual": [], "joint": {"secondary": 0.7868362512803339, "primary": 0.5797125420247783}}, "CTA|TTA": {"individual": [], "joint": {"secondary": 0.8662746058639842, "primary": 0.5511847758984524}}, "CTC|CTG": {"individual": [], "joint": {"secondary": 0.8663868901358595, "primary": 0.5748594317739947}}, "CTC|CTT": {"individual": [], "joint": {"secondary": 0.7104141490815298, "primary": 0.5639512357019787}}, "CTG|CTT": {"individual": [], "joint": {"secondary": 0.8331962358086532, "primary": 0.4474331026620455}}, "CTG|TTG": {"individual": [], "joint": {"secondary": 0.8458445631693664, "primary": 0.7532273624423931}}, "GAA|GAG": {"individual": [], "joint": {"secondary": 0.8849798923886114, "primary": 0.6852211591977974}}, "GAC|GAT": {"individual": [], "joint": {"secondary": 0.6528962856356029, "primary": 0.6510930642663303}}, "GCA|GCC": {"individual": [], "joint": {"secondary": 0.901591685321337, "primary": 0.6501949291938889}}, "GCA|GCG": {"individual": [], "joint": {"secondary": 0.7941018914444049, "primary": 0.6708811513223035}}, "GCA|GCT": {"individual": [], "joint": {"secondary": 0.6839718499351539, "primary": 0.5841402476229776}}, "GCC|GCG": {"individual": [], "joint": {"secondary": 0.8794007954146716, "primary": 1.426257933675323}}, "GCC|GCT": {"individual": [], "joint": {"secondary": 0.7988287784131447, "primary": 1.479293440792947}}, "GCG|GCT": {"individual": [], "joint": {"secondary": 0.7612209733235981, "primary": 1.516028383858761}}, "GGA|GGC": {"individual": [], "joint": {"secondary": 0.9025719460615501, "primary": 1.637864686341896}}, "GGA|GGG": {"individual": [], "joint": {"secondary": 0.7144286491731315, "primary": 1.951683117787718}}, "GGA|GGT": {"individual": [], "joint": {"secondary": 1.040655546946204, "primary": 1.081238796216338}}, "GGC|GGG": {"individual": [], "joint": {"secondary": 0.6650067177478629, "primary": 0.5552091590335003}}, "GGC|GGT": {"individual": [], "joint": {"secondary": 1.399598347378769, "primary": 1.611236300861909}}, "GGG|GGT": {"individual": [], "joint": {"secondary": 2.132403784638885, "primary": 1.45711034807568}}, "GTA|GTC": {"individual": [], "joint": {"secondary": 1.160373896643891, "primary": 1.715368874477783}}, "GTA|GTG": {"individual": [], "joint": {"secondary": 2.181889485546703, "primary": 1.633955767019581}}, "GTA|GTT": {"individual": [], "joint": {"secondary": 1.710590635212942, "primary": 1.39865678165246}}, "GTC|GTG": {"individual": [], "joint": {"secondary": 1.190361640899725, "primary": 1.423936755141073}}, "GTC|GTT": {"individual": [], "joint": {"secondary": 1.361292964362856, "primary": 1.491663297338443}}, "GTG|GTT": {"individual": [], "joint": {"secondary": 0.9188395697888008, "primary": 1.366111703322194}}, "TAC|TAT": {"individual": [], "joint": {"secondary": 0.7976646715062817, "primary": 1.69202443425164}}, "TCA|TCC": {"individual": [], "joint": {"secondary": 2.053573821372487, "primary": 1.620475584633129}}, "TCA|TCG": {"individual": [], "joint": {"secondary": 1.946768408369927, "primary": 1.823935587720596}}, "TCA|TCT": {"individual": [], "joint": {"secondary": 1.728162674266352, "primary": 1.639720722539628}}, "TCC|TCG": {"individual": [], "joint": {"secondary": 1.255323490638448, "primary": 1.571416647496843}}, "TCC|TCT": {"individual": [], "joint": {"secondary": 1.379058787909837, "primary": 1.571749023149695}}, "TCG|TCT": {"individual": [], "joint": {"secondary": 1.38593971106889, "primary": 1.324999873468035}}, "TGC|TGT": {"individual": [], "joint": {"secondary": 1.305227687571761, "primary": 1.501811437130114}}, "TTA|TTG": {"individual": [], "joint": {"secondary": 0.9027265297564543, "primary": 0.6555051729074122}}, "TTC|TTT": {"individual": [], "joint": {"secondary": 0.9085688444544184, "primary": 0.7016112205185193}}, "model_mixture_p": 0.6663650268622991}