{"baseline-AICc": {"individual": [], "joint": 392525.3668589742}, "baseline-loglikelihood": {"individual": [], "joint": -192471.7931463663}, "joint-AICc": {"individual": [], "joint": 391465.7197016034}, "joint-loglikelihood": {"individual": [], "joint": -191021.3247846372}, "AAA|AAG": {"individual": [], "joint": {"secondary": 0.8581003603398519, "primary": 0.6834133713424256}}, "AAC|AAT": {"individual": [], "joint": {"secondary": 0.6823827980708309, "primary": 0.6464581508176994}}, "ACA|ACC": {"individual": [], "joint": {"secondary": 0.7035813759508128, "primary": 0.8041077649939982}}, "ACA|ACG": {"individual": [], "joint": {"secondary": 0.7252377763470391, "primary": 0.6232766451807135}}, "ACA|ACT": {"individual": [], "joint": {"secondary": 0.8054981455109563, "primary": 0.4649002522673919}}, "ACC|ACG": {"individual": [], "joint": {"secondary": 0.7389270884066282, "primary": 0.5926199860864709}}, "ACC|ACT": {"individual": [], "joint": {"secondary": 0.9701539303665325, "primary": 0.7278705066040152}}, "ACG|ACT": {"individual": [], "joint": {"secondary": 0.7656274790538091, "primary": 0.3777082452762186}}, "AGA|AGG": {"individual": [], "joint": {"secondary": 0.8018569959703227, "primary": 0.7016386117866056}}, "AGA|CGA": {"individual": [], "joint": {"secondary": 0.8676313672324766, "primary": 0.5334005977421743}}, "AGC|AGT": {"individual": [], "joint": {"secondary": 0.7597797554571557, "primary": 0.6828967822124037}}, "AGG|CGG": {"individual": [], "joint": {"secondary": 0.6694178987051055, "primary": 0.6442052933325927}}, "ATA|ATC": {"individual": [], "joint": {"secondary": 0.8538442346184625, "primary": 0.6556159549177759}}, "ATA|ATT": {"individual": [], "joint": {"secondary": 0.8711449744382269, "primary": 0.6083712349907784}}, "ATC|ATT": {"individual": [], "joint": {"secondary": 0.8917944007779876, "primary": 0.6586718790030218}}, "CAA|CAG": {"individual": [], "joint": {"secondary": 0.8508046264435879, "primary": 0.749586686103778}}, "CAC|CAT": {"individual": [], "joint": {"secondary": 0.90942374403971, "primary": 0.5888854752353834}}, "CCA|CCC": {"individual": [], "joint": {"secondary": 0.7354810790801128, "primary": 0.7023932606228152}}, "CCA|CCG": {"individual": [], "joint": {"secondary": 0.8068934175865724, "primary": 0.6220584744875808}}, "CCA|CCT": {"individual": [], "joint": {"secondary": 0.5457918489455388, "primary": 1.489671496926809}}, "CCC|CCG": {"individual": [], "joint": {"secondary": 0.7405981247693958, "primary": 0.4965280288617737}}, "CCC|CCT": {"individual": [], "joint": {"secondary": 0.9380366290087417, "primary": 0.6004481483561164}}, "CCG|CCT": {"individual": [], "joint": {"secondary": 0.7942152365057931, "primary": 0.7088916365369614}}, "CGA|CGC": {"individual": [], "joint": {"secondary": 0.67698504403306, "primary": 0.640188229673111}}, "CGA|CGG": {"individual": [], "joint": {"secondary": 0.7407533415389498, "primary": 0.6339305549947958}}, "CGA|CGT": {"individual": [], "joint": {"secondary": 1.167728660918632, "primary": 1.39147825584399}}, "CGC|CGG": {"individual": [], "joint": {"secondary": 2.301308529608861, "primary": 1.415362877041125}}, "CGC|CGT": {"individual": [], "joint": {"secondary": 2.421800119230202, "primary": 1.466783768029508}}, "CGG|CGT": {"individual": [], "joint": {"secondary": 0.7724211267934135, "primary": 1.359014647713479}}, "CTA|CTC": {"individual": [], "joint": {"secondary": 0.6831413004076307, "primary": 0.7466848868576058}}, "CTA|CTG": {"individual": [], "joint": {"secondary": 0.8504318032767674, "primary": 0.6921347719713696}}, "CTA|CTT": {"individual": [], "joint": {"secondary": 0.8101334365357776, "primary": 0.5693359230218652}}, "CTA|TTA": {"individual": [], "joint": {"secondary": 0.976975744818945, "primary": 0.6359098883718657}}, "CTC|CTG": {"individual": [], "joint": {"secondary": 0.706230058683731, "primary": 0.587904996126699}}, "CTC|CTT": {"individual": [], "joint": {"secondary": 0.6971251654900823, "primary": 0.560992743678347}}, "CTG|CTT": {"individual": [], "joint": {"secondary": 1.034487194260872, "primary": 0.6059963858335784}}, "CTG|TTG": {"individual": [], "joint": {"secondary": 0.7770353095465504, "primary": 0.6784684418319411}}, "GAA|GAG": {"individual": [], "joint": {"secondary": 0.7470891494926075, "primary": 0.6485404611841105}}, "GAC|GAT": {"individual": [], "joint": {"secondary": 0.7761043579636352, "primary": 0.5178493774597527}}, "GCA|GCC": {"individual": [], "joint": {"secondary": 0.7261459405163451, "primary": 0.5981728550899374}}, "GCA|GCG": {"individual": [], "joint": {"secondary": 0.8106222032876335, "primary": 0.6941158941094688}}, "GCA|GCT": {"individual": [], "joint": {"secondary": 0.7957842483841833, "primary": 0.5343515465145418}}, "GCC|GCG": {"individual": [], "joint": {"secondary": 0.7435037792258082, "primary": 1.430864567319531}}, "GCC|GCT": {"individual": [], "joint": {"secondary": 0.8744013120838253, "primary": 1.765199253419171}}, "GCG|GCT": {"individual": [], "joint": {"secondary": 0.8109986918858354, "primary": 1.349483558646313}}, "GGA|GGC": {"individual": [], "joint": {"secondary": 0.8781308843293011, "primary": 1.928618057597049}}, "GGA|GGG": {"individual": [], "joint": {"secondary": 0.8138226061842531, "primary": 1.804172656713343}}, "GGA|GGT": {"individual": [], "joint": {"secondary": 0.9991048346777684, "primary": 1.42598393998269}}, "GGC|GGG": {"individual": [], "joint": {"secondary": 0.8950915364213454, "primary": 0.4838282314342121}}, "GGC|GGT": {"individual": [], "joint": {"secondary": 1.308123006175845, "primary": 1.683237943785828}}, "GGG|GGT": {"individual": [], "joint": {"secondary": 1.935737491889262, "primary": 1.527732275686965}}, "GTA|GTC": {"individual": [], "joint": {"secondary": 1.379929778237869, "primary": 1.93442778276479}}, "GTA|GTG": {"individual": [], "joint": {"secondary": 2.186735996884025, "primary": 1.927002907735251}}, "GTA|GTT": {"individual": [], "joint": {"secondary": 1.339563276691524, "primary": 1.529221093705817}}, "GTC|GTG": {"individual": [], "joint": {"secondary": 1.235392784238047, "primary": 1.448070786998655}}, "GTC|GTT": {"individual": [], "joint": {"secondary": 1.342720477289808, "primary": 1.728462426615192}}, "GTG|GTT": {"individual": [], "joint": {"secondary": 0.5700563784658571, "primary": 1.246845677362362}}, "TAC|TAT": {"individual": [], "joint": {"secondary": 0.8792618010422492, "primary": 1.614737873659795}}, "TCA|TCC": {"individual": [], "joint": {"secondary": 1.759759176911256, "primary": 1.523355001951895}}, "TCA|TCG": {"individual": [], "joint": {"secondary": 1.983982082412023, "primary": 1.744762617400054}}, "TCA|TCT": {"individual": [], "joint": {"secondary": 1.44309708767799, "primary": 1.426325586458064}}, "TCC|TCG": {"individual": [], "joint": {"secondary": 1.319363069133725, "primary": 1.530165123790311}}, "TCC|TCT": {"individual": [], "joint": {"secondary": 1.358944827626346, "primary": 1.386822227502969}}, "TCG|TCT": {"individual": [], "joint": {"secondary": 1.074748444798078, "primary": 1.272293719891235}}, "TGC|TGT": {"individual": [], "joint": {"secondary": 1.486299833157007, "primary": 1.67469822733038}}, "TTA|TTG": {"individual": [], "joint": {"secondary": 0.8469027304052809, "primary": 0.7225846906761351}}, "TTC|TTT": {"individual": [], "joint": {"secondary": 0.7758020897421293, "primary": 0.5502687825393717}}, "model_mixture_p": 0.6664680637915059}