{"baseline-AICc": {"individual": [], "joint": 397680.629986017}, "baseline-loglikelihood": {"individual": [], "joint": -195049.4247098876}, "joint-AICc": {"individual": [], "joint": 397857.7103867714}, "joint-loglikelihood": {"individual": [], "joint": -194217.3201272212}, "AAA|AAG": {"individual": [], "joint": {"secondary": 0.6959676758601291, "primary": 0.7867864727689962}}, "AAC|AAT": {"individual": [], "joint": {"secondary": 0.7266699173512884, "primary": 0.930334985251316}}, "ACA|ACC": {"individual": [], "joint": {"secondary": 0.7330065557781341, "primary": 0.9620815708915821}}, "ACA|ACG": {"individual": [], "joint": {"secondary": 0.802137947066588, "primary": 0.823587835176706}}, "ACA|ACT": {"individual": [], "joint": {"secondary": 0.6256878899286096, "primary": 0.9545719903573155}}, "ACC|ACG": {"individual": [], "joint": {"secondary": 0.6656551872824318, "primary": 0.8269886144528064}}, "ACC|ACT": {"individual": [], "joint": {"secondary": 0.6391769802743442, "primary": 0.908830036510878}}, "ACG|ACT": {"individual": [], "joint": {"secondary": 0.5947695107015849, "primary": 0.984287450772561}}, "AGA|AGG": {"individual": [], "joint": {"secondary": 0.8480900030135443, "primary": 0.7780581525351502}}, "AGA|CGA": {"individual": [], "joint": {"secondary": 0.5604226008859845, "primary": 0.8092317620271988}}, "AGC|AGT": {"individual": [], "joint": {"secondary": 0.8169667594945428, "primary": 1.031458146988594}}, "AGG|CGG": {"individual": [], "joint": {"secondary": 0.6632945662735332, "primary": 0.8875738487940563}}, "ATA|ATC": {"individual": [], "joint": {"secondary": 0.6040578165126912, "primary": 0.9415062615569155}}, "ATA|ATT": {"individual": [], "joint": {"secondary": 0.5185379751516519, "primary": 0.8240212492325057}}, "ATC|ATT": {"individual": [], "joint": {"secondary": 0.6797380686855788, "primary": 0.9308146432652279}}, "CAA|CAG": {"individual": [], "joint": {"secondary": 0.8140250320662981, "primary": 0.8661498330334362}}, "CAC|CAT": {"individual": [], "joint": {"secondary": 0.790320571863625, "primary": 1.035623615672543}}, "CCA|CCC": {"individual": [], "joint": {"secondary": 0.694793774864963, "primary": 0.8446184649375578}}, "CCA|CCG": {"individual": [], "joint": {"secondary": 0.8270362710896594, "primary": 0.9222908898014509}}, "CCA|CCT": {"individual": [], "joint": {"secondary": 1.070843589944507, "primary": 0.8764472529356183}}, "CCC|CCG": {"individual": [], "joint": {"secondary": 0.6234188192621525, "primary": 0.9147286309922249}}, "CCC|CCT": {"individual": [], "joint": {"secondary": 0.6131403766560658, "primary": 0.7974444831622483}}, "CCG|CCT": {"individual": [], "joint": {"secondary": 0.4982081754655519, "primary": 0.6415186698823239}}, "CGA|CGC": {"individual": [], "joint": {"secondary": 0.5460320467462129, "primary": 0.7765945094975248}}, "CGA|CGG": {"individual": [], "joint": {"secondary": 0.8167860373483097, "primary": 0.8970163056836546}}, "CGA|CGT": {"individual": [], "joint": {"secondary": 1.197025195555663, "primary": 0.9033203600111516}}, "CGC|CGG": {"individual": [], "joint": {"secondary": 1.478268452064925, "primary": 2.208230795158395}}, "CGC|CGT": {"individual": [], "joint": {"secondary": 1.925825949447434, "primary": 2.25619531155486}}, "CGG|CGT": {"individual": [], "joint": {"secondary": 0.7301070487253704, "primary": 0.9152430572290378}}, "CTA|CTC": {"individual": [], "joint": {"secondary": 0.7963119071920423, "primary": 0.9149677041641225}}, "CTA|CTG": {"individual": [], "joint": {"secondary": 0.7365107824633965, "primary": 0.8452518004505626}}, "CTA|CTT": {"individual": [], "joint": {"secondary": 0.5478052149901042, "primary": 0.7773116258335881}}, "CTA|TTA": {"individual": [], "joint": {"secondary": 0.6346211954949692, "primary": 0.9590383942494008}}, "CTC|CTG": {"individual": [], "joint": {"secondary": 0.6982613717772622, "primary": 0.9384582081166327}}, "CTC|CTT": {"individual": [], "joint": {"secondary": 0.6943156261388104, "primary": 0.9114867102314094}}, "CTG|CTT": {"individual": [], "joint": {"secondary": 0.6701157035414771, "primary": 0.8532958515205251}}, "CTG|TTG": {"individual": [], "joint": {"secondary": 0.7145434794983697, "primary": 0.9158080470238107}}, "GAA|GAG": {"individual": [], "joint": {"secondary": 0.8152592311661607, "primary": 0.9035381182343367}}, "GAC|GAT": {"individual": [], "joint": {"secondary": 0.7076425278411965, "primary": 0.8529178141089913}}, "GCA|GCC": {"individual": [], "joint": {"secondary": 0.588942136575567, "primary": 0.8762734471252374}}, "GCA|GCG": {"individual": [], "joint": {"secondary": 0.8184616906958915, "primary": 0.9558872432509709}}, "GCA|GCT": {"individual": [], "joint": {"secondary": 0.5861061447183625, "primary": 1.035812387862424}}, "GCC|GCG": {"individual": [], "joint": {"secondary": 1.082171104632526, "primary": 0.8391237161488173}}, "GCC|GCT": {"individual": [], "joint": {"secondary": 1.161300527276021, "primary": 0.89614833312471}}, "GCG|GCT": {"individual": [], "joint": {"secondary": 0.9064864335408999, "primary": 0.8261665435418353}}, "GGA|GGC": {"individual": [], "joint": {"secondary": 0.80038916172937, "primary": 0.7837038810808441}}, "GGA|GGG": {"individual": [], "joint": {"secondary": 1.149816881576093, "primary": 0.8231752093474067}}, "GGA|GGT": {"individual": [], "joint": {"secondary": 1.478389808466486, "primary": 0.8110306366254347}}, "GGC|GGG": {"individual": [], "joint": {"secondary": 0.7158824255438211, "primary": 0.9252408546718816}}, "GGC|GGT": {"individual": [], "joint": {"secondary": 1.743696626899787, "primary": 1.039030551357221}}, "GGG|GGT": {"individual": [], "joint": {"secondary": 1.555802605073496, "primary": 2.003997460364432}}, "GTA|GTC": {"individual": [], "joint": {"secondary": 2.126614859682647, "primary": 0.9622919317615608}}, "GTA|GTG": {"individual": [], "joint": {"secondary": 1.733442969591835, "primary": 1.872853934194894}}, "GTA|GTT": {"individual": [], "joint": {"secondary": 1.27209764500444, "primary": 0.7024358595067631}}, "GTC|GTG": {"individual": [], "joint": {"secondary": 1.612852615816772, "primary": 0.8406589177435712}}, "GTC|GTT": {"individual": [], "joint": {"secondary": 1.995514366547395, "primary": 0.9476502111588515}}, "GTG|GTT": {"individual": [], "joint": {"secondary": 1.181377717594079, "primary": 0.8541042105608321}}, "TAC|TAT": {"individual": [], "joint": {"secondary": 0.9661668911797211, "primary": 1.134486088678161}}, "TCA|TCC": {"individual": [], "joint": {"secondary": 1.830956852392986, "primary": 2.251125997038403}}, "TCA|TCG": {"individual": [], "joint": {"secondary": 1.673039773486086, "primary": 2.3000647289328}}, "TCA|TCT": {"individual": [], "joint": {"secondary": 1.964677745579471, "primary": 0.86052035470395}}, "TCC|TCG": {"individual": [], "joint": {"secondary": 1.724413154735308, "primary": 0.8590140629866673}}, "TCC|TCT": {"individual": [], "joint": {"secondary": 1.793540238529834, "primary": 0.9130886640048913}}, "TCG|TCT": {"individual": [], "joint": {"secondary": 1.515861265815887, "primary": 0.88677722970372}}, "TGC|TGT": {"individual": [], "joint": {"secondary": 1.877092838473061, "primary": 0.8628037243328295}}, "TTA|TTG": {"individual": [], "joint": {"secondary": 0.7015513193825011, "primary": 0.9059135757747302}}, "TTC|TTT": {"individual": [], "joint": {"secondary": 0.6279563639945122, "primary": 0.9229907703489368}}, "model_mixture_p": 0.6665647575562202}