{"baseline-AICc": {"individual": [], "joint": 394623.4960072679}, "baseline-loglikelihood": {"individual": [], "joint": -193520.8577205131}, "joint-AICc": {"individual": [], "joint": 393731.0313012974}, "joint-loglikelihood": {"individual": [], "joint": -192153.9805844842}, "AAA|AAG": {"individual": [], "joint": {"secondary": 0.7845908703501316, "primary": 0.7005230942256747}}, "AAC|AAT": {"individual": [], "joint": {"secondary": 0.8999010653134749, "primary": 0.7028732482873717}}, "ACA|ACC": {"individual": [], "joint": {"secondary": 0.8369590482715015, "primary": 0.6806517172422049}}, "ACA|ACG": {"individual": [], "joint": {"secondary": 0.861400798338058, "primary": 0.7722992716719936}}, "ACA|ACT": {"individual": [], "joint": {"secondary": 0.8760093694317006, "primary": 0.4801493127298328}}, "ACC|ACG": {"individual": [], "joint": {"secondary": 0.7105851460028233, "primary": 0.5579698952295856}}, "ACC|ACT": {"individual": [], "joint": {"secondary": 0.8035080187114049, "primary": 0.6491070909645741}}, "ACG|ACT": {"individual": [], "joint": {"secondary": 0.7288010167659924, "primary": 0.5522504430601992}}, "AGA|AGG": {"individual": [], "joint": {"secondary": 0.6953217149027329, "primary": 0.710126929476389}}, "AGA|CGA": {"individual": [], "joint": {"secondary": 0.8609185228888497, "primary": 0.7209071346743916}}, "AGC|AGT": {"individual": [], "joint": {"secondary": 1.030440430660958, "primary": 0.5931880837509458}}, "AGG|CGG": {"individual": [], "joint": {"secondary": 0.8400624891647838, "primary": 0.7162950918432902}}, "ATA|ATC": {"individual": [], "joint": {"secondary": 0.7973709112784598, "primary": 0.706707382773306}}, "ATA|ATT": {"individual": [], "joint": {"secondary": 0.8069733354383448, "primary": 0.4787553432949323}}, "ATC|ATT": {"individual": [], "joint": {"secondary": 0.8781019427919085, "primary": 0.6135137948350413}}, "CAA|CAG": {"individual": [], "joint": {"secondary": 0.8531242643758187, "primary": 0.6658723281419906}}, "CAC|CAT": {"individual": [], "joint": {"secondary": 0.756482002400361, "primary": 0.6175026499980589}}, "CCA|CCC": {"individual": [], "joint": {"secondary": 0.7820973692889119, "primary": 0.6922266833743895}}, "CCA|CCG": {"individual": [], "joint": {"secondary": 0.8310123145792968, "primary": 0.678739588142982}}, "CCA|CCT": {"individual": [], "joint": {"secondary": 0.8146108427702025, "primary": 1.496713248203873}}, "CCC|CCG": {"individual": [], "joint": {"secondary": 0.7585418989097498, "primary": 0.5522977797861771}}, "CCC|CCT": {"individual": [], "joint": {"secondary": 0.920142667670164, "primary": 0.62100610294828}}, "CCG|CCT": {"individual": [], "joint": {"secondary": 0.782349742341119, "primary": 0.4781489883290668}}, "CGA|CGC": {"individual": [], "joint": {"secondary": 0.7730996021653354, "primary": 0.7520601690077054}}, "CGA|CGG": {"individual": [], "joint": {"secondary": 1.046207247680776, "primary": 0.7225297264135646}}, "CGA|CGT": {"individual": [], "joint": {"secondary": 0.3810185338078675, "primary": 1.595572003438599}}, "CGC|CGG": {"individual": [], "joint": {"secondary": 1.817121378708923, "primary": 1.4865751615661}}, "CGC|CGT": {"individual": [], "joint": {"secondary": 2.15826491717466, "primary": 1.571772215947536}}, "CGG|CGT": {"individual": [], "joint": {"secondary": 0.6991373230854103, "primary": 1.239875075706386}}, "CTA|CTC": {"individual": [], "joint": {"secondary": 0.743655230160136, "primary": 0.6167649021494428}}, "CTA|CTG": {"individual": [], "joint": {"secondary": 0.8785118470991086, "primary": 0.6466389478869266}}, "CTA|CTT": {"individual": [], "joint": {"secondary": 0.7229218981569776, "primary": 0.5229236224231005}}, "CTA|TTA": {"individual": [], "joint": {"secondary": 1.243262148570224, "primary": 0.6614792645001742}}, "CTC|CTG": {"individual": [], "joint": {"secondary": 0.8202917223749737, "primary": 0.632324852741529}}, "CTC|CTT": {"individual": [], "joint": {"secondary": 0.7780611322465281, "primary": 0.5251598119118649}}, "CTG|CTT": {"individual": [], "joint": {"secondary": 0.8974528932342195, "primary": 0.5189752387051106}}, "CTG|TTG": {"individual": [], "joint": {"secondary": 0.7810190653394562, "primary": 0.6267438188166375}}, "GAA|GAG": {"individual": [], "joint": {"secondary": 0.8119470915309251, "primary": 0.8369157817550994}}, "GAC|GAT": {"individual": [], "joint": {"secondary": 0.7582150983049566, "primary": 0.638821586109112}}, "GCA|GCC": {"individual": [], "joint": {"secondary": 0.7883274570946733, "primary": 0.6728494923203577}}, "GCA|GCG": {"individual": [], "joint": {"secondary": 0.8508783820132851, "primary": 0.7494202406298134}}, "GCA|GCT": {"individual": [], "joint": {"secondary": 1.059541255554978, "primary": 0.4282920883086659}}, "GCC|GCG": {"individual": [], "joint": {"secondary": 0.8432599510789714, "primary": 1.662339176064544}}, "GCC|GCT": {"individual": [], "joint": {"secondary": 0.86009036277463, "primary": 1.493059768677642}}, "GCG|GCT": {"individual": [], "joint": {"secondary": 0.5566491383901603, "primary": 1.398347675785741}}, "GGA|GGC": {"individual": [], "joint": {"secondary": 1.02212821806097, "primary": 1.608320916404308}}, "GGA|GGG": {"individual": [], "joint": {"secondary": 0.734925811713194, "primary": 1.728991199302567}}, "GGA|GGT": {"individual": [], "joint": {"secondary": 0.7153248963266223, "primary": 1.132831258542671}}, "GGC|GGG": {"individual": [], "joint": {"secondary": 0.8000384844556295, "primary": 0.5602680116332919}}, "GGC|GGT": {"individual": [], "joint": {"secondary": 1.301738653105345, "primary": 1.793479063661862}}, "GGG|GGT": {"individual": [], "joint": {"secondary": 2.074175181177222, "primary": 1.174218636019831}}, "GTA|GTC": {"individual": [], "joint": {"secondary": 1.60052941352364, "primary": 1.724602584036012}}, "GTA|GTG": {"individual": [], "joint": {"secondary": 2.147488079986029, "primary": 1.91045257599302}}, "GTA|GTT": {"individual": [], "joint": {"secondary": 1.626557375814299, "primary": 1.332261985941766}}, "GTC|GTG": {"individual": [], "joint": {"secondary": 1.245862339593022, "primary": 1.369297873874069}}, "GTC|GTT": {"individual": [], "joint": {"secondary": 1.417086687725996, "primary": 1.648059629174685}}, "GTG|GTT": {"individual": [], "joint": {"secondary": 0.705674211232832, "primary": 1.48416088088739}}, "TAC|TAT": {"individual": [], "joint": {"secondary": 0.7487341755205779, "primary": 1.712574632004291}}, "TCA|TCC": {"individual": [], "joint": {"secondary": 2.041097673079125, "primary": 1.421912712016376}}, "TCA|TCG": {"individual": [], "joint": {"secondary": 2.022682207714067, "primary": 1.654387423358384}}, "TCA|TCT": {"individual": [], "joint": {"secondary": 0.5850903055264836, "primary": 1.441316502596405}}, "TCC|TCG": {"individual": [], "joint": {"secondary": 1.185969812942821, "primary": 1.50552031419101}}, "TCC|TCT": {"individual": [], "joint": {"secondary": 1.538485083803592, "primary": 1.866988331430095}}, "TCG|TCT": {"individual": [], "joint": {"secondary": 1.559393832732498, "primary": 1.397448176774661}}, "TGC|TGT": {"individual": [], "joint": {"secondary": 1.142855506094125, "primary": 1.653151718311614}}, "TTA|TTG": {"individual": [], "joint": {"secondary": 0.828355017870984, "primary": 0.7242241297999419}}, "TTC|TTT": {"individual": [], "joint": {"secondary": 0.7775675728069832, "primary": 0.7182656201955355}}, "model_mixture_p": 0.666479340446153}