{"baseline-AICc": {"individual": [], "joint": 395885.0248373037}, "baseline-loglikelihood": {"individual": [], "joint": -194151.622135531}, "joint-AICc": {"individual": [], "joint": 396437.6203528692}, "joint-loglikelihood": {"individual": [], "joint": -193507.2751102701}, "AAA|AAG": {"individual": [], "joint": {"secondary": 0.7550013809770908, "primary": 2.124362415447811}}, "AAC|AAT": {"individual": [], "joint": {"secondary": 1.012894577686099, "primary": 2.084339239688955}}, "ACA|ACC": {"individual": [], "joint": {"secondary": 0.980735468670911, "primary": 2.639317150412641}}, "ACA|ACG": {"individual": [], "joint": {"secondary": 1.019108589347621, "primary": 2.138603782401007}}, "ACA|ACT": {"individual": [], "joint": {"secondary": 0.8155436705326516, "primary": 1.054319989055951}}, "ACC|ACG": {"individual": [], "joint": {"secondary": 0.8206564675992102, "primary": 0.8003674576146298}}, "ACC|ACT": {"individual": [], "joint": {"secondary": 0.9399149724164848, "primary": 0.8426065672062961}}, "ACG|ACT": {"individual": [], "joint": {"secondary": 1.125924423738902, "primary": 1.012642132271675}}, "AGA|AGG": {"individual": [], "joint": {"secondary": 0.8535137551077983, "primary": 0.8644169526389812}}, "AGA|CGA": {"individual": [], "joint": {"secondary": 1.045503692268077, "primary": 0.8759455098219912}}, "AGC|AGT": {"individual": [], "joint": {"secondary": 0.6897245905750542, "primary": 0.9042966652493073}}, "AGG|CGG": {"individual": [], "joint": {"secondary": 0.8575800229277785, "primary": 0.8475392238762022}}, "ATA|ATC": {"individual": [], "joint": {"secondary": 0.9092070200099895, "primary": 0.9326073623599006}}, "ATA|ATT": {"individual": [], "joint": {"secondary": 1.178436395798635, "primary": 0.89774988336986}}, "ATC|ATT": {"individual": [], "joint": {"secondary": 0.8842285903678652, "primary": 0.9789353373959032}}, "CAA|CAG": {"individual": [], "joint": {"secondary": 0.773000605712153, "primary": 1.865462842134721}}, "CAC|CAT": {"individual": [], "joint": {"secondary": 0.9769739765872291, "primary": 2.241349740401288}}, "CCA|CCC": {"individual": [], "joint": {"secondary": 1.56916395319722, "primary": 1.07190634519012}}, "CCA|CCG": {"individual": [], "joint": {"secondary": 1.10585441375522, "primary": 0.7165872158481765}}, "CCA|CCT": {"individual": [], "joint": {"secondary": 1.333321218517212, "primary": 0.8143109547248405}}, "CCC|CCG": {"individual": [], "joint": {"secondary": 1.532584953852702, "primary": 1.056660071305853}}, "CCC|CCT": {"individual": [], "joint": {"secondary": 1.485168526097942, "primary": 0.916131114161331}}, "CCG|CCT": {"individual": [], "joint": {"secondary": 0.5685821120643652, "primary": 0.790973726878036}}, "CGA|CGC": {"individual": [], "joint": {"secondary": 1.398900692987189, "primary": 0.9076279162519302}}, "CGA|CGG": {"individual": [], "joint": {"secondary": 1.233354766998084, "primary": 0.832655531531194}}, "CGA|CGT": {"individual": [], "joint": {"secondary": 0.9047453779993392, "primary": 1.036554455667082}}, "CGC|CGG": {"individual": [], "joint": {"secondary": 1.390639082361056, "primary": 1.008418233827074}}, "CGC|CGT": {"individual": [], "joint": {"secondary": 1.996582849809813, "primary": 0.9671771258173942}}, "CGG|CGT": {"individual": [], "joint": {"secondary": 0.645100056144726, "primary": 0.6490145132678368}}, "CTA|CTC": {"individual": [], "joint": {"secondary": 0.6783802643371344, "primary": 0.7684709748275249}}, "CTA|CTG": {"individual": [], "joint": {"secondary": 0.8431558403917755, "primary": 0.8464358098508138}}, "CTA|CTT": {"individual": [], "joint": {"secondary": 0.8390528488213368, "primary": 0.9819238313432045}}, "CTA|TTA": {"individual": [], "joint": {"secondary": 0.7084013085172076, "primary": 0.799276469876604}}, "CTC|CTG": {"individual": [], "joint": {"secondary": 0.8645737945833386, "primary": 0.9859654599619601}}, "CTC|CTT": {"individual": [], "joint": {"secondary": 0.843852610782926, "primary": 0.800091918432525}}, "CTG|CTT": {"individual": [], "joint": {"secondary": 1.001129340168957, "primary": 0.9515474008655769}}, "CTG|TTG": {"individual": [], "joint": {"secondary": 1.005948288828386, "primary": 0.837481279894328}}, "GAA|GAG": {"individual": [], "joint": {"secondary": 0.9723608195715071, "primary": 0.7980869843441}}, "GAC|GAT": {"individual": [], "joint": {"secondary": 1.005043239048332, "primary": 0.8845188503487851}}, "GCA|GCC": {"individual": [], "joint": {"secondary": 1.017231253129359, "primary": 0.9464831608704896}}, "GCA|GCG": {"individual": [], "joint": {"secondary": 1.034654887221057, "primary": 0.7476207795072187}}, "GCA|GCT": {"individual": [], "joint": {"secondary": 0.419941869202424, "primary": 0.6426075285352049}}, "GCC|GCG": {"individual": [], "joint": {"secondary": 0.8331127884390986, "primary": 0.9710476797675768}}, "GCC|GCT": {"individual": [], "joint": {"secondary": 1.052402839208469, "primary": 0.7981732428656373}}, "GCG|GCT": {"individual": [], "joint": {"secondary": 0.947921510747861, "primary": 0.7517500439042758}}, "GGA|GGC": {"individual": [], "joint": {"secondary": 0.8767817061563341, "primary": 0.9391221931904062}}, "GGA|GGG": {"individual": [], "joint": {"secondary": 0.8715241624778112, "primary": 0.813853469336681}}, "GGA|GGT": {"individual": [], "joint": {"secondary": 0.9348234096596941, "primary": 0.8836300563497395}}, "GGC|GGG": {"individual": [], "joint": {"secondary": 1.507840647393984, "primary": 0.8874730394662063}}, "GGC|GGT": {"individual": [], "joint": {"secondary": 0.6492506728012394, "primary": 0.7427945927501598}}, "GGG|GGT": {"individual": [], "joint": {"secondary": 1.720681654373172, "primary": 0.9536521934798008}}, "GTA|GTC": {"individual": [], "joint": {"secondary": 0.9020763595086075, "primary": 0.7854053674218299}}, "GTA|GTG": {"individual": [], "joint": {"secondary": 1.379533633601666, "primary": 0.9031849457086114}}, "GTA|GTT": {"individual": [], "joint": {"secondary": 1.04781402307712, "primary": 0.7987800214864009}}, "GTC|GTG": {"individual": [], "joint": {"secondary": 0.7720599367376132, "primary": 0.8905749161128623}}, "GTC|GTT": {"individual": [], "joint": {"secondary": 0.9330754932248102, "primary": 0.8293452277778713}}, "GTG|GTT": {"individual": [], "joint": {"secondary": 0.8143307570584589, "primary": 1.07973838305575}}, "TAC|TAT": {"individual": [], "joint": {"secondary": 0.8981341853988294, "primary": 0.7947201079404073}}, "TCA|TCC": {"individual": [], "joint": {"secondary": 1.375097260529642, "primary": 1.069212230302347}}, "TCA|TCG": {"individual": [], "joint": {"secondary": 1.449890761234928, "primary": 0.8183477336525126}}, "TCA|TCT": {"individual": [], "joint": {"secondary": 0.586936000522721, "primary": 1.262130693320848}}, "TCC|TCG": {"individual": [], "joint": {"secondary": 0.8631469598655326, "primary": 0.9702300210867714}}, "TCC|TCT": {"individual": [], "joint": {"secondary": 0.8846865806480868, "primary": 0.8802676602230302}}, "TCG|TCT": {"individual": [], "joint": {"secondary": 0.9253451487963752, "primary": 0.8770992755811746}}, "TGC|TGT": {"individual": [], "joint": {"secondary": 0.7561478839181937, "primary": 0.8247324939635176}}, "TTA|TTG": {"individual": [], "joint": {"secondary": 0.9557856044710084, "primary": 0.7935210193640221}}, "TTC|TTT": {"individual": [], "joint": {"secondary": 1.02592745143658, "primary": 0.8178234874152035}}, "model_mixture_p": 0.6667395553042315}