{"baseline-AICc": {"individual": [], "joint": 396612.17996881}, "baseline-loglikelihood": {"individual": [], "joint": -194515.1997012841}, "joint-AICc": {"individual": [], "joint": 397363.1440845018}, "joint-loglikelihood": {"individual": [], "joint": -193970.0369760864}, "AAA|AAG": {"individual": [], "joint": {"secondary": 0.9030728028472211, "primary": 2.437133831195241}}, "AAC|AAT": {"individual": [], "joint": {"secondary": 1.047814106119605, "primary": 2.066047575242571}}, "ACA|ACC": {"individual": [], "joint": {"secondary": 0.7773985329579328, "primary": 2.907913922881181}}, "ACA|ACG": {"individual": [], "joint": {"secondary": 0.9723048246307077, "primary": 2.288236479483312}}, "ACA|ACT": {"individual": [], "joint": {"secondary": 0.9293375814841056, "primary": 0}}, "ACC|ACG": {"individual": [], "joint": {"secondary": 0.92269893048978, "primary": 0.706642689491356}}, "ACC|ACT": {"individual": [], "joint": {"secondary": 0.8705853329930648, "primary": 0.9082444327967453}}, "ACG|ACT": {"individual": [], "joint": {"secondary": 0.8634561569469504, "primary": 1.264086360880102}}, "AGA|AGG": {"individual": [], "joint": {"secondary": 0.8072307294957113, "primary": 0.6617757478851027}}, "AGA|CGA": {"individual": [], "joint": {"secondary": 0.745876992767041, "primary": 0.8913952317242401}}, "AGC|AGT": {"individual": [], "joint": {"secondary": 0.8614789074631524, "primary": 0.9203561485534023}}, "AGG|CGG": {"individual": [], "joint": {"secondary": 0.8603434129141682, "primary": 0.8933589751022077}}, "ATA|ATC": {"individual": [], "joint": {"secondary": 0.8868827864620923, "primary": 1.073022898182608}}, "ATA|ATT": {"individual": [], "joint": {"secondary": 0.9434735497865118, "primary": 0.8950631729879674}}, "ATC|ATT": {"individual": [], "joint": {"secondary": 1.03126066233269, "primary": 0.9855157074169945}}, "CAA|CAG": {"individual": [], "joint": {"secondary": 0.9356299355495609, "primary": 2.076189921789274}}, "CAC|CAT": {"individual": [], "joint": {"secondary": 0.9296356348765488, "primary": 2.328391569407125}}, "CCA|CCC": {"individual": [], "joint": {"secondary": 2.036724521227339, "primary": 0.914460181046022}}, "CCA|CCG": {"individual": [], "joint": {"secondary": 0.8524230771377551, "primary": 0.8697328831856134}}, "CCA|CCT": {"individual": [], "joint": {"secondary": 0.7697644590182655, "primary": 1.215770561364179}}, "CCC|CCG": {"individual": [], "joint": {"secondary": 1.735241561238829, "primary": 0.8101955954894309}}, "CCC|CCT": {"individual": [], "joint": {"secondary": 2.049323147957927, "primary": 1.386948035740255}}, "CCG|CCT": {"individual": [], "joint": {"secondary": 0.9561114426482413, "primary": 0.6888786814695463}}, "CGA|CGC": {"individual": [], "joint": {"secondary": 1.967482248132043, "primary": 1.131337804923206}}, "CGA|CGG": {"individual": [], "joint": {"secondary": 1.866439647207408, "primary": 0.9297217778293245}}, "CGA|CGT": {"individual": [], "joint": {"secondary": 0.8509456115732451, "primary": 0.433043806593948}}, "CGC|CGG": {"individual": [], "joint": {"secondary": 0.9081668448261011, "primary": 0.9081953619912875}}, "CGC|CGT": {"individual": [], "joint": {"secondary": 1.026446419607807, "primary": 0.9273205011406915}}, "CGG|CGT": {"individual": [], "joint": {"secondary": 0.9547832808176949, "primary": 0.486058887610428}}, "CTA|CTC": {"individual": [], "joint": {"secondary": 0.7877116831212974, "primary": 0.9452359291635057}}, "CTA|CTG": {"individual": [], "joint": {"secondary": 0.774925508450797, "primary": 0.6707926760239422}}, "CTA|CTT": {"individual": [], "joint": {"secondary": 0.8208511998843067, "primary": 0.6576561228088582}}, "CTA|TTA": {"individual": [], "joint": {"secondary": 0.987285981828833, "primary": 0.5520026476622886}}, "CTC|CTG": {"individual": [], "joint": {"secondary": 0.8262618684548975, "primary": 0.853737592008576}}, "CTC|CTT": {"individual": [], "joint": {"secondary": 0.9476094614453228, "primary": 0.8575329003928521}}, "CTG|CTT": {"individual": [], "joint": {"secondary": 0.9648319193760824, "primary": 1.042564350219191}}, "CTG|TTG": {"individual": [], "joint": {"secondary": 0.8405261724283593, "primary": 0.8568229183478063}}, "GAA|GAG": {"individual": [], "joint": {"secondary": 0.8497350438902459, "primary": 0.9243366907139166}}, "GAC|GAT": {"individual": [], "joint": {"secondary": 0.884192180793012, "primary": 0.6085604048229482}}, "GCA|GCC": {"individual": [], "joint": {"secondary": 0.8198155847132721, "primary": 0.8866106352107215}}, "GCA|GCG": {"individual": [], "joint": {"secondary": 0.8645773119605983, "primary": 0.6700316797527979}}, "GCA|GCT": {"individual": [], "joint": {"secondary": 0.8734725998733359, "primary": 0.7734793883317213}}, "GCC|GCG": {"individual": [], "joint": {"secondary": 0.8924985285827681, "primary": 1.018793149143417}}, "GCC|GCT": {"individual": [], "joint": {"secondary": 0.9758838609849787, "primary": 0.9622798435218133}}, "GCG|GCT": {"individual": [], "joint": {"secondary": 0.8350880515122585, "primary": 1.054313010563698}}, "GGA|GGC": {"individual": [], "joint": {"secondary": 1.012622817058746, "primary": 1.084930203760001}}, "GGA|GGG": {"individual": [], "joint": {"secondary": 0.8778670089519625, "primary": 1.057753596856939}}, "GGA|GGT": {"individual": [], "joint": {"secondary": 0.9445041392767937, "primary": 1.268491332420827}}, "GGC|GGG": {"individual": [], "joint": {"secondary": 1.851756591723714, "primary": 0.8990288457651773}}, "GGC|GGT": {"individual": [], "joint": {"secondary": 1.076936550642405, "primary": 1.206316960097028}}, "GGG|GGT": {"individual": [], "joint": {"secondary": 1.035123266658184, "primary": 1.012867630406881}}, "GTA|GTC": {"individual": [], "joint": {"secondary": 0.8768423214678719, "primary": 0.828977697928906}}, "GTA|GTG": {"individual": [], "joint": {"secondary": 1.136922431962618, "primary": 0.6613275041067398}}, "GTA|GTT": {"individual": [], "joint": {"secondary": 0.7707724650710428, "primary": 0.6140962267106559}}, "GTC|GTG": {"individual": [], "joint": {"secondary": 0.8591739997676717, "primary": 1.032256920786522}}, "GTC|GTT": {"individual": [], "joint": {"secondary": 0.9367208805669246, "primary": 1.000650673573311}}, "GTG|GTT": {"individual": [], "joint": {"secondary": 0.906603566276614, "primary": 0.7403447166217908}}, "TAC|TAT": {"individual": [], "joint": {"secondary": 0.9561944274942671, "primary": 0.571704134510981}}, "TCA|TCC": {"individual": [], "joint": {"secondary": 0.9996084044038356, "primary": 0.8939841777980488}}, "TCA|TCG": {"individual": [], "joint": {"secondary": 1.270119664123146, "primary": 0.8495431341767526}}, "TCA|TCT": {"individual": [], "joint": {"secondary": 0.9803825861957792, "primary": 0.9766538809698191}}, "TCC|TCG": {"individual": [], "joint": {"secondary": 0.8465777877271913, "primary": 0.9036075895598413}}, "TCC|TCT": {"individual": [], "joint": {"secondary": 0.9416742380717503, "primary": 0.8934176801654873}}, "TCG|TCT": {"individual": [], "joint": {"secondary": 0.8858897966359728, "primary": 0.727591137063594}}, "TGC|TGT": {"individual": [], "joint": {"secondary": 0.8633934008483372, "primary": 0.7950305595945987}}, "TTA|TTG": {"individual": [], "joint": {"secondary": 0.9938334446997075, "primary": 0.8538970795350294}}, "TTC|TTT": {"individual": [], "joint": {"secondary": 0.7688801115656156, "primary": 0.7877396354996578}}, "model_mixture_p": 0.1666667164645248}