{"baseline-AICc": {"individual": [], "joint": 396825.5739624}, "baseline-loglikelihood": {"individual": [], "joint": -194621.8966980791}, "joint-AICc": {"individual": [], "joint": 397326.0149205436}, "joint-loglikelihood": {"individual": [], "joint": -193951.4723941073}, "AAA|AAG": {"individual": [], "joint": {"secondary": 0.9202159373169992, "primary": 2.047934065651493}}, "AAC|AAT": {"individual": [], "joint": {"secondary": 0.924666773873337, "primary": 2.180954511977294}}, "ACA|ACC": {"individual": [], "joint": {"secondary": 0.916282653755224, "primary": 2.35196359453266}}, "ACA|ACG": {"individual": [], "joint": {"secondary": 0.7784735293914299, "primary": 2.05737170101394}}, "ACA|ACT": {"individual": [], "joint": {"secondary": 1.143105589416593, "primary": 0.9040669666999528}}, "ACC|ACG": {"individual": [], "joint": {"secondary": 0.855397533964449, "primary": 0.9299731332574133}}, "ACC|ACT": {"individual": [], "joint": {"secondary": 1.040791111604888, "primary": 0.881601749469057}}, "ACG|ACT": {"individual": [], "joint": {"secondary": 0.6686196793356316, "primary": 0.8754396614250782}}, "AGA|AGG": {"individual": [], "joint": {"secondary": 0.8627963104747838, "primary": 0.791743128970715}}, "AGA|CGA": {"individual": [], "joint": {"secondary": 0.6503695867084546, "primary": 0.9914513915000126}}, "AGC|AGT": {"individual": [], "joint": {"secondary": 1.154926637164928, "primary": 0.9114746989501352}}, "AGG|CGG": {"individual": [], "joint": {"secondary": 0.7220456571844603, "primary": 1.054127188138229}}, "ATA|ATC": {"individual": [], "joint": {"secondary": 1.028508674070129, "primary": 0.8639188227676848}}, "ATA|ATT": {"individual": [], "joint": {"secondary": 0.9813332964683589, "primary": 0.9136378433153747}}, "ATC|ATT": {"individual": [], "joint": {"secondary": 1.001089371933446, "primary": 0.8691145483400821}}, "CAA|CAG": {"individual": [], "joint": {"secondary": 0.7953219593801164, "primary": 2.252272904061613}}, "CAC|CAT": {"individual": [], "joint": {"secondary": 0.8663003118881101, "primary": 2.210721989894298}}, "CCA|CCC": {"individual": [], "joint": {"secondary": 1.109798937583426, "primary": 0.8286864538528701}}, "CCA|CCG": {"individual": [], "joint": {"secondary": 0.7808317338418254, "primary": 0.8147564527769362}}, "CCA|CCT": {"individual": [], "joint": {"secondary": 1.270043680851503, "primary": 0.629718432798221}}, "CCC|CCG": {"individual": [], "joint": {"secondary": 1.272097433868805, "primary": 0.9644800479910155}}, "CCC|CCT": {"individual": [], "joint": {"secondary": 1.833132248501387, "primary": 0.9094018711454871}}, "CCG|CCT": {"individual": [], "joint": {"secondary": 0.764317425241407, "primary": 0.8440882133749432}}, "CGA|CGC": {"individual": [], "joint": {"secondary": 1.507308131540011, "primary": 0.948852717348457}}, "CGA|CGG": {"individual": [], "joint": {"secondary": 1.949887788013124, "primary": 0.9495262734294894}}, "CGA|CGT": {"individual": [], "joint": {"secondary": 1.227177522262541, "primary": 0.9594776819113277}}, "CGC|CGG": {"individual": [], "joint": {"secondary": 1.392227778513, "primary": 0.9678155279912076}}, "CGC|CGT": {"individual": [], "joint": {"secondary": 1.769408779001807, "primary": 0.7460469553658341}}, "CGG|CGT": {"individual": [], "joint": {"secondary": 0.5828055707191623, "primary": 1.097812383524293}}, "CTA|CTC": {"individual": [], "joint": {"secondary": 1.069048862799961, "primary": 0.8552200143667532}}, "CTA|CTG": {"individual": [], "joint": {"secondary": 0.8238460544075683, "primary": 0.739983355914707}}, "CTA|CTT": {"individual": [], "joint": {"secondary": 0.7472147199460861, "primary": 0.933254444149178}}, "CTA|TTA": {"individual": [], "joint": {"secondary": 0.8121603695120979, "primary": 0.9002379141082149}}, "CTC|CTG": {"individual": [], "joint": {"secondary": 0.9552592152071746, "primary": 0.8932507852232805}}, "CTC|CTT": {"individual": [], "joint": {"secondary": 1.141241847961593, "primary": 0.8806718307617267}}, "CTG|CTT": {"individual": [], "joint": {"secondary": 0.9575463607311054, "primary": 0.8641250146982554}}, "CTG|TTG": {"individual": [], "joint": {"secondary": 0.7239650147812929, "primary": 0.7825077125725866}}, "GAA|GAG": {"individual": [], "joint": {"secondary": 0.856887259220738, "primary": 0.8450803486781876}}, "GAC|GAT": {"individual": [], "joint": {"secondary": 1.061070146541947, "primary": 0.8263434728878677}}, "GCA|GCC": {"individual": [], "joint": {"secondary": 0.8302593996714815, "primary": 0.7812613742126562}}, "GCA|GCG": {"individual": [], "joint": {"secondary": 0.7913520753609546, "primary": 0.7474840490479083}}, "GCA|GCT": {"individual": [], "joint": {"secondary": 0.9118191978157234, "primary": 0.9977469443132623}}, "GCC|GCG": {"individual": [], "joint": {"secondary": 0.7562771108988131, "primary": 0.8870846681106236}}, "GCC|GCT": {"individual": [], "joint": {"secondary": 0.9290065393516201, "primary": 0.8783855991496521}}, "GCG|GCT": {"individual": [], "joint": {"secondary": 1.00571474946915, "primary": 0.9387235894486107}}, "GGA|GGC": {"individual": [], "joint": {"secondary": 0.7706181821140512, "primary": 0.9684563377626498}}, "GGA|GGG": {"individual": [], "joint": {"secondary": 1.069731180215311, "primary": 0.8381805399508208}}, "GGA|GGT": {"individual": [], "joint": {"secondary": 1.014225393585945, "primary": 1.153843471920836}}, "GGC|GGG": {"individual": [], "joint": {"secondary": 1.498327193468395, "primary": 0.8780279224457805}}, "GGC|GGT": {"individual": [], "joint": {"secondary": 0.8544080800190974, "primary": 0.8911889607013176}}, "GGG|GGT": {"individual": [], "joint": {"secondary": 1.366698693498695, "primary": 0.7837942290286148}}, "GTA|GTC": {"individual": [], "joint": {"secondary": 0.7972122942753724, "primary": 0.8290498633771036}}, "GTA|GTG": {"individual": [], "joint": {"secondary": 1.408205897011784, "primary": 0.7978637279955454}}, "GTA|GTT": {"individual": [], "joint": {"secondary": 0.9063136403800496, "primary": 1.039630019510764}}, "GTC|GTG": {"individual": [], "joint": {"secondary": 0.8128742014923646, "primary": 0.9235994294475235}}, "GTC|GTT": {"individual": [], "joint": {"secondary": 0.7645274396837278, "primary": 0.7916932552601345}}, "GTG|GTT": {"individual": [], "joint": {"secondary": 0.9965676173962866, "primary": 0.9993087239567189}}, "TAC|TAT": {"individual": [], "joint": {"secondary": 0.7787724036629617, "primary": 0.8241049623871843}}, "TCA|TCC": {"individual": [], "joint": {"secondary": 1.319790855269594, "primary": 0.7614372441570273}}, "TCA|TCG": {"individual": [], "joint": {"secondary": 1.226794952639111, "primary": 0.9010816492718089}}, "TCA|TCT": {"individual": [], "joint": {"secondary": 0.8922601712790175, "primary": 0.7360534698908611}}, "TCC|TCG": {"individual": [], "joint": {"secondary": 1.02385057058312, "primary": 0.8688409022562362}}, "TCC|TCT": {"individual": [], "joint": {"secondary": 0.8390204207542042, "primary": 0.9154183643840289}}, "TCG|TCT": {"individual": [], "joint": {"secondary": 0.7529132910226952, "primary": 1.017932370420635}}, "TGC|TGT": {"individual": [], "joint": {"secondary": 0.8996131913306133, "primary": 0.9471196382745046}}, "TTA|TTG": {"individual": [], "joint": {"secondary": 0.8788349487848416, "primary": 0.8232308676763265}}, "TTC|TTT": {"individual": [], "joint": {"secondary": 0.9864888139860803, "primary": 0.8103520208049683}}, "model_mixture_p": 0.6663569046645468}