{"baseline-AICc": {"individual": [], "joint": 394294.1834597601}, "baseline-loglikelihood": {"individual": [], "joint": -193356.2014467592}, "joint-AICc": {"individual": [], "joint": 393657.4610977797}, "joint-loglikelihood": {"individual": [], "joint": -192117.1954827253}, "AAA|AAG": {"individual": [], "joint": {"secondary": 0.7843708904816443, "primary": 1.01717737338763}}, "AAC|AAT": {"individual": [], "joint": {"secondary": 0.6781497089449366, "primary": 0.9904824437521715}}, "ACA|ACC": {"individual": [], "joint": {"secondary": 0.8170234208520502, "primary": 0.5721628065011723}}, "ACA|ACG": {"individual": [], "joint": {"secondary": 0.8503045198415429, "primary": 0.805862972385651}}, "ACA|ACT": {"individual": [], "joint": {"secondary": 0.5176153129898198, "primary": 0.7051366772003949}}, "ACC|ACG": {"individual": [], "joint": {"secondary": 0.5894002913397722, "primary": 1.393738924171803}}, "ACC|ACT": {"individual": [], "joint": {"secondary": 0.6744967172904917, "primary": 1.07223512358633}}, "ACG|ACT": {"individual": [], "joint": {"secondary": 0.7588130020434591, "primary": 0.7994346010809368}}, "AGA|AGG": {"individual": [], "joint": {"secondary": 0.8179793756151339, "primary": 0.894243910365184}}, "AGA|CGA": {"individual": [], "joint": {"secondary": 0.592486009531653, "primary": 1.053013104409896}}, "AGC|AGT": {"individual": [], "joint": {"secondary": 0.6957094191281228, "primary": 0.8158408963883161}}, "AGG|CGG": {"individual": [], "joint": {"secondary": 0.7171064135135645, "primary": 0.8271933860404642}}, "ATA|ATC": {"individual": [], "joint": {"secondary": 0.6976034213692887, "primary": 0.9890737784023997}}, "ATA|ATT": {"individual": [], "joint": {"secondary": 0.6428882944898853, "primary": 0.6405723018197178}}, "ATC|ATT": {"individual": [], "joint": {"secondary": 0.7766850323300397, "primary": 0.8673771576704119}}, "CAA|CAG": {"individual": [], "joint": {"secondary": 0.7515301506913213, "primary": 0.8341912789689018}}, "CAC|CAT": {"individual": [], "joint": {"secondary": 0.7161317766392172, "primary": 0.786939471729506}}, "CCA|CCC": {"individual": [], "joint": {"secondary": 0.6449109070278337, "primary": 0.9120499495107183}}, "CCA|CCG": {"individual": [], "joint": {"secondary": 0.76856619039347, "primary": 0.7756062147715344}}, "CCA|CCT": {"individual": [], "joint": {"secondary": 0.9097580341550651, "primary": 0.9560396668943991}}, "CCC|CCG": {"individual": [], "joint": {"secondary": 0.613055654404518, "primary": 0.8710662657417316}}, "CCC|CCT": {"individual": [], "joint": {"secondary": 0.8446840573060037, "primary": 1.089619692686473}}, "CCG|CCT": {"individual": [], "joint": {"secondary": 0.8811166281271238, "primary": 1.104820410514796}}, "CGA|CGC": {"individual": [], "joint": {"secondary": 0.6716022935966364, "primary": 0.6705551485604597}}, "CGA|CGG": {"individual": [], "joint": {"secondary": 0.7775369867612294, "primary": 0.8735554961424697}}, "CGA|CGT": {"individual": [], "joint": {"secondary": 1.089174247893093, "primary": 0.6620158540082456}}, "CGC|CGG": {"individual": [], "joint": {"secondary": 1.612290465636074, "primary": 1.952867098189763}}, "CGC|CGT": {"individual": [], "joint": {"secondary": 2.059739978705811, "primary": 2.100256801561124}}, "CGG|CGT": {"individual": [], "joint": {"secondary": 0.7170985252758093, "primary": 1.166794408336423}}, "CTA|CTC": {"individual": [], "joint": {"secondary": 0.8612720563571369, "primary": 0.8374634185036957}}, "CTA|CTG": {"individual": [], "joint": {"secondary": 0.8090103863723003, "primary": 0.7530616226304355}}, "CTA|CTT": {"individual": [], "joint": {"secondary": 0.5201205126384192, "primary": 1.002464879253128}}, "CTA|TTA": {"individual": [], "joint": {"secondary": 0.7166997584188131, "primary": 0.7683496158488038}}, "CTC|CTG": {"individual": [], "joint": {"secondary": 0.6719114406507892, "primary": 0.7282117588504954}}, "CTC|CTT": {"individual": [], "joint": {"secondary": 0.6948576425176735, "primary": 0.7721274473433535}}, "CTG|CTT": {"individual": [], "joint": {"secondary": 0.6034172941264757, "primary": 0.8613997795622711}}, "CTG|TTG": {"individual": [], "joint": {"secondary": 0.688957399731711, "primary": 0.9002317691379891}}, "GAA|GAG": {"individual": [], "joint": {"secondary": 0.7623870406731126, "primary": 0.8065286171512649}}, "GAC|GAT": {"individual": [], "joint": {"secondary": 0.7288039490223975, "primary": 0.8609467557748678}}, "GCA|GCC": {"individual": [], "joint": {"secondary": 0.7331828919212972, "primary": 0.9218548999812797}}, "GCA|GCG": {"individual": [], "joint": {"secondary": 0.7359887641612013, "primary": 1.103963678996037}}, "GCA|GCT": {"individual": [], "joint": {"secondary": 0.6578060876081543, "primary": 1.622225939780637}}, "GCC|GCG": {"individual": [], "joint": {"secondary": 0.8086377042411153, "primary": 0.7870133107080483}}, "GCC|GCT": {"individual": [], "joint": {"secondary": 0.7883710145986081, "primary": 0.9901127777114033}}, "GCG|GCT": {"individual": [], "joint": {"secondary": 0.7911459497956305, "primary": 0.5456280699686923}}, "GGA|GGC": {"individual": [], "joint": {"secondary": 0.9097323875425499, "primary": 0.6142370966033124}}, "GGA|GGG": {"individual": [], "joint": {"secondary": 0.8939708594151738, "primary": 1.08912555512357}}, "GGA|GGT": {"individual": [], "joint": {"secondary": 0.9189276563982294, "primary": 0.64140980409385}}, "GGC|GGG": {"individual": [], "joint": {"secondary": 0.6602448186359633, "primary": 0.9644341443927963}}, "GGC|GGT": {"individual": [], "joint": {"secondary": 1.858967998872474, "primary": 0.8223101827796547}}, "GGG|GGT": {"individual": [], "joint": {"secondary": 1.542328689459953, "primary": 1.801807899106891}}, "GTA|GTC": {"individual": [], "joint": {"secondary": 1.759233075414976, "primary": 0.8589816919557477}}, "GTA|GTG": {"individual": [], "joint": {"secondary": 1.898343467536931, "primary": 1.730204455189838}}, "GTA|GTT": {"individual": [], "joint": {"secondary": 1.604828670486692, "primary": 0.9698895206404257}}, "GTC|GTG": {"individual": [], "joint": {"secondary": 1.692805334308638, "primary": 0.9139870169273095}}, "GTC|GTT": {"individual": [], "joint": {"secondary": 1.96405498305989, "primary": 0.8727701919837927}}, "GTG|GTT": {"individual": [], "joint": {"secondary": 0.9651988599657928, "primary": 0.6038791190438193}}, "TAC|TAT": {"individual": [], "joint": {"secondary": 0.8809308395188973, "primary": 0.9982471830736281}}, "TCA|TCC": {"individual": [], "joint": {"secondary": 1.783112174456231, "primary": 3.009008578349457}}, "TCA|TCG": {"individual": [], "joint": {"secondary": 1.917646527146609, "primary": 2.615000906349351}}, "TCA|TCT": {"individual": [], "joint": {"secondary": 1.900052786127074, "primary": 1.155432383497194}}, "TCC|TCG": {"individual": [], "joint": {"secondary": 1.673811208382314, "primary": 0.674542562514851}}, "TCC|TCT": {"individual": [], "joint": {"secondary": 1.887457553646829, "primary": 1.059164750552575}}, "TCG|TCT": {"individual": [], "joint": {"secondary": 1.656088924042334, "primary": 0.4349996550591709}}, "TGC|TGT": {"individual": [], "joint": {"secondary": 1.788240272722344, "primary": 0.9260091248827843}}, "TTA|TTG": {"individual": [], "joint": {"secondary": 0.7725247430484549, "primary": 0.9479140431309669}}, "TTC|TTT": {"individual": [], "joint": {"secondary": 0.8311005506021942, "primary": 0.8351365787675796}}, "model_mixture_p": 0.1666663896957214}