{"baseline-AICc": {"individual": [], "joint": 398280.4483621965}, "baseline-loglikelihood": {"individual": [], "joint": -195349.3338979774}, "joint-AICc": {"individual": [], "joint": 398842.0482794891}, "joint-loglikelihood": {"individual": [], "joint": -194709.48907358}, "AAA|AAG": {"individual": [], "joint": {"secondary": 0.9104393359134955, "primary": 1.972033439671038}}, "AAC|AAT": {"individual": [], "joint": {"secondary": 0.8865606434172653, "primary": 2.27408202170938}}, "ACA|ACC": {"individual": [], "joint": {"secondary": 0.849434552981371, "primary": 2.192564099709008}}, "ACA|ACG": {"individual": [], "joint": {"secondary": 0.7111820248521553, "primary": 2.125077760580358}}, "ACA|ACT": {"individual": [], "joint": {"secondary": 0.593513091656348, "primary": 1.121440019910048}}, "ACC|ACG": {"individual": [], "joint": {"secondary": 0.8467115378684282, "primary": 0.9507008648561636}}, "ACC|ACT": {"individual": [], "joint": {"secondary": 0.9326059012623721, "primary": 0.8492629354921957}}, "ACG|ACT": {"individual": [], "joint": {"secondary": 0.7976578699111593, "primary": 0.8945724453683507}}, "AGA|AGG": {"individual": [], "joint": {"secondary": 0.7704635573498276, "primary": 0.8208678649875509}}, "AGA|CGA": {"individual": [], "joint": {"secondary": 1.007277928058759, "primary": 0.8696838445516981}}, "AGC|AGT": {"individual": [], "joint": {"secondary": 0.6725206990100159, "primary": 0.9019946898818787}}, "AGG|CGG": {"individual": [], "joint": {"secondary": 0.8727125891073794, "primary": 0.8404955274257385}}, "ATA|ATC": {"individual": [], "joint": {"secondary": 0.7879178799217801, "primary": 0.8453949670761888}}, "ATA|ATT": {"individual": [], "joint": {"secondary": 0.9242951195844405, "primary": 1.001138690819822}}, "ATC|ATT": {"individual": [], "joint": {"secondary": 0.8288472200400496, "primary": 0.8262982655629421}}, "CAA|CAG": {"individual": [], "joint": {"secondary": 0.9680479584382354, "primary": 2.150663767823702}}, "CAC|CAT": {"individual": [], "joint": {"secondary": 0.9861110540264555, "primary": 2.196938525250887}}, "CCA|CCC": {"individual": [], "joint": {"secondary": 1.568135207673371, "primary": 1.051771799834379}}, "CCA|CCG": {"individual": [], "joint": {"secondary": 0.9566199574648987, "primary": 0.8327432513669071}}, "CCA|CCT": {"individual": [], "joint": {"secondary": 1.128907687058555, "primary": 0.9924585460406341}}, "CCC|CCG": {"individual": [], "joint": {"secondary": 1.263907278849093, "primary": 0.9346656194418873}}, "CCC|CCT": {"individual": [], "joint": {"secondary": 1.539860271915521, "primary": 0.7200195393760122}}, "CCG|CCT": {"individual": [], "joint": {"secondary": 1.540308242870312, "primary": 0.7169106662066966}}, "CGA|CGC": {"individual": [], "joint": {"secondary": 1.982146817784762, "primary": 0.904358215129428}}, "CGA|CGG": {"individual": [], "joint": {"secondary": 1.231704789461913, "primary": 0.7290985051559143}}, "CGA|CGT": {"individual": [], "joint": {"secondary": 1.144544925437702, "primary": 0.7908367175107761}}, "CGC|CGG": {"individual": [], "joint": {"secondary": 1.320527612641026, "primary": 0.9460898675632857}}, "CGC|CGT": {"individual": [], "joint": {"secondary": 1.228758292748512, "primary": 0.8870099232001216}}, "CGG|CGT": {"individual": [], "joint": {"secondary": 0.8303699074217079, "primary": 1.075242119203752}}, "CTA|CTC": {"individual": [], "joint": {"secondary": 0.7086330323847039, "primary": 0.7643653759745196}}, "CTA|CTG": {"individual": [], "joint": {"secondary": 1.004254530983224, "primary": 0.8708837666680186}}, "CTA|CTT": {"individual": [], "joint": {"secondary": 0.952924420831981, "primary": 1.122778250596793}}, "CTA|TTA": {"individual": [], "joint": {"secondary": 1.055643450045326, "primary": 0.8253181361457509}}, "CTC|CTG": {"individual": [], "joint": {"secondary": 0.8361166799307362, "primary": 0.9748073660011867}}, "CTC|CTT": {"individual": [], "joint": {"secondary": 1.161492998599044, "primary": 0.8404052241230291}}, "CTG|CTT": {"individual": [], "joint": {"secondary": 0.8743278328052428, "primary": 1.040213833304775}}, "CTG|TTG": {"individual": [], "joint": {"secondary": 1.099409689570137, "primary": 0.9289817538475643}}, "GAA|GAG": {"individual": [], "joint": {"secondary": 0.8837700939628222, "primary": 0.782598282701447}}, "GAC|GAT": {"individual": [], "joint": {"secondary": 0.8977879207184064, "primary": 0.8092366622101831}}, "GCA|GCC": {"individual": [], "joint": {"secondary": 0.8289842325561859, "primary": 0.9332600130064342}}, "GCA|GCG": {"individual": [], "joint": {"secondary": 0.7855087824808107, "primary": 0.8074872350758469}}, "GCA|GCT": {"individual": [], "joint": {"secondary": 0.929848964828719, "primary": 0.6377777680931183}}, "GCC|GCG": {"individual": [], "joint": {"secondary": 0.8551189534268109, "primary": 0.950146213535257}}, "GCC|GCT": {"individual": [], "joint": {"secondary": 1.03126342374304, "primary": 0.9827156953881246}}, "GCG|GCT": {"individual": [], "joint": {"secondary": 0.7033221563174006, "primary": 0.9886804047827012}}, "GGA|GGC": {"individual": [], "joint": {"secondary": 0.9837084493803925, "primary": 0.9136799760980927}}, "GGA|GGG": {"individual": [], "joint": {"secondary": 0.9432118218406396, "primary": 0.6745581923923668}}, "GGA|GGT": {"individual": [], "joint": {"secondary": 0.9790485367650745, "primary": 1.061473686779246}}, "GGC|GGG": {"individual": [], "joint": {"secondary": 1.521772204873774, "primary": 0.9497632556430486}}, "GGC|GGT": {"individual": [], "joint": {"secondary": 0.9445097027328615, "primary": 0.7990695176580408}}, "GGG|GGT": {"individual": [], "joint": {"secondary": 1.443861919438419, "primary": 0.7636927711364915}}, "GTA|GTC": {"individual": [], "joint": {"secondary": 0.8810214823372543, "primary": 0.9554678534485257}}, "GTA|GTG": {"individual": [], "joint": {"secondary": 1.26473976403785, "primary": 0.7614013340408649}}, "GTA|GTT": {"individual": [], "joint": {"secondary": 1.051002567635768, "primary": 0.8955471442404715}}, "GTC|GTG": {"individual": [], "joint": {"secondary": 0.8980881392770834, "primary": 0.904563294699805}}, "GTC|GTT": {"individual": [], "joint": {"secondary": 0.9075422152555097, "primary": 0.795674379694046}}, "GTG|GTT": {"individual": [], "joint": {"secondary": 0.714834114027117, "primary": 0.7795723793472248}}, "TAC|TAT": {"individual": [], "joint": {"secondary": 0.8614496701657695, "primary": 0.902968259380535}}, "TCA|TCC": {"individual": [], "joint": {"secondary": 1.461455643918308, "primary": 0.9039464707751904}}, "TCA|TCG": {"individual": [], "joint": {"secondary": 1.234503366274851, "primary": 0.8369918997044217}}, "TCA|TCT": {"individual": [], "joint": {"secondary": 0.6959807900361483, "primary": 1.09007651316471}}, "TCC|TCG": {"individual": [], "joint": {"secondary": 0.921612434500351, "primary": 0.9372970129703987}}, "TCC|TCT": {"individual": [], "joint": {"secondary": 0.7648760787982067, "primary": 0.7673074862152127}}, "TCG|TCT": {"individual": [], "joint": {"secondary": 1.051058235129761, "primary": 1.056094478669576}}, "TGC|TGT": {"individual": [], "joint": {"secondary": 0.8509292044995856, "primary": 0.9142981323411798}}, "TTA|TTG": {"individual": [], "joint": {"secondary": 1.000982171389854, "primary": 0.8218180781139394}}, "TTC|TTT": {"individual": [], "joint": {"secondary": 0.9333143697739119, "primary": 0.8406674013251245}}, "model_mixture_p": 0.6663568359949364}