{"baseline-AICc": {"individual": [], "joint": 394904.069475396}, "baseline-loglikelihood": {"individual": [], "joint": -193661.1444545771}, "joint-AICc": {"individual": [], "joint": 394214.8959817168}, "joint-loglikelihood": {"individual": [], "joint": -192395.9129246939}, "AAA|AAG": {"individual": [], "joint": {"secondary": 0.8610775689368083, "primary": 0.7778161754579607}}, "AAC|AAT": {"individual": [], "joint": {"secondary": 0.7927639823526473, "primary": 0.8335453468669989}}, "ACA|ACC": {"individual": [], "joint": {"secondary": 0.6894045888366104, "primary": 0.6852364511541503}}, "ACA|ACG": {"individual": [], "joint": {"secondary": 0.696744322568197, "primary": 0.7092038069560427}}, "ACA|ACT": {"individual": [], "joint": {"secondary": 0.7783506309384267, "primary": 0.667398080966937}}, "ACC|ACG": {"individual": [], "joint": {"secondary": 0.6583757105314246, "primary": 0.7403170672559581}}, "ACC|ACT": {"individual": [], "joint": {"secondary": 0.7906360941541205, "primary": 0.618237742379259}}, "ACG|ACT": {"individual": [], "joint": {"secondary": 0.9131538203745246, "primary": 0.6171004988335566}}, "AGA|AGG": {"individual": [], "joint": {"secondary": 0.7625565333549866, "primary": 0.656385798599172}}, "AGA|CGA": {"individual": [], "joint": {"secondary": 0.6466885395101357, "primary": 0.671394905035333}}, "AGC|AGT": {"individual": [], "joint": {"secondary": 0.6733603276646675, "primary": 0.843437829675481}}, "AGG|CGG": {"individual": [], "joint": {"secondary": 0.7589549384644937, "primary": 0.8059127715854265}}, "ATA|ATC": {"individual": [], "joint": {"secondary": 0.6678062055931437, "primary": 0.7293920383741139}}, "ATA|ATT": {"individual": [], "joint": {"secondary": 0.6781607068695034, "primary": 0.6387468409884491}}, "ATC|ATT": {"individual": [], "joint": {"secondary": 0.756303270636528, "primary": 0.7934648218581069}}, "CAA|CAG": {"individual": [], "joint": {"secondary": 0.7636816218935909, "primary": 0.7434630051871469}}, "CAC|CAT": {"individual": [], "joint": {"secondary": 0.7863442510859133, "primary": 0.7603138886799348}}, "CCA|CCC": {"individual": [], "joint": {"secondary": 0.7718786880576127, "primary": 1.05370818144613}}, "CCA|CCG": {"individual": [], "joint": {"secondary": 0.9152778921493628, "primary": 0.7796905981210145}}, "CCA|CCT": {"individual": [], "joint": {"secondary": 0.8065951333874075, "primary": 1.133378122000949}}, "CCC|CCG": {"individual": [], "joint": {"secondary": 0.6862552401168986, "primary": 0.7483119042519552}}, "CCC|CCT": {"individual": [], "joint": {"secondary": 0.6135154671189329, "primary": 0.7003293335376202}}, "CCG|CCT": {"individual": [], "joint": {"secondary": 0.6752034612610399, "primary": 0.462565969780739}}, "CGA|CGC": {"individual": [], "joint": {"secondary": 0.9356116137360992, "primary": 0.8586263184863135}}, "CGA|CGG": {"individual": [], "joint": {"secondary": 0.870569906868414, "primary": 0.6201478186643262}}, "CGA|CGT": {"individual": [], "joint": {"secondary": 0.7118011996185155, "primary": 1.620769208090187}}, "CGC|CGG": {"individual": [], "joint": {"secondary": 1.648080973950661, "primary": 1.710453346340912}}, "CGC|CGT": {"individual": [], "joint": {"secondary": 1.842809401115343, "primary": 2.18922954605523}}, "CGG|CGT": {"individual": [], "joint": {"secondary": 0.7010961576813108, "primary": 0.7123099607073728}}, "CTA|CTC": {"individual": [], "joint": {"secondary": 0.8347811067688697, "primary": 0.8178801041065913}}, "CTA|CTG": {"individual": [], "joint": {"secondary": 0.8420947117416836, "primary": 0.7717962643447486}}, "CTA|CTT": {"individual": [], "joint": {"secondary": 0.4890862165592581, "primary": 0.6431739555225341}}, "CTA|TTA": {"individual": [], "joint": {"secondary": 0.5940469380717158, "primary": 0.8373844005025046}}, "CTC|CTG": {"individual": [], "joint": {"secondary": 0.6475902907509254, "primary": 0.684751796220521}}, "CTC|CTT": {"individual": [], "joint": {"secondary": 0.7754261471485387, "primary": 0.8119895206525436}}, "CTG|CTT": {"individual": [], "joint": {"secondary": 0.7994028866848627, "primary": 0.4845657098530627}}, "CTG|TTG": {"individual": [], "joint": {"secondary": 0.7812728350046467, "primary": 0.7606072584767208}}, "GAA|GAG": {"individual": [], "joint": {"secondary": 0.7471610671839181, "primary": 0.7506494823100458}}, "GAC|GAT": {"individual": [], "joint": {"secondary": 0.8081966406420314, "primary": 0.6422662449596198}}, "GCA|GCC": {"individual": [], "joint": {"secondary": 0.8732480643891826, "primary": 0.8256319887435355}}, "GCA|GCG": {"individual": [], "joint": {"secondary": 0.7673917439628517, "primary": 0.7124021974151248}}, "GCA|GCT": {"individual": [], "joint": {"secondary": 0.7934330517421121, "primary": 0.6424118562623765}}, "GCC|GCG": {"individual": [], "joint": {"secondary": 0.7174019965168322, "primary": 1.224395319099456}}, "GCC|GCT": {"individual": [], "joint": {"secondary": 0.6955147935665815, "primary": 1.548297141110471}}, "GCG|GCT": {"individual": [], "joint": {"secondary": 0.7527785540178694, "primary": 1.013512175998398}}, "GGA|GGC": {"individual": [], "joint": {"secondary": 0.7596761164723259, "primary": 1.254537799036282}}, "GGA|GGG": {"individual": [], "joint": {"secondary": 0.8009185517207776, "primary": 1.360176584681303}}, "GGA|GGT": {"individual": [], "joint": {"secondary": 0.4485818231598532, "primary": 1.385096770034534}}, "GGC|GGG": {"individual": [], "joint": {"secondary": 0.6610391032133124, "primary": 0.7769965360075789}}, "GGC|GGT": {"individual": [], "joint": {"secondary": 1.861848428918242, "primary": 1.222752959928743}}, "GGG|GGT": {"individual": [], "joint": {"secondary": 1.979968138941186, "primary": 1.648807939189305}}, "GTA|GTC": {"individual": [], "joint": {"secondary": 1.845959144204541, "primary": 1.159492978676787}}, "GTA|GTG": {"individual": [], "joint": {"secondary": 2.14859715715223, "primary": 1.928819904283309}}, "GTA|GTT": {"individual": [], "joint": {"secondary": 1.612731918995865, "primary": 1.183402473071787}}, "GTC|GTG": {"individual": [], "joint": {"secondary": 1.87316939175938, "primary": 1.102133539089721}}, "GTC|GTT": {"individual": [], "joint": {"secondary": 1.972926509781789, "primary": 1.262679840738256}}, "GTG|GTT": {"individual": [], "joint": {"secondary": 0.6073597430204057, "primary": 1.253545133256138}}, "TAC|TAT": {"individual": [], "joint": {"secondary": 0.7318835370794243, "primary": 1.108217463031891}}, "TCA|TCC": {"individual": [], "joint": {"secondary": 1.680966532803857, "primary": 1.971079666861221}}, "TCA|TCG": {"individual": [], "joint": {"secondary": 1.841877422097989, "primary": 1.851026831593774}}, "TCA|TCT": {"individual": [], "joint": {"secondary": 1.499097906072771, "primary": 1.68583984679384}}, "TCC|TCG": {"individual": [], "joint": {"secondary": 1.915406709087528, "primary": 1.356169362188844}}, "TCC|TCT": {"individual": [], "joint": {"secondary": 1.890190255994629, "primary": 1.434317607382599}}, "TCG|TCT": {"individual": [], "joint": {"secondary": 1.573761876683533, "primary": 1.135383586046065}}, "TGC|TGT": {"individual": [], "joint": {"secondary": 1.9542006253786, "primary": 1.331881850752616}}, "TTA|TTG": {"individual": [], "joint": {"secondary": 0.8132265633047653, "primary": 0.7821823056971577}}, "TTC|TTT": {"individual": [], "joint": {"secondary": 0.7547272505777826, "primary": 0.7528562287431839}}, "model_mixture_p": 0.3331703096730701}