{"baseline-AICc": {"individual": [], "joint": 397025.8690743294}, "baseline-loglikelihood": {"individual": [], "joint": -194722.0442540439}, "joint-AICc": {"individual": [], "joint": 397739.5955490976}, "joint-loglikelihood": {"individual": [], "joint": -194158.2627083843}, "AAA|AAG": {"individual": [], "joint": {"secondary": 0.9216953741046388, "primary": 2.011835900996374}}, "AAC|AAT": {"individual": [], "joint": {"secondary": 0.9071636876162369, "primary": 2.413349596004841}}, "ACA|ACC": {"individual": [], "joint": {"secondary": 0.7706348324942159, "primary": 2.164052248754744}}, "ACA|ACG": {"individual": [], "joint": {"secondary": 0.8672853044689114, "primary": 2.328556019329569}}, "ACA|ACT": {"individual": [], "joint": {"secondary": 0.9760591237588876, "primary": 1.05634330126555}}, "ACC|ACG": {"individual": [], "joint": {"secondary": 0.8220757334104812, "primary": 0.7238100829787089}}, "ACC|ACT": {"individual": [], "joint": {"secondary": 0.8338130403661638, "primary": 0.9354728319772561}}, "ACG|ACT": {"individual": [], "joint": {"secondary": 0.9977389737401079, "primary": 1.281048473520165}}, "AGA|AGG": {"individual": [], "joint": {"secondary": 0.8465854828539984, "primary": 0.6879453194010315}}, "AGA|CGA": {"individual": [], "joint": {"secondary": 0.7629014985888843, "primary": 0.612950923125493}}, "AGC|AGT": {"individual": [], "joint": {"secondary": 1.055017168383025, "primary": 0.7803128001167873}}, "AGG|CGG": {"individual": [], "joint": {"secondary": 0.8731457842719074, "primary": 1.185124918742352}}, "ATA|ATC": {"individual": [], "joint": {"secondary": 0.8572991084701714, "primary": 0.847704323930376}}, "ATA|ATT": {"individual": [], "joint": {"secondary": 0.7329341831929577, "primary": 0.5500490582153024}}, "ATC|ATT": {"individual": [], "joint": {"secondary": 1.006375570036028, "primary": 0.8720142872322035}}, "CAA|CAG": {"individual": [], "joint": {"secondary": 0.9165354573282734, "primary": 2.43147842998747}}, "CAC|CAT": {"individual": [], "joint": {"secondary": 0.8068328194293901, "primary": 2.434664566490259}}, "CCA|CCC": {"individual": [], "joint": {"secondary": 2.136562873448934, "primary": 0.9199659976209271}}, "CCA|CCG": {"individual": [], "joint": {"secondary": 0.8397393161201424, "primary": 0.8047332984439888}}, "CCA|CCT": {"individual": [], "joint": {"secondary": 0.5827039128298315, "primary": 1.034101112823398}}, "CCC|CCG": {"individual": [], "joint": {"secondary": 1.776552369973136, "primary": 0.991522344196059}}, "CCC|CCT": {"individual": [], "joint": {"secondary": 2.084608694161355, "primary": 0.9697948308862622}}, "CCG|CCT": {"individual": [], "joint": {"secondary": 1.19144734051537, "primary": 0.4658994581559636}}, "CGA|CGC": {"individual": [], "joint": {"secondary": 2.06251091112177, "primary": 1.039178038701636}}, "CGA|CGG": {"individual": [], "joint": {"secondary": 1.822786621083606, "primary": 0.9071185506379978}}, "CGA|CGT": {"individual": [], "joint": {"secondary": 0.2237966433200292, "primary": 0.7236561298149912}}, "CGC|CGG": {"individual": [], "joint": {"secondary": 0.977047545194378, "primary": 0.9062622378510089}}, "CGC|CGT": {"individual": [], "joint": {"secondary": 1.293846965106453, "primary": 1.258356716660257}}, "CGG|CGT": {"individual": [], "joint": {"secondary": 0.9700690301851242, "primary": 0.6175569878309766}}, "CTA|CTC": {"individual": [], "joint": {"secondary": 0.978472819448308, "primary": 0.7138643264755268}}, "CTA|CTG": {"individual": [], "joint": {"secondary": 0.8854462636358664, "primary": 0.9501381941189205}}, "CTA|CTT": {"individual": [], "joint": {"secondary": 0.9986547527109895, "primary": 1.009703922337633}}, "CTA|TTA": {"individual": [], "joint": {"secondary": 0.9183498243925933, "primary": 1.072099518854882}}, "CTC|CTG": {"individual": [], "joint": {"secondary": 0.8901177838356393, "primary": 0.9978328385498914}}, "CTC|CTT": {"individual": [], "joint": {"secondary": 0.8730233617219216, "primary": 0.7456681384075603}}, "CTG|CTT": {"individual": [], "joint": {"secondary": 0.8917487112186957, "primary": 1.257119939261909}}, "CTG|TTG": {"individual": [], "joint": {"secondary": 0.9624108391653148, "primary": 0.8645513992638014}}, "GAA|GAG": {"individual": [], "joint": {"secondary": 0.930648239224539, "primary": 0.7227888489136943}}, "GAC|GAT": {"individual": [], "joint": {"secondary": 0.981431444054904, "primary": 0.7707648448642374}}, "GCA|GCC": {"individual": [], "joint": {"secondary": 0.9178497638153784, "primary": 0.8305311563754441}}, "GCA|GCG": {"individual": [], "joint": {"secondary": 0.9576320220116405, "primary": 0.8026488270054236}}, "GCA|GCT": {"individual": [], "joint": {"secondary": 1.056069548157688, "primary": 1.056327928685746}}, "GCC|GCG": {"individual": [], "joint": {"secondary": 0.8028595585241383, "primary": 0.8726326807679207}}, "GCC|GCT": {"individual": [], "joint": {"secondary": 0.8626277492244946, "primary": 0.8508661498269577}}, "GCG|GCT": {"individual": [], "joint": {"secondary": 0.829710138958988, "primary": 0.8615701898993903}}, "GGA|GGC": {"individual": [], "joint": {"secondary": 0.7896651897361647, "primary": 1.051416148702478}}, "GGA|GGG": {"individual": [], "joint": {"secondary": 0.9470202000420201, "primary": 0.7883773321609836}}, "GGA|GGT": {"individual": [], "joint": {"secondary": 0.8259440460996729, "primary": 0.4619558707727114}}, "GGC|GGG": {"individual": [], "joint": {"secondary": 1.818522538250394, "primary": 0.8760308465911857}}, "GGC|GGT": {"individual": [], "joint": {"secondary": 0.846267697475594, "primary": 0.9121702608084198}}, "GGG|GGT": {"individual": [], "joint": {"secondary": 1.004718760135714, "primary": 0.9980051491944566}}, "GTA|GTC": {"individual": [], "joint": {"secondary": 0.8596487043633128, "primary": 0.8263040638908896}}, "GTA|GTG": {"individual": [], "joint": {"secondary": 1.044492032797324, "primary": 0.8535851464106758}}, "GTA|GTT": {"individual": [], "joint": {"secondary": 0.8902532916169288, "primary": 1.063680372653652}}, "GTC|GTG": {"individual": [], "joint": {"secondary": 0.7701807667536283, "primary": 0.9577902996438727}}, "GTC|GTT": {"individual": [], "joint": {"secondary": 0.9434211737131494, "primary": 0.8553718913520074}}, "GTG|GTT": {"individual": [], "joint": {"secondary": 0.9894488632922259, "primary": 0.9704874585791965}}, "TAC|TAT": {"individual": [], "joint": {"secondary": 1.002219310811962, "primary": 0.7712056447944163}}, "TCA|TCC": {"individual": [], "joint": {"secondary": 1.078991648654046, "primary": 1.023237323642403}}, "TCA|TCG": {"individual": [], "joint": {"secondary": 1.188929610113082, "primary": 0.6722982305690112}}, "TCA|TCT": {"individual": [], "joint": {"secondary": 0.8703311500873961, "primary": 0.705054148216999}}, "TCC|TCG": {"individual": [], "joint": {"secondary": 0.8441896492486491, "primary": 0.804393079266322}}, "TCC|TCT": {"individual": [], "joint": {"secondary": 0.9583606826120598, "primary": 0.5288377154030783}}, "TCG|TCT": {"individual": [], "joint": {"secondary": 0.7907223085496002, "primary": 1.130784815977518}}, "TGC|TGT": {"individual": [], "joint": {"secondary": 0.9311096950997287, "primary": 0.9085542805959915}}, "TTA|TTG": {"individual": [], "joint": {"secondary": 0.939852099438081, "primary": 0.740321673625931}}, "TTC|TTT": {"individual": [], "joint": {"secondary": 1.012892395433769, "primary": 0.7661705578469026}}, "model_mixture_p": 0.1666666663263067}